Gender,Senior Citizen,Partner,Dependents,Tenure Months,Phone Service,Multiple Lines,Online Security,Online Backup,Device Protection,Tech Support,Streaming TV,Streaming Movies,Paperless Billing,Monthly Charges,Total Charges,Churn Value,CLTV,Avg Monthly Spend,Charge to CLTV Ratio,Total Services,Is Month to Month,Is Electronic Check,Is Fiber Optic,Is Senior,No Tech Support,No Online Security,Internet Service_DSL,Internet Service_Fiber optic,Internet Service_No,Contract_Month-to-month,Contract_One year,Contract_Two year,Payment Method_Bank transfer (automatic),Payment Method_Credit card (automatic),Payment Method_Electronic check,Payment Method_Mailed check,Tenure Group_Developing,Tenure Group_Established,Tenure Group_Loyal,Tenure Group_New,Value Segment_High Value,Value Segment_Low Value,Value Segment_Medium Value
0,0,0,0,2,1,0,1,1,0,0,0,0,1,53.85,108.15,1,3239,36.050000000000004,0.016625501698054955,3,1,0,0,0,1,0,1,0,0,1,0,0,0,0,0,1,0,0,0,1,0,1,0
0,0,0,1,2,1,0,0,0,0,0,0,0,1,70.7,151.65,1,2701,50.550000000000004,0.026175490559052203,1,1,1,1,0,1,1,0,1,0,1,0,0,0,0,1,0,0,0,0,1,0,1,0
0,0,0,1,8,1,1,0,0,1,0,1,1,1,99.65,820.5,1,5372,91.16666666666667,0.018549888309754282,5,1,1,1,0,1,1,0,1,0,1,0,0,0,0,1,0,0,0,0,1,0,0,1
0,0,1,1,28,1,1,0,0,1,1,1,1,1,104.8,3046.05,1,5003,105.03620689655173,0.020947431541075354,6,1,1,1,0,0,1,0,1,0,1,0,0,0,0,1,0,0,1,0,0,0,0,1
0,0,0,1,49,1,1,0,1,1,0,1,1,1,103.7,5036.3,1,5340,100.726,0.01941947565543071,6,1,0,1,0,1,1,0,1,0,1,0,0,1,0,0,0,0,0,1,0,0,0,1
0,0,1,0,10,1,0,0,0,1,1,0,0,0,55.2,528.35,1,5925,48.03181818181818,0.009316455696202533,3,1,0,0,0,0,1,1,0,0,1,0,0,0,1,0,0,0,0,0,1,1,0,0
0,1,0,0,1,0,0,0,0,1,0,0,1,1,39.65,39.65,1,5433,19.825,0.007297993741947359,2,1,1,0,1,1,1,1,0,0,1,0,0,0,0,1,0,0,0,0,1,1,0,0
0,0,0,0,1,1,0,0,0,0,0,0,0,0,20.15,20.15,1,4832,10.075,0.004170115894039735,1,1,0,0,0,1,1,0,0,1,1,0,0,0,0,0,1,0,0,0,1,0,0,1
0,0,1,1,47,1,1,0,1,0,0,1,1,1,99.35,4749.15,1,5789,98.940625,0.017161858697529796,5,1,1,1,0,1,1,0,1,0,1,0,0,0,0,1,0,0,1,0,0,1,0,0
0,0,1,0,1,0,0,0,1,0,0,0,0,0,30.2,30.2,1,2915,15.1,0.010360205831903944,1,1,1,0,0,1,1,1,0,0,1,0,0,0,0,1,0,0,0,0,1,0,1,0
0,0,0,0,17,1,0,0,0,0,0,1,1,1,64.7,1093.1,1,3022,60.727777777777774,0.021409662475182,3,1,0,0,0,1,1,1,0,0,1,0,0,0,0,0,1,1,0,0,0,0,1,0
0,0,0,1,5,1,0,0,0,0,0,0,0,1,69.7,316.9,1,2454,52.81666666666666,0.028402607986960066,1,1,1,1,0,1,1,0,1,0,1,0,0,0,0,1,0,0,0,0,1,0,1,0
0,0,0,1,34,1,1,0,1,1,0,1,1,1,106.35,3549.25,1,2941,101.40714285714286,0.03616116967018021,6,1,1,1,0,1,1,0,1,0,1,0,0,0,0,1,0,0,1,0,0,0,1,0
0,0,0,1,11,1,1,0,0,1,0,1,1,1,97.85,1105.4,1,5674,92.11666666666667,0.017245329573493125,5,1,0,1,0,1,1,0,1,0,1,0,0,1,0,0,0,0,0,0,1,1,0,0
0,0,0,1,2,1,0,0,0,0,0,1,0,1,80.65,144.15,1,5586,48.050000000000004,0.014437880415324025,2,1,1,1,0,1,1,0,1,0,1,0,0,0,0,1,0,0,0,0,1,1,0,0
0,0,0,1,15,1,0,1,1,0,0,1,1,1,99.1,1426.4,1,2966,89.15,0.033412002697235335,5,1,0,1,0,1,0,0,1,0,1,0,0,0,1,0,0,1,0,0,0,0,1,0
0,1,1,1,8,1,1,0,1,0,0,0,0,1,80.65,633.3,1,5302,70.36666666666666,0.01521124104111656,3,1,0,1,1,1,1,0,1,0,1,0,0,0,1,0,0,0,0,0,1,0,0,1
0,1,0,1,18,1,1,0,0,0,0,1,1,1,95.45,1752.55,1,3179,92.23947368421052,0.030025165146272414,4,1,1,1,1,1,1,0,1,0,1,0,0,0,0,1,0,1,0,0,0,0,1,0
0,0,0,1,9,1,1,0,0,0,0,1,1,0,94.4,857.25,1,5571,85.725,0.016944893196912583,4,1,1,1,0,1,1,0,1,0,1,0,0,0,0,1,0,0,0,0,1,1,0,0
0,0,0,1,1,1,0,0,0,0,0,1,0,1,79.35,79.35,1,2483,39.675,0.0319573097060008,2,1,1,1,0,1,1,0,1,0,1,0,0,0,0,1,0,0,0,0,1,0,1,0
0,0,1,1,7,1,0,0,0,1,0,0,0,1,75.15,496.9,1,3457,62.1125,0.021738501590974835,2,1,0,1,0,1,1,0,1,0,1,0,0,1,0,0,0,0,0,0,1,0,1,0
0,0,0,1,12,1,1,1,0,0,0,0,0,1,78.95,927.35,1,5806,71.33461538461539,0.01359800206682742,3,1,1,1,0,1,0,0,1,0,1,0,0,0,0,1,0,0,0,0,1,1,0,0
0,0,0,0,5,1,0,0,0,0,0,0,0,0,21.05,113.85,1,2604,18.974999999999998,0.008083717357910906,1,1,0,0,0,1,1,0,0,1,1,0,0,0,0,0,1,0,0,0,1,0,1,0
0,1,1,1,25,1,0,0,1,1,0,1,1,1,98.5,2514.5,1,5337,96.71153846153847,0.018456061457747797,5,1,1,1,1,1,1,0,1,0,1,0,0,0,0,1,0,0,1,0,0,0,0,1
0,0,1,0,68,1,1,0,1,1,1,1,1,1,110.0,7611.85,1,5034,110.31666666666668,0.02185141040921732,7,0,0,1,0,0,1,0,1,0,0,0,1,1,0,0,0,0,0,1,0,0,0,1
0,0,1,1,55,1,1,1,1,0,0,1,0,1,96.75,5238.9,1,5154,93.55178571428571,0.018771827706635623,5,1,1,1,0,1,0,0,1,0,1,0,0,0,0,1,0,0,0,1,0,0,0,1
0,1,1,1,37,1,1,0,0,0,0,0,0,1,76.5,2868.15,1,2793,75.47763157894737,0.027389903329752954,2,1,1,1,1,1,1,0,1,0,1,0,0,0,0,1,0,0,1,0,0,0,1,0
0,0,1,1,10,1,1,1,0,0,0,1,1,1,100.25,1064.65,1,5998,96.78636363636365,0.016713904634878294,5,1,1,1,0,1,0,0,1,0,1,0,0,0,0,1,0,0,0,0,1,1,0,0
0,0,0,1,3,1,1,0,0,0,0,0,0,1,74.4,229.55,1,4415,57.3875,0.016851642129105324,2,1,1,1,0,1,1,0,1,0,1,0,0,0,0,1,0,0,0,0,1,0,0,1
0,1,0,1,27,1,1,0,0,1,0,0,0,1,78.05,2135.5,1,4638,76.26785714285714,0.016828374299266924,3,1,1,1,1,1,1,0,1,0,1,0,0,0,0,1,0,0,1,0,0,0,0,1
0,0,1,0,25,0,0,1,1,1,0,1,1,1,58.6,1502.65,1,4190,57.79423076923077,0.013985680190930787,5,1,0,0,0,1,0,1,0,0,1,0,0,0,1,0,0,0,1,0,0,0,0,1
0,0,0,0,1,0,0,0,0,0,0,0,1,1,35.45,35.45,1,2301,17.725,0.015406345067362017,1,1,1,0,0,1,1,1,0,0,1,0,0,0,0,1,0,0,0,0,1,0,1,0
0,0,0,0,2,1,0,0,0,0,0,0,0,0,44.35,81.25,1,2570,27.083333333333332,0.0172568093385214,1,1,1,0,0,1,1,1,0,0,1,0,0,0,0,1,0,0,0,0,1,0,1,0
0,1,1,1,1,1,0,0,0,0,0,0,0,1,70.45,70.45,1,3964,35.225,0.017772452068617557,1,1,0,1,1,1,1,0,1,0,1,0,0,0,0,0,1,0,0,0,1,0,0,1
0,0,0,0,8,1,1,1,0,0,1,0,1,0,71.15,563.65,1,2662,62.62777777777777,0.026728024042073632,5,1,1,0,0,0,0,1,0,0,1,0,0,0,0,1,0,0,0,0,1,0,1,0
0,0,0,0,1,1,0,0,0,0,0,0,0,1,45.65,45.65,1,2600,22.825,0.01755769230769231,1,1,1,0,0,1,1,1,0,0,1,0,0,0,0,1,0,0,0,0,1,0,1,0
0,0,0,1,7,1,1,0,0,0,0,1,1,0,95.0,655.5,1,2786,81.9375,0.03409906676238335,4,1,0,1,0,1,1,0,1,0,1,0,0,0,0,0,1,0,0,0,1,0,1,0
0,0,1,1,20,1,1,1,0,0,0,0,0,0,82.4,1592.35,1,5719,75.82619047619048,0.01440811330652212,3,1,1,1,0,1,0,0,1,0,1,0,0,0,0,1,0,1,0,0,0,1,0,0
0,0,0,1,4,1,0,0,0,0,0,0,0,1,70.9,273.0,1,4287,54.6,0.016538371821786798,1,1,0,1,0,1,1,0,1,0,1,0,0,1,0,0,0,0,0,0,1,0,0,1
0,1,1,0,58,0,0,0,1,1,0,0,1,1,45.3,2651.2,1,5444,44.93559322033898,0.008321087435709036,3,1,1,0,1,1,1,1,0,0,1,0,0,0,0,1,0,0,0,1,0,1,0,0
0,0,1,1,2,1,1,0,0,1,1,1,1,1,104.4,242.8,1,4690,80.93333333333334,0.022260127931769725,6,1,1,1,0,0,1,0,1,0,1,0,0,0,0,1,0,0,0,0,1,0,0,1
0,0,1,0,53,1,0,0,0,1,0,1,1,1,94.85,5000.2,1,4328,92.59629629629629,0.02191543438077634,4,0,0,1,0,1,1,0,1,0,0,1,0,1,0,0,0,0,0,1,0,0,0,1
0,1,0,1,15,1,1,0,0,0,0,0,0,1,74.45,1145.7,1,5717,71.60625,0.013022564281966067,2,1,0,1,1,1,1,0,1,0,1,0,0,0,0,0,1,1,0,0,0,1,0,0
0,1,0,1,7,1,0,1,0,0,0,0,0,0,76.45,503.6,1,4419,62.95,0.017300294184204573,2,1,0,1,1,1,0,0,1,0,1,0,0,1,0,0,0,0,0,0,1,0,0,1
0,0,0,0,1,0,0,0,1,0,0,0,0,0,29.95,29.95,1,4534,14.975,0.00660564622849581,1,1,0,0,0,1,1,1,0,0,1,0,0,1,0,0,0,0,0,0,1,0,0,1
0,0,0,1,8,1,1,0,0,0,0,0,1,0,84.5,662.65,1,2152,73.62777777777778,0.03926579925650558,3,1,0,1,0,1,1,0,1,0,1,0,0,1,0,0,0,0,0,0,1,0,1,0
0,0,0,1,13,1,0,0,1,1,0,0,0,1,79.25,1111.65,1,5142,79.40357142857144,0.015412290937378451,3,1,1,1,0,1,1,0,1,0,1,0,0,0,0,1,0,1,0,0,0,0,0,1
0,0,1,0,1,0,0,0,0,0,0,0,0,1,24.8,24.8,1,4851,12.4,0.005112347969490827,0,1,1,0,0,1,1,1,0,0,1,0,0,0,0,1,0,0,0,0,1,0,0,1
0,0,1,1,6,1,0,0,1,1,0,0,1,1,91.0,531.0,1,2283,75.85714285714286,0.039859833552343404,4,1,1,1,0,1,1,0,1,0,1,0,0,0,0,1,0,0,0,0,1,0,1,0
0,0,0,1,1,1,0,0,0,0,0,0,1,0,79.9,79.9,1,3394,39.95,0.023541543901001768,2,1,1,1,0,1,1,0,1,0,1,0,0,0,0,1,0,0,0,0,1,0,1,0
0,0,0,1,19,1,0,1,0,1,1,1,1,1,106.6,1934.45,1,3764,96.7225,0.028320935175345376,6,1,1,1,0,0,0,0,1,0,1,0,0,0,0,1,0,1,0,0,0,0,0,1
0,0,0,0,2,1,0,0,0,0,0,0,0,1,46.0,84.5,1,2667,28.166666666666668,0.01724784401949756,1,1,0,0,0,1,1,1,0,0,1,0,0,0,1,0,0,0,0,0,1,0,1,0
0,0,0,1,4,1,0,0,0,0,0,0,0,1,70.15,268.35,1,2227,53.67,0.03149977548271217,1,1,1,1,0,1,1,0,1,0,1,0,0,0,0,1,0,0,0,0,1,0,1,0
0,0,1,0,4,1,0,0,0,0,1,0,0,0,50.05,179.35,1,3394,35.87,0.014746611667648792,2,1,0,0,0,0,1,1,0,0,1,0,0,0,0,0,1,0,0,0,1,0,1,0
0,0,1,0,1,1,0,0,0,0,0,1,0,0,55.2,55.2,1,3638,27.6,0.015173172072567345,2,1,0,0,0,1,1,1,0,0,1,0,0,0,0,0,1,0,0,0,1,0,0,1
0,0,0,1,1,1,0,1,0,0,0,0,1,1,84.6,84.6,1,2484,42.3,0.034057971014492754,3,1,0,1,0,1,0,0,1,0,1,0,0,0,0,0,1,0,0,0,1,0,1,0
0,0,0,0,2,1,1,0,1,0,0,0,0,1,54.4,114.1,1,2556,38.03333333333333,0.021283255086071987,3,1,0,0,0,1,1,1,0,0,1,0,0,0,0,0,1,0,0,0,1,0,1,0
0,1,0,1,11,1,0,0,1,0,0,1,1,1,95.0,1120.3,1,5980,93.35833333333333,0.01588628762541806,4,1,1,1,1,1,1,0,1,0,1,0,0,0,0,1,0,0,0,0,1,1,0,0
0,1,0,0,15,1,0,0,1,0,0,0,0,1,74.4,1074.3,1,4616,67.14375,0.01611785095320624,2,1,1,1,1,1,1,0,1,0,1,0,0,0,0,1,0,1,0,0,0,0,0,1
0,0,0,0,1,1,0,1,0,0,0,0,0,1,48.55,48.55,1,5687,24.275,0.008537014243010375,2,1,0,0,0,1,0,1,0,0,1,0,0,0,0,0,1,0,0,0,1,1,0,0
0,0,1,0,2,1,0,0,0,0,0,0,0,0,70.4,147.15,1,5687,49.050000000000004,0.012379110251450678,1,1,1,1,0,1,1,0,1,0,1,0,0,0,0,1,0,0,0,0,1,1,0,0
0,1,1,0,1,0,0,0,1,0,0,1,0,0,40.2,40.2,1,5828,20.1,0.006897735072065889,2,1,1,0,1,1,1,1,0,0,1,0,0,0,0,1,0,0,0,0,1,1,0,0
0,0,1,0,2,1,0,0,0,0,0,0,0,1,44.6,80.55,1,4884,26.849999999999998,0.009131859131859132,1,1,0,0,0,1,1,1,0,0,1,0,0,0,1,0,0,0,0,0,1,0,0,1
0,1,0,0,3,0,0,0,0,1,0,0,1,1,41.15,132.2,1,2314,33.05,0.01778305963699222,2,1,1,0,1,1,1,1,0,0,1,0,0,0,0,1,0,0,0,0,1,0,1,0
0,1,0,0,13,1,1,0,1,1,0,1,1,1,106.9,1364.3,1,2494,97.45,0.04286287089013633,6,1,1,1,1,1,1,0,1,0,1,0,0,0,0,1,0,1,0,0,0,0,1,0
0,0,0,0,59,1,0,0,0,0,0,0,0,0,19.35,1099.6,1,5084,18.326666666666664,0.003806058221872542,1,0,0,0,0,1,1,0,0,1,0,0,1,0,0,0,1,0,0,1,0,0,0,1
0,1,0,0,16,1,0,0,0,0,1,1,1,1,94.45,1511.2,1,3810,88.89411764705882,0.024790026246719162,4,1,1,1,1,0,1,0,1,0,1,0,0,0,0,1,0,1,0,0,0,0,0,1
0,0,0,0,1,0,0,0,0,0,0,0,0,0,24.8,24.8,1,5087,12.4,0.004875172007076863,0,1,0,0,0,1,1,1,0,0,1,0,0,1,0,0,0,0,0,0,1,0,0,1
0,0,0,0,1,1,0,0,0,0,0,0,0,0,70.6,70.6,1,3338,35.3,0.02115038945476333,1,1,0,1,0,1,1,0,1,0,1,0,0,0,0,0,1,0,0,0,1,0,1,0
0,0,1,0,5,1,1,0,1,0,1,0,0,1,85.4,401.1,1,3676,66.85000000000001,0.02323177366702938,4,1,1,1,0,0,1,0,1,0,1,0,0,0,0,1,0,0,0,0,1,0,0,1
0,0,1,0,52,1,1,0,1,1,0,1,1,1,105.05,5624.85,1,4839,106.12924528301888,0.021709030791485843,6,1,1,1,0,1,1,0,1,0,1,0,0,0,0,1,0,0,0,1,0,0,0,1
0,0,1,0,18,1,0,0,0,1,0,1,1,0,95.15,1779.95,1,4643,93.68157894736842,0.020493215593366358,4,1,0,1,0,1,1,0,1,0,1,0,0,0,0,0,1,1,0,0,0,0,0,1
0,0,1,0,1,1,0,0,0,0,0,0,0,0,70.0,70.0,1,4094,35.0,0.01709819247679531,1,1,1,1,0,1,1,0,1,0,1,0,0,0,0,1,0,0,0,0,1,0,0,1
0,1,0,0,8,1,0,0,1,0,0,0,0,1,74.5,606.55,1,4345,67.39444444444445,0.01714614499424626,2,1,1,1,1,1,1,0,1,0,1,0,0,0,0,1,0,0,0,0,1,0,0,1
0,0,0,0,10,1,0,0,0,0,0,0,0,1,44.85,435.4,1,4061,39.58181818181818,0.011044077813346466,1,1,0,0,0,1,1,1,0,0,1,0,0,0,1,0,0,0,0,0,1,0,0,1
0,1,0,0,24,1,1,0,0,0,0,0,0,1,76.1,1712.7,1,2018,68.508,0.037710604558969275,2,1,1,1,1,1,1,0,1,0,1,0,0,0,0,1,0,1,0,0,0,0,1,0
0,0,0,0,1,1,0,1,0,0,0,0,0,1,73.6,73.6,1,2565,36.8,0.028693957115009744,2,1,0,1,0,1,0,0,1,0,1,0,0,0,0,0,1,0,0,0,1,0,1,0
0,1,0,0,4,1,1,0,0,0,0,1,1,1,95.45,396.1,1,3677,79.22,0.025958661952678815,4,1,1,1,1,1,1,0,1,0,1,0,0,0,0,1,0,0,0,0,1,0,0,1
0,1,1,0,32,1,1,0,0,0,0,0,0,1,74.9,2303.35,1,4105,69.79848484848485,0.018246041412911085,2,1,1,1,1,1,1,0,1,0,1,0,0,0,0,1,0,0,1,0,0,0,0,1
0,0,0,0,5,1,0,0,0,0,0,1,0,1,80.6,415.55,1,5715,69.25833333333334,0.014103237095363078,2,1,1,1,0,1,1,0,1,0,1,0,0,0,0,1,0,0,0,0,1,1,0,0
0,0,1,0,38,1,0,1,1,0,1,1,1,0,80.3,3058.65,1,2071,78.42692307692307,0.03877353935296958,6,0,0,0,0,0,0,1,0,0,0,1,0,0,1,0,0,0,1,0,0,0,1,0
0,1,1,0,24,1,0,0,0,1,0,1,1,1,93.15,2231.05,1,2212,89.242,0.04211121157323689,4,1,1,1,1,1,1,0,1,0,1,0,0,0,0,1,0,1,0,0,0,0,1,0
0,1,0,0,54,1,1,1,1,0,1,1,1,0,82.45,4350.1,1,4149,79.09272727272727,0.019872258375512174,7,0,0,0,1,0,0,1,0,0,0,1,0,1,0,0,0,0,0,1,0,0,0,1
0,1,0,0,2,1,0,0,0,0,0,0,0,1,70.35,139.05,1,2671,46.35,0.026338450018719577,1,1,1,1,1,1,1,0,1,0,1,0,0,0,0,1,0,0,0,0,1,0,1,0
0,0,0,0,7,1,1,0,0,0,0,0,0,1,73.85,511.25,1,2473,63.90625,0.0298625151637687,2,1,1,1,0,1,1,0,1,0,1,0,0,0,0,1,0,0,0,0,1,0,1,0
0,0,0,0,2,1,1,0,0,1,0,0,0,0,80.6,155.8,1,2683,51.93333333333334,0.030040998881848673,3,1,0,1,0,1,1,0,1,0,1,0,0,0,0,0,1,0,0,0,1,0,1,0
0,0,1,0,68,1,1,0,1,1,1,0,1,1,75.8,5293.95,1,4903,76.72391304347826,0.015459922496430757,6,0,0,0,0,0,1,1,0,0,0,1,0,1,0,0,0,0,0,1,0,0,0,1
0,0,0,0,43,1,1,0,1,1,0,1,1,1,104.6,4759.85,1,5250,108.1784090909091,0.019923809523809524,6,0,1,1,0,1,1,0,1,0,0,0,1,0,0,1,0,0,1,0,0,0,0,1
0,0,1,0,63,1,1,0,1,1,0,1,1,1,103.4,6603.0,1,4352,103.171875,0.02375919117647059,6,1,1,1,0,1,1,0,1,0,1,0,0,0,0,1,0,0,0,1,0,0,0,1
0,0,0,0,2,1,0,0,0,0,0,1,1,1,90.4,168.2,1,4157,56.06666666666666,0.021746451768102,3,1,1,1,0,1,1,0,1,0,1,0,0,0,0,1,0,0,0,0,1,0,0,1
0,0,1,0,4,1,1,0,1,1,0,0,0,1,84.8,371.9,1,4939,74.38,0.017169467503543225,4,1,0,1,0,1,1,0,1,0,1,0,0,1,0,0,0,0,0,0,1,0,0,1
0,1,0,0,21,0,0,1,0,0,0,1,0,1,41.9,840.1,1,4778,38.18636363636364,0.008769359564671411,2,1,1,0,1,1,0,1,0,0,1,0,0,0,0,1,0,1,0,0,0,0,0,1
0,0,0,0,10,1,0,0,0,0,0,0,1,1,80.25,846.0,1,3598,76.9090909090909,0.022304057809894386,2,1,0,1,0,1,1,0,1,0,1,0,0,1,0,0,0,0,0,0,1,0,0,1
0,1,1,0,27,0,0,1,0,0,0,0,0,0,30.75,805.1,1,2927,28.75357142857143,0.010505637171165016,1,1,0,0,1,1,0,1,0,0,1,0,0,0,1,0,0,0,1,0,0,0,1,0
0,0,0,0,5,1,0,0,0,1,0,1,1,0,96.5,492.55,1,5383,82.09166666666667,0.017926806613412595,4,1,0,1,0,1,1,0,1,0,1,0,0,1,0,0,0,0,0,0,1,1,0,0
0,0,0,0,2,1,1,0,0,0,0,1,0,1,85.65,181.5,1,3878,60.5,0.022086126869520373,3,1,1,1,0,1,1,0,1,0,1,0,0,0,0,1,0,0,0,0,1,0,0,1
0,0,1,0,25,1,1,0,0,1,1,1,1,1,104.95,2566.5,1,3642,98.71153846153847,0.028816584294343767,6,1,0,1,0,0,1,0,1,0,1,0,0,1,0,0,0,0,1,0,0,0,0,1
0,0,0,0,1,1,0,0,1,0,0,0,0,0,50.65,50.65,1,2431,25.325,0.02083504730563554,2,1,0,0,0,1,1,1,0,0,1,0,0,0,0,0,1,0,0,0,1,0,1,0
0,0,0,0,1,1,1,0,1,0,0,0,1,1,90.85,90.85,1,3424,45.425,0.026533294392523363,4,1,0,1,0,1,1,0,1,0,1,0,0,0,1,0,0,0,0,0,1,0,1,0
0,1,1,0,11,1,0,0,0,0,0,0,0,0,19.95,214.75,1,5888,17.895833333333332,0.0033882472826086956,1,1,0,0,1,1,1,0,0,1,1,0,0,0,0,0,1,0,0,0,1,1,0,0
0,1,1,0,55,1,1,0,1,1,0,0,0,1,85.45,4874.7,1,5502,87.04821428571428,0.015530716103235188,4,1,1,1,1,1,1,0,1,0,1,0,0,0,0,1,0,0,0,1,0,1,0,0
0,0,0,0,34,1,0,0,1,0,0,0,0,1,73.95,2524.45,1,5795,72.12714285714286,0.01276100086281277,2,1,0,1,0,1,1,0,1,0,1,0,0,0,1,0,0,0,1,0,0,1,0,0
0,0,1,0,69,1,1,0,0,1,0,1,1,1,99.45,7007.6,1,4020,100.10857142857144,0.024738805970149255,5,1,0,1,0,1,1,0,1,0,1,0,0,0,1,0,0,0,0,1,0,0,0,1
0,0,0,0,1,1,0,0,0,0,0,0,0,1,19.9,19.9,1,3351,9.95,0.005938525813190092,1,1,0,0,0,1,1,0,0,1,1,0,0,0,0,0,1,0,0,0,1,0,1,0
0,0,0,0,1,1,0,0,0,0,0,0,0,1,19.6,19.6,1,3448,9.8,0.0056844547563805106,1,1,0,0,0,1,1,0,0,1,1,0,0,0,0,0,1,0,0,0,1,0,1,0
0,1,0,0,3,1,1,0,1,0,0,0,0,1,81.35,233.7,1,2818,58.425,0.028867991483321503,3,1,1,1,1,1,1,0,1,0,1,0,0,0,0,1,0,0,0,0,1,0,1,0
0,0,1,0,22,1,0,0,1,0,0,0,1,0,83.3,1845.9,1,3804,80.25652173913043,0.02189800210304942,3,1,1,1,0,1,1,0,1,0,1,0,0,0,0,1,0,1,0,0,0,0,0,1
0,1,0,0,1,1,0,0,0,1,0,0,0,1,75.3,75.3,1,4902,37.65,0.015361077111383108,2,1,0,1,1,1,1,0,1,0,1,0,0,1,0,0,0,0,0,0,1,0,0,1
0,0,1,0,61,1,0,0,0,0,0,0,0,1,19.4,1182.55,1,4221,19.073387096774194,0.004596067282634447,1,1,0,0,0,1,1,0,0,1,1,0,0,0,0,0,1,0,0,1,0,0,0,1
0,0,0,0,12,1,0,0,0,0,0,0,0,1,45.4,518.9,1,2887,39.91538461538461,0.015725666782126776,1,1,0,0,0,1,1,1,0,0,1,0,0,1,0,0,0,0,0,0,1,0,1,0
0,0,0,0,60,1,1,0,1,1,0,1,1,1,105.9,6396.45,1,4105,104.85983606557377,0.02579780755176614,6,1,1,1,0,1,1,0,1,0,1,0,0,0,0,1,0,0,0,1,0,0,0,1
0,0,0,0,1,1,0,0,0,0,0,0,0,0,69.55,69.55,1,2792,34.775,0.02491045845272206,1,1,0,1,0,1,1,0,1,0,1,0,0,0,0,0,1,0,0,0,1,0,1,0
0,0,1,0,28,1,0,0,0,0,0,0,1,1,81.05,2227.1,1,5201,76.79655172413793,0.015583541626610267,2,1,1,1,0,1,1,0,1,0,1,0,0,0,0,1,0,0,1,0,0,0,0,1
0,0,1,0,4,1,1,0,0,1,0,1,1,0,101.15,385.9,1,4417,77.17999999999999,0.02290015847860539,5,1,1,1,0,1,1,0,1,0,1,0,0,0,0,1,0,0,0,0,1,0,0,1
0,0,0,0,7,1,1,0,1,0,0,1,1,1,99.8,673.25,1,2031,84.15625,0.04913835548990645,5,1,1,1,0,1,1,0,1,0,1,0,0,0,0,1,0,0,0,0,1,0,1,0
0,0,1,0,13,1,0,0,0,0,0,0,1,0,55.95,734.35,1,4498,52.45357142857143,0.012438861716318365,2,1,1,0,0,1,1,1,0,0,1,0,0,0,0,1,0,1,0,0,0,0,0,1
0,0,0,0,1,1,0,0,0,0,0,0,1,1,55.0,55.0,1,4877,27.5,0.011277424646298955,2,1,1,0,0,1,1,1,0,0,1,0,0,0,0,1,0,0,0,0,1,0,0,1
0,0,1,0,1,1,0,0,1,0,0,0,0,1,74.7,74.7,1,5980,37.35,0.012491638795986623,2,1,1,1,0,1,1,0,1,0,1,0,0,0,0,1,0,0,0,0,1,1,0,0
0,0,0,0,24,1,1,0,1,0,0,0,0,1,80.25,1861.5,1,4418,74.46,0.018164327750113174,3,1,1,1,0,1,1,0,1,0,1,0,0,0,0,1,0,1,0,0,0,0,0,1
0,0,0,0,5,1,0,0,0,0,1,1,1,1,96.1,453.4,1,4192,75.56666666666666,0.022924618320610685,4,1,1,1,0,0,1,0,1,0,1,0,0,0,0,1,0,0,0,0,1,0,0,1
0,0,0,0,15,1,0,0,0,0,0,0,0,0,69.0,994.8,1,5671,62.175,0.01216716628460589,1,1,0,1,0,1,1,0,1,0,1,0,0,1,0,0,0,1,0,0,0,1,0,0
0,0,1,0,48,0,0,1,0,1,0,0,1,1,45.3,2145.0,1,4926,43.775510204081634,0.009196102314250913,3,1,0,0,0,1,0,1,0,0,1,0,0,1,0,0,0,0,1,0,0,0,0,1
0,0,1,0,8,1,0,0,1,0,0,1,0,1,83.55,680.05,1,2879,75.5611111111111,0.029020493226814867,3,1,1,1,0,1,1,0,1,0,1,0,0,0,0,1,0,0,0,0,1,0,1,0
0,0,0,0,1,1,1,0,0,0,0,0,0,1,74.35,74.35,1,2814,37.175,0.02642146410803127,2,1,1,1,0,1,1,0,1,0,1,0,0,0,0,1,0,0,0,0,1,0,1,0
0,0,1,0,2,1,0,1,0,0,0,0,0,1,74.4,139.4,1,4263,46.46666666666667,0.01745249824067558,2,1,1,1,0,1,0,0,1,0,1,0,0,0,0,1,0,0,0,0,1,0,0,1
0,0,0,0,22,0,0,0,1,1,0,0,1,1,43.75,903.6,1,3099,39.28695652173913,0.014117457244272345,3,0,0,0,0,1,1,1,0,0,0,1,0,1,0,0,0,1,0,0,0,0,1,0
0,1,0,0,5,0,0,0,1,0,0,0,0,0,28.45,131.05,1,4099,21.84166666666667,0.006940717248109295,1,1,1,0,1,1,1,1,0,0,1,0,0,0,0,1,0,0,0,0,1,0,0,1
0,0,0,0,12,1,1,1,1,1,0,0,1,1,99.7,1238.45,1,2538,95.26538461538462,0.039282899921197795,6,1,0,1,0,1,0,0,1,0,1,0,0,1,0,0,0,0,0,0,1,0,1,0
0,1,0,0,20,1,1,0,1,1,0,0,1,1,94.1,1782.4,1,2666,84.87619047619049,0.03529632408102025,5,1,1,1,1,1,1,0,1,0,1,0,0,0,0,1,0,1,0,0,0,0,1,0
0,0,1,0,2,1,0,0,0,0,1,1,1,1,94.2,167.5,1,3715,55.833333333333336,0.025356662180349935,4,1,1,1,0,0,1,0,1,0,1,0,0,0,0,1,0,0,0,0,1,0,0,1
0,0,1,0,6,1,1,0,0,0,1,0,0,1,80.5,502.85,1,5032,71.83571428571429,0.015997615262321144,3,1,1,1,0,0,1,0,1,0,1,0,0,0,0,1,0,0,0,0,1,0,0,1
0,1,1,0,5,1,1,0,0,0,0,0,0,1,74.35,334.8,1,5273,55.800000000000004,0.01410013275175422,2,1,1,1,1,1,1,0,1,0,1,0,0,0,0,1,0,0,0,0,1,0,0,1
0,0,0,0,40,1,1,0,0,1,1,1,1,0,104.8,4131.95,1,3492,100.77926829268293,0.030011454753722792,6,1,0,1,0,0,1,0,1,0,1,0,0,1,0,0,0,0,1,0,0,0,0,1
0,1,1,0,27,1,0,1,0,0,0,0,0,1,75.2,1929.35,1,4517,68.90535714285714,0.016648217843701574,2,1,0,1,1,1,0,0,1,0,1,0,0,1,0,0,0,0,1,0,0,0,0,1
0,0,0,0,23,1,1,0,0,0,0,0,0,0,75.6,1758.6,1,2115,73.27499999999999,0.035744680851063824,2,1,0,1,0,1,1,0,1,0,1,0,0,1,0,0,0,1,0,0,0,0,1,0
0,0,1,0,34,1,1,0,0,1,0,1,1,1,100.05,3480.0,1,2568,99.42857142857143,0.03896028037383178,5,1,1,1,0,1,1,0,1,0,1,0,0,0,0,1,0,0,1,0,0,0,1,0
0,0,0,0,1,1,1,0,0,0,0,0,1,1,85.0,85.0,1,5679,42.5,0.014967423842225745,3,1,1,1,0,1,1,0,1,0,1,0,0,0,0,1,0,0,0,0,1,1,0,0
0,0,0,0,10,1,1,0,0,0,0,1,0,1,86.05,834.1,1,2966,75.82727272727273,0.029012137559002022,3,1,0,1,0,1,1,0,1,0,1,0,0,1,0,0,0,0,0,0,1,0,1,0
0,0,0,0,13,0,0,1,0,0,1,1,0,1,45.55,597.0,1,4856,42.642857142857146,0.009380148270181219,3,1,0,0,0,0,0,1,0,0,1,0,0,0,1,0,0,1,0,0,0,0,0,1
0,0,1,0,39,1,0,0,1,0,0,1,0,1,86.3,3266.0,1,3364,81.65,0.02565398335315101,3,1,0,1,0,1,1,0,1,0,1,0,0,0,0,0,1,0,1,0,0,0,1,0
0,0,0,0,32,1,1,0,1,0,0,0,0,1,80.35,2596.15,1,5974,78.67121212121212,0.013449949782390357,3,1,0,1,0,1,1,0,1,0,1,0,0,1,0,0,0,0,1,0,0,1,0,0
0,0,0,0,35,1,1,0,0,1,0,1,1,1,100.25,3527.6,1,2744,97.98888888888888,0.03653425655976676,5,1,1,1,0,1,1,0,1,0,1,0,0,0,0,1,0,0,1,0,0,0,1,0
0,0,1,0,56,1,1,0,1,0,0,1,1,0,100.3,5614.45,1,5170,98.49912280701754,0.019400386847195358,5,0,0,1,0,1,1,0,1,0,0,1,0,0,1,0,0,0,0,1,0,0,0,1
0,0,1,0,12,1,0,0,0,0,0,0,0,0,19.0,233.55,1,3535,17.965384615384615,0.005374823196605375,1,1,0,0,0,1,1,0,0,1,1,0,0,0,0,0,1,0,0,0,1,0,0,1
0,0,0,0,1,1,0,1,0,0,0,0,0,0,75.3,75.3,1,3244,37.65,0.02321208384710234,2,1,0,1,0,1,0,0,1,0,1,0,0,0,0,0,1,0,0,0,1,0,1,0
0,1,0,0,4,1,1,0,0,1,0,1,0,1,89.2,346.2,1,5808,69.24,0.015358126721763087,4,1,1,1,1,1,1,0,1,0,1,0,0,0,0,1,0,0,0,0,1,1,0,0
0,1,0,0,1,1,1,0,0,0,0,1,0,1,85.7,85.7,1,4880,42.85,0.017561475409836068,3,1,1,1,1,1,1,0,1,0,1,0,0,0,0,1,0,0,0,0,1,0,0,1
0,0,0,0,12,1,1,1,0,1,1,0,0,1,61.65,713.75,1,5670,54.90384615384615,0.010873015873015873,5,1,0,0,0,0,0,1,0,0,1,0,0,0,0,0,1,0,0,0,1,1,0,0
0,1,1,0,65,1,1,1,0,1,0,1,1,0,105.25,6786.4,1,4196,102.82424242424241,0.025083412774070543,6,1,0,1,1,1,0,0,1,0,1,0,0,1,0,0,0,0,0,1,0,0,0,1
0,0,1,0,9,0,0,0,1,0,0,0,0,1,29.95,248.95,1,2573,24.895,0.011640108822386318,1,1,1,0,0,1,1,1,0,0,1,0,0,0,0,1,0,0,0,0,1,0,1,0
0,0,1,0,9,1,0,1,1,1,1,0,0,0,65.0,663.05,1,3983,66.30499999999999,0.01631935726839066,5,1,0,0,0,0,0,1,0,0,1,0,0,0,0,0,1,0,0,0,1,0,0,1
0,0,0,0,7,1,0,0,0,0,0,0,0,0,20.0,137.6,1,4479,17.2,0.004465282429113641,1,1,0,0,0,1,1,0,0,1,1,0,0,1,0,0,0,0,0,0,1,0,0,1
0,1,1,0,49,1,1,0,1,0,0,0,1,0,90.05,4547.25,1,5059,90.945,0.017799960466495353,4,1,0,1,1,1,1,0,1,0,1,0,0,0,1,0,0,0,0,1,0,0,0,1
0,1,1,0,43,1,1,0,1,1,1,1,1,1,110.75,4687.9,1,2728,106.54318181818181,0.0405975073313783,7,1,0,1,1,0,1,0,1,0,1,0,0,1,0,0,0,0,1,0,0,0,1,0
0,0,1,0,65,1,1,0,1,1,0,1,1,1,105.5,6985.65,1,5720,105.84318181818182,0.018444055944055945,6,1,1,1,0,1,1,0,1,0,1,0,0,0,0,1,0,0,0,1,0,1,0,0
0,1,1,0,56,1,1,1,0,1,0,1,1,1,104.55,5794.65,1,6268,101.66052631578947,0.01667996171027441,6,0,0,1,1,1,0,0,1,0,0,1,0,1,0,0,0,0,0,1,0,1,0,0
0,0,1,0,10,1,1,0,0,0,0,0,1,1,85.25,855.3,1,3573,77.75454545454545,0.023859501819199554,3,1,1,1,0,1,1,0,1,0,1,0,0,0,0,1,0,0,0,0,1,0,0,1
0,0,1,0,43,1,0,0,0,0,0,1,0,0,56.15,2499.3,1,2152,56.80227272727273,0.026092007434944237,2,1,1,0,0,1,1,1,0,0,1,0,0,0,0,1,0,0,1,0,0,0,1,0
0,0,0,0,1,1,0,0,0,0,0,1,1,1,89.55,89.55,1,4996,44.775,0.01792433947157726,3,1,1,1,0,1,1,0,1,0,1,0,0,0,0,1,0,0,0,0,1,0,0,1
0,1,1,0,20,1,1,0,0,0,0,1,1,1,94.55,1899.65,1,5604,90.45952380952382,0.016871877230549608,4,1,1,1,1,1,1,0,1,0,1,0,0,0,0,1,0,1,0,0,0,1,0,0
0,0,0,0,1,1,0,0,0,0,0,0,0,1,45.7,45.7,1,2295,22.85,0.019912854030501092,1,1,0,0,0,1,1,1,0,0,1,0,0,0,0,0,1,0,0,0,1,0,1,0
0,1,0,0,2,1,1,0,1,0,0,0,1,0,89.5,161.5,1,2065,53.833333333333336,0.043341404358353514,4,1,1,1,1,1,1,0,1,0,1,0,0,0,0,1,0,0,0,0,1,0,1,0
0,0,0,0,3,1,0,0,0,0,0,0,0,1,69.55,222.3,1,2876,55.575,0.02418289290681502,1,1,0,1,0,1,1,0,1,0,1,0,0,1,0,0,0,0,0,0,1,0,1,0
0,0,0,0,1,1,0,0,0,1,0,0,0,1,74.6,74.6,1,3860,37.3,0.01932642487046632,2,1,0,1,0,1,1,0,1,0,1,0,0,0,0,0,1,0,0,0,1,0,0,1
0,1,0,0,8,1,0,0,0,0,0,0,0,0,19.65,164.3,1,5432,18.255555555555556,0.0036174521354933723,1,1,1,0,1,1,1,0,0,1,1,0,0,0,0,1,0,0,0,0,1,1,0,0
0,0,1,0,2,1,0,0,0,0,0,0,0,0,19.85,35.9,1,2362,11.966666666666667,0.008403895004233702,1,0,0,0,0,1,1,0,0,1,0,1,0,0,0,0,1,0,0,0,1,0,1,0
0,0,0,0,4,0,0,0,0,0,0,0,0,1,24.25,96.05,1,2038,19.21,0.01189892051030422,0,1,0,0,0,1,1,1,0,0,1,0,0,0,0,0,1,0,0,0,1,0,1,0
0,0,0,0,2,1,0,0,0,0,0,0,0,0,69.65,145.15,1,2323,48.38333333333333,0.029982780886784334,1,1,1,1,0,1,1,0,1,0,1,0,0,0,0,1,0,0,0,0,1,0,1,0
0,0,0,0,4,1,0,0,0,0,0,0,0,0,45.65,191.05,1,2864,38.21,0.015939245810055864,1,1,0,0,0,1,1,1,0,0,1,0,0,0,0,0,1,0,0,0,1,0,1,0
0,0,0,0,1,1,1,0,0,0,0,0,0,1,75.05,75.05,1,4838,37.525,0.015512608515915667,2,1,0,1,0,1,1,0,1,0,1,0,0,0,0,0,1,0,0,0,1,0,0,1
0,1,0,0,52,0,0,0,1,0,0,1,1,1,49.15,2550.9,1,5597,48.130188679245286,0.008781490083973557,3,1,1,0,1,1,1,1,0,0,1,0,0,0,0,1,0,0,0,1,0,1,0,0
0,0,0,0,2,0,0,0,0,0,0,0,1,1,34.7,62.25,1,3146,20.75,0.011029879211697395,1,1,1,0,0,1,1,1,0,0,1,0,0,0,0,1,0,0,0,0,1,0,1,0
0,0,1,0,1,1,0,0,0,0,0,0,1,0,80.0,80.0,1,2046,40.0,0.039100684261974585,2,1,1,1,0,1,1,0,1,0,1,0,0,0,0,1,0,0,0,0,1,0,1,0
0,1,0,0,2,1,0,1,0,0,0,0,0,1,49.25,91.1,1,3475,30.366666666666664,0.014172661870503598,2,1,1,0,1,1,0,1,0,0,1,0,0,0,0,1,0,0,0,0,1,0,0,1
0,0,0,0,3,1,1,0,0,0,0,0,0,1,75.1,270.7,1,4965,67.675,0.01512588116817724,2,1,0,1,0,1,1,0,1,0,1,0,0,0,1,0,0,0,0,0,1,0,0,1
0,0,1,0,3,1,0,0,0,1,0,0,0,1,50.15,168.15,1,3273,42.0375,0.015322334249923616,2,1,1,0,0,1,1,1,0,0,1,0,0,0,0,1,0,0,0,0,1,0,1,0
0,0,0,0,25,1,0,1,1,0,0,0,0,1,79.85,2015.35,1,4535,77.51346153846154,0.017607497243660418,3,1,0,1,0,1,0,0,1,0,1,0,0,1,0,0,0,0,1,0,0,0,0,1
0,0,0,0,1,1,0,0,0,0,0,0,0,0,19.55,19.55,1,3556,9.775,0.005497750281214848,1,1,0,0,0,1,1,0,0,1,1,0,0,0,0,0,1,0,0,0,1,0,0,1
0,0,1,0,4,1,1,0,0,0,0,0,1,1,85.95,381.3,1,5640,76.26,0.01523936170212766,3,1,1,1,0,1,1,0,1,0,1,0,0,0,0,1,0,0,0,0,1,1,0,0
0,0,0,0,3,1,0,0,0,0,0,0,0,1,45.35,141.5,1,2450,35.375,0.018510204081632654,1,1,1,0,0,1,1,1,0,0,1,0,0,0,0,1,0,0,0,0,1,0,1,0
0,1,1,0,33,1,1,0,0,0,0,1,1,1,94.5,3105.55,1,4333,91.33970588235294,0.021809369951534735,4,1,1,1,1,1,1,0,1,0,1,0,0,0,0,1,0,0,1,0,0,0,0,1
0,1,0,0,30,1,1,1,1,1,0,0,0,0,91.7,2758.15,1,2482,88.97258064516129,0.03694601128122482,5,1,0,1,1,1,0,0,1,0,1,0,0,0,1,0,0,0,1,0,0,0,1,0
0,0,0,0,45,1,1,0,0,1,1,0,0,1,87.25,3941.7,1,5269,85.6891304347826,0.016559119377490984,4,1,1,1,0,0,1,0,1,0,1,0,0,0,0,1,0,0,1,0,0,0,0,1
0,0,0,0,10,1,1,1,0,0,0,1,1,0,98.55,1008.55,1,3658,91.68636363636364,0.026940951339529798,5,1,1,1,0,1,0,0,1,0,1,0,0,0,0,1,0,0,0,0,1,0,0,1
0,1,0,0,20,1,1,0,0,1,0,1,1,1,98.55,1842.8,1,5444,87.75238095238095,0.018102498163115356,5,1,1,1,1,1,1,0,1,0,1,0,0,0,0,1,0,1,0,0,0,1,0,0
0,0,0,0,15,1,0,0,1,0,0,0,1,1,85.9,1269.55,1,3579,79.346875,0.02400111763062308,3,1,0,1,0,1,1,0,1,0,1,0,0,1,0,0,0,1,0,0,0,0,0,1
0,0,0,0,22,1,0,0,0,0,0,1,1,0,89.25,1907.85,1,3161,82.95,0.02823473584308763,3,1,1,1,0,1,1,0,1,0,1,0,0,0,0,1,0,1,0,0,0,0,1,0
0,0,1,0,3,1,0,0,0,0,0,0,0,1,70.3,208.85,1,3038,52.2125,0.02314022383146807,1,1,1,1,0,1,1,0,1,0,1,0,0,0,0,1,0,0,0,0,1,0,1,0
0,0,0,0,15,1,1,0,0,0,0,1,1,1,93.35,1444.65,1,5264,90.290625,0.017733662613981762,4,1,1,1,0,1,1,0,1,0,1,0,0,0,0,1,0,1,0,0,0,0,0,1
0,0,0,0,1,1,0,0,0,0,0,0,0,0,19.9,19.9,1,4248,9.95,0.004684557438794727,1,1,0,0,0,1,1,0,0,1,1,0,0,0,0,0,1,0,0,0,1,0,0,1
0,0,1,0,5,1,0,1,0,1,0,0,1,1,88.9,454.15,1,4356,75.69166666666666,0.02040863177226814,4,1,0,1,0,1,0,0,1,0,1,0,0,0,0,0,1,0,0,0,1,0,0,1
0,0,1,0,33,1,0,0,0,1,0,1,1,1,95.8,3036.75,1,4161,89.31617647058823,0.02302331170391733,4,0,1,1,0,1,1,0,1,0,0,1,0,0,0,1,0,0,1,0,0,0,0,1
0,0,0,0,2,1,1,0,1,0,0,0,0,1,82.0,184.65,1,3051,61.550000000000004,0.026876433956079974,3,1,1,1,0,1,1,0,1,0,1,0,0,0,0,1,0,0,0,0,1,0,1,0
0,0,0,0,2,1,0,0,0,0,0,0,0,0,45.35,89.5,1,3478,29.833333333333332,0.013039102932719954,1,1,1,0,0,1,1,1,0,0,1,0,0,0,0,1,0,0,0,0,1,0,0,1
0,0,0,0,1,1,0,0,0,0,1,0,0,1,52.2,52.2,1,4138,26.1,0.01261478975350411,2,1,1,0,0,0,1,1,0,0,1,0,0,0,0,1,0,0,0,0,1,0,0,1
0,1,0,0,46,1,1,1,1,1,0,1,1,1,110.0,4874.8,1,2403,103.71914893617021,0.04577611319184353,7,0,1,1,1,1,0,0,1,0,0,1,0,0,0,1,0,0,1,0,0,0,1,0
0,0,0,0,62,1,1,0,0,1,0,1,1,1,96.75,6125.4,1,5016,97.22857142857143,0.019288277511961723,5,0,1,1,0,1,1,0,1,0,0,1,0,0,0,1,0,0,0,1,0,0,0,1
0,0,0,0,10,1,1,0,0,0,1,1,1,1,98.5,1058.25,1,5184,96.20454545454545,0.019000771604938273,5,1,1,1,0,0,1,0,1,0,1,0,0,0,0,1,0,0,0,0,1,0,0,1
0,0,0,0,6,1,0,0,1,0,0,1,0,1,85.35,489.45,1,4694,69.92142857142856,0.018182786536003408,3,1,1,1,0,1,1,0,1,0,1,0,0,0,0,1,0,0,0,0,1,0,0,1
0,0,1,0,40,1,1,0,1,0,0,1,1,1,101.3,4113.1,1,2576,100.31951219512196,0.03932453416149068,5,1,1,1,0,1,1,0,1,0,1,0,0,0,0,1,0,0,1,0,0,0,1,0
0,0,0,0,1,1,0,0,0,0,0,0,0,1,69.55,69.55,1,3042,34.775,0.022863247863247862,1,1,1,1,0,1,1,0,1,0,1,0,0,0,0,1,0,0,0,0,1,0,1,0
0,0,0,0,58,1,1,0,1,1,0,1,1,1,103.25,6017.65,1,6105,101.99406779661017,0.016912366912366913,6,0,0,1,0,1,1,0,1,0,0,1,0,1,0,0,0,0,0,1,0,1,0,0
0,0,0,0,70,1,1,1,0,0,1,1,1,1,104.0,7250.15,1,4544,102.11478873239436,0.022887323943661973,6,0,0,1,0,0,0,0,1,0,0,0,1,0,1,0,0,0,0,1,0,0,0,1
0,0,0,0,2,1,0,0,0,1,0,0,1,1,86.2,178.7,1,2969,59.56666666666666,0.029033344560458068,3,1,0,1,0,1,1,0,1,0,1,0,0,0,0,0,1,0,0,0,1,0,1,0
0,0,1,0,21,1,1,0,1,1,1,1,1,1,111.2,2317.1,1,4123,105.32272727272726,0.026970652437545477,7,1,1,1,0,0,1,0,1,0,1,0,0,0,0,1,0,1,0,0,0,0,0,1
0,0,1,0,16,1,0,0,1,1,0,1,0,1,89.45,1430.25,1,3696,84.13235294117646,0.02420183982683983,4,1,0,1,0,1,1,0,1,0,1,0,0,0,1,0,0,1,0,0,0,0,0,1
0,1,1,0,7,1,1,0,0,0,0,1,1,1,95.6,644.35,1,3265,80.54375,0.029280245022970903,4,1,0,1,1,1,1,0,1,0,1,0,0,1,0,0,0,0,0,0,1,0,1,0
0,0,1,0,60,1,0,0,1,1,0,1,0,0,90.95,5453.4,1,4111,89.39999999999999,0.02212357090732182,4,0,1,1,0,1,1,0,1,0,0,1,0,0,0,1,0,0,0,1,0,0,0,1
0,0,1,0,50,1,1,1,1,0,1,1,1,0,108.55,5610.7,1,4274,110.01372549019608,0.025397753860552177,7,0,1,1,0,0,0,0,1,0,0,1,0,0,0,1,0,0,0,1,0,0,0,1
0,1,0,0,4,1,0,0,0,0,0,1,0,1,78.85,292.8,1,5301,58.56,0.014874551971326163,2,1,1,1,1,1,1,0,1,0,1,0,0,0,0,1,0,0,0,0,1,0,0,1
0,0,0,0,1,1,0,0,0,0,0,0,0,0,44.4,44.4,1,3522,22.2,0.012606473594548551,1,1,0,0,0,1,1,1,0,0,1,0,0,0,0,0,1,0,0,0,1,0,0,1
0,1,0,0,55,1,1,0,0,1,0,1,1,1,100.0,5509.3,1,5679,98.38035714285715,0.017608733932030288,5,0,1,1,1,1,1,0,1,0,0,1,0,0,0,1,0,0,0,1,0,1,0,0
0,0,1,0,12,1,0,0,0,0,0,0,0,0,19.8,229.6,1,2653,17.661538461538463,0.007463249151903505,1,0,0,0,0,1,1,0,0,1,0,1,0,1,0,0,0,0,0,0,1,0,1,0
0,0,0,0,1,1,0,0,0,0,0,1,1,1,89.9,89.9,1,5951,44.95,0.015106704755503278,3,1,1,1,0,1,1,0,1,0,1,0,0,0,0,1,0,0,0,0,1,1,0,0
0,0,0,0,62,1,1,0,0,1,0,1,1,1,100.15,6413.65,1,5600,101.80396825396825,0.01788392857142857,5,0,1,1,0,1,1,0,1,0,0,1,0,0,0,1,0,0,0,1,0,1,0,0
0,0,0,0,1,1,0,0,1,0,0,0,0,0,50.8,50.8,1,3718,25.4,0.01366325981710597,2,1,1,0,0,1,1,1,0,0,1,0,0,0,0,1,0,0,0,0,1,0,0,1
0,1,1,0,20,1,0,0,1,0,0,0,0,1,73.65,1463.5,1,5849,69.69047619047619,0.012591896050606942,2,1,1,1,1,1,1,0,1,0,1,0,0,0,0,1,0,1,0,0,0,1,0,0
0,0,0,0,3,1,0,0,1,0,0,1,1,1,95.1,307.4,1,5861,76.85,0.016225900017061933,4,1,1,1,0,1,1,0,1,0,1,0,0,0,0,1,0,0,0,0,1,1,0,0
0,0,0,0,22,1,1,0,0,0,0,1,1,1,94.65,2104.55,1,3665,91.50217391304349,0.025825375170532062,4,1,0,1,0,1,1,0,1,0,1,0,0,0,1,0,0,1,0,0,0,0,0,1
0,0,1,0,4,1,0,0,0,1,1,0,0,1,80.6,319.15,1,3080,63.83,0.026168831168831168,3,1,0,1,0,0,1,0,1,0,1,0,0,0,0,0,1,0,0,0,1,0,1,0
0,0,1,0,59,1,1,0,0,0,0,0,1,0,85.55,5084.65,1,6304,84.74416666666666,0.013570748730964467,3,0,1,1,0,1,1,0,1,0,0,1,0,0,0,1,0,0,0,1,0,1,0,0
0,0,0,0,60,0,0,0,1,0,0,1,1,1,50.8,3027.4,1,4941,49.62950819672131,0.010281319570937057,3,1,1,0,0,1,1,1,0,0,1,0,0,0,0,1,0,0,0,1,0,0,0,1
0,0,0,0,15,1,0,1,0,1,1,1,1,0,105.1,1582.75,1,2122,98.921875,0.04952874646559849,6,1,1,1,0,0,0,0,1,0,1,0,0,0,0,1,0,1,0,0,0,0,1,0
0,0,0,0,10,1,0,1,1,1,1,1,1,1,110.1,1043.3,1,5803,94.84545454545454,0.01897294502843357,7,1,1,1,0,0,0,0,1,0,1,0,0,0,0,1,0,0,0,0,1,1,0,0
0,0,0,0,6,1,0,0,0,1,0,0,1,0,83.9,497.55,1,3962,71.07857142857144,0.021176173649671885,3,1,1,1,0,1,1,0,1,0,1,0,0,0,0,1,0,0,0,0,1,0,0,1
0,0,1,0,63,1,1,1,1,1,0,1,0,1,100.55,6215.35,1,5413,97.11484375,0.01857565121004988,6,1,1,1,0,1,0,0,1,0,1,0,0,0,0,1,0,0,0,1,0,1,0,0
0,0,1,0,50,1,1,0,1,1,0,1,1,1,103.85,5017.9,1,5812,98.39019607843136,0.017868203716448726,6,1,0,1,0,1,1,0,1,0,1,0,0,1,0,0,0,0,0,1,0,1,0,0
0,0,0,0,1,0,0,0,0,0,0,0,0,0,24.6,24.6,1,5768,12.3,0.004264909847434119,0,1,1,0,0,1,1,1,0,0,1,0,0,0,0,1,0,0,0,0,1,1,0,0
0,0,0,0,12,1,0,1,0,0,1,1,1,1,98.9,1120.95,1,5559,86.22692307692309,0.017790969598848714,5,1,0,1,0,0,0,0,1,0,1,0,0,1,0,0,0,0,0,0,1,1,0,0
0,0,0,0,9,1,1,0,0,1,0,1,1,0,98.3,923.5,1,2954,92.35,0.033276912660798914,5,1,0,1,0,1,1,0,1,0,1,0,0,0,1,0,0,0,0,0,1,0,1,0
0,0,0,0,17,1,0,1,0,0,0,1,1,0,93.85,1625.65,1,4940,90.3138888888889,0.018997975708502025,4,1,1,1,0,1,0,0,1,0,1,0,0,0,0,1,0,1,0,0,0,0,0,1
0,1,0,0,9,1,1,0,0,1,0,1,1,1,100.5,918.6,1,4038,91.86,0.02488855869242199,5,1,1,1,1,1,1,0,1,0,1,0,0,0,0,1,0,0,0,0,1,0,0,1
0,1,0,0,10,1,0,0,1,0,0,0,0,1,72.85,688.65,1,3189,62.60454545454545,0.022844151771715268,2,1,1,1,1,1,1,0,1,0,1,0,0,0,0,1,0,0,0,0,1,0,1,0
0,1,1,0,1,1,1,0,0,0,0,0,0,1,73.55,73.55,1,4369,36.775,0.016834515907530326,2,1,1,1,1,1,1,0,1,0,1,0,0,0,0,1,0,0,0,0,1,0,0,1
0,1,0,0,3,1,1,0,1,0,0,0,0,1,79.4,205.05,1,3501,51.2625,0.02267923450442731,3,1,1,1,1,1,1,0,1,0,1,0,0,0,0,1,0,0,0,0,1,0,0,1
0,0,0,0,13,1,0,0,1,1,0,0,0,1,81.15,952.3,1,4806,68.02142857142857,0.01688514357053683,3,1,1,1,0,1,1,0,1,0,1,0,0,0,0,1,0,1,0,0,0,0,0,1
0,1,0,0,4,1,1,0,0,0,0,0,1,1,84.6,360.1,1,2467,72.02000000000001,0.03429266315362789,3,1,1,1,1,1,1,0,1,0,1,0,0,0,0,1,0,0,0,0,1,0,1,0
0,0,0,0,6,1,1,1,0,0,0,0,0,1,79.05,434.5,1,3263,62.07142857142857,0.02422617223414036,3,1,1,1,0,1,0,0,1,0,1,0,0,0,0,1,0,0,0,0,1,0,1,0
0,0,0,0,3,1,1,0,0,0,0,0,0,0,74.4,215.8,1,2054,53.95,0.03622200584225901,2,1,0,1,0,1,1,0,1,0,1,0,0,1,0,0,0,0,0,0,1,0,1,0
0,1,0,0,35,1,1,0,0,1,0,1,1,1,99.05,3395.8,1,2074,94.32777777777778,0.0477579556412729,5,1,1,1,1,1,1,0,1,0,1,0,0,0,0,1,0,0,1,0,0,0,1,0
0,1,0,0,2,1,0,0,0,0,0,0,0,0,44.95,85.15,1,5900,28.383333333333336,0.00761864406779661,1,1,0,0,1,1,1,1,0,0,1,0,0,0,0,0,1,0,0,0,1,1,0,0
0,0,1,0,1,1,0,0,0,0,0,0,0,0,44.7,44.7,1,3700,22.35,0.012081081081081082,1,1,0,0,0,1,1,1,0,0,1,0,0,0,1,0,0,0,0,0,1,0,0,1
0,0,0,0,1,1,0,0,0,0,0,0,0,1,45.7,45.7,1,3571,22.85,0.012797535704284515,1,1,0,0,0,1,1,1,0,0,1,0,0,0,0,0,1,0,0,0,1,0,0,1
0,1,0,0,8,1,0,1,0,0,1,1,1,0,100.3,832.35,1,5084,92.48333333333333,0.019728560188827696,5,1,0,1,1,0,0,0,1,0,1,0,0,0,1,0,0,0,0,0,1,0,0,1
0,0,0,0,7,1,0,0,0,0,0,0,0,0,19.25,112.3,1,4489,14.0375,0.004288260191579417,1,1,1,0,0,1,1,0,0,1,1,0,0,0,0,1,0,0,0,0,1,0,0,1
0,0,0,0,2,1,1,0,0,0,0,1,1,1,96.0,174.8,1,3391,58.26666666666667,0.02831023296962548,4,1,1,1,0,1,1,0,1,0,1,0,0,0,0,1,0,0,0,0,1,0,1,0
0,0,0,0,1,1,0,0,0,0,0,1,1,0,90.55,90.55,1,2627,45.275,0.03446897601827179,3,1,1,1,0,1,1,0,1,0,1,0,0,0,0,1,0,0,0,0,1,0,1,0
0,1,1,0,44,0,0,0,1,0,0,0,0,1,30.35,1359.7,1,4829,30.215555555555557,0.006284945123213917,1,1,1,0,1,1,1,1,0,0,1,0,0,0,0,1,0,0,1,0,0,0,0,1
0,0,0,0,71,1,1,1,0,1,1,1,1,1,108.05,7532.15,1,5200,104.61319444444445,0.020778846153846155,7,0,1,1,0,0,0,0,1,0,0,0,1,0,0,1,0,0,0,1,0,0,0,1
0,0,0,0,1,1,0,0,0,0,0,0,0,1,69.9,69.9,1,5367,34.95,0.013024035774175519,1,1,1,1,0,1,1,0,1,0,1,0,0,0,0,1,0,0,0,0,1,0,0,1
0,1,1,0,62,1,1,0,1,1,0,1,1,1,103.75,6383.35,1,5052,101.32301587301588,0.020536421219319083,6,0,1,1,1,1,1,0,1,0,0,1,0,0,0,1,0,0,0,1,0,0,0,1
0,0,0,0,1,1,1,0,0,0,0,0,1,1,86.6,86.6,1,5228,43.3,0.016564651874521805,3,1,1,1,0,1,1,0,1,0,1,0,0,0,0,1,0,0,0,0,1,0,0,1
0,1,1,0,33,1,1,0,1,0,0,0,0,1,80.6,2656.5,1,3601,78.13235294117646,0.022382671480144403,3,1,0,1,1,1,1,0,1,0,1,0,0,1,0,0,0,0,1,0,0,0,0,1
0,0,0,0,35,1,1,0,1,0,1,0,0,0,85.3,2917.5,1,2455,81.04166666666667,0.03474541751527495,4,1,0,1,0,0,1,0,1,0,1,0,0,0,1,0,0,0,1,0,0,0,1,0
0,0,0,0,34,1,0,0,0,0,0,0,0,1,70.0,2416.1,1,2318,69.03142857142856,0.030198446937014668,1,1,0,1,0,1,1,0,1,0,1,0,0,0,1,0,0,0,1,0,0,0,1,0
0,1,0,0,4,1,1,0,0,0,0,1,1,1,94.3,424.45,1,5419,84.89,0.01740173463738697,4,1,1,1,1,1,1,0,1,0,1,0,0,0,0,1,0,0,0,0,1,1,0,0
0,0,0,0,7,1,0,0,0,1,0,1,1,1,95.35,660.9,1,3077,82.6125,0.030987975300617483,4,1,1,1,0,1,1,0,1,0,1,0,0,0,0,1,0,0,0,0,1,0,1,0
0,1,1,0,27,1,1,0,0,0,0,0,0,1,75.5,1893.95,1,2377,67.64107142857144,0.03176272612536811,2,1,1,1,1,1,1,0,1,0,1,0,0,0,0,1,0,0,1,0,0,0,1,0
0,0,0,0,18,1,1,0,0,0,1,0,1,1,90.1,1612.75,1,4260,84.88157894736842,0.021150234741784037,4,1,1,1,0,0,1,0,1,0,1,0,0,0,0,1,0,1,0,0,0,0,0,1
0,0,0,0,2,1,0,0,0,0,0,0,0,0,68.95,119.75,1,5225,39.916666666666664,0.013196172248803829,1,1,1,1,0,1,1,0,1,0,1,0,0,0,0,1,0,0,0,0,1,0,0,1
0,0,1,0,32,1,1,1,0,0,0,1,1,1,99.55,3204.65,1,5026,97.11060606060606,0.01980700358137684,5,1,0,1,0,1,0,0,1,0,1,0,0,0,1,0,0,0,1,0,0,0,0,1
0,0,1,0,18,1,0,0,0,1,0,0,1,0,57.45,990.85,1,2989,52.15,0.019220475075276012,3,1,1,0,0,1,1,1,0,0,1,0,0,0,0,1,0,1,0,0,0,0,1,0
0,0,1,0,12,1,0,0,0,0,0,0,1,0,53.65,696.35,1,2595,53.565384615384616,0.020674373795761078,2,0,0,0,0,1,1,1,0,0,0,1,0,0,1,0,0,0,0,0,1,0,1,0
0,1,0,0,8,1,1,0,0,1,0,1,1,1,100.6,819.4,1,5906,91.04444444444444,0.017033525228581103,5,1,1,1,1,1,1,0,1,0,1,0,0,0,0,1,0,0,0,0,1,1,0,0
0,0,1,0,26,1,1,0,0,0,0,1,0,1,83.75,2070.6,1,2404,76.68888888888888,0.034837770382695504,3,1,1,1,0,1,1,0,1,0,1,0,0,0,0,1,0,0,1,0,0,0,1,0
0,1,1,0,3,1,0,1,0,0,1,1,0,1,88.3,273.75,1,4486,68.4375,0.019683459652251448,4,1,0,1,1,0,0,0,1,0,1,0,0,0,0,0,1,0,0,0,1,0,0,1
0,1,0,0,8,1,0,0,0,1,0,1,1,1,92.1,729.95,1,5662,81.10555555555555,0.01626633698339809,4,1,1,1,1,1,1,0,1,0,1,0,0,0,0,1,0,0,0,0,1,1,0,0
0,0,1,0,38,1,0,1,1,0,0,0,0,1,79.45,3013.05,1,2405,77.25769230769231,0.033035343035343036,3,1,1,1,0,1,0,0,1,0,1,0,0,0,0,1,0,0,1,0,0,0,1,0
0,1,0,0,14,1,0,0,0,0,0,1,1,0,90.45,1266.1,1,4777,84.40666666666667,0.018934477705673018,3,1,0,1,1,1,1,0,1,0,1,0,0,0,1,0,0,1,0,0,0,0,0,1
0,0,1,0,32,1,0,0,0,0,0,0,0,1,69.75,2347.9,1,2356,71.14848484848486,0.029605263157894735,1,1,0,1,0,1,1,0,1,0,1,0,0,1,0,0,0,0,1,0,0,0,1,0
0,0,0,0,1,1,0,0,0,0,0,0,0,0,19.65,19.65,1,5881,9.825,0.003341268491753103,1,1,0,0,0,1,1,0,0,1,1,0,0,0,0,0,1,0,0,0,1,1,0,0
0,1,0,0,12,0,0,0,0,1,1,0,1,1,43.65,526.95,1,2437,40.534615384615385,0.017911366434140336,3,1,1,0,1,0,1,1,0,0,1,0,0,0,0,1,0,0,0,0,1,0,1,0
0,0,0,0,5,0,0,0,0,1,0,0,1,0,39.5,210.75,1,2863,35.125,0.01379671673070206,2,1,1,0,0,1,1,1,0,0,1,0,0,0,0,1,0,0,0,0,1,0,1,0
0,0,1,0,40,1,1,0,0,0,0,1,1,1,97.1,3706.95,1,3099,90.41341463414633,0.03133268796385931,4,1,0,1,0,1,1,0,1,0,1,0,0,1,0,0,0,0,1,0,0,0,1,0
0,0,0,0,5,1,0,0,0,0,0,0,1,1,80.0,412.5,1,3937,68.75,0.02032004064008128,2,1,1,1,0,1,1,0,1,0,1,0,0,0,0,1,0,0,0,0,1,0,0,1
0,0,0,0,10,1,0,1,0,0,0,1,0,1,84.7,832.05,1,5686,75.64090909090909,0.014896236370031657,3,1,0,1,0,1,0,0,1,0,1,0,0,0,0,0,1,0,0,0,1,1,0,0
0,0,1,0,2,1,0,0,0,0,0,1,1,1,89.55,185.55,1,3851,61.85,0.023253700337574654,3,1,0,1,0,1,1,0,1,0,1,0,0,1,0,0,0,0,0,0,1,0,0,1
0,0,0,0,23,1,1,0,0,0,1,1,0,1,90.6,1943.2,1,4359,80.96666666666667,0.02078458362009635,4,1,1,1,0,0,1,0,1,0,1,0,0,0,0,1,0,1,0,0,0,0,0,1
0,0,0,0,23,1,1,1,0,0,0,1,0,1,90.05,2169.8,1,4650,90.40833333333335,0.019365591397849463,4,1,0,1,0,1,0,0,1,0,1,0,0,1,0,0,0,1,0,0,0,0,0,1
0,0,1,0,49,1,1,0,1,0,0,1,1,1,99.05,4853.75,1,5157,97.075,0.01920690323831685,5,1,0,1,0,1,1,0,1,0,1,0,0,1,0,0,0,0,0,1,0,0,0,1
0,0,0,0,2,1,0,0,0,0,0,0,0,0,69.75,144.55,1,5667,48.18333333333334,0.012308099523557438,1,1,0,1,0,1,1,0,1,0,1,0,0,1,0,0,0,0,0,0,1,1,0,0
0,0,0,0,2,1,0,0,1,0,0,0,0,1,49.05,91.1,1,2960,30.366666666666664,0.016570945945945947,2,1,0,0,0,1,1,1,0,0,1,0,0,0,1,0,0,0,0,0,1,0,1,0
0,0,0,0,7,1,1,0,0,1,0,1,1,1,98.05,713.0,1,2561,89.125,0.03828582584927762,5,1,0,1,0,1,1,0,1,0,1,0,0,1,0,0,0,0,0,0,1,0,1,0
0,0,0,0,41,1,1,1,1,1,1,1,1,1,114.5,4527.45,1,3038,107.79642857142856,0.037689269256089536,8,1,0,1,0,0,0,0,1,0,1,0,0,1,0,0,0,0,1,0,0,0,1,0
0,0,0,0,2,1,0,0,0,0,0,0,1,1,80.95,171.15,1,3533,57.050000000000004,0.02291253891876592,2,1,1,1,0,1,1,0,1,0,1,0,0,0,0,1,0,0,0,0,1,0,0,1
0,1,0,0,13,1,0,0,0,1,0,0,0,1,74.3,940.35,1,2995,67.16785714285714,0.024808013355592653,2,1,1,1,1,1,1,0,1,0,1,0,0,0,0,1,0,1,0,0,0,0,1,0
0,1,0,0,11,1,0,0,0,0,0,1,1,0,89.7,1047.7,1,2202,87.30833333333334,0.04073569482288829,3,1,0,1,1,1,1,0,1,0,1,0,0,1,0,0,0,0,0,0,1,0,1,0
0,1,1,0,17,1,1,0,0,1,0,1,1,1,100.45,1622.45,1,5508,90.13611111111112,0.018237109658678287,5,1,0,1,1,1,1,0,1,0,1,0,0,0,1,0,0,1,0,0,0,1,0,0
0,0,1,0,25,1,0,0,0,0,0,1,1,1,90.4,2178.6,1,5801,83.79230769230769,0.015583520082744355,3,0,1,1,0,1,1,0,1,0,0,1,0,0,0,1,0,0,1,0,0,1,0,0
0,0,1,0,3,1,0,0,1,1,0,0,0,1,56.15,168.15,1,2539,42.0375,0.022115005907837732,3,1,0,0,0,1,1,1,0,0,1,0,0,0,0,0,1,0,0,0,1,0,1,0
0,0,0,0,4,1,0,1,0,1,1,0,1,1,94.4,387.2,1,4249,77.44,0.0222169922334667,5,1,0,1,0,0,0,0,1,0,1,0,0,1,0,0,0,0,0,0,1,0,0,1
0,0,1,0,37,1,1,0,0,1,0,0,0,1,78.95,2839.65,1,3982,74.72763157894737,0.019826720241084884,3,1,0,1,0,1,1,0,1,0,1,0,0,0,1,0,0,0,1,0,0,0,0,1
0,0,0,0,19,0,0,0,0,0,0,1,1,1,44.85,893.55,1,5182,44.677499999999995,0.008654959475106137,2,0,0,0,0,1,1,1,0,0,0,1,0,0,1,0,0,1,0,0,0,0,0,1
0,1,1,0,39,1,1,0,1,1,0,1,1,1,105.65,4284.8,1,4687,107.12,0.02254107104757841,6,1,1,1,1,1,1,0,1,0,1,0,0,0,0,1,0,0,1,0,0,0,0,1
0,0,0,0,7,1,0,0,0,1,0,0,0,0,74.65,544.55,1,3331,68.06875,0.02241068748123687,2,1,0,1,0,1,1,0,1,0,1,0,0,0,0,0,1,0,0,0,1,0,1,0
0,0,1,0,14,1,1,1,0,0,0,1,0,1,64.7,941.0,1,4049,62.733333333333334,0.015979254136823908,4,1,0,0,0,1,0,1,0,0,1,0,0,1,0,0,0,1,0,0,0,0,0,1
0,1,1,0,11,1,1,0,0,1,1,1,1,1,104.05,1133.65,1,4553,94.47083333333335,0.022853063913902922,6,1,0,1,1,0,1,0,1,0,1,0,0,1,0,0,0,0,0,0,1,0,0,1
0,0,0,0,1,0,0,0,0,0,0,0,1,1,35.55,35.55,1,3958,17.775,0.008981808994441636,1,1,1,0,0,1,1,1,0,0,1,0,0,0,0,1,0,0,0,0,1,0,0,1
0,0,0,0,2,1,1,0,0,0,0,1,1,1,95.15,196.9,1,2414,65.63333333333334,0.039415907207953606,4,1,1,1,0,1,1,0,1,0,1,0,0,0,0,1,0,0,0,0,1,0,1,0
0,0,1,0,13,1,0,0,0,1,0,1,1,1,96.65,1162.85,1,5295,83.06071428571428,0.01825306893295562,4,1,0,1,0,1,1,0,1,0,1,0,0,0,0,0,1,1,0,0,0,0,0,1
0,1,1,0,3,1,0,0,0,0,0,1,0,1,80.4,224.05,1,3834,56.0125,0.02097026604068858,2,1,1,1,1,1,1,0,1,0,1,0,0,0,0,1,0,0,0,0,1,0,0,1
0,0,0,0,1,0,0,0,1,0,0,0,0,1,31.35,31.35,1,3605,15.675,0.00869625520110957,1,1,0,0,0,1,1,1,0,0,1,0,0,0,0,0,1,0,0,0,1,0,0,1
0,0,0,0,12,1,1,0,1,0,0,1,0,1,89.75,1052.4,1,5671,80.95384615384616,0.015826132957150414,4,1,0,1,0,1,1,0,1,0,1,0,0,1,0,0,0,0,0,0,1,1,0,0
0,0,1,0,60,1,0,0,1,0,0,1,1,1,94.4,5610.25,1,4990,91.97131147540983,0.018917835671342687,4,0,1,1,0,1,1,0,1,0,0,1,0,0,0,1,0,0,0,1,0,0,0,1
0,0,0,0,1,1,0,0,0,0,0,0,0,1,19.85,19.85,1,3874,9.925,0.00512390294269489,1,1,1,0,0,1,1,0,0,1,1,0,0,0,0,1,0,0,0,0,1,0,0,1
0,0,0,0,6,1,1,0,1,1,1,1,1,1,109.9,669.45,1,5750,95.63571428571429,0.01911304347826087,7,1,0,1,0,0,1,0,1,0,1,0,0,0,1,0,0,0,0,0,1,1,0,0
0,0,0,0,15,1,0,0,0,1,1,1,1,1,101.35,1553.95,1,3025,97.121875,0.03350413223140496,5,1,1,1,0,0,1,0,1,0,1,0,0,0,0,1,0,1,0,0,0,0,1,0
0,1,0,0,21,1,0,0,0,1,0,1,0,1,60.05,1236.15,1,4716,56.18863636363637,0.012733248515691263,3,1,0,0,1,1,1,1,0,0,1,0,0,1,0,0,0,1,0,0,0,0,0,1
0,0,0,0,1,1,1,0,0,0,0,0,1,1,60.15,60.15,1,4611,30.075,0.013044892648015614,3,1,1,0,0,1,1,1,0,0,1,0,0,0,0,1,0,0,0,0,1,0,0,1
0,0,0,0,7,1,1,0,0,1,0,1,0,1,90.45,593.45,1,5356,74.18125,0.016887602688573564,4,1,1,1,0,1,1,0,1,0,1,0,0,0,0,1,0,0,0,0,1,0,0,1
0,0,1,0,53,1,0,0,1,0,0,1,1,1,94.25,4867.95,1,5414,90.14722222222223,0.01740857037310676,4,0,0,1,0,1,1,0,1,0,0,1,0,1,0,0,0,0,0,1,0,1,0,0
0,0,0,0,1,1,1,0,0,0,0,0,0,1,74.9,74.9,1,2548,37.45,0.0293956043956044,2,1,1,1,0,1,1,0,1,0,1,0,0,0,0,1,0,0,0,0,1,0,1,0
0,0,0,0,1,1,0,0,0,0,0,1,0,1,80.25,80.25,1,2502,40.125,0.03207434052757794,2,1,1,1,0,1,1,0,1,0,1,0,0,0,0,1,0,0,0,0,1,0,1,0
0,0,1,0,17,1,0,0,0,0,0,0,0,1,69.0,1149.65,1,3368,63.86944444444445,0.020486935866983372,1,1,1,1,0,1,1,0,1,0,1,0,0,0,0,1,0,1,0,0,0,0,1,0
0,0,1,0,11,1,1,0,0,0,1,0,1,1,66.35,740.8,1,2860,61.73333333333333,0.023199300699300696,4,1,1,0,0,0,1,1,0,0,1,0,0,0,0,1,0,0,0,0,1,0,1,0
0,0,0,0,19,1,1,0,0,0,0,0,1,1,86.0,1532.45,1,4857,76.6225,0.01770640312950381,3,1,0,1,0,1,1,0,1,0,1,0,0,1,0,0,0,1,0,0,0,0,0,1
0,0,1,0,3,1,0,0,0,0,0,0,1,1,80.3,250.05,1,3212,62.5125,0.024999999999999998,2,1,1,1,0,1,1,0,1,0,1,0,0,0,0,1,0,0,0,0,1,0,1,0
0,0,0,0,24,1,1,0,1,0,0,1,0,1,90.55,2282.55,1,5927,91.302,0.015277543445250548,4,1,0,1,0,1,1,0,1,0,1,0,0,0,1,0,0,1,0,0,0,1,0,0
0,0,0,0,2,1,1,0,0,0,0,0,0,1,75.9,143.35,1,2101,47.78333333333333,0.03612565445026178,2,1,1,1,0,1,1,0,1,0,1,0,0,0,0,1,0,0,0,0,1,0,1,0
0,0,1,0,1,1,0,0,0,0,0,0,0,1,45.85,45.85,1,3706,22.925,0.012371829465731248,1,1,0,0,0,1,1,1,0,0,1,0,0,0,0,0,1,0,0,0,1,0,0,1
0,0,1,0,16,0,0,0,0,0,1,1,1,1,49.95,810.2,1,4840,47.65882352941177,0.010320247933884297,3,1,1,0,0,0,1,1,0,0,1,0,0,0,0,1,0,1,0,0,0,0,0,1
0,0,1,0,34,1,0,0,0,0,0,1,0,0,78.3,2564.3,1,2777,73.2657142857143,0.028195894850558154,2,1,1,1,0,1,1,0,1,0,1,0,0,0,0,1,0,0,1,0,0,0,1,0
0,0,0,0,3,1,1,0,0,0,0,0,0,1,76.95,228.4,1,4428,57.1,0.017378048780487806,2,1,1,1,0,1,1,0,1,0,1,0,0,0,0,1,0,0,0,0,1,0,0,1
0,1,0,0,16,1,1,0,0,0,0,1,1,1,96.15,1529.2,1,5913,89.95294117647059,0.01626078132927448,4,1,1,1,1,1,1,0,1,0,1,0,0,0,0,1,0,1,0,0,0,1,0,0
0,0,0,0,1,1,0,0,0,0,0,0,0,0,45.3,45.3,1,4568,22.65,0.009916812609457093,1,1,1,0,0,1,1,1,0,0,1,0,0,0,0,1,0,0,0,0,1,0,0,1
0,0,0,0,15,1,0,0,0,0,0,0,0,0,19.4,289.3,1,5379,18.08125,0.0036066183305447108,1,1,0,0,0,1,1,0,0,1,1,0,0,1,0,0,0,1,0,0,0,0,0,1
0,0,0,0,11,1,1,0,0,0,1,1,0,0,90.15,987.95,1,5250,82.32916666666667,0.017171428571428574,4,1,1,1,0,0,1,0,1,0,1,0,0,0,0,1,0,0,0,0,1,0,0,1
0,0,0,0,1,1,0,0,0,0,0,0,0,0,45.05,45.05,1,4094,22.525,0.01100390815828041,1,1,0,0,0,1,1,1,0,0,1,0,0,0,0,0,1,0,0,0,1,0,0,1
0,0,0,0,1,1,0,0,1,0,0,0,0,0,75.8,75.8,1,3940,37.9,0.019238578680203046,2,1,1,1,0,1,1,0,1,0,1,0,0,0,0,1,0,0,0,0,1,0,0,1
0,0,0,0,7,1,0,0,0,0,0,0,1,1,79.3,523.15,1,3830,65.39375,0.02070496083550914,2,1,1,1,0,1,1,0,1,0,1,0,0,0,0,1,0,0,0,0,1,0,0,1
0,0,0,0,2,0,0,0,0,0,1,0,0,1,30.9,59.05,1,2860,19.683333333333334,0.010804195804195805,1,1,1,0,0,0,1,1,0,0,1,0,0,0,0,1,0,0,0,0,1,0,1,0
0,1,0,0,46,1,0,0,1,0,0,1,1,0,95.25,4424.2,1,3180,94.13191489361702,0.029952830188679246,4,0,0,1,1,1,1,0,1,0,0,1,0,0,1,0,0,0,1,0,0,0,1,0
0,1,1,0,68,1,1,0,1,0,0,0,1,1,89.6,6127.6,1,5651,88.80579710144929,0.01585560077862325,4,1,0,1,1,1,1,0,1,0,1,0,0,1,0,0,0,0,0,1,0,1,0,0
0,0,1,0,59,1,1,1,1,1,0,1,1,1,110.15,6448.05,1,4601,107.4675,0.02394044772875462,7,0,1,1,0,1,0,0,1,0,0,1,0,0,0,1,0,0,0,1,0,0,0,1
0,1,1,0,7,1,0,0,0,0,0,1,1,1,89.5,676.7,1,3077,84.5875,0.029086772830679234,3,1,1,1,1,1,1,0,1,0,1,0,0,0,0,1,0,0,0,0,1,0,1,0
0,0,1,0,8,1,0,1,0,0,0,0,0,0,75.0,632.95,1,2587,70.32777777777778,0.028991109393119444,2,1,1,1,0,1,0,0,1,0,1,0,0,0,0,1,0,0,0,0,1,0,1,0
0,0,0,0,6,1,0,0,0,0,0,0,0,0,44.75,270.95,1,2087,38.707142857142856,0.021442261619549593,1,1,1,0,0,1,1,1,0,0,1,0,0,0,0,1,0,0,0,0,1,0,1,0
0,0,1,0,11,1,0,0,0,0,0,0,0,1,44.05,483.7,1,3200,40.30833333333333,0.013765624999999998,1,1,1,0,0,1,1,1,0,0,1,0,0,0,0,1,0,0,0,0,1,0,1,0
0,1,1,0,15,1,1,0,0,0,0,0,1,1,85.6,1345.55,1,4981,84.096875,0.01718530415579201,3,1,0,1,1,1,1,0,1,0,1,0,0,1,0,0,0,1,0,0,0,0,0,1
0,0,0,0,70,1,1,1,1,1,1,1,1,0,115.55,8127.6,1,4838,114.47323943661972,0.023883836295990078,8,0,0,1,0,0,0,0,1,0,0,1,0,0,1,0,0,0,0,1,0,0,0,1
0,1,0,0,16,1,1,0,0,0,0,1,0,1,86.6,1281.0,1,2508,75.3529411764706,0.03452950558213716,3,1,1,1,1,1,1,0,1,0,1,0,0,0,0,1,0,1,0,0,0,0,1,0
0,0,0,0,18,1,1,0,0,0,0,1,0,1,85.2,1553.9,1,3326,81.78421052631579,0.025616355983162958,3,1,1,1,0,1,1,0,1,0,1,0,0,0,0,1,0,1,0,0,0,0,1,0
0,0,1,0,34,1,1,0,0,0,0,1,1,1,97.65,3207.55,1,3979,91.64428571428572,0.024541342045740138,4,1,1,1,0,1,1,0,1,0,1,0,0,0,0,1,0,0,1,0,0,0,0,1
0,0,1,0,47,1,1,0,1,1,1,1,1,1,109.55,5124.55,1,5863,106.76145833333334,0.018684973563022345,7,1,1,1,0,0,1,0,1,0,1,0,0,0,0,1,0,0,1,0,0,1,0,0
0,0,1,0,39,1,1,0,1,1,1,0,0,1,89.55,3474.45,1,3849,86.86125,0.023265783320342945,5,0,1,1,0,0,1,0,1,0,0,1,0,0,0,1,0,0,1,0,0,0,0,1
0,0,0,0,1,1,0,0,0,0,0,0,0,1,19.45,19.45,1,5687,9.725,0.0034200808862317566,1,1,0,0,0,1,1,0,0,1,1,0,0,0,0,0,1,0,0,0,1,1,0,0
0,0,1,0,4,1,0,0,0,0,0,0,0,0,20.35,76.35,1,4133,15.27,0.004923784176143238,1,1,0,0,0,1,1,0,0,1,1,0,0,0,0,0,1,0,0,0,1,0,0,1
0,1,0,0,1,1,0,0,0,0,0,0,0,1,69.25,69.25,1,4371,34.625,0.015843056508808052,1,1,1,1,1,1,1,0,1,0,1,0,0,0,0,1,0,0,0,0,1,0,0,1
0,0,1,0,59,1,1,0,0,1,0,1,1,1,99.5,5961.1,1,6098,99.35166666666667,0.01631682518858642,5,0,0,1,0,1,1,0,1,0,0,1,0,1,0,0,0,0,0,1,0,1,0,0
0,1,0,0,1,0,0,0,0,0,0,0,0,1,25.2,25.2,1,5688,12.6,0.004430379746835443,0,1,1,0,1,1,1,1,0,0,1,0,0,0,0,1,0,0,0,0,1,1,0,0
0,0,0,0,2,1,0,0,0,0,0,0,0,1,45.0,96.45,1,5704,32.15,0.007889200561009817,1,1,0,0,0,1,1,1,0,0,1,0,0,0,0,0,1,0,0,0,1,1,0,0
0,0,0,0,1,1,0,0,0,0,0,0,0,0,20.15,20.15,1,4103,10.075,0.00491104070192542,1,1,0,0,0,1,1,0,0,1,1,0,0,0,0,0,1,0,0,0,1,0,0,1
0,0,1,0,66,1,1,0,1,1,0,1,1,1,105.0,7133.25,1,5723,106.46641791044776,0.01834702079329023,6,1,0,1,0,1,1,0,1,0,1,0,0,0,1,0,0,0,0,1,0,1,0,0
0,0,0,0,3,1,0,0,0,0,0,1,0,1,54.7,169.45,1,3335,42.3625,0.016401799100449775,2,1,0,0,0,1,1,1,0,0,1,0,0,0,1,0,0,0,0,0,1,0,1,0
0,0,1,0,14,1,1,0,0,1,0,0,1,1,87.25,1258.6,1,4786,83.90666666666667,0.018230254910154616,4,1,1,1,0,1,1,0,1,0,1,0,0,0,0,1,0,1,0,0,0,0,0,1
0,0,1,0,10,1,0,0,0,0,0,1,0,1,79.95,857.2,1,5640,77.92727272727274,0.014175531914893617,2,1,1,1,0,1,1,0,1,0,1,0,0,0,0,1,0,0,0,0,1,1,0,0
0,0,0,0,18,1,1,0,0,0,1,1,0,1,88.35,1639.3,1,5727,86.27894736842104,0.015426925091671031,4,1,1,1,0,0,1,0,1,0,1,0,0,0,0,1,0,1,0,0,0,1,0,0
0,0,0,0,9,1,1,0,0,0,0,1,1,1,94.75,889.9,1,2893,88.99,0.032751469063256135,4,1,1,1,0,1,1,0,1,0,1,0,0,0,0,1,0,0,0,0,1,0,1,0
0,1,0,0,13,1,1,0,0,0,0,1,1,1,95.05,1290.0,1,2230,92.14285714285714,0.04262331838565022,4,1,1,1,1,1,1,0,1,0,1,0,0,0,0,1,0,1,0,0,0,0,1,0
0,0,0,0,4,1,1,0,1,0,0,0,0,0,78.45,330.05,1,5048,66.01,0.015540808240887482,3,1,1,1,0,1,1,0,1,0,1,0,0,0,0,1,0,0,0,0,1,0,0,1
0,0,0,0,4,1,0,0,0,0,0,0,0,1,70.2,237.95,1,5094,47.589999999999996,0.013780918727915195,1,1,1,1,0,1,1,0,1,0,1,0,0,0,0,1,0,0,0,0,1,0,0,1
0,0,1,0,59,0,0,0,1,0,0,0,1,1,41.05,2452.7,1,4324,40.87833333333333,0.009493524514338575,2,1,0,0,0,1,1,1,0,0,1,0,0,1,0,0,0,0,0,1,0,0,0,1
0,0,1,0,10,1,1,0,0,0,0,1,0,1,85.6,813.85,1,5146,73.98636363636363,0.016634279051690633,3,1,1,1,0,1,1,0,1,0,1,0,0,0,0,1,0,0,0,0,1,0,0,1
0,1,0,0,1,1,0,0,0,0,0,1,0,1,79.2,79.2,1,4363,39.6,0.018152647261058905,2,1,1,1,1,1,1,0,1,0,1,0,0,0,0,1,0,0,0,0,1,0,0,1
0,0,0,0,5,1,0,0,0,1,0,1,1,1,70.0,347.4,1,2673,57.9,0.026187803965581742,4,0,0,0,0,1,1,1,0,0,0,1,0,0,0,0,1,0,0,0,1,0,1,0
0,0,0,0,1,1,1,0,0,0,0,0,0,1,49.95,49.95,1,2041,24.975,0.024473297403233712,2,1,0,0,0,1,1,1,0,0,1,0,0,1,0,0,0,0,0,0,1,0,1,0
0,0,1,0,22,1,0,0,0,0,0,0,0,1,69.25,1554.0,1,2159,67.56521739130434,0.032075034738304774,1,1,1,1,0,1,1,0,1,0,1,0,0,0,0,1,0,1,0,0,0,0,1,0
0,1,1,0,34,1,1,0,1,1,0,0,1,1,94.25,3217.55,1,3369,91.93,0.027975660433363015,5,1,1,1,1,1,1,0,1,0,1,0,0,0,0,1,0,0,1,0,0,0,1,0
0,0,1,0,41,1,1,0,0,1,0,1,1,1,73.0,3001.2,1,2041,71.45714285714286,0.03576678098971093,5,0,1,0,0,1,1,1,0,0,0,1,0,0,0,1,0,0,1,0,0,0,1,0
0,0,0,0,64,1,1,0,0,1,0,1,1,1,100.05,6254.2,1,5452,96.21846153846154,0.018351063829787233,5,0,0,1,0,1,1,0,1,0,0,1,0,0,1,0,0,0,0,1,0,1,0,0
0,1,0,0,4,1,0,0,1,1,0,1,1,1,99.8,442.85,1,2268,88.57000000000001,0.04400352733686067,5,1,0,1,1,1,1,0,1,0,1,0,0,0,1,0,0,0,0,0,1,0,1,0
0,0,0,0,18,0,0,0,0,0,0,0,1,1,35.0,553.0,1,2649,29.105263157894736,0.01321253303133258,1,1,1,0,0,1,1,1,0,0,1,0,0,0,0,1,0,1,0,0,0,0,1,0
0,0,0,0,1,1,1,0,0,0,0,0,0,0,76.0,76.0,1,2567,38.0,0.029606544604596805,2,1,1,1,0,1,1,0,1,0,1,0,0,0,0,1,0,0,0,0,1,0,1,0
0,1,0,0,2,1,1,0,0,0,0,1,1,1,93.85,170.85,1,4193,56.949999999999996,0.022382542332458857,4,1,1,1,1,1,1,0,1,0,1,0,0,0,0,1,0,0,0,0,1,0,0,1
0,0,1,0,15,1,0,0,0,1,0,1,0,1,84.3,1308.4,1,4003,81.775,0.021059205595803147,3,1,1,1,0,1,1,0,1,0,1,0,0,0,0,1,0,1,0,0,0,0,0,1
0,1,0,0,9,1,1,0,0,0,0,0,1,1,84.4,732.5,1,5745,73.25,0.014691035683202786,3,1,0,1,1,1,1,0,1,0,1,0,0,0,1,0,0,0,0,0,1,1,0,0
0,0,1,0,15,1,1,0,0,1,0,1,1,1,101.1,1504.05,1,2055,94.003125,0.0491970802919708,5,1,1,1,0,1,1,0,1,0,1,0,0,0,0,1,0,1,0,0,0,0,1,0
0,0,0,0,1,1,1,0,0,0,0,0,0,1,50.45,50.45,1,2928,25.225,0.0172301912568306,2,1,1,0,0,1,1,1,0,0,1,0,0,0,0,1,0,0,0,0,1,0,1,0
0,0,0,0,12,1,1,0,0,0,1,1,1,1,99.95,1132.75,1,5598,87.13461538461539,0.017854590925330475,5,1,0,1,0,0,1,0,1,0,1,0,0,0,0,0,1,0,0,0,1,1,0,0
0,0,0,0,2,1,1,0,0,1,0,1,0,1,91.4,193.6,1,5100,64.53333333333333,0.017921568627450982,4,1,1,1,0,1,1,0,1,0,1,0,0,0,0,1,0,0,0,0,1,0,0,1
0,1,0,0,5,1,0,0,0,1,0,0,0,1,75.55,349.65,1,4028,58.275,0.018756206554121153,2,1,0,1,1,1,1,0,1,0,1,0,0,0,1,0,0,0,0,0,1,0,0,1
0,0,0,0,4,1,1,0,0,0,1,0,0,0,80.8,332.45,1,5436,66.49,0.014863870493009565,3,1,0,1,0,0,1,0,1,0,1,0,0,0,1,0,0,0,0,0,1,1,0,0
0,0,1,0,16,1,1,0,1,0,0,1,1,1,100.0,1534.75,1,3794,90.27941176470588,0.02635740643120717,5,1,1,1,0,1,1,0,1,0,1,0,0,0,0,1,0,1,0,0,0,0,0,1
0,0,0,0,1,1,0,0,0,0,0,0,0,0,20.55,20.55,1,5636,10.275,0.0036462029808374736,1,1,1,0,0,1,1,0,0,1,1,0,0,0,0,1,0,0,0,0,1,1,0,0
0,0,0,0,5,1,1,0,1,1,0,0,0,1,85.3,424.15,1,2264,70.69166666666666,0.03767667844522968,4,1,1,1,0,1,1,0,1,0,1,0,0,0,0,1,0,0,0,0,1,0,1,0
0,0,0,0,4,1,0,0,0,0,0,0,0,0,70.4,281.0,1,4494,56.2,0.015665331553182022,1,1,1,1,0,1,1,0,1,0,1,0,0,0,0,1,0,0,0,0,1,0,0,1
0,0,0,0,37,1,1,0,0,0,1,1,1,0,98.8,3475.55,1,3066,91.46184210526316,0.03222439660795825,5,1,0,1,0,0,1,0,1,0,1,0,0,1,0,0,0,0,1,0,0,0,1,0
0,0,1,0,13,1,1,0,0,0,0,0,0,1,74.4,896.75,1,3687,64.05357142857143,0.020179007323026854,2,1,0,1,0,1,1,0,1,0,1,0,0,0,1,0,0,1,0,0,0,0,0,1
0,0,0,0,24,1,1,0,0,1,0,1,1,1,98.75,2407.3,1,4016,96.292,0.02458914342629482,5,1,1,1,0,1,1,0,1,0,1,0,0,0,0,1,0,1,0,0,0,0,0,1
0,0,1,0,61,1,1,1,1,0,0,1,1,1,106.0,6547.7,1,4334,105.60806451612903,0.02445777572681126,6,0,1,1,0,1,0,0,1,0,0,1,0,0,0,1,0,0,0,1,0,0,0,1
0,0,0,0,41,1,1,0,1,1,0,1,1,1,104.7,4346.4,1,3316,103.48571428571428,0.031574185765983115,6,1,1,1,0,1,1,0,1,0,1,0,0,0,0,1,0,0,1,0,0,0,1,0
0,1,0,0,22,1,1,0,0,0,0,1,1,1,96.7,2082.95,1,4458,90.56304347826087,0.021691341408703456,4,1,1,1,1,1,1,0,1,0,1,0,0,0,0,1,0,1,0,0,0,0,0,1
0,0,0,0,2,1,0,0,1,0,1,0,0,1,55.05,102.75,1,5855,34.25,0.009402220324508966,3,1,0,0,0,0,1,1,0,0,1,0,0,0,1,0,0,0,0,0,1,1,0,0
0,1,0,0,19,1,1,0,1,0,0,1,0,1,88.2,1775.8,1,5683,88.78999999999999,0.015519971845856063,4,1,1,1,1,1,1,0,1,0,1,0,0,0,0,1,0,1,0,0,0,1,0,0
0,0,1,0,8,1,0,0,0,0,0,0,0,1,19.75,145.0,1,2247,16.11111111111111,0.008789497107254117,1,0,0,0,0,1,1,0,0,1,0,1,0,0,0,0,1,0,0,0,1,0,1,0
0,1,0,0,15,1,1,0,0,0,0,0,0,0,75.65,1146.65,1,2099,71.665625,0.036040971891376845,2,1,1,1,1,1,1,0,1,0,1,0,0,0,0,1,0,1,0,0,0,0,1,0
0,1,0,0,1,1,1,0,0,0,0,0,0,1,74.7,74.7,1,3348,37.35,0.022311827956989248,2,1,1,1,1,1,1,0,1,0,1,0,0,0,0,1,0,0,0,0,1,0,1,0
0,0,0,0,17,1,0,0,0,1,0,0,0,1,76.65,1313.55,1,3182,72.975,0.02408862350722816,2,1,1,1,0,1,1,0,1,0,1,0,0,0,0,1,0,1,0,0,0,0,1,0
0,1,0,0,1,0,0,0,0,0,0,0,0,1,25.8,25.8,1,3884,12.9,0.006642636457260556,0,1,0,0,1,1,1,1,0,0,1,0,0,0,0,0,1,0,0,0,1,0,0,1
0,0,0,0,2,0,0,1,1,0,0,0,1,1,42.6,72.4,1,4648,24.133333333333336,0.009165232358003443,3,1,1,0,0,1,0,1,0,0,1,0,0,0,0,1,0,0,0,0,1,0,0,1
0,0,0,0,29,1,0,1,1,1,0,0,1,1,68.85,1970.5,1,5449,65.68333333333334,0.01263534593503395,5,1,0,0,0,1,0,1,0,0,1,0,0,1,0,0,0,0,1,0,0,1,0,0
0,0,1,0,2,1,0,0,0,1,1,0,1,0,90.0,190.05,1,3902,63.35,0.023065094823167605,4,1,0,1,0,0,1,0,1,0,1,0,0,0,1,0,0,0,0,0,1,0,0,1
0,0,0,0,14,1,0,0,0,1,0,0,0,0,75.35,1025.95,1,4995,68.39666666666668,0.015085085085085085,2,1,1,1,0,1,1,0,1,0,1,0,0,0,0,1,0,1,0,0,0,0,0,1
0,0,0,0,8,1,1,0,1,0,0,1,1,0,100.85,819.55,1,3849,91.0611111111111,0.02620161080800208,5,1,1,1,0,1,1,0,1,0,1,0,0,0,0,1,0,0,0,0,1,0,0,1
0,0,1,0,5,1,0,0,0,0,0,0,0,0,69.95,330.15,1,2969,55.025,0.02356012125294712,1,1,1,1,0,1,1,0,1,0,1,0,0,0,0,1,0,0,0,0,1,0,1,0
0,0,1,0,63,1,1,0,1,1,0,1,1,1,107.5,6873.75,1,6144,107.40234375,0.017496744791666668,6,0,1,1,0,1,1,0,1,0,0,1,0,0,0,1,0,0,0,1,0,1,0,0
0,0,0,0,1,1,0,0,0,0,0,0,0,1,45.85,45.85,1,5930,22.925,0.007731871838111299,1,1,0,0,0,1,1,1,0,0,1,0,0,0,0,0,1,0,0,0,1,1,0,0
0,0,1,0,53,1,0,1,1,1,0,1,1,1,106.1,5769.75,1,4471,106.84722222222223,0.023730709013643478,6,0,0,1,0,1,0,0,1,0,0,1,0,1,0,0,0,0,0,1,0,0,0,1
0,0,0,0,1,1,0,0,1,0,1,1,0,0,91.7,91.7,1,4319,45.85,0.021231766612641815,4,1,1,1,0,0,1,0,1,0,1,0,0,0,0,1,0,0,0,0,1,0,0,1
0,0,0,0,16,1,1,0,1,1,0,0,1,1,95.6,1555.65,1,5915,91.50882352941177,0.016162299239222314,5,1,0,1,0,1,1,0,1,0,1,0,0,0,1,0,0,1,0,0,0,1,0,0
0,0,0,0,1,1,1,0,0,0,0,0,0,1,74.95,74.95,1,2591,37.475,0.02892705519104593,2,1,1,1,0,1,1,0,1,0,1,0,0,0,0,1,0,0,0,0,1,0,1,0
0,1,0,0,10,1,1,0,0,0,0,1,1,1,95.35,898.35,1,5353,81.66818181818182,0.017812441621520642,4,1,1,1,1,1,1,0,1,0,1,0,0,0,0,1,0,0,0,0,1,0,0,1
0,1,0,0,3,1,0,0,0,0,0,0,0,0,45.0,127.1,1,4145,31.775,0.010856453558504222,1,1,1,0,1,1,1,1,0,0,1,0,0,0,0,1,0,0,0,0,1,0,0,1
0,0,0,0,66,1,0,0,1,1,0,1,1,0,99.5,6710.5,1,4001,100.15671641791045,0.024868782804298925,5,1,1,1,0,1,1,0,1,0,1,0,0,0,0,1,0,0,0,1,0,0,0,1
0,0,1,0,17,1,0,0,0,1,1,1,1,0,98.6,1704.95,1,5160,94.71944444444445,0.019108527131782946,5,0,0,1,0,0,1,0,1,0,0,1,0,1,0,0,0,1,0,0,0,0,0,1
0,0,0,0,7,1,0,0,0,0,1,1,0,1,59.5,415.95,1,4661,51.99375,0.012765500965458056,3,1,0,0,0,0,1,1,0,0,1,0,0,0,0,0,1,0,0,0,1,0,0,1
0,1,1,0,12,1,0,0,0,0,0,0,1,1,80.45,950.2,1,5374,73.0923076923077,0.014970227018980277,2,1,1,1,1,1,1,0,1,0,1,0,0,0,0,1,0,0,0,0,1,0,0,1
0,0,1,0,42,1,0,0,0,0,0,1,0,1,77.95,3384.0,1,5396,78.69767441860465,0.014445885841363974,2,1,0,1,0,1,1,0,1,0,1,0,0,0,1,0,0,0,1,0,0,1,0,0
0,1,0,0,2,1,0,0,1,0,0,0,0,1,74.7,165.4,1,2803,55.13333333333333,0.02665001783803068,2,1,1,1,1,1,1,0,1,0,1,0,0,0,0,1,0,0,0,0,1,0,1,0
0,1,0,0,1,1,1,0,0,1,0,1,0,1,88.8,88.8,1,3106,44.4,0.02858982614294913,4,1,1,1,1,1,1,0,1,0,1,0,0,0,0,1,0,0,0,0,1,0,1,0
0,0,0,0,30,1,0,0,0,0,0,1,1,1,90.25,2755.35,1,5654,88.88225806451612,0.01596215068977715,3,1,1,1,0,1,1,0,1,0,1,0,0,0,0,1,0,0,1,0,0,1,0,0
0,0,0,0,15,1,1,1,0,0,0,0,1,1,64.65,994.55,1,4780,62.159375,0.013525104602510461,4,1,0,0,0,1,0,1,0,0,1,0,0,1,0,0,0,1,0,0,0,0,0,1
0,1,1,0,13,1,0,0,1,0,1,0,1,1,89.05,1169.35,1,3861,83.52499999999999,0.023063973063973064,4,1,0,1,1,0,1,0,1,0,1,0,0,1,0,0,0,1,0,0,0,0,0,1
0,0,1,0,67,1,1,0,1,1,0,0,0,0,87.4,5918.8,1,4421,87.04117647058824,0.01976928296765438,4,0,1,1,0,1,1,0,1,0,0,1,0,0,0,1,0,0,0,1,0,0,0,1
0,1,0,0,23,1,0,0,1,0,0,1,1,1,94.75,2293.6,1,2740,95.56666666666666,0.034580291970802916,4,1,1,1,1,1,1,0,1,0,1,0,0,0,0,1,0,1,0,0,0,0,1,0
0,0,0,0,35,1,1,0,0,0,0,1,0,1,86.45,3029.1,1,5874,84.14166666666667,0.014717398706162751,3,1,1,1,0,1,1,0,1,0,1,0,0,0,0,1,0,0,1,0,0,1,0,0
0,0,1,0,56,1,1,0,1,0,0,1,1,1,98.25,5508.35,1,4886,96.63771929824561,0.020108473188702417,5,0,1,1,0,1,1,0,1,0,0,1,0,0,0,1,0,0,0,1,0,0,0,1
0,0,1,0,9,1,0,0,0,1,0,0,0,1,75.75,655.9,1,5105,65.59,0.014838393731635651,2,1,0,1,0,1,1,0,1,0,1,0,0,1,0,0,0,0,0,0,1,0,0,1
0,1,1,0,17,1,1,1,0,1,0,0,0,1,85.35,1463.45,1,3209,81.30277777777778,0.02659707073854783,4,1,0,1,1,1,0,0,1,0,1,0,0,1,0,0,0,1,0,0,0,0,1,0
0,0,0,0,48,1,1,0,1,1,0,1,1,1,106.1,5082.8,1,5898,103.73061224489797,0.0179891488640217,6,0,0,1,0,1,1,0,1,0,0,1,0,0,1,0,0,0,1,0,0,1,0,0
0,1,0,0,17,1,0,0,0,0,0,0,0,1,45.05,770.6,1,3797,42.81111111111111,0.01186462997102976,1,1,1,0,1,1,1,1,0,0,1,0,0,0,0,1,0,1,0,0,0,0,0,1
0,0,0,0,34,1,1,1,1,1,0,1,1,1,109.8,3587.25,1,3410,102.49285714285715,0.03219941348973607,7,1,0,1,0,1,0,0,1,0,1,0,0,0,0,0,1,0,1,0,0,0,1,0
0,1,0,0,42,1,1,0,0,0,0,1,0,1,84.65,3541.35,1,4871,82.35697674418604,0.017378361732703757,3,1,1,1,1,1,1,0,1,0,1,0,0,0,0,1,0,0,1,0,0,0,0,1
0,0,1,0,11,1,0,0,0,0,0,1,0,1,79.5,868.5,1,3469,72.375,0.022917267223983857,2,1,0,1,0,1,1,0,1,0,1,0,0,1,0,0,0,0,0,0,1,0,1,0
0,0,0,0,1,1,1,0,0,0,0,0,1,0,85.8,85.8,1,2850,42.9,0.030105263157894736,3,1,0,1,0,1,1,0,1,0,1,0,0,0,0,0,1,0,0,0,1,0,1,0
0,1,0,0,1,1,0,0,0,0,0,1,0,1,79.1,79.1,1,5001,39.55,0.015816836632673463,2,1,1,1,1,1,1,0,1,0,1,0,0,0,0,1,0,0,0,0,1,0,0,1
0,0,1,0,3,1,0,0,0,0,0,0,0,0,44.3,134.5,1,4903,33.625,0.009035284519681826,1,1,0,0,0,1,1,1,0,0,1,0,0,0,0,0,1,0,0,0,1,0,0,1
0,0,1,0,50,1,1,1,0,1,0,1,1,0,105.95,5341.8,1,5536,104.74117647058824,0.019138367052023122,6,1,0,1,0,1,0,0,1,0,1,0,0,0,1,0,0,0,0,1,0,1,0,0
0,0,0,0,5,1,0,0,0,0,0,0,0,1,69.75,324.6,1,3965,54.1,0.01759142496847415,1,1,1,1,0,1,1,0,1,0,1,0,0,0,0,1,0,0,0,0,1,0,0,1
0,0,1,0,51,1,1,0,0,0,0,1,1,1,94.65,4812.75,1,4747,92.55288461538461,0.01993890878449547,4,1,1,1,0,1,1,0,1,0,1,0,0,0,0,1,0,0,0,1,0,0,0,1
0,0,0,0,46,1,1,0,0,0,0,1,1,0,96.05,4399.5,1,2712,93.6063829787234,0.035416666666666666,4,1,0,1,0,1,1,0,1,0,1,0,0,1,0,0,0,0,1,0,0,0,1,0
0,1,0,0,1,1,0,0,0,1,0,0,0,1,50.15,50.15,1,3438,25.075,0.014586969168121,2,1,0,0,1,1,1,1,0,0,1,0,0,0,0,0,1,0,0,0,1,0,1,0
0,0,1,0,41,1,1,1,1,1,1,1,1,1,113.6,4594.95,1,4963,109.40357142857142,0.022889381422526698,8,1,0,1,0,0,0,0,1,0,1,0,0,1,0,0,0,0,1,0,0,0,0,1
0,0,0,0,29,1,0,0,0,0,0,1,0,1,78.9,2384.15,1,3249,79.47166666666666,0.024284395198522626,2,1,1,1,0,1,1,0,1,0,1,0,0,0,0,1,0,0,1,0,0,0,1,0
0,0,1,0,26,1,1,0,1,0,1,0,0,1,60.05,1616.15,1,2039,59.85740740740741,0.029450711132908286,4,1,1,0,0,0,1,1,0,0,1,0,0,0,0,1,0,0,1,0,0,0,1,0
0,0,0,0,1,0,0,0,0,0,0,1,0,1,34.7,34.7,1,4476,17.35,0.007752457551385166,1,1,1,0,0,1,1,1,0,0,1,0,0,0,0,1,0,0,0,0,1,0,0,1
0,0,0,0,3,1,1,0,0,0,0,0,1,1,85.3,264.8,1,4934,66.2,0.01728820429671666,3,1,1,1,0,1,1,0,1,0,1,0,0,0,0,1,0,0,0,0,1,0,0,1
0,0,1,0,66,1,1,0,1,1,0,1,1,1,102.45,6615.15,1,4688,98.73358208955223,0.021853668941979522,6,0,0,1,0,1,1,0,1,0,0,1,0,0,1,0,0,0,0,1,0,0,0,1
0,0,1,0,21,1,1,1,0,1,0,1,1,1,104.4,2200.25,1,5570,100.01136363636364,0.01874326750448833,6,1,0,1,0,1,0,0,1,0,1,0,0,1,0,0,0,1,0,0,0,1,0,0
0,0,0,0,1,1,1,0,0,1,0,1,1,1,99.75,99.75,1,4214,49.875,0.02367109634551495,5,1,1,1,0,1,1,0,1,0,1,0,0,0,0,1,0,0,0,0,1,0,0,1
0,0,0,0,4,1,0,0,0,1,1,1,1,1,74.4,299.7,1,3633,59.94,0.020478943022295627,5,1,1,0,0,0,1,1,0,0,1,0,0,0,0,1,0,0,0,0,1,0,0,1
0,0,0,0,9,1,0,1,0,0,0,0,0,1,74.25,639.65,1,5393,63.964999999999996,0.013767847209345447,2,1,0,1,0,1,0,0,1,0,1,0,0,0,1,0,0,0,0,0,1,1,0,0
0,0,0,0,1,1,1,0,0,0,0,1,0,1,59.85,59.85,1,4017,29.925,0.0148991784914115,3,1,1,0,0,1,1,1,0,0,1,0,0,0,0,1,0,0,0,0,1,0,0,1
0,1,0,0,1,1,0,0,0,0,0,0,0,1,69.6,69.6,1,3438,34.8,0.02024432809773124,1,1,1,1,1,1,1,0,1,0,1,0,0,0,0,1,0,0,0,0,1,0,1,0
0,0,0,0,9,0,0,0,0,0,0,1,1,1,45.4,418.8,1,5028,41.88,0.009029435163086715,2,1,1,0,0,1,1,1,0,0,1,0,0,0,0,1,0,0,0,0,1,0,0,1
0,0,0,0,1,1,0,0,0,0,0,0,0,0,19.5,19.5,1,5211,9.75,0.003742084052964882,1,1,0,0,0,1,1,0,0,1,1,0,0,0,0,0,1,0,0,0,1,0,0,1
0,0,0,0,1,1,0,0,0,0,0,0,0,1,69.9,69.9,1,3349,34.95,0.020871902060316513,1,1,1,1,0,1,1,0,1,0,1,0,0,0,0,1,0,0,0,0,1,0,1,0
0,0,0,0,2,1,0,0,1,0,0,1,0,1,87.15,183.75,1,4149,61.25,0.021005061460592916,3,1,0,1,0,1,1,0,1,0,1,0,0,1,0,0,0,0,0,0,1,0,0,1
0,0,1,0,3,1,1,0,0,0,0,0,1,1,84.75,264.85,1,2014,66.2125,0.04208043694141013,3,1,0,1,0,1,1,0,1,0,1,0,0,1,0,0,0,0,0,0,1,0,1,0
0,0,0,0,14,1,1,0,0,0,1,1,0,1,89.95,1178.4,1,5463,78.56,0.016465312099578987,4,1,1,1,0,0,1,0,1,0,1,0,0,0,0,1,0,1,0,0,0,1,0,0
0,1,0,0,41,1,1,1,1,1,0,1,1,1,113.2,4689.5,1,3380,111.6547619047619,0.03349112426035503,7,1,1,1,1,1,0,0,1,0,1,0,0,0,0,1,0,0,1,0,0,0,1,0
0,1,0,0,13,1,0,0,0,0,0,1,1,1,90.5,1201.15,1,5394,85.79642857142858,0.016777901371894697,3,1,1,1,1,1,1,0,1,0,1,0,0,0,0,1,0,1,0,0,0,1,0,0
0,0,0,0,2,1,0,0,0,0,0,1,0,0,79.0,143.65,1,5239,47.88333333333333,0.015079213590379843,2,1,1,1,0,1,1,0,1,0,1,0,0,0,0,1,0,0,0,0,1,0,0,1
0,0,0,0,18,1,0,0,0,0,0,0,0,0,20.15,390.85,1,4931,20.571052631578947,0.004086392212532954,1,0,0,0,0,1,1,0,0,1,0,1,0,1,0,0,0,1,0,0,0,0,0,1
0,0,0,0,1,1,0,0,0,0,0,0,0,1,71.65,71.65,1,2377,35.825,0.030143037442153978,1,1,1,1,0,1,1,0,1,0,1,0,0,0,0,1,0,0,0,0,1,0,1,0
0,0,0,0,4,1,0,0,0,0,0,0,0,0,20.35,77.5,1,5984,15.5,0.003400735294117647,1,1,0,0,0,1,1,0,0,1,1,0,0,0,0,0,1,0,0,0,1,1,0,0
0,0,0,0,38,1,0,0,1,1,1,0,0,1,84.25,3264.5,1,2885,83.7051282051282,0.029202772963604854,4,1,0,1,0,0,1,0,1,0,1,0,0,0,1,0,0,0,1,0,0,0,1,0
0,0,0,0,12,1,0,0,0,0,0,0,1,0,78.1,947.3,1,4741,72.86923076923077,0.016473317865429233,2,1,0,1,0,1,1,0,1,0,1,0,0,1,0,0,0,0,0,0,1,0,0,1
0,0,1,0,19,1,1,0,0,1,0,0,1,0,89.65,1761.05,1,3046,88.0525,0.029432042022324363,4,1,0,1,0,1,1,0,1,0,1,0,0,0,0,0,1,1,0,0,0,0,1,0
0,0,0,0,10,1,1,1,0,0,0,1,1,1,98.7,973.25,1,5561,88.47727272727273,0.017748606365761553,5,1,1,1,0,1,0,0,1,0,1,0,0,0,0,1,0,0,0,0,1,1,0,0
0,0,0,0,1,1,0,0,0,1,0,0,0,0,76.35,76.35,1,5613,38.175,0.013602351683591661,2,1,1,1,0,1,1,0,1,0,1,0,0,0,0,1,0,0,0,0,1,1,0,0
0,0,0,0,23,1,1,0,1,0,0,0,0,1,79.15,1676.95,1,5216,69.87291666666667,0.01517446319018405,3,1,1,1,0,1,1,0,1,0,1,0,0,0,0,1,0,1,0,0,0,0,0,1
0,1,1,0,32,1,1,0,0,0,0,0,1,1,85.0,2642.05,1,4584,80.06212121212121,0.018542757417102967,3,1,1,1,1,1,1,0,1,0,1,0,0,0,0,1,0,0,1,0,0,0,0,1
0,1,1,0,32,1,1,0,0,0,0,0,1,0,85.3,2661.1,1,2712,80.63939393939394,0.03145280235988201,3,1,1,1,1,1,1,0,1,0,1,0,0,0,0,1,0,0,1,0,0,0,1,0
0,0,0,0,31,1,1,0,0,0,0,1,0,1,86.55,2697.4,1,4198,84.29375,0.020616960457360646,3,1,0,1,0,1,1,0,1,0,1,0,0,0,1,0,0,0,1,0,0,0,0,1
0,0,0,0,19,1,0,0,1,0,0,0,0,1,73.85,1424.5,1,2251,71.225,0.032807641048422924,2,1,0,1,0,1,1,0,1,0,1,0,0,0,1,0,0,1,0,0,0,0,1,0
0,1,1,0,57,0,0,0,0,0,0,1,1,1,44.85,2572.95,1,5172,44.36120689655172,0.00867169373549884,2,1,1,0,1,1,1,1,0,0,1,0,0,0,0,1,0,0,0,1,0,0,0,1
0,1,0,0,1,1,0,0,0,0,0,0,0,0,45.1,45.1,1,4499,22.55,0.010024449877750611,1,1,1,0,1,1,1,1,0,0,1,0,0,0,0,1,0,0,0,0,1,0,0,1
0,0,0,0,24,1,0,0,0,0,1,1,1,1,96.0,2122.45,1,3068,84.898,0.03129074315514994,4,1,1,1,0,0,1,0,1,0,1,0,0,0,0,1,0,1,0,0,0,0,1,0
0,0,0,0,1,1,0,0,0,0,0,0,0,0,20.05,20.05,1,4710,10.025,0.004256900212314225,1,1,0,0,0,1,1,0,0,1,1,0,0,1,0,0,0,0,0,0,1,0,0,1
0,0,1,0,65,1,1,1,0,1,1,1,1,0,108.65,6937.95,1,6120,105.12045454545455,0.01775326797385621,7,0,0,1,0,0,0,0,1,0,0,0,1,1,0,0,0,0,0,1,0,1,0,0
0,0,0,0,10,1,0,0,0,0,0,0,0,1,45.55,402.6,1,4097,36.6,0.011117891139858432,1,1,1,0,0,1,1,1,0,0,1,0,0,0,0,1,0,0,0,0,1,0,0,1
0,0,1,0,2,0,0,0,0,0,0,0,1,1,35.1,68.75,1,2643,22.916666666666668,0.013280363223609535,1,1,1,0,0,1,1,1,0,0,1,0,0,0,0,1,0,0,0,0,1,0,1,0
0,0,0,0,1,1,0,0,0,0,0,0,0,0,46.2,46.2,1,4167,23.1,0.011087113030957524,1,1,0,0,0,1,1,1,0,0,1,0,0,0,1,0,0,0,0,0,1,0,0,1
0,0,0,0,1,1,0,0,0,0,0,0,0,0,45.15,45.15,1,5828,22.575,0.007747083047357584,1,1,1,0,0,1,1,1,0,0,1,0,0,0,0,1,0,0,0,0,1,1,0,0
0,1,0,0,1,0,0,0,1,1,0,0,1,1,43.3,43.3,1,4972,21.65,0.008708769106999194,3,1,1,0,1,1,1,1,0,0,1,0,0,0,0,1,0,0,0,0,1,0,0,1
0,1,0,0,38,1,0,1,1,0,0,0,0,1,57.15,2250.65,1,3110,57.70897435897436,0.01837620578778135,3,1,0,0,1,1,0,1,0,0,1,0,0,0,1,0,0,0,1,0,0,0,1,0
0,0,1,0,19,1,0,1,0,0,0,0,0,1,73.2,1441.1,1,4718,72.05499999999999,0.015515048749470114,2,1,1,1,0,1,0,0,1,0,1,0,0,0,0,1,0,1,0,0,0,0,0,1
0,0,0,0,52,1,0,0,1,0,0,0,1,1,85.35,4338.6,1,6402,81.86037735849057,0.013331771321462042,3,1,1,1,0,1,1,0,1,0,1,0,0,0,0,1,0,0,0,1,0,1,0,0
0,0,0,0,1,1,0,0,0,0,0,0,0,0,45.95,45.95,1,4888,22.975,0.009400572831423896,1,1,0,0,0,1,1,1,0,0,1,0,0,0,0,0,1,0,0,0,1,0,0,1
0,0,0,0,3,1,0,0,1,0,0,1,0,0,83.75,247.25,1,4852,61.8125,0.017260923330585324,3,1,1,1,0,1,1,0,1,0,1,0,0,0,0,1,0,0,0,0,1,0,0,1
0,0,0,0,1,1,0,0,0,0,0,0,0,1,70.05,70.05,1,2699,35.025,0.02595405705816969,1,1,1,1,0,1,1,0,1,0,1,0,0,0,0,1,0,0,0,0,1,0,1,0
0,0,0,0,2,1,1,0,0,0,0,0,1,1,86.0,165.45,1,4546,55.15,0.01891772987241531,3,1,1,1,0,1,1,0,1,0,1,0,0,0,0,1,0,0,0,0,1,0,0,1
0,1,1,0,35,1,1,1,1,0,1,1,0,1,100.5,3653.35,1,4745,101.48194444444444,0.021180189673340358,6,1,0,1,1,0,0,0,1,0,1,0,0,1,0,0,0,0,1,0,0,0,0,1
0,0,0,0,16,1,1,0,0,0,0,0,0,0,72.65,1194.3,1,2850,70.25294117647059,0.02549122807017544,2,1,1,1,0,1,1,0,1,0,1,0,0,0,0,1,0,1,0,0,0,0,1,0
0,0,1,0,1,1,0,0,0,0,0,0,0,1,21.0,21.0,1,3753,10.5,0.005595523581135092,1,1,1,0,0,1,1,0,0,1,1,0,0,0,0,1,0,0,0,0,1,0,0,1
0,1,0,0,1,1,0,0,0,0,0,0,0,0,45.1,45.1,1,2740,22.55,0.01645985401459854,1,1,0,0,1,1,1,1,0,0,1,0,0,0,0,0,1,0,0,0,1,0,1,0
0,1,1,0,30,1,0,0,1,0,0,0,0,1,50.4,1527.5,1,4795,49.274193548387096,0.010510948905109488,2,1,0,0,1,1,1,1,0,0,1,0,0,1,0,0,0,0,1,0,0,0,0,1
0,1,0,0,5,1,0,0,0,0,0,0,1,0,78.95,378.4,1,4054,63.06666666666666,0.019474592994573263,2,1,1,1,1,1,1,0,1,0,1,0,0,0,0,1,0,0,0,0,1,0,0,1
0,0,0,0,56,1,1,0,1,0,1,0,1,1,94.45,5124.6,1,4830,89.90526315789474,0.01955486542443064,5,1,1,1,0,0,1,0,1,0,1,0,0,0,0,1,0,0,0,1,0,0,0,1
0,0,0,0,44,1,1,0,1,1,0,0,0,1,84.8,3862.55,1,3997,85.83444444444444,0.021215911933950463,4,1,0,1,0,1,1,0,1,0,1,0,0,1,0,0,0,0,1,0,0,0,0,1
0,0,0,0,1,1,0,0,0,1,0,0,0,0,50.9,50.9,1,5111,25.45,0.009958912150264137,2,1,0,0,0,1,1,1,0,0,1,0,0,0,0,0,1,0,0,0,1,0,0,1
0,0,1,0,49,1,1,0,0,1,0,1,1,1,99.8,4872.45,1,6088,97.449,0.016392904073587386,5,1,1,1,0,1,1,0,1,0,1,0,0,0,0,1,0,0,0,1,0,1,0,0
0,0,1,0,47,1,1,0,0,1,1,1,1,1,107.35,5118.95,1,3620,106.64479166666666,0.029654696132596685,6,1,0,1,0,0,1,0,1,0,1,0,0,1,0,0,0,0,1,0,0,0,0,1
0,0,1,0,31,1,0,0,0,0,0,0,0,1,19.55,658.95,1,2687,20.5921875,0.0072757722366952,1,1,0,0,0,1,1,0,0,1,1,0,0,0,0,0,1,0,1,0,0,0,1,0
0,0,0,0,3,1,0,1,1,0,0,0,0,1,79.1,246.5,1,5339,61.625,0.014815508522195167,3,1,1,1,0,1,0,0,1,0,1,0,0,0,0,1,0,0,0,0,1,0,0,1
0,0,0,0,8,0,0,0,0,0,0,0,0,0,25.5,215.2,1,5578,23.91111111111111,0.00457153101470061,0,1,0,0,0,1,1,1,0,0,1,0,0,0,0,0,1,0,0,0,1,1,0,0
0,0,0,0,2,1,0,0,0,0,0,0,1,0,80.75,159.45,1,2176,53.15,0.037109375,2,1,1,1,0,1,1,0,1,0,1,0,0,0,0,1,0,0,0,0,1,0,1,0
0,0,1,0,65,1,1,0,1,0,0,1,0,1,91.85,5940.85,1,5530,90.01287878787879,0.016609403254972874,4,1,0,1,0,1,1,0,1,0,1,0,0,1,0,0,0,0,0,1,0,1,0,0
0,0,0,0,1,1,0,0,1,0,0,0,0,1,75.35,75.35,1,5284,37.675,0.01426003028009084,2,1,1,1,0,1,1,0,1,0,1,0,0,0,0,1,0,0,0,0,1,0,0,1
0,0,0,0,1,1,1,0,0,0,0,0,0,1,75.45,75.45,1,5518,37.725,0.013673432403044581,2,1,1,1,0,1,1,0,1,0,1,0,0,0,0,1,0,0,0,0,1,1,0,0
0,0,0,0,24,1,0,1,0,0,0,0,0,1,49.55,1210.4,1,5005,48.416000000000004,0.0099000999000999,2,1,0,0,0,1,0,1,0,0,1,0,0,1,0,0,0,1,0,0,0,0,0,1
0,0,0,0,69,1,1,1,1,1,1,0,1,1,78.6,5356.45,1,6230,76.52071428571428,0.01261637239165329,7,0,0,0,0,0,0,1,0,0,0,1,0,0,1,0,0,0,0,1,0,1,0,0
0,0,1,0,7,1,0,0,0,0,0,1,0,1,81.1,576.65,1,3238,72.08125,0.025046324891908583,2,1,1,1,0,1,1,0,1,0,1,0,0,0,0,1,0,0,0,0,1,0,1,0
0,0,1,0,11,1,1,0,0,0,0,0,0,1,74.95,825.7,1,2044,68.80833333333334,0.03666829745596869,2,1,1,1,0,1,1,0,1,0,1,0,0,0,0,1,0,0,0,0,1,0,1,0
0,1,0,0,1,1,1,0,0,0,0,1,1,1,93.55,93.55,1,5536,46.775,0.016898482658959536,4,1,1,1,1,1,1,0,1,0,1,0,0,0,0,1,0,0,0,0,1,1,0,0
0,0,1,0,58,1,1,0,0,1,1,1,1,1,102.1,5885.4,1,4415,99.75254237288135,0.023125707814269536,6,1,0,1,0,0,1,0,1,0,1,0,0,0,1,0,0,0,0,1,0,0,0,1
0,0,1,0,14,1,1,0,1,0,0,0,1,1,90.9,1259.0,1,5148,83.93333333333334,0.01765734265734266,4,1,0,1,0,1,1,0,1,0,1,0,0,1,0,0,0,1,0,0,0,0,0,1
0,0,1,0,12,0,0,0,1,0,0,0,0,0,29.2,309.1,1,3747,23.77692307692308,0.007792900987456631,1,1,0,0,0,1,1,1,0,0,1,0,0,0,0,0,1,0,0,0,1,0,0,1
0,0,1,0,25,1,0,0,1,1,0,1,0,1,89.15,2257.75,1,5853,86.83653846153847,0.015231505211002905,4,1,0,1,0,1,1,0,1,0,1,0,0,1,0,0,0,0,1,0,0,1,0,0
0,1,1,0,58,1,1,1,1,1,0,1,1,1,108.85,6287.25,1,4739,106.5635593220339,0.02296898079763663,7,0,1,1,1,1,0,0,1,0,0,1,0,0,0,1,0,0,0,1,0,0,0,1
0,1,0,0,16,1,1,0,0,0,0,1,0,1,84.75,1350.15,1,5136,79.42058823529412,0.016501168224299066,3,1,1,1,1,1,1,0,1,0,1,0,0,0,0,1,0,1,0,0,0,0,0,1
0,0,1,0,1,1,0,0,0,0,0,0,0,1,45.7,45.7,1,3187,22.85,0.014339504235958582,1,1,1,0,0,1,1,1,0,0,1,0,0,0,0,1,0,0,0,0,1,0,1,0
0,1,0,0,1,1,0,0,0,0,0,0,0,1,69.95,69.95,1,3208,34.975,0.021804862842892767,1,1,1,1,1,1,1,0,1,0,1,0,0,0,0,1,0,0,0,0,1,0,1,0
0,0,1,0,2,0,0,0,0,0,0,1,1,0,44.6,97.1,1,5482,32.36666666666667,0.008135716891645385,2,1,1,0,0,1,1,1,0,0,1,0,0,0,0,1,0,0,0,0,1,1,0,0
0,0,0,0,23,1,1,0,0,0,0,0,0,1,74.95,1710.45,1,5897,71.26875,0.012709852467356283,2,1,1,1,0,1,1,0,1,0,1,0,0,0,0,1,0,1,0,0,0,1,0,0
0,0,0,0,57,1,0,0,0,1,0,1,1,1,95.25,5464.65,1,5789,94.21810344827585,0.01645361893245811,4,0,1,1,0,1,1,0,1,0,0,0,1,0,0,1,0,0,0,1,0,1,0,0
0,0,0,0,24,1,1,0,0,1,0,1,0,1,89.85,2165.05,1,2050,86.602,0.043829268292682924,4,1,0,1,0,1,1,0,1,0,1,0,0,0,0,0,1,1,0,0,0,0,1,0
0,0,1,0,49,1,1,0,1,0,0,1,1,0,100.45,4941.8,1,4235,98.836,0.02371900826446281,5,0,0,1,0,1,1,0,1,0,0,1,0,0,0,0,1,0,0,1,0,0,0,1
0,0,0,0,5,1,1,0,0,0,0,0,0,0,47.15,223.15,1,2857,37.19166666666667,0.016503325166258312,2,1,1,0,0,1,1,1,0,0,1,0,0,0,0,1,0,0,0,0,1,0,1,0
0,0,0,0,2,1,0,0,0,0,0,0,1,1,80.2,181.1,1,2384,60.36666666666667,0.033640939597315435,2,1,1,1,0,1,1,0,1,0,1,0,0,0,0,1,0,0,0,0,1,0,1,0
0,0,0,0,4,1,1,0,0,1,1,0,0,1,87.1,341.45,1,5587,68.28999999999999,0.01558976194737784,4,1,0,1,0,0,1,0,1,0,1,0,0,0,0,0,1,0,0,0,1,1,0,0
0,0,0,0,5,1,1,0,0,0,0,0,0,1,75.9,357.75,1,3520,59.625,0.021562500000000002,2,1,0,1,0,1,1,0,1,0,1,0,0,1,0,0,0,0,0,0,1,0,0,1
0,0,1,0,47,1,1,1,1,1,0,1,0,1,98.75,4533.7,1,4622,94.45208333333333,0.021365209865858936,6,1,1,1,0,1,0,0,1,0,1,0,0,0,0,1,0,0,1,0,0,0,0,1
0,0,0,0,10,1,1,0,0,0,0,0,1,0,86.45,830.85,1,5699,75.53181818181818,0.015169327952272329,3,1,1,1,0,1,1,0,1,0,1,0,0,0,0,1,0,0,0,0,1,1,0,0
0,0,0,0,1,1,0,0,0,0,0,0,0,1,45.3,45.3,1,3049,22.65,0.0148573302722204,1,1,0,0,0,1,1,1,0,0,1,0,0,0,0,0,1,0,0,0,1,0,1,0
0,0,1,0,67,1,1,0,1,1,0,1,1,0,104.1,7040.85,1,4857,103.54191176470589,0.02143298332303891,6,0,1,1,0,1,1,0,1,0,0,1,0,0,0,1,0,0,0,1,0,0,0,1
0,1,1,0,5,1,1,0,1,0,0,0,0,1,81.0,371.65,1,4287,61.94166666666666,0.018894331700489854,3,1,1,1,1,1,1,0,1,0,1,0,0,0,0,1,0,0,0,0,1,0,0,1
0,0,1,0,67,1,0,1,1,0,0,0,1,1,90.6,6056.15,1,4394,89.06102941176471,0.02061902594446973,4,0,0,1,0,1,0,0,1,0,0,1,0,0,1,0,0,0,0,1,0,0,0,1
0,0,1,0,15,1,0,0,0,0,0,1,1,0,88.15,1390.6,1,2524,86.9125,0.03492472266244057,3,1,1,1,0,1,1,0,1,0,1,0,0,0,0,1,0,1,0,0,0,0,1,0
0,0,0,0,1,1,0,0,0,0,0,0,0,1,20.2,20.2,1,4325,10.1,0.004670520231213873,1,1,0,0,0,1,1,0,0,1,1,0,0,0,0,0,1,0,0,0,1,0,0,1
0,0,1,0,26,1,0,0,0,0,0,1,1,1,90.8,2361.8,1,2641,87.47407407407408,0.03438091631957592,3,1,1,1,0,1,1,0,1,0,1,0,0,0,0,1,0,0,1,0,0,0,1,0
0,0,0,0,22,1,1,0,1,0,0,0,0,1,79.35,1730.35,1,4718,75.23260869565217,0.016818567189487068,3,1,1,1,0,1,1,0,1,0,1,0,0,0,0,1,0,1,0,0,0,0,0,1
0,1,0,0,21,1,0,0,0,1,0,1,1,1,96.8,2030.3,1,4317,92.28636363636363,0.022422978920546677,4,1,0,1,1,1,1,0,1,0,1,0,0,1,0,0,0,1,0,0,0,0,0,1
0,0,1,0,47,1,1,0,1,1,0,0,0,1,83.35,4065.0,1,2516,84.6875,0.033127980922098565,4,1,0,1,0,1,1,0,1,0,1,0,0,1,0,0,0,0,1,0,0,0,1,0
0,0,0,0,2,1,1,0,0,0,0,0,0,1,49.4,106.55,1,5115,35.516666666666666,0.009657869012707722,2,1,1,0,0,1,1,1,0,0,1,0,0,0,0,1,0,0,0,0,1,0,0,1
0,0,1,0,22,1,1,1,0,0,1,1,1,1,79.2,1742.75,1,3410,75.77173913043478,0.023225806451612905,6,1,1,0,0,0,0,1,0,0,1,0,0,0,0,1,0,1,0,0,0,0,1,0
0,0,1,0,7,1,0,0,0,1,0,0,0,0,48.7,340.25,1,2984,42.53125,0.016320375335120645,2,1,1,0,0,1,1,1,0,0,1,0,0,0,0,1,0,0,0,0,1,0,1,0
0,0,0,0,1,1,0,1,0,0,0,1,1,1,95.6,95.6,1,4091,47.8,0.02336836959178685,4,1,1,1,0,1,0,0,1,0,1,0,0,0,0,1,0,0,0,0,1,0,0,1
0,0,0,0,49,1,1,1,1,0,0,0,0,1,59.75,2934.3,1,6006,58.68600000000001,0.009948384948384948,4,1,0,0,0,1,0,1,0,0,1,0,0,0,1,0,0,0,0,1,0,1,0,0
0,1,0,0,43,1,0,1,1,0,1,1,1,1,108.15,4600.7,1,2833,104.56136363636364,0.03817507942110837,6,1,0,1,1,0,0,0,1,0,1,0,0,0,1,0,0,0,1,0,0,0,1,0
0,0,0,0,1,1,0,0,0,0,0,0,0,0,71.35,71.35,1,2619,35.675,0.027243222604047344,1,1,1,1,0,1,1,0,1,0,1,0,0,0,0,1,0,0,0,0,1,0,1,0
0,0,0,0,1,1,0,0,0,0,0,0,0,1,20.15,20.15,1,4939,10.075,0.0040797732334480665,1,1,0,0,0,1,1,0,0,1,1,0,0,0,0,0,1,0,0,0,1,0,0,1
0,0,0,0,1,1,0,0,0,0,0,0,0,0,69.75,69.75,1,2901,34.875,0.024043433298862462,1,1,0,1,0,1,1,0,1,0,1,0,0,1,0,0,0,0,0,0,1,0,1,0
0,1,1,0,32,1,1,0,0,0,0,1,1,1,93.2,2931.0,1,5247,88.81818181818181,0.01776253097007814,4,1,1,1,1,1,1,0,1,0,1,0,0,0,0,1,0,0,1,0,0,0,0,1
0,0,1,0,17,1,0,0,0,0,0,1,0,0,80.85,1400.85,1,5174,77.82499999999999,0.015626207962891377,2,1,1,1,0,1,1,0,1,0,1,0,0,0,0,1,0,1,0,0,0,0,0,1
0,0,0,0,4,0,0,1,1,0,0,0,0,1,33.65,137.85,1,2563,27.57,0.013129145532579009,2,1,1,0,0,1,0,1,0,0,1,0,0,0,0,1,0,0,0,0,1,0,1,0
0,0,0,0,1,1,0,0,0,0,0,1,0,1,79.95,79.95,1,4815,39.975,0.01660436137071651,2,1,1,1,0,1,1,0,1,0,1,0,0,0,0,1,0,0,0,0,1,0,0,1
0,0,0,0,1,1,0,0,0,0,0,0,0,0,19.3,19.3,1,3236,9.65,0.00596415327564895,1,1,1,0,0,1,1,0,0,1,1,0,0,0,0,1,0,0,0,0,1,0,1,0
0,0,1,0,37,1,1,1,0,1,1,0,1,1,99.2,3754.6,1,3599,98.80526315789473,0.02756321200333426,6,0,1,1,0,0,0,0,1,0,0,1,0,0,0,1,0,0,1,0,0,0,0,1
0,0,1,0,8,1,1,0,0,0,0,0,1,1,85.2,627.4,1,2887,69.71111111111111,0.029511603740907517,3,1,0,1,0,1,1,0,1,0,1,0,0,0,1,0,0,0,0,0,1,0,1,0
0,0,0,0,3,1,1,0,0,0,0,0,0,0,75.25,242.0,1,5898,60.5,0.012758562224482876,2,1,1,1,0,1,1,0,1,0,1,0,0,0,0,1,0,0,0,0,1,1,0,0
0,0,0,0,1,1,1,0,0,1,0,0,0,0,54.35,54.35,1,4212,27.175,0.01290360873694207,3,1,1,0,0,1,1,1,0,0,1,0,0,0,0,1,0,0,0,0,1,0,0,1
0,0,1,0,5,0,0,0,0,0,0,0,0,1,24.95,100.4,1,5865,16.733333333333334,0.004254049445865302,0,1,1,0,0,1,1,1,0,0,1,0,0,0,0,1,0,0,0,0,1,1,0,0
0,0,1,0,40,0,0,1,1,1,0,0,0,1,42.35,1716.45,1,5422,41.864634146341466,0.007810770933234969,3,0,1,0,0,1,0,1,0,0,0,1,0,0,0,1,0,0,1,0,0,1,0,0
0,0,0,0,1,1,1,0,0,0,0,0,0,1,75.3,75.3,1,3596,37.65,0.02093993325917686,2,1,1,1,0,1,1,0,1,0,1,0,0,0,0,1,0,0,0,0,1,0,0,1
0,0,0,0,51,1,1,1,1,0,0,1,0,1,94.8,4837.6,1,5074,93.03076923076924,0.01868348443042964,5,0,1,1,0,1,0,0,1,0,0,1,0,0,0,1,0,0,0,1,0,0,0,1
0,1,0,0,1,1,0,0,0,0,0,0,0,1,70.55,70.55,1,2146,35.275,0.03287511649580615,1,1,1,1,1,1,1,0,1,0,1,0,0,0,0,1,0,0,0,0,1,0,1,0
0,0,1,0,33,1,1,0,0,0,0,0,1,0,86.15,2745.7,1,3336,80.75588235294117,0.02582434052757794,3,1,0,1,0,1,1,0,1,0,1,0,0,0,1,0,0,0,1,0,0,0,1,0
0,0,1,0,30,1,1,0,0,0,0,0,1,1,85.0,2624.25,1,3698,84.65322580645162,0.02298539751216874,3,1,1,1,0,1,1,0,1,0,1,0,0,0,0,1,0,0,1,0,0,0,0,1
0,0,0,0,2,1,0,0,0,0,0,0,1,0,80.55,184.1,1,2856,61.36666666666667,0.028203781512605042,2,1,1,1,0,1,1,0,1,0,1,0,0,0,0,1,0,0,0,0,1,0,1,0
0,0,0,0,2,1,0,0,0,1,0,0,0,1,75.8,160.75,1,5270,53.583333333333336,0.014383301707779886,2,1,1,1,0,1,1,0,1,0,1,0,0,0,0,1,0,0,0,0,1,0,0,1
0,1,1,0,29,1,1,0,0,1,0,1,1,1,98.5,3004.15,1,5137,100.13833333333334,0.019174615534358574,5,1,1,1,1,1,1,0,1,0,1,0,0,0,0,1,0,0,1,0,0,0,0,1
0,1,1,0,13,1,1,0,0,0,0,1,1,1,95.25,1233.65,1,2982,88.11785714285715,0.03194164989939638,4,1,1,1,1,1,1,0,1,0,1,0,0,0,0,1,0,1,0,0,0,0,1,0
0,1,1,0,7,1,1,0,0,0,0,0,0,1,74.4,527.9,1,4969,65.9875,0.014972831555645,2,1,0,1,1,1,1,0,1,0,1,0,0,0,0,0,1,0,0,0,1,0,0,1
0,0,0,0,30,1,0,0,0,0,1,1,0,0,85.15,2555.9,1,4417,82.4483870967742,0.019277790355444874,3,1,1,1,0,0,1,0,1,0,1,0,0,0,0,1,0,0,1,0,0,0,0,1
0,1,0,0,2,1,1,0,0,1,0,0,1,1,88.55,179.25,1,3685,59.75,0.024029850746268656,4,1,1,1,1,1,1,0,1,0,1,0,0,0,0,1,0,0,0,0,1,0,0,1
0,0,1,1,24,1,1,1,0,0,0,0,0,0,54.75,1338.15,1,5699,53.526,0.009606948587471487,3,1,1,0,0,1,0,1,0,0,1,0,0,0,0,1,0,1,0,0,0,1,0,0
0,1,0,0,1,1,0,0,0,0,0,1,1,1,91.3,91.3,1,2371,45.65,0.03850695908899199,3,1,1,1,1,1,1,0,1,0,1,0,0,0,0,1,0,0,0,0,1,0,1,0
0,0,0,0,1,1,0,0,0,0,0,1,0,1,79.5,79.5,1,4490,39.75,0.017706013363028954,2,1,1,1,0,1,1,0,1,0,1,0,0,0,0,1,0,0,0,0,1,0,0,1
0,1,1,0,7,1,0,0,0,0,0,0,0,1,70.1,467.55,1,3669,58.44375,0.019106023439629326,1,1,0,1,1,1,1,0,1,0,1,0,0,0,0,0,1,0,0,0,1,0,0,1
0,0,1,0,67,1,1,1,1,1,0,1,1,1,111.3,7482.1,1,4146,110.03088235294118,0.026845151953690305,7,0,1,1,0,1,0,0,1,0,0,1,0,0,0,1,0,0,0,1,0,0,0,1
0,1,1,0,57,1,1,0,1,1,0,0,1,1,95.25,5427.05,1,6259,93.5698275862069,0.01521808595622304,5,1,0,1,1,1,1,0,1,0,1,0,0,1,0,0,0,0,0,1,0,1,0,0
0,0,1,0,7,1,0,0,0,1,0,1,0,1,86.25,587.1,1,3344,73.3875,0.025792464114832537,3,1,1,1,0,1,1,0,1,0,1,0,0,0,0,1,0,0,0,0,1,0,1,0
0,1,1,0,1,1,1,0,0,1,0,1,1,1,100.8,100.8,1,3128,50.4,0.032225063938618924,5,1,1,1,1,1,1,0,1,0,1,0,0,0,0,1,0,0,0,0,1,0,1,0
0,0,0,0,14,1,0,0,1,0,0,0,1,1,86.3,1180.95,1,3677,78.73,0.023470220288278488,3,1,1,1,0,1,1,0,1,0,1,0,0,0,0,1,0,1,0,0,0,0,0,1
0,0,0,0,28,1,1,0,1,0,0,0,1,1,89.95,2625.55,1,2468,90.53620689655173,0.03644651539708266,4,1,1,1,0,1,1,0,1,0,1,0,0,0,0,1,0,0,1,0,0,0,1,0
0,1,1,0,17,1,0,0,1,0,0,0,0,1,76.45,1233.4,1,3266,68.52222222222223,0.02340783833435395,2,1,1,1,1,1,1,0,1,0,1,0,0,0,0,1,0,1,0,0,0,0,1,0
0,0,0,0,10,1,0,0,0,0,0,0,0,1,70.0,740.0,1,3156,67.27272727272727,0.022179974651457542,1,1,1,1,0,1,1,0,1,0,1,0,0,0,0,1,0,0,0,0,1,0,1,0
0,0,0,0,34,1,1,1,1,0,1,0,0,1,64.4,2088.75,1,5189,59.67857142857143,0.012410869146270959,5,0,0,0,0,0,0,1,0,0,0,1,0,0,0,0,1,0,1,0,0,0,0,1
0,0,1,0,1,1,1,1,0,1,0,1,1,1,102.45,102.45,1,4811,51.225,0.021294949075036377,6,1,1,1,0,1,0,0,1,0,1,0,0,0,0,1,0,0,0,0,1,0,0,1
0,0,0,0,3,1,0,0,0,1,1,0,0,0,80.1,217.55,1,4330,54.3875,0.018498845265588912,3,1,0,1,0,0,1,0,1,0,1,0,0,0,1,0,0,0,0,0,1,0,0,1
0,0,0,0,2,1,0,0,0,0,0,1,0,1,80.2,146.05,1,4381,48.68333333333334,0.018306322757361333,2,1,1,1,0,1,1,0,1,0,1,0,0,0,0,1,0,0,0,0,1,0,0,1
0,0,0,0,6,1,0,1,1,1,1,0,1,1,98.15,567.45,1,3578,81.06428571428572,0.0274315259921744,6,1,0,1,0,0,0,0,1,0,1,0,0,1,0,0,0,0,0,0,1,0,0,1
0,0,0,0,12,1,1,0,1,1,1,1,1,1,112.95,1384.75,1,3965,106.51923076923077,0.028486759142496848,7,1,0,1,0,0,1,0,1,0,1,0,0,0,0,0,1,0,0,0,1,0,0,1
0,0,0,0,1,1,0,0,0,0,0,0,0,0,70.9,70.9,1,4739,35.45,0.014960962228318211,1,1,0,1,0,1,1,0,1,0,1,0,0,0,0,0,1,0,0,0,1,0,0,1
0,1,0,0,3,1,0,0,0,1,0,1,0,1,86.85,220.95,1,3561,55.2375,0.024389216512215667,3,1,1,1,1,1,1,0,1,0,1,0,0,0,0,1,0,0,0,0,1,0,0,1
0,0,1,0,23,1,0,1,0,0,1,1,1,1,99.85,2331.3,1,3425,97.1375,0.029153284671532845,5,1,1,1,0,0,0,0,1,0,1,0,0,0,0,1,0,1,0,0,0,0,1,0
0,0,1,0,1,1,1,0,0,0,0,0,0,1,74.5,74.5,1,5554,37.25,0.013413755851638459,2,1,1,1,0,1,1,0,1,0,1,0,0,0,0,1,0,0,0,0,1,1,0,0
0,0,0,0,65,1,1,0,1,1,1,1,1,1,109.15,6941.2,1,6001,105.16969696969697,0.01818863522746209,7,1,1,1,0,0,1,0,1,0,1,0,0,0,0,1,0,0,0,1,0,1,0,0
0,0,0,0,16,1,1,0,0,1,0,0,1,1,65.2,1043.35,1,4722,61.3735294117647,0.013807708598051674,4,1,0,0,0,1,1,1,0,0,1,0,0,0,1,0,0,1,0,0,0,0,0,1
0,1,1,0,66,1,1,0,0,1,0,1,1,1,99.5,6822.15,1,4479,101.82313432835821,0.022214780084840367,5,1,0,1,1,1,1,0,1,0,1,0,0,0,1,0,0,0,0,1,0,0,0,1
0,0,0,0,1,1,0,0,0,0,0,0,0,1,71.55,71.55,1,5739,35.775,0.012467328802927339,1,1,0,1,0,1,1,0,1,0,1,0,0,0,0,0,1,0,0,0,1,1,0,0
0,0,1,0,53,1,1,1,0,1,0,0,1,0,93.9,5029.2,1,5543,93.13333333333333,0.016940285044199893,5,1,1,1,0,1,0,0,1,0,1,0,0,0,0,1,0,0,0,1,0,1,0,0
0,1,1,0,69,1,1,0,1,1,1,1,1,1,108.4,7318.2,1,4708,104.54571428571428,0.023024638912489383,7,0,0,1,1,0,1,0,1,0,0,0,1,1,0,0,0,0,0,1,0,0,0,1
0,0,1,0,13,0,0,0,0,1,0,1,1,1,48.75,633.4,1,2655,45.24285714285714,0.018361581920903956,3,1,0,0,0,1,1,1,0,0,1,0,0,1,0,0,0,1,0,0,0,0,1,0
0,0,0,0,4,1,1,0,0,0,0,1,0,1,85.65,321.65,1,3223,64.33,0.026574619919329818,3,1,1,1,0,1,1,0,1,0,1,0,0,0,0,1,0,0,0,0,1,0,1,0
0,0,0,0,12,1,1,0,1,1,0,1,1,1,106.7,1253.9,1,2406,96.45384615384616,0.0443474646716542,6,1,1,1,0,1,1,0,1,0,1,0,0,0,0,1,0,0,0,0,1,0,1,0
0,0,0,0,1,0,0,0,0,0,0,0,0,1,25.15,25.15,1,5386,12.575,0.00466951355365763,0,1,1,0,0,1,1,1,0,0,1,0,0,0,0,1,0,0,0,0,1,1,0,0
0,0,1,0,54,1,1,0,1,1,1,1,1,0,110.35,5893.15,1,6189,107.14818181818181,0.017830021005008887,7,0,1,1,0,0,1,0,1,0,0,1,0,0,0,1,0,0,0,1,0,1,0,0
0,0,1,0,48,1,1,1,1,0,0,1,1,1,103.25,5037.55,1,4736,102.80714285714286,0.02180109797297297,6,0,0,1,0,1,0,0,1,0,0,1,0,0,1,0,0,0,1,0,0,0,0,1
0,0,0,0,2,1,0,1,0,0,0,0,0,1,47.8,92.45,1,4134,30.816666666666666,0.011562651185292695,2,1,1,0,0,1,0,1,0,0,1,0,0,0,0,1,0,0,0,0,1,0,0,1
0,0,0,0,29,1,1,0,0,1,0,1,1,1,98.6,2933.2,1,5144,97.77333333333333,0.01916796267496112,5,1,0,1,0,1,1,0,1,0,1,0,0,0,1,0,0,0,1,0,0,0,0,1
0,1,1,0,15,1,1,0,0,1,1,0,0,1,83.05,1258.3,1,2596,78.64375,0.031991525423728816,4,1,1,1,1,0,1,0,1,0,1,0,0,0,0,1,0,1,0,0,0,0,1,0
0,0,1,0,17,1,0,0,0,0,0,0,0,1,70.4,1214.05,1,4469,67.44722222222222,0.015752964869098232,1,1,0,1,0,1,1,0,1,0,1,0,0,1,0,0,0,1,0,0,0,0,0,1
0,1,0,0,56,1,1,0,1,1,0,1,1,1,104.75,5510.65,1,5605,96.67807017543859,0.018688670829616415,6,0,0,1,1,1,1,0,1,0,0,1,0,1,0,0,0,0,0,1,0,1,0,0
0,1,0,0,21,1,1,0,0,0,0,1,1,1,94.25,1973.75,1,4819,89.7159090909091,0.019557999584976136,4,1,1,1,1,1,1,0,1,0,1,0,0,0,0,1,0,1,0,0,0,0,0,1
0,0,0,1,1,1,0,0,0,0,0,0,0,0,45.95,45.95,1,4563,22.975,0.010070129300898532,1,1,0,0,0,1,1,1,0,0,1,0,0,0,0,0,1,0,0,0,1,0,0,1
0,1,0,0,1,1,0,0,0,0,0,0,0,1,70.15,70.15,1,2825,35.075,0.02483185840707965,1,1,1,1,1,1,1,0,1,0,1,0,0,0,0,1,0,0,0,0,1,0,1,0
0,0,0,0,1,1,0,0,0,1,0,1,0,1,85.55,85.55,1,3967,42.775,0.021565414671036048,3,1,0,1,0,1,1,0,1,0,1,0,0,0,1,0,0,0,0,0,1,0,0,1
0,0,1,0,35,1,0,0,0,0,0,0,0,1,70.3,2416.55,1,5413,67.1263888888889,0.012987252909661925,1,1,1,1,0,1,1,0,1,0,1,0,0,0,0,1,0,0,1,0,0,1,0,0
0,1,1,0,32,1,1,0,1,1,0,1,1,0,106.35,3520.75,1,4113,106.68939393939394,0.02585703865791393,6,1,0,1,1,1,1,0,1,0,1,0,0,1,0,0,0,0,1,0,0,0,0,1
0,0,1,0,33,1,1,1,0,1,0,1,1,1,103.7,3467.0,1,4461,101.97058823529412,0.023245908989015917,6,0,0,1,0,1,0,0,1,0,0,1,0,0,0,0,1,0,1,0,0,0,0,1
0,0,0,0,1,1,0,0,0,0,0,1,1,1,88.35,88.35,1,4254,44.175,0.020768688293370943,3,1,1,1,0,1,1,0,1,0,1,0,0,0,0,1,0,0,0,0,1,0,0,1
0,0,1,0,8,1,0,0,0,1,0,1,1,1,94.2,777.3,1,2939,86.36666666666666,0.032051718271520924,4,1,1,1,0,1,1,0,1,0,1,0,0,0,0,1,0,0,0,0,1,0,1,0
0,0,0,0,5,1,0,0,1,0,0,1,1,1,96.25,512.45,1,5056,85.40833333333335,0.019036787974683545,4,1,1,1,0,1,1,0,1,0,1,0,0,0,0,1,0,0,0,0,1,0,0,1
0,0,1,0,2,1,0,0,0,0,0,0,0,1,70.7,141.45,1,4559,47.15,0.015507786795349858,1,1,1,1,0,1,1,0,1,0,1,0,0,0,0,1,0,0,0,0,1,0,0,1
0,0,1,0,42,0,0,0,1,0,1,0,0,0,33.55,1445.3,1,2044,33.61162790697674,0.016413894324853226,2,0,0,0,0,0,1,1,0,0,0,1,0,0,0,0,1,0,1,0,0,0,1,0
0,1,1,0,40,1,1,0,0,0,0,1,1,1,94.55,3640.45,1,5676,88.79146341463414,0.016657857646229738,4,1,0,1,1,1,1,0,1,0,1,0,0,0,1,0,0,0,1,0,0,1,0,0
0,0,0,0,57,1,1,1,1,1,0,1,1,1,112.95,6465.0,1,4738,111.46551724137932,0.023839172646686366,7,0,0,1,0,1,0,0,1,0,0,0,1,1,0,0,0,0,0,1,0,0,0,1
0,0,0,0,1,0,0,0,0,0,0,0,1,0,35.9,35.9,1,4747,17.95,0.007562671160733094,1,1,1,0,0,1,1,1,0,0,1,0,0,0,0,1,0,0,0,0,1,0,0,1
0,0,0,0,38,1,1,0,0,1,0,1,1,1,99.25,3777.15,1,5274,96.85000000000001,0.018818733409177096,5,1,0,1,0,1,1,0,1,0,1,0,0,1,0,0,0,0,1,0,0,0,0,1
0,1,0,0,2,0,0,0,0,0,0,0,0,1,24.45,47.5,1,5573,15.833333333333334,0.004387224116274896,0,1,0,0,1,1,1,1,0,0,1,0,0,0,0,0,1,0,0,0,1,1,0,0
0,0,0,0,8,1,1,1,0,0,1,1,1,1,103.35,847.3,1,2363,94.14444444444445,0.043736775285653826,6,1,0,1,0,0,0,0,1,0,1,0,0,1,0,0,0,0,0,0,1,0,1,0
0,1,0,0,7,1,1,0,0,0,0,1,0,1,84.8,546.95,1,2015,68.36875,0.04208436724565757,3,1,1,1,1,1,1,0,1,0,1,0,0,0,0,1,0,0,0,0,1,0,1,0
0,1,0,0,31,1,1,0,1,0,0,1,1,1,99.95,3186.65,1,5362,99.5828125,0.018640432674375235,5,1,1,1,1,1,1,0,1,0,1,0,0,0,0,1,0,0,1,0,0,0,0,1
0,0,0,0,18,1,1,0,1,0,0,1,0,1,90.0,1527.35,1,2708,80.38684210526316,0.03323485967503693,4,1,0,1,0,1,1,0,1,0,1,0,0,0,1,0,0,1,0,0,0,0,1,0
0,1,0,0,14,1,1,0,1,1,0,1,1,1,104.85,1531.4,1,2292,102.09333333333333,0.045746073298429314,6,1,1,1,1,1,1,0,1,0,1,0,0,0,0,1,0,1,0,0,0,0,1,0
0,0,1,0,28,1,1,1,1,0,0,1,1,0,106.1,2847.4,1,3770,98.18620689655172,0.028143236074270557,6,0,1,1,0,1,0,0,1,0,0,1,0,0,0,1,0,0,1,0,0,0,0,1
0,1,0,0,15,1,1,0,0,0,0,0,0,1,74.2,1133.9,1,4553,70.86875,0.01629694706786734,2,1,0,1,1,1,1,0,1,0,1,0,0,0,1,0,0,1,0,0,0,0,0,1
0,0,0,0,5,1,0,0,1,0,1,0,1,1,89.35,461.7,1,4584,76.95,0.019491710296684117,4,1,1,1,0,0,1,0,1,0,1,0,0,0,0,1,0,0,0,0,1,0,0,1
0,0,0,0,1,1,1,0,0,0,0,0,0,1,77.15,77.15,1,2756,38.575,0.02799346879535559,2,1,1,1,0,1,1,0,1,0,1,0,0,0,0,1,0,0,0,0,1,0,1,0
0,0,0,0,1,0,0,0,0,0,0,0,1,1,35.25,35.25,1,2548,17.625,0.013834379905808478,1,1,0,0,0,1,1,1,0,0,1,0,0,1,0,0,0,0,0,0,1,0,1,0
0,0,1,0,4,0,0,0,1,0,0,1,1,1,48.55,201.0,1,3955,40.2,0.012275600505689,3,1,1,0,0,1,1,1,0,0,1,0,0,0,0,1,0,0,0,0,1,0,0,1
0,0,1,0,53,1,1,0,1,0,0,1,1,1,98.4,5149.5,1,6481,95.36111111111111,0.015182842153988583,5,1,0,1,0,1,1,0,1,0,1,0,0,0,1,0,0,0,0,1,0,1,0,0
0,1,1,0,59,1,1,0,0,0,0,1,1,1,93.85,5574.75,1,5390,92.9125,0.017411873840445267,4,1,0,1,1,1,1,0,1,0,1,0,0,1,0,0,0,0,0,1,0,1,0,0
0,1,1,0,46,1,1,1,1,1,0,1,0,1,100.7,4541.2,1,5712,96.62127659574467,0.01762955182072829,6,1,1,1,1,1,0,0,1,0,1,0,0,0,0,1,0,0,1,0,0,1,0,0
0,0,0,0,14,1,1,0,0,1,0,0,0,1,80.45,1072.0,1,4155,71.46666666666667,0.019362214199759326,3,1,1,1,0,1,1,0,1,0,1,0,0,0,0,1,0,1,0,0,0,0,0,1
0,0,0,0,31,1,0,0,0,1,1,0,0,1,55.25,1715.65,1,2933,53.6140625,0.018837367882713944,3,1,1,0,0,0,1,1,0,0,1,0,0,0,0,1,0,0,1,0,0,0,1,0
0,0,1,0,13,0,0,1,0,0,1,1,1,1,54.45,706.85,1,5212,50.489285714285714,0.010447045280122793,4,1,1,0,0,0,0,1,0,0,1,0,0,0,0,1,0,1,0,0,0,0,0,1
0,0,0,0,35,1,1,0,0,0,0,0,0,0,75.35,2636.05,1,2785,73.22361111111111,0.0270556552962298,2,1,0,1,0,1,1,0,1,0,1,0,0,0,1,0,0,0,1,0,0,0,1,0
0,0,0,0,2,1,0,1,0,0,0,0,0,1,75.7,189.2,1,4676,63.06666666666666,0.016189050470487597,2,1,1,1,0,1,0,0,1,0,1,0,0,0,0,1,0,0,0,0,1,0,0,1
0,0,0,0,1,1,1,0,0,0,0,0,0,1,74.25,74.25,1,4750,37.125,0.01563157894736842,2,1,0,1,0,1,1,0,1,0,1,0,0,0,0,0,1,0,0,0,1,0,0,1
0,1,0,0,25,1,1,0,1,0,0,0,1,1,89.7,2187.55,1,4078,84.13653846153846,0.021996076508092204,4,1,1,1,1,1,1,0,1,0,1,0,0,0,0,1,0,0,1,0,0,0,0,1
0,1,0,0,16,1,1,0,0,0,0,1,1,1,96.4,1581.2,1,2688,93.01176470588236,0.03586309523809524,4,1,1,1,1,1,1,0,1,0,1,0,0,0,0,1,0,1,0,0,0,0,1,0
0,1,0,0,1,1,0,0,0,0,0,0,0,1,69.5,69.5,1,3273,34.75,0.02123434158264589,1,1,0,1,1,1,1,0,1,0,1,0,0,1,0,0,0,0,0,0,1,0,1,0
0,1,1,0,36,1,1,0,0,0,0,0,1,1,85.25,3132.75,1,3041,84.66891891891892,0.0280335415981585,3,1,0,1,1,1,1,0,1,0,1,0,0,0,1,0,0,0,1,0,0,0,1,0
0,0,0,0,1,1,0,0,0,0,0,0,0,0,19.4,19.4,1,4152,9.7,0.004672447013487476,1,1,0,0,0,1,1,0,0,1,1,0,0,0,0,0,1,0,0,0,1,0,0,1
0,0,0,0,9,1,1,0,0,0,0,0,1,1,83.3,803.3,1,3520,80.33,0.023664772727272725,3,1,1,1,0,1,1,0,1,0,1,0,0,0,0,1,0,0,0,0,1,0,0,1
0,0,0,0,8,1,0,0,0,0,0,1,0,1,80.1,679.3,1,5071,75.47777777777777,0.015795701045158744,2,1,0,1,0,1,1,0,1,0,1,0,0,1,0,0,0,0,0,0,1,0,0,1
0,1,0,0,45,1,0,1,0,1,0,0,1,0,62.7,2791.5,1,2654,60.68478260869565,0.023624717407686513,4,0,0,0,1,1,0,1,0,0,0,1,0,0,1,0,0,0,1,0,0,0,1,0
0,0,0,0,25,1,1,0,0,0,0,0,0,0,25.3,676.35,1,3779,26.013461538461538,0.006694892828790685,2,0,0,0,0,1,1,0,0,1,0,1,0,1,0,0,0,0,1,0,0,0,0,1
0,0,0,0,13,1,1,1,0,0,0,1,1,0,98.15,1230.25,1,5525,87.875,0.017764705882352943,5,1,0,1,0,1,0,0,1,0,1,0,0,0,0,0,1,1,0,0,0,1,0,0
0,0,0,0,46,1,1,1,1,0,0,0,1,1,93.7,4154.8,1,3378,88.4,0.02773830669034932,5,1,1,1,0,1,0,0,1,0,1,0,0,0,0,1,0,0,1,0,0,0,1,0
0,1,0,0,25,1,1,0,1,1,0,1,1,0,105.95,2655.25,1,4283,102.125,0.024737333644641608,6,1,0,1,1,1,1,0,1,0,1,0,0,0,0,0,1,0,1,0,0,0,0,1
0,0,0,0,18,1,1,0,0,1,1,1,1,1,82.0,1425.45,1,3306,75.02368421052631,0.024803387779794312,6,0,0,0,0,0,1,1,0,0,0,1,0,0,1,0,0,1,0,0,0,0,1,0
0,0,1,0,60,1,1,0,1,1,0,1,0,1,95.75,5742.9,1,4129,94.14590163934426,0.023189634294017922,5,1,1,1,0,1,1,0,1,0,1,0,0,0,0,1,0,0,0,1,0,0,0,1
0,0,1,0,30,1,1,0,0,0,0,1,1,1,94.05,2866.45,1,4095,92.46612903225805,0.022967032967032966,4,1,0,1,0,1,1,0,1,0,1,0,0,0,1,0,0,0,1,0,0,0,0,1
0,0,0,0,1,1,0,0,0,0,0,0,1,1,54.75,54.75,1,2614,27.375,0.020944912012241777,2,1,0,0,0,1,1,1,0,0,1,0,0,0,0,0,1,0,0,0,1,0,1,0
0,1,0,0,39,1,1,0,0,0,0,1,1,1,95.65,3759.05,1,4892,93.97625000000001,0.019552330335241213,4,1,0,1,1,1,1,0,1,0,1,0,0,1,0,0,0,0,1,0,0,0,0,1
0,0,0,0,1,1,1,0,0,0,0,1,1,1,94.6,94.6,1,4033,47.3,0.02345648400694272,4,1,1,1,0,1,1,0,1,0,1,0,0,0,0,1,0,0,0,0,1,0,0,1
0,1,1,0,31,1,0,0,0,1,1,1,1,1,98.9,2911.3,1,4050,90.978125,0.024419753086419756,5,1,1,1,1,0,1,0,1,0,1,0,0,0,0,1,0,0,1,0,0,0,0,1
0,1,0,0,3,1,1,0,0,0,0,0,0,1,76.05,231.8,1,2930,57.95,0.025955631399317405,2,1,1,1,1,1,1,0,1,0,1,0,0,0,0,1,0,0,0,0,1,0,1,0
0,1,0,0,1,1,0,0,0,0,0,0,0,1,69.75,69.75,1,5057,34.875,0.013792762507415464,1,1,1,1,1,1,1,0,1,0,1,0,0,0,0,1,0,0,0,0,1,0,0,1
0,0,1,1,7,0,0,1,0,0,1,0,0,1,34.5,279.25,1,3520,34.90625,0.009801136363636364,2,1,1,0,0,0,0,1,0,0,1,0,0,0,0,1,0,0,0,0,1,0,0,1
0,0,1,0,61,1,1,0,1,1,0,1,1,1,105.55,6281.45,1,5011,101.31370967741935,0.021063659948114148,6,1,1,1,0,1,1,0,1,0,1,0,0,0,0,1,0,0,0,1,0,0,0,1
0,0,0,1,39,0,0,0,0,1,0,0,0,0,30.1,1131.3,1,3106,28.2825,0.009690920798454605,1,1,0,0,0,1,1,1,0,0,1,0,0,0,1,0,0,0,1,0,0,0,1,0
0,0,1,0,10,1,0,0,0,0,0,0,0,1,70.3,738.2,1,2162,67.10909090909091,0.03251618871415356,1,1,1,1,0,1,1,0,1,0,1,0,0,0,0,1,0,0,0,0,1,0,1,0
0,0,0,0,1,1,1,0,1,0,0,0,0,1,80.2,80.2,1,3056,40.1,0.0262434554973822,3,1,0,1,0,1,1,0,1,0,1,0,0,0,0,0,1,0,0,0,1,0,1,0
0,0,1,0,67,1,1,1,0,0,1,0,1,1,94.35,6341.45,1,4348,93.25661764705882,0.02169963201471941,5,0,0,1,0,0,0,0,1,0,0,1,0,0,1,0,0,0,0,1,0,0,0,1
0,0,1,1,6,1,0,0,0,0,0,0,0,1,44.6,260.8,1,4525,37.25714285714286,0.009856353591160221,1,1,0,0,0,1,1,1,0,0,1,0,0,1,0,0,0,0,0,0,1,0,0,1
0,0,0,0,1,1,0,0,0,0,0,0,0,1,19.6,19.6,1,4205,9.8,0.004661117717003568,1,1,0,0,0,1,1,0,0,1,1,0,0,0,0,0,1,0,0,0,1,0,0,1
0,1,0,0,33,1,1,0,1,1,1,1,1,1,110.45,3655.45,1,3401,107.51323529411764,0.03247574242869744,7,1,1,1,1,0,1,0,1,0,1,0,0,0,0,1,0,0,1,0,0,0,1,0
0,0,0,0,2,1,0,0,0,0,0,0,0,0,70.7,140.7,1,5317,46.9,0.01329697197667858,1,1,0,1,0,1,1,0,1,0,1,0,0,0,1,0,0,0,0,0,1,0,0,1
0,1,1,0,7,1,1,0,0,1,0,1,1,1,99.25,665.45,1,2487,83.18125,0.039907519099316446,5,1,1,1,1,1,1,0,1,0,1,0,0,0,0,1,0,0,0,0,1,0,1,0
0,0,1,0,1,1,0,0,0,0,1,1,0,1,84.8,84.8,1,2627,42.4,0.0322801674914351,3,1,1,1,0,0,1,0,1,0,1,0,0,0,0,1,0,0,0,0,1,0,1,0
0,0,0,0,52,1,0,0,1,1,1,1,1,1,105.0,5426.85,1,4630,102.3933962264151,0.02267818574514039,6,0,0,1,0,0,1,0,1,0,0,1,0,1,0,0,0,0,0,1,0,0,0,1
0,0,0,0,22,1,1,1,0,0,0,0,0,1,54.45,1127.35,1,2445,49.01521739130435,0.02226993865030675,3,1,1,0,0,1,0,1,0,0,1,0,0,0,0,1,0,1,0,0,0,0,1,0
0,0,1,0,47,1,0,0,0,1,0,0,1,1,85.3,4045.65,1,3631,84.284375,0.02349215092261085,3,1,1,1,0,1,1,0,1,0,1,0,0,0,0,1,0,0,1,0,0,0,0,1
0,0,0,0,33,1,1,0,0,0,0,0,1,1,83.35,2757.85,1,5456,81.11323529411764,0.015276759530791788,3,1,1,1,0,1,1,0,1,0,1,0,0,0,0,1,0,0,1,0,0,1,0,0
0,0,0,0,18,0,0,0,1,1,0,0,0,1,33.5,600.0,1,5474,31.57894736842105,0.0061198392400438435,2,1,0,0,0,1,1,1,0,0,1,0,0,0,1,0,0,1,0,0,0,1,0,0
0,0,0,0,24,1,0,0,0,0,0,1,1,1,90.35,2238.5,1,5546,89.54,0.01629102055535521,3,1,1,1,0,1,1,0,1,0,1,0,0,0,0,1,0,1,0,0,0,1,0,0
0,0,1,0,1,1,0,0,0,0,0,1,1,1,90.75,90.75,1,5460,45.375,0.01662087912087912,3,1,1,1,0,1,1,0,1,0,1,0,0,0,0,1,0,0,0,0,1,1,0,0
0,0,0,0,4,1,1,0,1,0,0,1,0,0,89.6,365.65,1,4689,73.13,0.01910855193004905,4,1,0,1,0,1,1,0,1,0,1,0,0,0,0,0,1,0,0,0,1,0,0,1
0,0,0,0,2,0,0,0,0,1,0,1,1,1,49.25,90.35,1,5775,30.116666666666664,0.008528138528138529,3,1,1,0,0,1,1,1,0,0,1,0,0,0,0,1,0,0,0,0,1,1,0,0
0,0,0,1,1,1,0,0,0,0,0,0,0,0,19.75,19.75,1,2611,9.875,0.007564151666028342,1,1,0,0,0,1,1,0,0,1,1,0,0,0,0,0,1,0,0,0,1,0,1,0
0,0,0,0,19,1,1,1,1,0,0,0,1,1,95.15,1789.25,1,5830,89.4625,0.016320754716981134,5,1,1,1,0,1,0,0,1,0,1,0,0,0,0,1,0,1,0,0,0,1,0,0
0,0,0,0,22,1,1,1,0,0,0,1,1,1,101.35,2317.1,1,4694,100.74347826086957,0.021591393268001705,5,1,0,1,0,1,0,0,1,0,1,0,0,1,0,0,0,1,0,0,0,0,0,1
0,0,0,0,4,1,0,0,0,0,0,0,0,1,70.05,266.9,1,3600,53.379999999999995,0.01945833333333333,1,1,0,1,0,1,1,0,1,0,1,0,0,0,1,0,0,0,0,0,1,0,0,1
0,0,1,0,4,1,1,0,0,0,0,0,0,1,74.65,301.4,1,4013,60.279999999999994,0.01860204335908298,2,1,1,1,0,1,1,0,1,0,1,0,0,0,0,1,0,0,0,0,1,0,0,1
0,0,0,0,4,1,1,0,0,0,0,0,0,0,50.4,206.6,1,4399,41.32,0.011457149352125483,2,1,0,0,0,1,1,1,0,0,1,0,0,0,0,0,1,0,0,0,1,0,0,1
0,0,0,0,7,1,1,1,0,0,0,0,0,1,79.65,604.7,1,4513,75.5875,0.01764901395967206,3,1,0,1,0,1,0,0,1,0,1,0,0,0,0,0,1,0,0,0,1,0,0,1
0,1,0,0,19,1,1,0,0,1,0,0,0,1,79.85,1471.75,1,3715,73.5875,0.02149394347240915,3,1,1,1,1,1,1,0,1,0,1,0,0,0,0,1,0,1,0,0,0,0,0,1
0,0,1,0,5,1,1,0,1,0,0,0,0,1,78.75,412.1,1,3401,68.68333333333334,0.02315495442516907,3,1,1,1,0,1,1,0,1,0,1,0,0,0,0,1,0,0,0,0,1,0,1,0
0,1,1,0,8,1,0,0,0,0,0,1,0,1,80.45,583.45,1,3443,64.82777777777778,0.023366250363055476,2,1,0,1,1,1,1,0,1,0,1,0,0,0,1,0,0,0,0,0,1,0,1,0
0,0,0,0,1,1,1,0,0,0,0,0,0,1,50.1,50.1,1,4778,25.05,0.010485558811218083,2,1,0,0,0,1,1,1,0,0,1,0,0,0,0,0,1,0,0,0,1,0,0,1
0,0,1,0,2,1,0,0,0,1,0,0,0,0,76.4,151.8,1,4340,50.6,0.017603686635944703,2,1,1,1,0,1,1,0,1,0,1,0,0,0,0,1,0,0,0,0,1,0,0,1
0,0,0,0,3,1,0,0,0,1,1,1,1,1,98.7,293.65,1,3916,73.4125,0.025204290091930544,5,1,1,1,0,0,1,0,1,0,1,0,0,0,0,1,0,0,0,0,1,0,0,1
0,1,0,0,13,1,1,1,0,0,0,1,1,1,100.8,1308.1,1,3269,93.43571428571428,0.030835117773019272,5,1,1,1,1,1,0,0,1,0,1,0,0,0,0,1,0,1,0,0,0,0,1,0
0,0,1,0,28,1,0,0,0,0,0,1,1,1,90.1,2598.95,1,5958,89.61896551724138,0.015122524337025847,3,0,0,1,0,1,1,0,1,0,0,1,0,1,0,0,0,0,1,0,0,1,0,0
0,0,0,0,15,1,1,0,0,0,0,0,0,0,51.55,765.5,1,2087,47.84375,0.02470052707235266,2,1,1,0,0,1,1,1,0,0,1,0,0,0,0,1,0,1,0,0,0,0,1,0
0,1,0,0,10,1,0,0,0,0,0,0,1,1,79.25,793.55,1,3856,72.14090909090909,0.020552385892116182,2,1,1,1,1,1,1,0,1,0,1,0,0,0,0,1,0,0,0,0,1,0,0,1
0,0,0,0,5,1,1,0,0,0,0,1,1,1,94.85,462.8,1,5701,77.13333333333334,0.01663743202946851,4,1,0,1,0,1,1,0,1,0,1,0,0,1,0,0,0,0,0,0,1,1,0,0
0,0,0,0,2,1,1,0,0,0,0,0,1,1,85.7,169.8,1,2187,56.6,0.03918609967992684,3,1,1,1,0,1,1,0,1,0,1,0,0,0,0,1,0,0,0,0,1,0,1,0
0,0,0,0,1,1,0,0,0,0,0,0,0,0,44.4,44.4,1,3204,22.2,0.013857677902621723,1,1,0,0,0,1,1,1,0,0,1,0,0,0,0,0,1,0,0,0,1,0,1,0
0,1,0,0,5,1,0,0,0,0,0,1,1,1,89.5,477.7,1,2718,79.61666666666666,0.03292862398822664,3,1,1,1,1,1,1,0,1,0,1,0,0,0,0,1,0,0,0,0,1,0,1,0
0,1,1,0,1,1,1,0,0,0,0,1,0,1,86.05,86.05,1,4843,43.025,0.017767912450960148,3,1,1,1,1,1,1,0,1,0,1,0,0,0,0,1,0,0,0,0,1,0,0,1
0,0,0,0,4,0,0,0,0,0,0,1,1,1,44.55,174.3,1,5605,34.86,0.007948260481712755,2,1,1,0,0,1,1,1,0,0,1,0,0,0,0,1,0,0,0,0,1,1,0,0
0,0,1,1,31,0,0,1,0,0,1,0,0,0,35.4,1077.5,1,2067,33.671875,0.017126269956458634,2,1,0,0,0,0,0,1,0,0,1,0,0,1,0,0,0,0,1,0,0,0,1,0
0,0,0,0,1,1,1,0,0,0,0,1,1,0,95.65,95.65,1,3473,47.825,0.027541030809098765,4,1,0,1,0,1,1,0,1,0,1,0,0,0,0,0,1,0,0,0,1,0,0,1
0,0,0,0,1,1,0,0,0,0,0,0,0,0,20.95,20.95,1,4285,10.475,0.004889148191365228,1,1,0,0,0,1,1,0,0,1,1,0,0,0,0,0,1,0,0,0,1,0,0,1
0,1,0,0,10,0,0,0,0,0,0,0,1,1,34.7,329.8,1,3244,29.981818181818184,0.010696670776818743,1,1,1,0,1,1,1,1,0,0,1,0,0,0,0,1,0,0,0,0,1,0,1,0
0,0,0,0,15,1,0,0,0,0,0,0,0,0,19.75,297.3,1,2428,18.58125,0.008134266886326194,1,1,0,0,0,1,1,0,0,1,1,0,0,1,0,0,0,1,0,0,0,0,1,0
0,0,1,0,17,1,1,0,0,0,0,1,1,1,92.55,1515.1,1,5775,84.17222222222222,0.016025974025974027,4,1,1,1,0,1,1,0,1,0,1,0,0,0,0,1,0,1,0,0,0,1,0,0
0,1,1,0,53,1,1,1,0,0,1,0,0,1,60.05,3229.65,1,5271,59.80833333333334,0.011392525137545058,4,0,1,0,1,0,0,1,0,0,0,1,0,0,0,1,0,0,0,1,0,0,0,1
0,1,1,0,16,1,0,0,1,0,0,0,0,1,74.3,1178.25,1,2076,69.30882352941177,0.03578998073217726,2,1,0,1,1,1,1,0,1,0,1,0,0,0,1,0,0,1,0,0,0,0,1,0
0,0,0,0,9,1,1,0,0,0,0,1,0,1,85.35,758.6,1,2752,75.86,0.03101380813953488,3,1,1,1,0,1,1,0,1,0,1,0,0,0,0,1,0,0,0,0,1,0,1,0
0,0,0,0,25,1,0,1,1,1,1,1,0,0,74.3,1863.8,1,5175,71.68461538461538,0.014357487922705314,6,0,0,0,0,0,0,1,0,0,0,1,0,0,0,0,1,0,1,0,0,0,0,1
0,0,0,0,4,1,0,0,0,1,1,1,1,1,98.1,396.3,1,2895,79.26,0.0338860103626943,5,1,0,1,0,0,1,0,1,0,1,0,0,1,0,0,0,0,0,0,1,0,1,0
0,0,0,0,50,1,1,1,1,0,1,1,1,1,109.65,5551.15,1,5855,108.84607843137255,0.018727583262169088,7,0,1,1,0,0,0,0,1,0,0,0,1,0,0,1,0,0,0,1,0,1,0,0
0,1,0,0,9,1,1,0,0,0,0,0,0,1,74.55,622.9,1,3145,62.29,0.023704292527821937,2,1,1,1,1,1,1,0,1,0,1,0,0,0,0,1,0,0,0,0,1,0,1,0
0,0,0,0,3,1,1,0,0,1,0,1,1,1,100.95,329.95,1,5351,82.4875,0.018865632592038873,5,1,1,1,0,1,1,0,1,0,1,0,0,0,0,1,0,0,0,0,1,0,0,1
0,0,0,0,10,1,0,0,0,1,0,1,1,1,94.9,1048.85,1,2832,95.35,0.03350988700564972,4,1,1,1,0,1,1,0,1,0,1,0,0,0,0,1,0,0,0,0,1,0,1,0
0,1,1,0,32,1,1,0,0,1,1,1,1,1,104.9,3351.55,1,3966,101.56212121212121,0.02644982349974786,6,1,1,1,1,0,1,0,1,0,1,0,0,0,0,1,0,0,1,0,0,0,0,1
0,0,1,0,9,0,0,0,0,0,0,0,0,0,24.1,259.8,1,3195,25.98,0.0075430359937402195,0,0,0,0,0,1,1,1,0,0,0,1,0,1,0,0,0,0,0,0,1,0,1,0
0,0,1,0,66,1,1,0,1,0,1,1,1,1,104.05,6890.0,1,5504,102.83582089552239,0.018904433139534882,6,0,1,1,0,0,1,0,1,0,0,1,0,0,0,1,0,0,0,1,0,1,0,0
0,0,0,0,3,1,0,0,0,1,1,1,0,1,88.35,262.05,1,5202,65.5125,0.0169838523644752,4,1,0,1,0,0,1,0,1,0,1,0,0,0,0,0,1,0,0,0,1,0,0,1
0,0,1,0,29,1,0,1,0,0,0,1,1,0,94.65,2649.15,1,5150,88.305,0.01837864077669903,4,1,0,1,0,1,0,0,1,0,1,0,0,0,1,0,0,0,1,0,0,0,0,1
0,1,1,0,1,1,1,0,0,0,0,0,0,1,74.4,74.4,1,5429,37.2,0.013704181248848776,2,1,1,1,1,1,1,0,1,0,1,0,0,0,0,1,0,0,0,0,1,1,0,0
0,0,1,1,41,1,1,1,1,1,1,0,1,0,79.9,3326.2,1,4734,79.1952380952381,0.016877904520490074,7,1,0,0,0,0,0,1,0,0,1,0,0,0,1,0,0,0,1,0,0,0,0,1
0,1,0,0,8,1,0,0,0,0,0,0,0,1,69.7,560.85,1,3068,62.31666666666667,0.02271838331160365,1,1,1,1,1,1,1,0,1,0,1,0,0,0,0,1,0,0,0,0,1,0,1,0
0,1,1,0,12,1,1,0,1,1,0,1,0,1,98.1,1060.2,1,2709,81.55384615384615,0.036212624584717606,5,1,1,1,1,1,1,0,1,0,1,0,0,0,0,1,0,0,0,0,1,0,1,0
0,0,0,0,1,1,0,0,0,0,0,0,0,0,20.5,20.5,1,3820,10.25,0.005366492146596858,1,1,0,0,0,1,1,0,0,1,1,0,0,0,0,0,1,0,0,0,1,0,0,1
0,1,1,0,4,1,1,1,0,0,0,1,1,1,99.6,347.65,1,4708,69.53,0.021155480033984705,5,1,1,1,1,1,0,0,1,0,1,0,0,0,0,1,0,0,0,0,1,0,0,1
0,0,0,0,1,1,0,0,0,0,0,0,1,1,81.95,81.95,1,5622,40.975,0.014576663109213803,2,1,1,1,0,1,1,0,1,0,1,0,0,0,0,1,0,0,0,0,1,1,0,0
0,0,1,0,7,1,0,0,0,0,0,0,0,1,69.35,451.1,1,4292,56.3875,0.016157968313140727,1,1,1,1,0,1,1,0,1,0,1,0,0,0,0,1,0,0,0,0,1,0,0,1
0,0,0,0,6,1,0,0,0,0,0,1,1,1,91.1,455.3,1,2266,65.04285714285714,0.04020300088261253,3,1,1,1,0,1,1,0,1,0,1,0,0,0,0,1,0,0,0,0,1,0,1,0
0,0,1,0,14,1,1,0,0,0,0,1,0,1,86.1,1235.55,1,2177,82.36999999999999,0.039549839228295816,3,1,1,1,0,1,1,0,1,0,1,0,0,0,0,1,0,1,0,0,0,0,1,0
0,0,0,0,25,1,1,0,0,0,0,1,1,1,94.7,2362.1,1,5641,90.85,0.016787803580925367,4,1,0,1,0,1,1,0,1,0,1,0,0,1,0,0,0,0,1,0,0,1,0,0
0,0,1,0,22,1,1,0,0,0,0,0,1,1,85.1,1873.7,1,5248,81.46521739130435,0.016215701219512196,3,1,1,1,0,1,1,0,1,0,1,0,0,0,0,1,0,1,0,0,0,0,0,1
0,0,1,0,61,1,1,0,1,0,0,1,1,1,99.15,6010.05,1,5612,96.93629032258065,0.017667498218104063,5,1,1,1,0,1,1,0,1,0,1,0,0,0,0,1,0,0,0,1,0,1,0,0
0,1,1,0,70,1,1,0,1,1,0,1,1,1,102.95,7101.5,1,5005,100.02112676056338,0.02056943056943057,6,1,1,1,1,1,1,0,1,0,1,0,0,0,0,1,0,0,0,1,0,0,0,1
0,0,0,0,1,1,0,0,0,0,0,0,0,1,45.05,45.05,1,2644,22.525,0.01703857791225416,1,1,0,0,0,1,1,1,0,0,1,0,0,0,0,0,1,0,0,0,1,0,1,0
0,1,0,0,1,1,0,0,0,0,0,0,0,1,71.0,71.0,1,5345,35.5,0.013283442469597754,1,1,1,1,1,1,1,0,1,0,1,0,0,0,0,1,0,0,0,0,1,0,0,1
0,1,1,0,47,1,0,0,0,0,0,0,0,0,70.55,3309.25,1,4457,68.94270833333333,0.01582903298182634,1,1,0,1,1,1,1,0,1,0,1,0,0,1,0,0,0,0,1,0,0,0,0,1
0,0,0,0,1,1,0,0,0,0,0,0,1,1,79.7,79.7,1,2066,39.85,0.03857696030977735,2,1,1,1,0,1,1,0,1,0,1,0,0,0,0,1,0,0,0,0,1,0,1,0
0,0,0,0,22,1,1,1,1,0,0,0,0,0,59.0,1254.7,1,2195,54.55217391304348,0.026879271070615034,4,1,1,0,0,1,0,1,0,0,1,0,0,0,0,1,0,1,0,0,0,0,1,0
0,0,0,0,48,1,0,1,0,1,1,0,0,1,60.35,2896.4,1,2681,59.11020408163265,0.022510257366654234,4,0,0,0,0,0,0,1,0,0,0,1,0,0,1,0,0,0,1,0,0,0,1,0
0,1,1,0,1,1,0,0,0,0,0,0,0,1,69.25,69.25,1,4568,34.625,0.015159807355516638,1,1,1,1,1,1,1,0,1,0,1,0,0,0,0,1,0,0,0,0,1,0,0,1
0,0,0,0,25,1,0,0,0,0,0,0,0,0,70.95,1767.35,1,4881,67.975,0.014535955746773202,1,1,0,1,0,1,1,0,1,0,1,0,0,0,0,0,1,0,1,0,0,0,0,1
0,0,1,0,20,1,0,0,0,0,0,1,1,1,89.0,1820.45,1,4594,86.68809523809524,0.019373095341750107,3,1,0,1,0,1,1,0,1,0,1,0,0,0,0,0,1,1,0,0,0,0,0,1
0,0,1,0,18,1,1,1,0,0,0,1,1,1,99.4,1742.95,1,2421,91.73421052631579,0.04105741429161504,5,1,1,1,0,1,0,0,1,0,1,0,0,0,0,1,0,1,0,0,0,0,1,0
0,0,0,0,1,1,0,0,0,1,0,0,0,0,73.5,73.5,1,4378,36.75,0.016788487894015533,2,1,0,1,0,1,1,0,1,0,1,0,0,1,0,0,0,0,0,0,1,0,0,1
0,0,0,0,9,1,1,0,0,0,0,1,1,1,95.5,829.1,1,5007,82.91,0.019073297383662872,4,1,1,1,0,1,1,0,1,0,1,0,0,0,0,1,0,0,0,0,1,0,0,1
0,0,1,0,28,1,0,1,0,0,0,1,1,1,92.35,2602.9,1,2990,89.7551724137931,0.03088628762541806,4,1,0,1,0,1,0,0,1,0,1,0,0,0,0,0,1,0,1,0,0,0,1,0
0,0,0,0,11,1,0,0,1,0,0,0,0,1,74.55,824.75,1,4601,68.72916666666667,0.01620299934796783,2,1,1,1,0,1,1,0,1,0,1,0,0,0,0,1,0,0,0,0,1,0,0,1
0,1,0,0,12,1,0,0,1,1,1,0,0,1,83.8,1029.75,1,5565,79.21153846153847,0.015058400718778077,4,1,0,1,1,0,1,0,1,0,1,0,0,0,0,0,1,0,0,0,1,1,0,0
0,1,0,0,53,0,0,0,1,1,0,1,1,1,54.45,2854.55,1,6280,52.86203703703704,0.008670382165605096,4,1,1,0,1,1,1,1,0,0,1,0,0,0,0,1,0,0,0,1,0,1,0,0
0,1,1,0,41,1,1,0,0,1,0,1,1,1,99.8,4259.3,1,4726,101.41190476190476,0.02111722386796445,5,1,1,1,1,1,1,0,1,0,1,0,0,0,0,1,0,0,1,0,0,0,0,1
0,0,1,0,20,1,1,0,1,1,0,1,1,1,105.85,2239.65,1,4223,106.65,0.025065119583234666,6,1,0,1,0,1,1,0,1,0,1,0,0,1,0,0,0,1,0,0,0,0,0,1
0,0,0,0,7,1,1,0,0,0,0,0,0,0,75.45,480.75,1,2872,60.09375,0.02627089136490251,2,1,0,1,0,1,1,0,1,0,1,0,0,0,0,0,1,0,0,0,1,0,1,0
0,0,0,0,7,1,1,0,0,0,0,1,1,1,93.85,635.6,1,3506,79.45,0.026768397033656587,4,1,1,1,0,1,1,0,1,0,1,0,0,0,0,1,0,0,0,0,1,0,0,1
0,0,0,0,22,1,1,1,0,0,0,1,1,1,100.75,2095.0,1,4152,91.08695652173913,0.024265414258188824,5,1,1,1,0,1,0,0,1,0,1,0,0,0,0,1,0,1,0,0,0,0,0,1
0,0,1,1,3,0,0,0,0,0,1,0,0,1,31.0,95.05,1,5122,23.7625,0.00605232331120656,1,1,0,0,0,0,1,1,0,0,1,0,0,0,0,0,1,0,0,0,1,0,0,1
0,0,0,0,51,1,1,0,0,1,0,0,0,0,80.0,4242.35,1,4769,81.58365384615385,0.01677500524218914,3,1,0,1,0,1,1,0,1,0,1,0,0,0,1,0,0,0,0,1,0,0,0,1
0,1,0,0,5,1,0,0,0,0,0,0,0,1,70.25,331.9,1,3684,55.31666666666666,0.019068946796959828,1,1,0,1,1,1,1,0,1,0,1,0,0,0,0,0,1,0,0,0,1,0,0,1
0,0,1,0,62,1,0,0,1,1,0,1,1,1,100.15,6283.3,1,4120,99.73492063492064,0.024308252427184467,5,1,1,1,0,1,1,0,1,0,1,0,0,0,0,1,0,0,0,1,0,0,0,1
0,0,0,0,28,1,1,1,1,0,0,0,1,1,94.5,2659.4,1,5433,91.70344827586207,0.017393705135284373,5,1,0,1,0,1,0,0,1,0,1,0,0,0,1,0,0,0,1,0,0,1,0,0
0,0,0,0,10,0,0,0,0,0,0,0,1,1,33.9,298.45,1,2529,27.13181818181818,0.013404507710557532,1,1,0,0,0,1,1,1,0,0,1,0,0,0,0,0,1,0,0,0,1,0,1,0
0,1,1,0,69,1,1,0,1,0,0,1,0,1,89.95,6143.15,1,6363,87.75928571428571,0.014136413641364138,4,1,1,1,1,1,1,0,1,0,1,0,0,0,0,1,0,0,0,1,0,1,0,0
0,0,0,0,12,1,1,0,0,0,0,1,0,1,84.45,1059.55,1,3330,81.50384615384615,0.02536036036036036,3,1,1,1,0,1,1,0,1,0,1,0,0,0,0,1,0,0,0,0,1,0,1,0
0,0,0,0,27,1,1,0,0,0,1,0,0,1,79.5,2180.55,1,2518,77.87678571428572,0.031572676727561554,3,1,1,1,0,0,1,0,1,0,1,0,0,0,0,1,0,0,1,0,0,0,1,0
0,0,1,0,1,1,0,0,0,0,0,1,1,0,89.15,89.15,1,3123,44.575,0.028546269612552036,3,1,0,1,0,1,1,0,1,0,1,0,0,0,0,0,1,0,0,0,1,0,1,0
0,1,0,0,14,1,1,0,0,0,0,0,0,1,74.95,1036.75,1,2075,69.11666666666666,0.03612048192771084,2,1,1,1,1,1,1,0,1,0,1,0,0,0,0,1,0,1,0,0,0,0,1,0
0,1,0,0,32,1,0,0,1,0,0,0,0,1,74.4,2276.95,1,2091,68.99848484848485,0.03558106169296987,2,1,1,1,1,1,1,0,1,0,1,0,0,0,0,1,0,0,1,0,0,0,1,0
0,0,0,0,3,1,0,0,0,0,0,0,1,1,55.3,196.15,1,3190,49.0375,0.01733542319749216,2,1,1,0,0,1,1,1,0,0,1,0,0,0,0,1,0,0,0,0,1,0,1,0
0,0,1,1,22,1,0,0,1,0,1,0,0,0,55.15,1206.05,1,5115,52.43695652173913,0.010782013685239492,3,1,1,0,0,0,1,1,0,0,1,0,0,0,0,1,0,1,0,0,0,0,0,1
0,0,1,0,16,1,1,0,0,0,0,1,0,1,84.95,1378.25,1,3075,81.07352941176471,0.027626016260162603,3,1,1,1,0,1,1,0,1,0,1,0,0,0,0,1,0,1,0,0,0,0,1,0
0,0,0,0,5,0,0,1,1,1,1,0,0,1,43.25,219.0,1,5824,36.5,0.007426167582417582,4,1,0,0,0,0,0,1,0,0,1,0,0,0,0,0,1,0,0,0,1,1,0,0
0,0,1,0,23,1,1,0,0,0,0,0,0,1,48.35,1067.15,1,4580,44.46458333333334,0.010556768558951966,2,0,0,0,0,1,1,1,0,0,0,1,0,0,1,0,0,1,0,0,0,0,0,1
0,0,0,0,1,1,0,0,0,0,0,1,0,1,79.55,79.55,1,5593,39.775,0.014223136062935812,2,1,1,1,0,1,1,0,1,0,1,0,0,0,0,1,0,0,0,0,1,1,0,0
0,1,1,0,50,1,0,0,0,0,0,0,0,1,71.05,3444.85,1,5746,67.54607843137255,0.012365123564218587,1,1,1,1,1,1,1,0,1,0,1,0,0,0,0,1,0,0,0,1,0,1,0,0
0,0,0,0,1,1,1,0,0,0,0,1,0,0,84.5,84.5,1,4340,42.25,0.01947004608294931,3,1,1,1,0,1,1,0,1,0,1,0,0,0,0,1,0,0,0,0,1,0,0,1
0,0,1,0,71,1,1,0,1,1,1,1,1,1,108.6,7690.9,1,4982,106.81805555555555,0.021798474508229627,7,0,0,1,0,0,1,0,1,0,0,0,1,0,1,0,0,0,0,1,0,0,0,1
0,0,0,0,46,0,0,0,1,0,0,0,0,0,30.3,1380.1,1,2243,29.363829787234042,0.013508693713776193,1,1,0,0,0,1,1,1,0,0,1,0,0,1,0,0,0,0,1,0,0,0,1,0
0,1,0,0,2,0,0,0,0,1,0,0,0,1,30.4,78.65,1,4002,26.21666666666667,0.007596201899050474,1,1,1,0,1,1,1,1,0,0,1,0,0,0,0,1,0,0,0,0,1,0,0,1
0,0,0,0,1,1,0,0,0,0,0,0,0,1,45.4,45.4,1,2168,22.7,0.020940959409594097,1,1,0,0,0,1,1,1,0,0,1,0,0,0,0,0,1,0,0,0,1,0,1,0
0,0,1,0,32,1,0,0,1,0,0,0,1,0,84.15,2585.95,1,4017,78.36212121212121,0.020948469006721437,3,1,0,1,0,1,1,0,1,0,1,0,0,1,0,0,0,0,1,0,0,0,0,1
0,0,0,0,3,1,0,0,0,0,0,0,0,0,19.75,58.85,1,2647,14.7125,0.0074612769172648285,1,1,1,0,0,1,1,0,0,1,1,0,0,0,0,1,0,0,0,0,1,0,1,0
0,0,0,0,5,1,0,0,0,0,1,0,1,1,85.4,425.9,1,3716,70.98333333333333,0.022981700753498386,3,1,0,1,0,0,1,0,1,0,1,0,0,0,1,0,0,0,0,0,1,0,0,1
0,0,0,0,49,1,1,0,0,0,0,0,0,0,75.2,3678.3,1,5283,73.566,0.01423433655120197,2,1,0,1,0,1,1,0,1,0,1,0,0,0,1,0,0,0,0,1,0,0,0,1
0,0,0,0,17,1,1,0,0,1,0,0,0,1,55.85,937.5,1,5472,52.083333333333336,0.010206505847953217,3,0,0,0,0,1,1,1,0,0,0,1,0,0,0,0,1,1,0,0,0,1,0,0
0,1,0,0,23,1,1,0,1,1,0,1,1,1,106.4,2483.5,1,5507,103.47916666666667,0.019320864354457963,6,1,1,1,1,1,1,0,1,0,1,0,0,0,0,1,0,1,0,0,0,1,0,0
0,0,0,0,6,1,0,0,1,0,0,0,1,1,84.4,556.35,1,4539,79.47857142857143,0.018594404053756335,3,1,1,1,0,1,1,0,1,0,1,0,0,0,0,1,0,0,0,0,1,0,0,1
0,0,0,0,6,1,0,1,1,0,0,0,0,0,56.25,389.1,1,4110,55.58571428571429,0.013686131386861315,3,1,1,0,0,1,0,1,0,0,1,0,0,0,0,1,0,0,0,0,1,0,0,1
0,1,0,0,2,1,1,0,0,0,0,1,0,1,85.55,187.45,1,5512,62.48333333333333,0.015520682148040638,3,1,1,1,1,1,1,0,1,0,1,0,0,0,0,1,0,0,0,0,1,1,0,0
0,0,0,0,4,1,0,0,1,0,0,1,1,1,68.65,261.25,1,5274,52.25,0.013016685627607131,4,1,0,0,0,1,1,1,0,0,1,0,0,1,0,0,0,0,0,0,1,0,0,1
0,0,0,0,4,1,0,0,0,0,0,1,0,0,77.85,299.2,1,2140,59.839999999999996,0.036378504672897195,2,1,1,1,0,1,1,0,1,0,1,0,0,0,0,1,0,0,0,0,1,0,1,0
0,0,0,0,3,1,1,0,1,1,0,1,1,1,105.35,323.25,1,3662,80.8125,0.02876843255051884,6,1,0,1,0,1,1,0,1,0,1,0,0,1,0,0,0,0,0,0,1,0,0,1
0,0,0,0,8,1,1,0,0,0,0,1,0,1,87.05,762.1,1,2545,84.67777777777778,0.03420432220039293,3,1,1,1,0,1,1,0,1,0,1,0,0,0,0,1,0,0,0,0,1,0,1,0
0,0,0,0,1,1,0,0,0,0,0,1,0,1,53.5,53.5,1,5094,26.75,0.01050255202198665,2,1,0,0,0,1,1,1,0,0,1,0,0,0,0,0,1,0,0,0,1,0,0,1
0,0,0,0,1,0,0,0,0,0,0,0,0,1,25.1,25.1,1,4769,12.55,0.005263157894736842,0,1,0,0,0,1,1,1,0,0,1,0,0,0,0,0,1,0,0,0,1,0,0,1
0,1,1,0,30,1,0,0,1,1,0,0,0,1,79.65,2365.15,1,2174,76.29516129032258,0.036637534498620054,3,1,0,1,1,1,1,0,1,0,1,0,0,0,0,0,1,0,1,0,0,0,1,0
0,0,0,0,5,1,0,1,0,0,1,0,0,0,54.2,308.25,1,5476,51.375,0.00989773557341125,3,1,1,0,0,0,0,1,0,0,1,0,0,0,0,1,0,0,0,0,1,1,0,0
0,1,0,0,1,1,0,0,0,0,0,0,0,1,19.45,19.45,1,3848,9.725,0.005054573804573804,1,1,1,0,1,1,1,0,0,1,1,0,0,0,0,1,0,0,0,0,1,0,0,1
0,0,1,0,72,1,1,0,1,1,0,1,1,1,103.4,7372.65,1,5055,100.99520547945205,0.020454995054401584,6,0,1,1,0,1,1,0,1,0,0,0,1,0,0,1,0,0,0,1,0,0,0,1
0,0,0,0,13,1,1,0,1,1,0,0,0,1,84.45,1058.6,1,5801,75.61428571428571,0.0145578348560593,4,1,1,1,0,1,1,0,1,0,1,0,0,0,0,1,0,1,0,0,0,1,0,0
0,1,1,0,32,1,1,0,0,0,0,1,0,1,85.95,2628.6,1,2431,79.65454545454546,0.0353558206499383,3,1,0,1,1,1,1,0,1,0,1,0,0,0,1,0,0,0,1,0,0,0,1,0
0,1,0,0,16,1,0,0,0,0,1,1,0,0,59.4,1023.9,1,5556,60.22941176470588,0.010691144708423327,3,1,1,0,1,0,1,1,0,0,1,0,0,0,0,1,0,1,0,0,0,1,0,0
0,0,0,0,29,0,0,0,1,0,0,0,0,1,30.6,856.35,1,3615,28.545,0.008464730290456432,1,1,1,0,0,1,1,1,0,0,1,0,0,0,0,1,0,0,1,0,0,0,0,1
0,1,0,0,38,1,1,0,0,0,1,1,1,1,99.55,3734.25,1,3474,95.75,0.02865572826712723,5,1,1,1,1,0,1,0,1,0,1,0,0,0,0,1,0,0,1,0,0,0,0,1
0,0,0,0,17,1,0,0,0,0,0,0,0,1,70.0,1144.5,1,4390,63.583333333333336,0.015945330296127564,1,1,1,1,0,1,1,0,1,0,1,0,0,0,0,1,0,1,0,0,0,0,0,1
0,0,0,0,1,1,0,0,0,0,0,0,0,1,45.3,45.3,1,2293,22.65,0.019755778456170953,1,1,1,0,0,1,1,1,0,0,1,0,0,0,0,1,0,0,0,0,1,0,1,0
0,0,0,0,2,0,0,0,0,0,1,0,0,0,29.85,75.6,1,4268,25.2,0.006993908153701969,1,1,0,0,0,0,1,1,0,0,1,0,0,1,0,0,0,0,0,0,1,0,0,1
0,1,0,0,2,1,0,0,1,1,1,0,1,1,95.1,180.25,1,4486,60.083333333333336,0.021199286669638877,5,1,0,1,1,0,1,0,1,0,1,0,0,0,1,0,0,0,0,0,1,0,0,1
0,0,0,0,1,1,0,0,0,0,0,0,0,0,19.8,19.8,1,5600,9.9,0.0035357142857142857,1,1,0,0,0,1,1,0,0,1,1,0,0,0,0,0,1,0,0,0,1,1,0,0
0,0,0,0,4,1,0,0,1,0,0,0,0,1,76.65,333.6,1,4580,66.72,0.01673580786026201,2,1,0,1,0,1,1,0,1,0,1,0,0,1,0,0,0,0,0,0,1,0,0,1
0,0,1,0,5,1,0,0,1,0,1,1,1,1,99.15,465.05,1,2283,77.50833333333334,0.043429697766097244,5,1,0,1,0,0,1,0,1,0,1,0,0,0,0,0,1,0,0,0,1,0,1,0
0,0,0,0,9,1,0,0,0,0,0,0,0,0,44.95,431.0,1,5023,43.1,0.008948835357356162,1,1,0,0,0,1,1,1,0,0,1,0,0,0,0,0,1,0,0,0,1,0,0,1
0,0,1,0,18,1,0,0,0,1,0,0,0,1,49.55,878.35,1,2815,46.22894736842105,0.017602131438721136,2,1,0,0,0,1,1,1,0,0,1,0,0,0,0,0,1,1,0,0,0,0,1,0
0,0,0,0,25,1,0,0,1,0,0,1,1,1,95.9,2448.75,1,2241,94.1826923076923,0.042793395805444,4,1,1,1,0,1,1,0,1,0,1,0,0,0,0,1,0,0,1,0,0,0,1,0
0,1,1,0,17,1,0,0,0,0,0,0,1,0,81.5,1329.2,1,3443,73.84444444444445,0.023671216961951787,2,1,0,1,1,1,1,0,1,0,1,0,0,1,0,0,0,1,0,0,0,0,1,0
0,0,1,0,52,1,0,1,0,0,0,1,0,0,84.1,4348.65,1,6216,82.05,0.013529601029601029,3,1,1,1,0,1,0,0,1,0,1,0,0,0,0,1,0,0,0,1,0,1,0,0
0,1,1,0,3,0,0,0,0,0,0,1,0,1,36.45,93.7,1,3766,23.425,0.00967870419543282,1,1,0,0,1,1,1,1,0,0,1,0,0,0,0,0,1,0,0,0,1,0,0,1
0,1,0,0,1,0,0,0,0,0,0,0,0,0,25.05,25.05,1,4842,12.525,0.005173482032218092,0,1,0,0,1,1,1,1,0,0,1,0,0,0,0,0,1,0,0,0,1,0,0,1
0,0,0,0,8,1,0,1,0,0,0,0,0,1,49.85,365.55,1,2269,40.61666666666667,0.021970030850594978,2,1,1,0,0,1,0,1,0,0,1,0,0,0,0,1,0,0,0,0,1,0,1,0
0,1,1,0,43,0,0,0,1,1,0,1,1,0,55.55,2342.2,1,2573,53.23181818181818,0.021589584143023706,4,1,0,0,1,1,1,1,0,0,1,0,0,0,1,0,0,0,1,0,0,0,1,0
0,0,1,0,22,1,0,0,1,0,0,1,1,1,69.5,1498.2,1,5922,65.13913043478261,0.011735900033772374,4,0,0,0,0,1,1,1,0,0,0,1,0,1,0,0,0,1,0,0,0,1,0,0
0,0,1,0,54,1,1,0,1,1,0,1,1,1,104.3,5278.15,1,4019,95.96636363636362,0.02595172928589201,6,1,1,1,0,1,1,0,1,0,1,0,0,0,0,1,0,0,0,1,0,0,0,1
0,0,0,0,1,1,1,0,0,0,0,1,1,1,93.85,93.85,1,3014,46.925,0.031138022561380225,4,1,1,1,0,1,1,0,1,0,1,0,0,0,0,1,0,0,0,0,1,0,1,0
0,0,1,1,1,1,0,0,0,1,0,0,0,0,50.45,50.45,1,2426,25.225,0.02079554822753504,2,1,0,0,0,1,1,1,0,0,1,0,0,0,0,0,1,0,0,0,1,0,1,0
0,0,0,0,7,1,1,0,0,0,1,1,1,1,74.65,521.1,1,4612,65.1375,0.016186036426712923,5,1,1,0,0,0,1,1,0,0,1,0,0,0,0,1,0,0,0,0,1,0,0,1
0,0,0,0,12,1,1,0,0,0,0,1,1,1,94.2,1046.1,1,3975,80.46923076923076,0.02369811320754717,4,1,1,1,0,1,1,0,1,0,1,0,0,0,0,1,0,0,0,0,1,0,0,1
0,0,1,0,54,1,1,1,1,0,0,1,1,0,106.55,5763.3,1,4893,104.78727272727274,0.021776006539955036,6,0,0,1,0,1,0,0,1,0,0,1,0,1,0,0,0,0,0,1,0,0,0,1
0,0,0,0,1,1,0,0,0,0,0,0,0,0,20.1,20.1,1,5747,10.05,0.003497476944492779,1,1,0,0,0,1,1,0,0,1,1,0,0,0,0,0,1,0,0,0,1,1,0,0
0,0,1,0,23,1,0,0,1,1,1,0,0,0,83.8,1900.25,1,5737,79.17708333333333,0.01460693742374063,4,1,1,1,0,0,1,0,1,0,1,0,0,0,0,1,0,1,0,0,0,1,0,0
0,0,0,0,3,1,0,0,0,0,0,1,0,0,55.15,159.15,1,5698,39.7875,0.009678834678834678,2,1,0,0,0,1,1,1,0,0,1,0,0,0,0,0,1,0,0,0,1,1,0,0
0,1,1,0,10,1,1,0,0,0,0,0,1,1,86.65,856.65,1,4990,77.87727272727273,0.017364729458917837,3,1,1,1,1,1,1,0,1,0,1,0,0,0,0,1,0,0,0,0,1,0,0,1
0,1,0,0,37,1,1,1,1,0,0,1,1,1,106.75,4056.75,1,5849,106.75657894736842,0.01825098307402975,6,1,0,1,1,1,0,0,1,0,1,0,0,1,0,0,0,0,1,0,0,1,0,0
0,0,0,0,31,1,0,0,1,0,1,0,0,1,78.45,2435.15,1,3091,76.0984375,0.02538013587835652,3,1,1,1,0,0,1,0,1,0,1,0,0,0,0,1,0,0,1,0,0,0,1,0
0,0,1,0,34,1,1,0,0,1,0,1,0,0,87.45,2874.15,1,3358,82.11857142857143,0.026042287075640262,4,1,1,1,0,1,1,0,1,0,1,0,0,0,0,1,0,0,1,0,0,0,1,0
0,0,1,0,29,1,0,0,0,0,0,0,0,1,70.75,1974.8,1,2663,65.82666666666667,0.026567780698460382,1,1,1,1,0,1,1,0,1,0,1,0,0,0,0,1,0,0,1,0,0,0,1,0
0,1,1,0,12,1,1,0,1,0,0,1,1,1,101.35,1218.55,1,3967,93.73461538461538,0.025548273254348372,5,1,1,1,1,1,1,0,1,0,1,0,0,0,0,1,0,0,0,0,1,0,0,1
0,0,0,0,1,1,1,1,0,0,0,0,0,1,81.7,81.7,1,5574,40.85,0.014657337639038393,3,1,1,1,0,1,0,0,1,0,1,0,0,0,0,1,0,0,0,0,1,1,0,0
0,0,0,0,33,1,0,0,0,0,0,0,0,0,68.25,2171.15,1,5647,63.85735294117647,0.012086063396493714,1,1,1,1,0,1,1,0,1,0,1,0,0,0,0,1,0,0,1,0,0,1,0,0
0,0,0,0,4,1,0,0,0,0,0,0,1,1,79.15,317.25,1,5762,63.45,0.013736549809094065,2,1,1,1,0,1,1,0,1,0,1,0,0,0,0,1,0,0,0,0,1,1,0,0
0,1,0,0,35,1,1,0,0,0,0,1,1,1,95.45,3474.05,1,2080,96.5013888888889,0.04588942307692308,4,1,1,1,1,1,1,0,1,0,1,0,0,0,0,1,0,0,1,0,0,0,1,0
0,0,1,0,19,1,1,0,0,0,1,1,1,1,100.95,1875.55,1,4072,93.7775,0.024791257367387035,5,0,1,1,0,0,1,0,1,0,0,1,0,0,0,1,0,1,0,0,0,0,0,1
0,0,1,0,1,1,0,0,0,0,0,0,0,1,69.1,69.1,1,4779,34.55,0.014459091860221802,1,1,0,1,0,1,1,0,1,0,1,0,0,0,0,0,1,0,0,0,1,0,0,1
0,1,0,0,1,1,0,0,0,0,0,0,0,1,69.6,69.6,1,2151,34.8,0.03235704323570432,1,1,1,1,1,1,1,0,1,0,1,0,0,0,0,1,0,0,0,0,1,0,1,0
0,0,0,0,31,1,1,0,1,1,0,1,1,1,103.45,3066.45,1,5387,95.8265625,0.01920363838871357,6,0,1,1,0,1,1,0,1,0,0,1,0,0,0,1,0,0,1,0,0,1,0,0
0,0,0,0,4,1,1,0,1,0,0,0,0,0,77.95,305.55,1,5365,61.11,0.014529356943150048,3,1,0,1,0,1,1,0,1,0,1,0,0,1,0,0,0,0,0,0,1,0,0,1
0,1,0,0,1,1,0,0,0,0,0,1,0,0,78.45,78.45,1,2139,39.225,0.03667601683029453,2,1,1,1,1,1,1,0,1,0,1,0,0,0,0,1,0,0,0,0,1,0,1,0
0,0,0,0,10,0,0,0,0,1,0,0,0,0,29.5,255.25,1,3797,23.204545454545453,0.007769291545957335,1,1,0,0,0,1,1,1,0,0,1,0,0,0,0,0,1,0,0,0,1,0,0,1
0,0,0,0,2,1,0,1,0,0,0,1,1,1,70.75,146.9,1,3257,48.96666666666667,0.02172244396684065,4,1,1,0,0,1,0,1,0,0,1,0,0,0,0,1,0,0,0,0,1,0,1,0
0,1,0,0,9,1,1,0,0,0,0,0,1,1,84.45,762.5,1,3543,76.25,0.023835732430143947,3,1,1,1,1,1,1,0,1,0,1,0,0,0,0,1,0,0,0,0,1,0,0,1
0,0,0,0,4,1,1,0,0,0,0,0,1,1,85.65,338.9,1,2330,67.78,0.036759656652360514,3,1,1,1,0,1,1,0,1,0,1,0,0,0,0,1,0,0,0,0,1,0,1,0
0,1,0,0,38,1,0,0,1,1,1,1,0,1,70.15,2497.35,1,2645,64.03461538461538,0.026521739130434784,5,0,0,0,1,0,1,1,0,0,0,1,0,0,1,0,0,0,1,0,0,0,1,0
0,1,0,0,51,1,1,0,0,1,0,1,1,1,97.8,4913.3,1,6204,94.48653846153846,0.015764023210831722,5,1,1,1,1,1,1,0,1,0,1,0,0,0,0,1,0,0,0,1,0,1,0,0
0,0,0,0,1,1,0,0,0,0,0,0,0,0,46.3,46.3,1,3017,23.15,0.0153463705667882,1,1,0,0,0,1,1,1,0,0,1,0,0,0,0,0,1,0,0,0,1,0,1,0
0,0,0,0,41,1,1,0,1,1,0,1,1,1,106.3,4443.45,1,5383,105.79642857142856,0.01974735277726175,6,1,1,1,0,1,1,0,1,0,1,0,0,0,0,1,0,0,1,0,0,1,0,0
0,0,0,0,12,1,0,0,0,1,1,0,1,1,89.4,1095.65,1,5047,84.28076923076924,0.017713493164255995,4,1,1,1,0,0,1,0,1,0,1,0,0,0,0,1,0,0,0,0,1,0,0,1
0,1,0,0,5,1,1,0,0,0,0,1,0,1,83.15,446.05,1,2516,74.34166666666667,0.03304848966613673,3,1,0,1,1,1,1,0,1,0,1,0,0,0,1,0,0,0,0,0,1,0,1,0
0,0,0,0,10,1,1,0,0,0,0,0,0,1,74.15,811.8,1,4231,73.8,0.017525407705034274,2,1,0,1,0,1,1,0,1,0,1,0,0,0,0,0,1,0,0,0,1,0,0,1
0,0,1,0,11,1,1,0,0,1,0,1,1,1,99.5,1056.95,1,5286,88.07916666666667,0.01882330684827847,5,1,1,1,0,1,1,0,1,0,1,0,0,0,0,1,0,0,0,0,1,0,0,1
0,0,0,0,1,1,0,0,0,0,0,0,0,1,44.15,44.15,1,4773,22.075,0.009249947622040644,1,1,0,0,0,1,1,1,0,0,1,0,0,0,0,0,1,0,0,0,1,0,0,1
0,0,0,0,16,1,0,0,1,0,1,0,0,1,53.9,834.15,1,5091,49.067647058823525,0.010587310940876055,3,1,0,0,0,0,1,1,0,0,1,0,0,0,0,0,1,1,0,0,0,0,0,1
0,0,0,0,1,1,1,0,0,0,0,0,1,1,85.45,85.45,1,2318,42.725,0.03686367558239862,3,1,0,1,0,1,1,0,1,0,1,0,0,0,0,0,1,0,0,0,1,0,1,0
0,0,1,1,4,1,1,0,0,0,0,0,0,0,50.85,239.55,1,5386,47.910000000000004,0.009441143705904197,2,1,0,0,0,1,1,1,0,0,1,0,0,0,0,0,1,0,0,0,1,1,0,0
0,0,0,1,1,1,0,0,0,1,0,0,1,0,59.2,59.2,1,5020,29.6,0.011792828685258964,3,1,1,0,0,1,1,1,0,0,1,0,0,0,0,1,0,0,0,0,1,0,0,1
0,0,0,0,13,1,0,0,0,1,0,1,0,1,83.2,1060.6,1,4028,75.75714285714285,0.020655412115193644,3,1,1,1,0,1,1,0,1,0,1,0,0,0,0,1,0,1,0,0,0,0,0,1
0,0,0,0,1,1,0,1,1,0,0,0,0,1,54.9,54.9,1,2833,27.45,0.01937875044122838,3,1,1,0,0,1,0,1,0,0,1,0,0,0,0,1,0,0,0,0,1,0,1,0
0,0,1,0,21,1,1,1,0,1,0,1,1,1,103.9,2254.2,1,3769,102.46363636363635,0.027566993897585566,6,1,1,1,0,1,0,0,1,0,1,0,0,0,0,1,0,1,0,0,0,0,0,1
0,0,1,1,11,1,0,0,0,0,0,0,0,1,19.25,180.3,1,5638,15.025,0.003414331323164243,1,1,0,0,0,1,1,0,0,1,1,0,0,0,0,0,1,0,0,0,1,1,0,0
0,1,0,0,2,1,1,0,0,0,0,0,0,1,75.45,158.4,1,3350,52.800000000000004,0.022522388059701495,2,1,0,1,1,1,1,0,1,0,1,0,0,0,0,0,1,0,0,0,1,0,1,0
0,1,0,0,2,1,0,1,1,0,0,0,0,0,54.85,104.2,1,3016,34.733333333333334,0.01818633952254642,3,1,0,0,1,1,0,1,0,0,1,0,0,0,0,0,1,0,0,0,1,0,1,0
0,1,1,0,1,1,1,0,0,0,0,1,1,1,95.1,95.1,1,5795,47.55,0.0164106988783434,4,1,1,1,1,1,1,0,1,0,1,0,0,0,0,1,0,0,0,0,1,1,0,0
0,0,1,0,6,1,1,0,0,0,0,0,0,1,75.5,438.0,1,5838,62.57142857142857,0.012932511133949982,2,1,1,1,0,1,1,0,1,0,1,0,0,0,0,1,0,0,0,0,1,1,0,0
0,0,1,0,4,1,0,0,0,1,0,0,0,1,73.75,325.45,1,5026,65.09,0.014673696776760843,2,1,1,1,0,1,1,0,1,0,1,0,0,0,0,1,0,0,0,0,1,0,0,1
0,0,0,0,12,1,1,0,0,0,0,1,1,1,96.05,1148.1,1,2577,88.3153846153846,0.037272021730694604,4,1,1,1,0,1,1,0,1,0,1,0,0,0,0,1,0,0,0,0,1,0,1,0
0,0,0,0,4,1,1,0,1,0,0,0,1,1,88.95,355.2,1,5948,71.03999999999999,0.014954606590450573,4,1,1,1,0,1,1,0,1,0,1,0,0,0,0,1,0,0,0,0,1,1,0,0
0,0,0,0,4,1,0,0,1,0,0,0,0,0,50.7,151.3,1,4930,30.26,0.01028397565922921,2,1,0,0,0,1,1,1,0,0,1,0,0,0,1,0,0,0,0,0,1,0,0,1
0,0,0,0,3,1,0,0,0,0,0,1,0,0,53.4,188.7,1,2755,47.175,0.01938294010889292,2,1,0,0,0,1,1,1,0,0,1,0,0,0,1,0,0,0,0,0,1,0,1,0
0,1,1,0,53,1,1,0,1,0,0,1,1,1,101.9,5549.4,1,5884,102.76666666666667,0.017318150917743032,5,1,1,1,1,1,1,0,1,0,1,0,0,0,0,1,0,0,0,1,0,1,0,0
0,0,1,0,68,1,1,0,0,0,0,1,0,1,83.0,5685.8,1,4714,82.40289855072464,0.017607127704709378,3,0,1,1,0,1,1,0,1,0,0,1,0,0,0,1,0,0,0,1,0,0,0,1
0,0,0,1,1,1,0,1,0,0,0,0,0,0,50.6,50.6,1,3677,25.3,0.013761218384552625,2,1,0,0,0,1,0,1,0,0,1,0,0,0,0,0,1,0,0,0,1,0,0,1
0,0,0,0,10,1,0,0,0,0,0,1,1,1,89.5,863.1,1,4206,78.46363636363637,0.021279125059438898,3,1,1,1,0,1,1,0,1,0,1,0,0,0,0,1,0,0,0,0,1,0,0,1
0,0,0,0,1,1,0,0,0,0,0,0,0,1,69.8,69.8,1,4154,34.9,0.016803081367356764,1,1,1,1,0,1,1,0,1,0,1,0,0,0,0,1,0,0,0,0,1,0,0,1
0,1,1,0,51,1,1,1,0,1,0,1,0,1,93.8,4750.95,1,4788,91.36442307692307,0.0195906432748538,5,1,0,1,1,1,0,0,1,0,1,0,0,1,0,0,0,0,0,1,0,0,0,1
0,0,1,0,24,1,1,0,0,1,0,1,1,1,101.05,2391.8,1,4766,95.67200000000001,0.021202266051195972,5,1,1,1,0,1,1,0,1,0,1,0,0,0,0,1,0,1,0,0,0,0,0,1
0,0,1,0,18,1,1,0,0,0,0,1,1,1,94.7,1687.95,1,2206,88.83947368421053,0.0429283771532185,4,1,1,1,0,1,1,0,1,0,1,0,0,0,0,1,0,1,0,0,0,0,1,0
0,1,1,0,72,1,1,0,1,1,0,1,1,1,104.15,7689.95,1,5925,105.34178082191781,0.01757805907172996,6,0,0,1,1,1,1,0,1,0,0,0,1,1,0,0,0,0,0,1,0,1,0,0
0,0,1,1,4,1,0,0,0,0,1,0,1,0,61.45,229.55,1,2131,45.910000000000004,0.028836227123416238,3,1,0,0,0,0,1,1,0,0,1,0,0,0,1,0,0,0,0,0,1,0,1,0
0,0,0,0,1,1,0,0,0,0,0,1,1,1,90.55,90.55,1,3898,45.275,0.023229861467419188,3,1,1,1,0,1,1,0,1,0,1,0,0,0,0,1,0,0,0,0,1,0,0,1
0,0,0,0,26,1,0,0,0,0,0,1,1,1,88.8,2274.35,1,4910,84.23518518518519,0.018085539714867618,3,1,0,1,0,1,1,0,1,0,1,0,0,1,0,0,0,0,1,0,0,0,0,1
0,0,0,0,7,1,1,0,0,0,0,0,1,1,85.2,602.55,1,3905,75.31875,0.02181818181818182,3,1,0,1,0,1,1,0,1,0,1,0,0,0,0,0,1,0,0,0,1,0,0,1
0,1,0,0,5,1,0,0,0,0,0,1,1,1,91.4,449.75,1,2834,74.95833333333333,0.03225123500352858,3,1,1,1,1,1,1,0,1,0,1,0,0,0,0,1,0,0,0,0,1,0,1,0
0,0,1,0,42,1,1,0,0,1,1,1,1,1,106.15,4512.7,1,2265,104.94651162790697,0.04686534216335541,6,1,0,1,0,0,1,0,1,0,1,0,0,1,0,0,0,0,1,0,0,0,1,0
0,0,0,0,4,1,0,0,0,0,0,0,0,1,45.3,196.95,1,3443,39.39,0.013157130409526575,1,1,0,0,0,1,1,1,0,0,1,0,0,0,0,0,1,0,0,0,1,0,1,0
0,0,0,0,2,1,1,0,0,0,0,0,0,1,73.25,131.05,1,2919,43.68333333333334,0.025094210346008908,2,1,0,1,0,1,1,0,1,0,1,0,0,0,1,0,0,0,0,0,1,0,1,0
0,0,1,1,8,1,0,0,0,1,0,0,0,1,51.05,415.05,1,3758,46.11666666666667,0.013584353379457157,2,1,1,0,0,1,1,1,0,0,1,0,0,0,0,1,0,0,0,0,1,0,0,1
0,0,1,0,9,1,1,0,0,0,0,1,0,1,85.35,754.65,1,2445,75.465,0.0349079754601227,3,1,0,1,0,1,1,0,1,0,1,0,0,1,0,0,0,0,0,0,1,0,1,0
0,1,0,0,1,1,1,0,0,0,0,0,0,1,75.35,75.35,1,4403,37.675,0.01711333181921417,2,1,1,1,1,1,1,0,1,0,1,0,0,0,0,1,0,0,0,0,1,0,0,1
0,0,0,0,43,1,0,1,0,0,0,0,0,1,75.2,3198.6,1,4673,72.69545454545454,0.016092445966188744,2,1,1,1,0,1,0,0,1,0,1,0,0,0,0,1,0,0,1,0,0,0,0,1
0,0,0,0,1,1,0,0,0,0,0,0,0,0,20.9,20.9,1,5527,10.45,0.0037814365840419754,1,1,0,0,0,1,1,0,0,1,1,0,0,0,0,0,1,0,0,0,1,1,0,0
0,0,0,0,3,1,0,0,0,0,0,0,0,1,43.3,123.65,1,4849,30.9125,0.008929676221901422,1,1,1,0,0,1,1,1,0,0,1,0,0,0,0,1,0,0,0,0,1,0,0,1
0,0,1,0,70,1,0,1,1,1,1,1,1,1,109.5,7534.65,1,6136,106.1218309859155,0.017845501955671448,7,0,0,1,0,0,0,0,1,0,0,1,0,1,0,0,0,0,0,1,0,1,0,0
0,1,0,0,11,1,1,0,0,0,0,0,1,1,84.8,906.85,1,5118,75.57083333333334,0.016568972254787026,3,1,0,1,1,1,1,0,1,0,1,0,0,0,1,0,0,0,0,0,1,0,0,1
0,1,1,0,50,1,1,0,1,1,0,1,0,1,95.05,4888.7,1,5863,95.85686274509804,0.01621183694354426,5,1,1,1,1,1,1,0,1,0,1,0,0,0,0,1,0,0,0,1,0,1,0,0
0,1,0,0,5,1,0,0,0,1,0,0,0,0,50.35,237.25,1,4618,39.541666666666664,0.010902988306626246,2,1,1,0,1,1,1,1,0,0,1,0,0,0,0,1,0,0,0,0,1,0,0,1
0,0,1,0,1,1,1,0,0,0,0,0,0,1,74.6,74.6,1,5861,37.3,0.012728203378263095,2,1,0,1,0,1,1,0,1,0,1,0,0,1,0,0,0,0,0,0,1,1,0,0
0,0,0,0,16,1,0,0,0,0,0,0,0,1,19.7,342.4,1,3438,20.141176470588235,0.005730075625363583,1,1,0,0,0,1,1,0,0,1,1,0,0,0,0,0,1,1,0,0,0,0,1,0
0,0,0,0,15,1,0,0,0,1,0,0,1,1,59.45,892.65,1,5129,55.790625,0.011590953402222656,3,1,1,0,0,1,1,1,0,0,1,0,0,0,0,1,0,1,0,0,0,0,0,1
0,0,0,0,46,1,0,1,1,0,1,1,1,1,105.2,4822.85,1,3322,102.61382978723405,0.031667670078266104,6,0,0,1,0,0,0,0,1,0,0,1,0,1,0,0,0,0,1,0,0,0,1,0
0,0,0,0,8,1,0,0,0,0,0,0,0,1,45.15,438.4,1,3721,48.71111111111111,0.012133834990593926,1,1,0,0,0,1,1,1,0,0,1,0,0,0,0,0,1,0,0,0,1,0,0,1
0,0,1,0,31,1,1,0,1,1,0,1,0,0,93.8,3019.5,1,4115,94.359375,0.022794653705953828,5,1,1,1,0,1,1,0,1,0,1,0,0,0,0,1,0,0,1,0,0,0,0,1
0,0,0,0,32,1,0,0,0,0,1,1,1,1,96.2,3183.4,1,3606,96.46666666666667,0.026677759290072104,4,1,1,1,0,0,1,0,1,0,1,0,0,0,0,1,0,0,1,0,0,0,0,1
0,0,0,0,1,1,0,0,0,0,0,0,1,1,79.6,79.6,1,3108,39.8,0.02561132561132561,2,1,1,1,0,1,1,0,1,0,1,0,0,0,0,1,0,0,0,0,1,0,1,0
0,0,0,0,20,1,1,0,0,0,0,1,0,1,85.25,1734.5,1,2414,82.5952380952381,0.03531483015741508,3,1,1,1,0,1,1,0,1,0,1,0,0,0,0,1,0,1,0,0,0,0,1,0
0,0,0,0,26,1,1,0,0,0,1,0,0,1,80.5,2088.8,1,2729,77.36296296296297,0.02949798460974716,3,1,1,1,0,0,1,0,1,0,1,0,0,0,0,1,0,0,1,0,0,0,1,0
0,1,0,0,5,1,1,0,1,0,0,0,1,1,89.8,502.6,1,2960,83.76666666666667,0.030337837837837837,4,1,1,1,1,1,1,0,1,0,1,0,0,0,0,1,0,0,0,0,1,0,1,0
0,0,0,0,1,1,0,0,1,0,0,0,0,1,50.75,50.75,1,5355,25.375,0.009477124183006535,2,1,1,0,0,1,1,1,0,0,1,0,0,0,0,1,0,0,0,0,1,0,0,1
0,0,1,0,14,1,0,0,1,0,1,0,1,1,89.65,1208.35,1,2504,80.55666666666666,0.03580271565495208,4,1,0,1,0,0,1,0,1,0,1,0,0,0,1,0,0,1,0,0,0,0,1,0
0,0,0,0,36,1,0,0,1,0,1,0,1,1,65.4,2498.4,1,5220,67.52432432432433,0.012528735632183909,4,0,0,0,0,0,1,1,0,0,0,1,0,0,0,0,1,0,1,0,0,0,0,1
0,0,0,1,9,1,0,0,0,1,1,1,1,1,72.9,651.4,1,3585,65.14,0.020334728033472804,5,1,0,0,0,0,1,1,0,0,1,0,0,0,0,0,1,0,0,0,1,0,0,1
0,0,0,0,5,0,0,1,0,1,1,0,0,0,40.0,223.45,1,3125,37.24166666666667,0.0128,3,1,0,0,0,0,0,1,0,0,1,0,0,0,0,0,1,0,0,0,1,0,1,0
0,1,0,0,9,1,1,0,1,0,0,1,1,1,99.45,919.4,1,2313,91.94,0.04299610894941634,5,1,0,1,1,1,1,0,1,0,1,0,0,0,1,0,0,0,0,0,1,0,1,0
0,0,0,0,2,1,0,1,1,0,1,0,0,1,86.25,181.65,1,3529,60.550000000000004,0.024440351374327006,4,1,1,1,0,0,0,0,1,0,1,0,0,0,0,1,0,0,0,0,1,0,0,1
0,0,0,0,1,1,0,0,0,0,0,0,0,1,45.65,45.65,1,4689,22.825,0.009735551290253785,1,1,1,0,0,1,1,1,0,0,1,0,0,0,0,1,0,0,0,0,1,0,0,1
0,0,0,0,8,1,0,0,0,0,0,0,0,1,70.1,551.35,1,2899,61.26111111111111,0.024180751983442564,1,1,0,1,0,1,1,0,1,0,1,0,0,0,0,0,1,0,0,0,1,0,1,0
0,1,0,0,2,1,0,0,0,0,0,0,0,1,70.2,115.95,1,2767,38.65,0.02537043729671124,1,1,0,1,1,1,1,0,1,0,1,0,0,1,0,0,0,0,0,0,1,0,1,0
0,0,0,0,3,1,0,1,1,0,0,0,0,0,55.35,165.2,1,5787,41.3,0.009564541213063764,3,1,1,0,0,1,0,1,0,0,1,0,0,0,0,1,0,0,0,0,1,1,0,0
0,1,1,0,51,1,1,0,1,1,0,0,0,1,84.2,4146.05,1,6245,79.73173076923078,0.013482786228983187,4,1,1,1,1,1,1,0,1,0,1,0,0,0,0,1,0,0,0,1,0,1,0,0
0,0,0,0,2,1,0,0,0,0,0,0,0,0,45.85,81.0,1,3843,27.0,0.011930783242258653,1,1,0,0,0,1,1,1,0,0,1,0,0,0,0,0,1,0,0,0,1,0,0,1
0,0,0,0,39,1,1,0,0,0,0,0,0,0,75.25,3017.65,1,4696,75.44125,0.01602427597955707,2,1,1,1,0,1,1,0,1,0,1,0,0,0,0,1,0,0,1,0,0,0,0,1
0,0,0,0,12,1,1,0,0,1,0,1,1,1,100.15,1164.3,1,3682,89.56153846153846,0.027199891363389465,5,1,0,1,0,1,1,0,1,0,1,0,0,1,0,0,0,0,0,0,1,0,0,1
0,1,1,0,26,1,1,0,1,1,0,1,1,0,105.75,2710.25,1,3157,100.37962962962963,0.03349699081406399,6,1,1,1,1,1,1,0,1,0,1,0,0,0,0,1,0,0,1,0,0,0,1,0
0,1,1,0,18,0,0,0,0,1,0,1,1,1,48.35,810.7,1,2167,42.66842105263158,0.02231195200738348,3,1,1,0,1,1,1,1,0,0,1,0,0,0,0,1,0,1,0,0,0,0,1,0
0,0,1,1,2,0,0,0,0,0,0,0,0,1,24.4,36.55,1,2635,12.183333333333332,0.009259962049335864,0,1,0,0,0,1,1,1,0,0,1,0,0,0,0,0,1,0,0,0,1,0,1,0
0,0,0,0,4,1,0,0,0,0,0,0,0,0,20.95,85.5,1,5822,17.1,0.0035984197870147713,1,1,0,0,0,1,1,0,0,1,1,0,0,1,0,0,0,0,0,0,1,1,0,0
0,1,1,0,1,1,0,1,0,0,0,0,0,1,49.55,49.55,1,4989,24.775,0.00993185007015434,2,1,1,0,1,1,0,1,0,0,1,0,0,0,0,1,0,0,0,0,1,0,0,1
0,0,0,0,9,1,0,0,0,0,0,0,0,0,20.25,178.5,1,3361,17.85,0.006024992561737578,1,1,0,0,0,1,1,0,0,1,1,0,0,0,0,0,1,0,0,0,1,0,1,0
0,1,1,0,2,1,0,0,1,0,0,0,0,0,50.15,115.1,1,5461,38.36666666666667,0.009183299761948361,2,1,0,0,1,1,1,1,0,0,1,0,0,0,1,0,0,0,0,0,1,1,0,0
0,1,1,0,29,1,1,0,1,1,0,0,1,1,95.9,2745.2,1,2151,91.50666666666666,0.044583914458391445,5,1,1,1,1,1,1,0,1,0,1,0,0,0,0,1,0,0,1,0,0,0,1,0
0,1,0,0,1,0,0,0,0,0,0,0,0,0,25.25,25.25,1,4628,12.625,0.005455920484010371,0,1,1,0,1,1,1,1,0,0,1,0,0,0,0,1,0,0,0,0,1,0,0,1
0,0,0,0,9,1,0,0,0,0,0,0,0,0,45.15,416.45,1,3757,41.644999999999996,0.012017567207878626,1,1,1,0,0,1,1,1,0,0,1,0,0,0,0,1,0,0,0,0,1,0,0,1
0,0,1,0,50,1,1,0,0,0,0,1,0,1,84.4,4116.15,1,5135,80.70882352941176,0.01643622200584226,3,1,0,1,0,1,1,0,1,0,1,0,0,1,0,0,0,0,0,1,0,0,0,1
0,0,0,0,1,1,1,0,0,0,0,0,0,1,75.1,75.1,1,4335,37.55,0.017324106113033446,2,1,1,1,0,1,1,0,1,0,1,0,0,0,0,1,0,0,0,0,1,0,0,1
0,0,1,0,54,1,1,0,0,0,0,1,1,1,70.15,3715.65,1,4596,67.55727272727273,0.015263272410791994,4,0,0,0,0,1,1,1,0,0,0,1,0,0,1,0,0,0,0,1,0,0,0,1
0,0,0,0,42,1,1,0,1,0,0,1,1,1,101.75,4273.45,1,5545,99.38255813953488,0.018349864743011722,5,1,1,1,0,1,1,0,1,0,1,0,0,0,0,1,0,0,1,0,0,1,0,0
0,0,0,0,1,1,0,0,0,0,0,0,0,0,45.8,45.8,1,5973,22.9,0.007667838607065126,1,1,1,0,0,1,1,1,0,0,1,0,0,0,0,1,0,0,0,0,1,1,0,0
0,0,0,0,1,1,0,0,0,0,0,0,0,1,20.1,20.1,1,4933,10.05,0.004074599635110481,1,1,0,0,0,1,1,0,0,1,1,0,0,0,0,0,1,0,0,0,1,0,0,1
0,0,1,0,9,0,0,0,0,0,1,1,0,0,40.65,328.95,1,4800,32.894999999999996,0.008468749999999999,2,1,0,0,0,0,1,1,0,0,1,0,0,0,0,0,1,0,0,0,1,0,0,1
0,1,1,0,46,1,1,0,0,1,0,1,1,1,101.0,4680.05,1,2436,99.57553191489362,0.04146141215106732,5,1,1,1,1,1,1,0,1,0,1,0,0,0,0,1,0,0,1,0,0,0,1,0
0,0,0,0,1,1,0,0,0,0,0,0,0,1,69.1,69.1,1,5795,34.55,0.011924072476272647,1,1,1,1,0,1,1,0,1,0,1,0,0,0,0,1,0,0,0,0,1,1,0,0
0,0,0,0,13,1,1,0,0,0,0,0,0,1,75.0,999.45,1,2189,71.38928571428572,0.034262220191868434,2,1,0,1,0,1,1,0,1,0,1,0,0,0,0,0,1,1,0,0,0,0,1,0
0,0,1,0,19,1,0,0,1,0,1,1,1,0,100.0,1888.65,1,2608,94.4325,0.03834355828220859,5,0,0,1,0,0,1,0,1,0,0,1,0,1,0,0,0,1,0,0,0,0,1,0
0,1,0,0,1,1,0,0,0,0,0,0,0,1,71.15,71.15,1,5287,35.575,0.013457537355778326,1,1,1,1,1,1,1,0,1,0,1,0,0,0,0,1,0,0,0,0,1,0,0,1
0,0,0,0,24,0,0,0,1,1,0,1,1,1,54.15,1240.25,1,5153,49.61,0.010508441684455657,4,1,0,0,0,1,1,1,0,0,1,0,0,0,1,0,0,1,0,0,0,0,0,1
0,0,1,0,67,1,1,1,0,1,1,1,1,1,108.75,7156.2,1,5516,105.23823529411764,0.019715373459028282,7,0,0,1,0,0,0,0,1,0,0,0,1,0,1,0,0,0,0,1,0,1,0,0
0,0,1,0,6,1,0,0,0,0,1,0,0,1,49.15,270.8,1,5271,38.68571428571429,0.009324606336558527,2,1,1,0,0,0,1,1,0,0,1,0,0,0,0,1,0,0,0,0,1,0,0,1
0,0,0,1,20,1,0,0,0,0,0,0,0,1,19.4,374.5,1,3785,17.833333333333332,0.0051254953764861295,1,1,1,0,0,1,1,0,0,1,1,0,0,0,0,1,0,1,0,0,0,0,0,1
0,1,0,0,20,1,1,1,0,0,0,0,0,1,79.15,1520.9,1,4997,72.42380952380952,0.015839503702221334,3,1,1,1,1,1,0,0,1,0,1,0,0,0,0,1,0,1,0,0,0,0,0,1
0,1,1,0,46,1,0,0,0,0,0,0,1,1,80.4,3605.2,1,4876,76.7063829787234,0.016488925348646433,2,1,1,1,1,1,1,0,1,0,1,0,0,0,0,1,0,0,1,0,0,0,0,1
0,0,1,0,11,1,1,0,1,0,0,1,1,1,102.0,1145.35,1,5750,95.44583333333333,0.017739130434782608,5,1,1,1,0,1,1,0,1,0,1,0,0,0,0,1,0,0,0,0,1,1,0,0
0,0,0,0,2,1,0,0,0,0,0,0,0,0,20.65,38.7,1,3845,12.9,0.0053706111833550065,1,1,0,0,0,1,1,0,0,1,1,0,0,0,0,0,1,0,0,0,1,0,0,1
0,0,0,0,1,1,0,0,0,0,0,0,0,1,70.8,70.8,1,3901,35.4,0.01814919251473981,1,1,0,1,0,1,1,0,1,0,1,0,0,0,0,0,1,0,0,0,1,0,0,1
0,0,0,0,16,1,1,0,0,0,1,0,1,1,89.05,1448.6,1,5953,85.21176470588235,0.01495884428019486,4,1,0,1,0,0,1,0,1,0,1,0,0,0,1,0,0,1,0,0,0,1,0,0
0,0,0,0,3,1,1,0,0,0,0,1,1,1,96.6,291.9,1,3260,72.975,0.029631901840490797,4,1,1,1,0,1,1,0,1,0,1,0,0,0,0,1,0,0,0,0,1,0,1,0
0,0,1,0,57,1,1,0,1,1,0,1,1,1,104.5,5921.35,1,4471,102.09224137931035,0.02337284723775442,6,1,0,1,0,1,1,0,1,0,1,0,0,0,1,0,0,0,0,1,0,0,0,1
0,0,0,0,5,1,1,0,0,0,0,0,0,1,50.6,249.95,1,2353,41.65833333333333,0.02150446238844029,2,1,0,0,0,1,1,1,0,0,1,0,0,0,0,0,1,0,0,0,1,0,1,0
0,0,0,1,4,1,0,1,0,0,0,0,0,0,49.35,219.65,1,5858,43.93,0.008424376920450666,2,1,1,0,0,1,0,1,0,0,1,0,0,0,0,1,0,0,0,0,1,1,0,0
0,0,0,0,7,1,0,0,1,0,0,1,1,1,94.25,669.0,1,5267,83.625,0.017894437060945508,4,1,1,1,0,1,1,0,1,0,1,0,0,0,0,1,0,0,0,0,1,0,0,1
0,0,1,0,1,1,0,0,0,0,0,0,0,1,68.95,68.95,1,5644,34.475,0.012216513111268604,1,1,1,1,0,1,1,0,1,0,1,0,0,0,0,1,0,0,0,0,1,1,0,0
0,1,0,0,2,1,1,0,0,0,0,1,1,1,93.85,196.75,1,4998,65.58333333333333,0.01877751100440176,4,1,1,1,1,1,1,0,1,0,1,0,0,0,0,1,0,0,0,0,1,0,0,1
0,0,0,0,4,1,1,0,0,0,0,0,0,1,76.05,318.9,1,3685,63.779999999999994,0.020637720488466755,2,1,1,1,0,1,1,0,1,0,1,0,0,0,0,1,0,0,0,0,1,0,0,1
0,0,0,0,1,0,0,0,0,0,0,0,0,1,24.45,24.45,1,2121,12.225,0.011527581329561528,0,1,0,0,0,1,1,1,0,0,1,0,0,0,0,0,1,0,0,0,1,0,1,0
0,0,0,0,7,1,1,0,0,1,0,1,0,1,89.35,631.85,1,4154,78.98125,0.02150938854116514,4,1,0,1,0,1,1,0,1,0,1,0,0,0,1,0,0,0,0,0,1,0,0,1
0,0,1,0,4,1,0,0,0,0,0,1,0,1,80.35,307.4,1,4167,61.48,0.019282457403407727,2,1,1,1,0,1,1,0,1,0,1,0,0,0,0,1,0,0,0,0,1,0,0,1
0,1,0,0,1,1,0,1,0,1,0,0,0,1,55.8,55.8,1,5527,27.9,0.010095892889451782,3,1,1,0,1,1,0,1,0,0,1,0,0,0,0,1,0,0,0,0,1,1,0,0
0,0,0,0,1,1,0,0,0,0,0,1,0,1,79.05,79.05,1,3555,39.525,0.022236286919831223,2,1,1,1,0,1,1,0,1,0,1,0,0,0,0,1,0,0,0,0,1,0,0,1
0,0,1,0,1,1,0,1,0,0,0,1,1,1,95.0,95.0,1,4489,47.5,0.021162842503898417,4,1,1,1,0,1,0,0,1,0,1,0,0,0,0,1,0,0,0,0,1,0,0,1
0,0,0,0,1,0,0,0,0,0,0,0,0,0,25.2,25.2,1,3196,12.6,0.007884856070087608,0,1,0,0,0,1,1,1,0,0,1,0,0,0,0,0,1,0,0,0,1,0,1,0
0,1,0,0,41,1,1,0,0,1,0,1,1,1,98.4,4187.75,1,2169,99.70833333333333,0.04536652835408023,5,1,1,1,1,1,1,0,1,0,1,0,0,0,0,1,0,0,1,0,0,0,1,0
0,1,1,0,66,1,1,1,1,1,1,1,0,0,79.4,5154.6,1,5910,76.93432835820896,0.013434856175972927,7,0,0,0,1,0,0,1,0,0,0,0,1,0,1,0,0,0,0,1,0,1,0,0
0,1,0,0,35,1,1,0,0,1,0,1,1,1,101.4,3496.3,1,3689,97.11944444444445,0.02748712388181079,5,1,1,1,1,1,1,0,1,0,1,0,0,0,0,1,0,0,1,0,0,0,0,1
0,1,1,0,10,1,1,0,0,1,0,0,1,1,89.8,914.3,1,5124,83.11818181818181,0.017525370804059328,4,1,1,1,1,1,1,0,1,0,1,0,0,0,0,1,0,0,0,0,1,0,0,1
0,0,1,0,54,1,0,1,1,1,1,1,1,0,109.75,6110.2,1,6274,111.09454545454545,0.017492827542237806,7,0,0,1,0,0,0,0,1,0,0,0,1,1,0,0,0,0,0,1,0,1,0,0
0,0,0,0,2,1,0,0,0,0,0,0,0,0,19.3,28.3,1,2279,9.433333333333334,0.008468626590609917,1,0,0,0,0,1,1,0,0,1,0,1,0,0,1,0,0,0,0,0,1,0,1,0
0,1,0,0,26,1,0,0,0,0,0,1,1,1,91.25,2351.8,1,5154,87.10370370370372,0.017704695382227395,3,1,1,1,1,1,1,0,1,0,1,0,0,0,0,1,0,0,1,0,0,0,0,1
0,0,0,0,15,1,1,0,0,0,0,0,0,1,49.1,679.55,1,5209,42.471875,0.009425993472835478,2,1,1,0,0,1,1,1,0,0,1,0,0,0,0,1,0,1,0,0,0,0,0,1
0,0,0,0,31,1,1,1,0,1,1,0,0,0,65.25,1994.3,1,4403,62.321875,0.014819441290029526,5,1,0,0,0,0,0,1,0,0,1,0,0,0,1,0,0,0,1,0,0,0,0,1
0,1,0,0,18,1,1,0,1,0,1,0,0,1,85.45,1505.85,1,5145,79.25526315789473,0.016608357628765794,4,1,1,1,1,0,1,0,1,0,1,0,0,0,0,1,0,1,0,0,0,0,0,1
0,0,1,0,61,1,1,0,1,0,1,1,0,1,94.1,5638.3,1,6295,90.94032258064516,0.01494837172359015,5,0,1,1,0,0,1,0,1,0,0,0,1,0,0,1,0,0,0,1,0,1,0,0
0,1,0,0,1,1,0,0,0,0,0,0,0,1,71.65,71.65,1,5674,35.825,0.01262777581952767,1,1,1,1,1,1,1,0,1,0,1,0,0,0,0,1,0,0,0,0,1,1,0,0
0,0,1,0,24,1,1,0,1,1,0,1,1,1,104.65,2542.45,1,4734,101.698,0.02210604140261935,6,1,1,1,0,1,1,0,1,0,1,0,0,0,0,1,0,1,0,0,0,0,0,1
0,0,0,0,3,1,1,0,0,0,0,0,0,1,74.25,210.3,1,3207,52.575,0.02315247895229186,2,1,1,1,0,1,1,0,1,0,1,0,0,0,0,1,0,0,0,0,1,0,1,0
0,1,0,0,1,1,1,0,0,0,0,0,0,1,74.2,74.2,1,4684,37.1,0.015841161400512383,2,1,1,1,1,1,1,0,1,0,1,0,0,0,0,1,0,0,0,0,1,0,0,1
0,1,1,0,43,1,1,0,1,0,0,1,1,1,101.0,4388.4,1,3123,99.73636363636363,0.03234069804674992,5,1,1,1,1,1,1,0,1,0,1,0,0,0,0,1,0,0,1,0,0,0,1,0
0,0,1,0,4,1,1,0,1,0,0,1,1,1,100.2,420.2,1,2650,84.03999999999999,0.03781132075471698,5,1,1,1,0,1,1,0,1,0,1,0,0,0,0,1,0,0,0,0,1,0,1,0
0,1,1,0,25,1,1,1,0,0,0,0,1,1,89.05,2177.45,1,2673,83.74807692307692,0.0333146277590722,4,0,1,1,1,1,0,0,1,0,0,1,0,0,0,1,0,0,1,0,0,0,1,0
0,0,1,0,57,1,0,1,0,0,0,1,1,1,70.1,3913.3,1,4669,67.47068965517242,0.015013921610623258,4,0,0,0,0,1,0,1,0,0,0,1,0,1,0,0,0,0,0,1,0,0,0,1
0,0,0,0,4,1,0,0,1,1,1,1,1,1,105.65,443.9,1,4663,88.78,0.02265708771177354,6,0,1,1,0,0,1,0,1,0,0,1,0,0,0,1,0,0,0,0,1,0,0,1
0,1,1,0,36,1,1,0,1,0,0,1,1,1,96.5,3436.1,1,4652,92.86756756756756,0.020743766122098023,5,1,1,1,1,1,1,0,1,0,1,0,0,0,0,1,0,0,1,0,0,0,0,1
0,1,1,0,1,1,0,0,0,0,0,0,0,0,70.85,70.85,1,3022,35.425,0.02344473858371939,1,1,0,1,1,1,1,0,1,0,1,0,0,0,0,0,1,0,0,0,1,0,1,0
0,0,0,0,35,1,1,1,0,1,1,1,1,1,85.95,3110.1,1,3833,86.39166666666667,0.022423689016436214,7,0,0,0,0,0,0,1,0,0,0,1,0,0,1,0,0,0,1,0,0,0,0,1
0,0,0,0,4,1,0,0,0,1,0,0,0,1,73.9,280.85,1,4479,56.17,0.016499218575574907,2,1,1,1,0,1,1,0,1,0,1,0,0,0,0,1,0,0,0,0,1,0,0,1
0,0,1,0,58,1,1,1,1,1,0,1,1,1,109.45,6144.55,1,6424,104.14491525423729,0.01703767123287671,7,0,0,1,0,1,0,0,1,0,0,0,1,1,0,0,0,0,0,1,0,1,0,0
0,0,0,0,30,1,1,0,1,0,0,1,1,1,100.2,2983.8,1,3598,96.25161290322582,0.02784880489160645,5,1,1,1,0,1,1,0,1,0,1,0,0,0,0,1,0,0,1,0,0,0,0,1
0,0,1,0,21,1,0,0,1,0,0,0,0,1,74.05,1565.7,1,5630,71.16818181818182,0.013152753108348134,2,1,0,1,0,1,1,0,1,0,1,0,0,1,0,0,0,1,0,0,0,1,0,0
0,0,0,0,3,1,1,0,0,1,0,1,1,1,101.55,298.35,1,4480,74.5875,0.022667410714285713,5,1,0,1,0,1,1,0,1,0,1,0,0,1,0,0,0,0,0,0,1,0,0,1
0,1,1,0,41,1,1,0,1,1,1,1,1,1,111.95,4534.9,1,3711,107.97380952380952,0.03016707087038534,7,0,1,1,1,0,1,0,1,0,0,1,0,0,0,1,0,0,1,0,0,0,0,1
0,0,1,0,21,0,0,1,0,1,0,1,1,1,55.95,1157.05,1,5531,52.59318181818182,0.010115711444585066,4,0,1,0,0,1,0,1,0,0,0,1,0,0,0,1,0,1,0,0,0,1,0,0
0,0,0,0,1,1,0,0,0,0,0,0,0,0,45.75,45.75,1,3531,22.875,0.012956669498725574,1,1,1,0,0,1,1,1,0,0,1,0,0,0,0,1,0,0,0,0,1,0,0,1
0,0,0,0,11,1,0,0,1,0,0,0,0,0,74.95,815.5,1,4251,67.95833333333333,0.01763114561279699,2,1,1,1,0,1,1,0,1,0,1,0,0,0,0,1,0,0,0,0,1,0,0,1
0,0,0,0,1,1,0,0,0,0,0,0,1,0,80.15,80.15,1,3947,40.075,0.020306561945781607,2,1,0,1,0,1,1,0,1,0,1,0,0,0,1,0,0,0,0,0,1,0,0,1
0,0,1,0,72,1,1,0,1,1,1,1,1,1,109.25,8109.8,1,4261,111.09315068493152,0.02563952123914574,7,0,1,1,0,0,1,0,1,0,0,1,0,0,0,1,0,0,0,1,0,0,0,1
0,0,0,0,3,0,0,0,0,0,0,1,0,0,35.2,108.95,1,5450,27.2375,0.006458715596330275,1,1,0,0,0,1,1,1,0,0,1,0,0,0,1,0,0,0,0,0,1,1,0,0
0,0,1,0,1,1,0,0,0,0,0,1,0,0,78.8,78.8,1,5075,39.4,0.015527093596059112,2,1,1,1,0,1,1,0,1,0,1,0,0,0,0,1,0,0,0,0,1,0,0,1
0,0,0,0,47,1,1,0,1,1,0,1,1,1,106.4,5127.95,1,4804,106.83229166666666,0.022148209825145714,6,1,1,1,0,1,1,0,1,0,1,0,0,0,0,1,0,0,1,0,0,0,0,1
0,0,0,0,18,1,0,1,0,0,0,0,0,0,49.4,874.8,1,4028,46.04210526315789,0.012264150943396225,2,1,1,0,0,1,0,1,0,0,1,0,0,0,0,1,0,1,0,0,0,0,0,1
0,1,0,0,1,1,0,0,0,0,0,0,0,0,69.1,69.1,1,2767,34.55,0.024972894831947957,1,1,1,1,1,1,1,0,1,0,1,0,0,0,0,1,0,0,0,0,1,0,1,0
0,0,1,0,20,1,0,0,0,0,0,1,1,1,90.2,1776.55,1,2058,84.59761904761905,0.043828960155490766,3,1,1,1,0,1,1,0,1,0,1,0,0,0,0,1,0,1,0,0,0,0,1,0
0,0,0,0,6,1,1,0,0,0,0,1,1,1,93.55,536.4,1,5617,76.62857142857142,0.016654797934840662,4,1,0,1,0,1,1,0,1,0,1,0,0,1,0,0,0,0,0,0,1,1,0,0
0,0,0,0,1,1,0,0,0,0,0,0,1,1,80.85,80.85,1,3096,40.425,0.026114341085271317,2,1,0,1,0,1,1,0,1,0,1,0,0,0,0,0,1,0,0,0,1,0,1,0
0,0,1,0,48,1,1,0,0,0,0,0,1,1,82.05,4029.95,1,3365,82.2438775510204,0.02438335809806835,3,0,0,1,0,1,1,0,1,0,0,1,0,0,0,0,1,0,1,0,0,0,1,0
0,0,1,0,3,1,0,0,0,0,0,0,0,1,20.55,51.15,1,4115,12.7875,0.004993924665856622,1,1,0,0,0,1,1,0,0,1,1,0,0,0,1,0,0,0,0,0,1,0,0,1
0,1,0,0,2,1,1,0,0,1,0,0,0,1,78.55,149.55,1,5203,49.85,0.015097059388814145,3,1,1,1,1,1,1,0,1,0,1,0,0,0,0,1,0,0,0,0,1,0,0,1
0,0,0,0,1,1,0,0,0,0,0,0,1,0,78.65,78.65,1,2728,39.325,0.028830645161290323,2,1,1,1,0,1,1,0,1,0,1,0,0,0,0,1,0,0,0,0,1,0,1,0
0,0,0,0,1,1,0,0,0,0,0,0,0,1,42.9,42.9,1,4895,21.45,0.008764044943820224,1,1,1,0,0,1,1,1,0,0,1,0,0,0,0,1,0,0,0,0,1,0,0,1
0,0,0,0,3,0,0,1,0,0,1,0,0,0,34.25,139.35,1,2802,34.8375,0.012223411848679514,2,1,0,0,0,0,0,1,0,0,1,0,0,0,0,0,1,0,0,0,1,0,1,0
0,0,0,0,9,0,0,1,0,1,1,1,1,0,58.5,539.85,1,3032,53.985,0.019294195250659632,5,1,0,0,0,0,0,1,0,0,1,0,0,0,0,0,1,0,0,0,1,0,1,0
0,1,0,0,49,1,1,0,0,0,0,1,1,1,96.2,4718.25,1,5904,94.365,0.016294037940379404,4,1,1,1,1,1,1,0,1,0,1,0,0,0,0,1,0,0,0,1,0,1,0,0
0,1,0,0,6,1,0,0,0,1,0,0,0,0,74.4,434.1,1,3964,62.01428571428572,0.018768920282542886,2,1,1,1,1,1,1,0,1,0,1,0,0,0,0,1,0,0,0,0,1,0,0,1
0,0,1,0,6,1,1,0,1,1,0,1,1,1,105.3,545.2,1,4163,77.88571428571429,0.02529425894787413,6,1,1,1,0,1,1,0,1,0,1,0,0,0,0,1,0,0,0,0,1,0,0,1
0,0,1,0,16,1,1,0,0,0,0,0,0,1,73.85,1284.2,1,3226,75.54117647058824,0.022892126472411654,2,1,0,1,0,1,1,0,1,0,1,0,0,1,0,0,0,1,0,0,0,0,1,0
0,1,1,0,7,1,1,0,0,0,0,0,1,1,84.55,646.85,1,5245,80.85625,0.016120114394661583,3,1,1,1,1,1,1,0,1,0,1,0,0,0,0,1,0,0,0,0,1,0,0,1
0,0,0,0,25,1,1,0,0,0,0,0,0,0,24.75,692.1,1,4931,26.61923076923077,0.005019265868992091,2,0,0,0,0,1,1,0,0,1,0,0,1,0,1,0,0,0,1,0,0,0,0,1
0,1,0,0,20,1,1,0,0,0,0,0,1,1,85.8,1727.5,1,3336,82.26190476190476,0.025719424460431652,3,1,0,1,1,1,1,0,1,0,1,0,0,0,1,0,0,1,0,0,0,0,1,0
0,0,0,0,4,0,0,0,0,0,0,0,0,1,24.45,86.6,1,4909,17.32,0.004980647789773885,0,1,1,0,0,1,1,1,0,0,1,0,0,0,0,1,0,0,0,0,1,0,0,1
0,0,0,0,28,1,1,0,1,1,0,1,1,1,105.7,2979.5,1,2464,102.74137931034483,0.042897727272727275,6,1,1,1,0,1,1,0,1,0,1,0,0,0,0,1,0,0,1,0,0,0,1,0
0,0,0,0,1,0,0,0,0,0,0,0,0,1,24.25,24.25,1,2846,12.125,0.008520730850316233,0,1,1,0,0,1,1,1,0,0,1,0,0,0,0,1,0,0,0,0,1,0,1,0
0,0,0,0,11,1,1,0,0,0,0,0,0,1,76.5,837.95,1,2291,69.82916666666667,0.033391532082060235,2,1,1,1,0,1,1,0,1,0,1,0,0,0,0,1,0,0,0,0,1,0,1,0
0,0,0,0,4,1,1,0,1,0,1,0,1,1,93.5,362.2,1,4554,72.44,0.020531400966183576,5,1,1,1,0,0,1,0,1,0,1,0,0,0,0,1,0,0,0,0,1,0,0,1
0,1,1,0,54,1,1,0,1,0,0,1,1,1,101.5,5373.1,1,6405,97.69272727272728,0.015846994535519125,5,0,0,1,1,1,1,0,1,0,0,1,0,0,1,0,0,0,0,1,0,1,0,0
0,0,0,0,28,1,0,1,0,0,0,0,0,1,74.9,2068.55,1,5392,71.32931034482759,0.013890949554896144,2,1,0,1,0,1,0,0,1,0,1,0,0,1,0,0,0,0,1,0,0,1,0,0
0,1,0,0,2,1,0,0,0,0,0,0,0,1,69.6,131.65,1,4596,43.88333333333333,0.015143603133159267,1,1,1,1,1,1,1,0,1,0,1,0,0,0,0,1,0,0,0,0,1,0,0,1
0,0,0,0,1,1,1,0,0,0,0,0,0,1,24.05,24.05,1,3162,12.025,0.007605945604048071,2,1,0,0,0,1,1,0,0,1,1,0,0,0,0,0,1,0,0,0,1,0,1,0
0,0,0,0,1,1,0,0,1,0,0,0,0,0,50.55,50.55,1,3420,25.275,0.014780701754385964,2,1,1,0,0,1,1,1,0,0,1,0,0,0,0,1,0,0,0,0,1,0,1,0
0,0,0,0,14,1,1,0,1,0,0,1,1,1,100.55,1415.55,1,5224,94.36999999999999,0.01924770290964778,5,1,1,1,0,1,1,0,1,0,1,0,0,0,0,1,0,1,0,0,0,0,0,1
0,0,1,1,1,1,0,0,0,0,0,0,0,1,20.5,20.5,1,2398,10.25,0.008548790658882402,1,1,0,0,0,1,1,0,0,1,1,0,0,0,0,0,1,0,0,0,1,0,1,0
0,0,0,0,4,1,0,0,0,1,0,0,0,1,74.8,321.9,1,5882,64.38,0.012716763005780346,2,1,0,1,0,1,1,0,1,0,1,0,0,1,0,0,0,0,0,0,1,1,0,0
0,0,1,0,20,0,0,0,0,0,0,0,0,1,24.45,482.8,1,3298,22.99047619047619,0.0074135839902971495,0,1,1,0,0,1,1,1,0,0,1,0,0,0,0,1,0,1,0,0,0,0,1,0
0,0,0,0,14,1,0,0,0,0,0,0,0,1,71.0,914.0,1,3228,60.93333333333333,0.021995043370508054,1,1,0,1,0,1,1,0,1,0,1,0,0,0,1,0,0,1,0,0,0,0,1,0
0,1,0,0,30,0,0,0,0,1,0,1,0,1,40.3,1172.95,1,3016,37.83709677419355,0.01336206896551724,2,1,1,0,1,1,1,1,0,0,1,0,0,0,0,1,0,0,1,0,0,0,1,0
0,0,0,0,3,0,0,0,1,0,0,1,1,1,50.6,155.35,1,4800,38.8375,0.010541666666666666,3,1,1,0,0,1,1,1,0,0,1,0,0,0,0,1,0,0,0,0,1,0,0,1
0,0,1,0,40,1,1,0,0,1,1,0,0,1,84.85,3303.05,1,5764,80.56219512195122,0.014720680083275503,4,1,1,1,0,0,1,0,1,0,1,0,0,0,0,1,0,0,1,0,0,1,0,0
0,0,1,1,2,1,0,0,0,0,0,1,1,0,65.7,134.35,1,4265,44.78333333333333,0.015404454865181712,3,1,0,0,0,1,1,1,0,0,1,0,0,0,0,0,1,0,0,0,1,0,0,1
0,0,0,0,1,1,0,0,0,0,0,0,0,0,70.5,70.5,1,4123,35.25,0.01709919961193306,1,1,1,1,0,1,1,0,1,0,1,0,0,0,0,1,0,0,0,0,1,0,0,1
0,0,0,0,10,1,1,0,1,1,0,0,1,1,94.85,953.45,1,3074,86.67727272727274,0.03085556278464541,5,1,1,1,0,1,1,0,1,0,1,0,0,0,0,1,0,0,0,0,1,0,1,0
0,0,0,0,1,1,0,0,0,0,0,0,0,0,19.75,19.75,1,4851,9.875,0.004071325499896928,1,1,0,0,0,1,1,0,0,1,1,0,0,0,0,0,1,0,0,0,1,0,0,1
0,0,1,1,14,1,0,1,1,0,0,1,0,1,65.45,937.6,1,2881,62.50666666666667,0.022717806317250955,4,1,1,0,0,1,0,1,0,0,1,0,0,0,0,1,0,1,0,0,0,0,1,0
0,1,1,0,58,1,1,0,0,1,0,1,1,1,98.7,5812.6,1,4662,98.51864406779661,0.021171171171171174,5,1,1,1,1,1,1,0,1,0,1,0,0,0,0,1,0,0,0,1,0,0,0,1
0,0,1,0,22,1,0,1,0,1,1,1,0,1,67.5,1544.05,1,3378,67.13260869565217,0.019982238010657193,5,0,0,0,0,0,0,1,0,0,0,1,0,1,0,0,0,1,0,0,0,0,1,0
0,0,0,0,1,1,0,0,0,0,0,0,0,1,69.6,69.6,1,2412,34.8,0.028855721393034824,1,1,1,1,0,1,1,0,1,0,1,0,0,0,0,1,0,0,0,0,1,0,1,0
0,0,1,0,49,1,1,1,0,1,1,1,1,0,84.35,4059.35,1,6452,81.187,0.013073465592064475,7,0,1,0,0,0,0,1,0,0,0,1,0,0,0,1,0,0,0,1,0,1,0,0
0,1,1,0,68,1,1,0,1,0,0,1,1,1,100.2,6851.65,1,4481,99.29927536231884,0.022361080116045526,5,1,1,1,1,1,1,0,1,0,1,0,0,0,0,1,0,0,0,1,0,0,0,1
0,0,0,0,1,1,0,0,0,0,0,1,0,0,78.05,78.05,1,3458,39.025,0.02257085020242915,2,1,1,1,0,1,1,0,1,0,1,0,0,0,0,1,0,0,0,0,1,0,1,0
0,0,0,0,7,1,1,0,0,0,0,0,0,0,73.6,520.0,1,2679,65.0,0.027472937663307204,2,1,1,1,0,1,1,0,1,0,1,0,0,0,0,1,0,0,0,0,1,0,1,0
0,0,0,0,9,1,1,0,0,0,0,0,0,1,74.75,706.6,1,5003,70.66,0.014941035378772737,2,1,1,1,0,1,1,0,1,0,1,0,0,0,0,1,0,0,0,0,1,0,0,1
0,0,0,0,1,1,0,0,0,0,0,0,0,1,20.2,20.2,1,5355,10.1,0.003772175536881419,1,1,0,0,0,1,1,0,0,1,1,0,0,0,0,0,1,0,0,0,1,0,0,1
0,1,1,0,24,1,1,0,0,0,0,1,1,1,93.55,2264.05,1,4937,90.56200000000001,0.018948754304233338,4,1,1,1,1,1,1,0,1,0,1,0,0,0,0,1,0,1,0,0,0,0,0,1
0,0,0,0,2,0,0,0,0,0,0,0,0,1,25.05,56.35,1,4810,18.783333333333335,0.005207900207900208,0,1,1,0,0,1,1,1,0,0,1,0,0,0,0,1,0,0,0,0,1,0,0,1
0,1,1,0,27,1,1,0,1,1,0,0,1,1,95.55,2510.2,1,2999,89.64999999999999,0.03186062020673558,5,1,1,1,1,1,1,0,1,0,1,0,0,0,0,1,0,0,1,0,0,0,1,0
0,0,0,0,57,0,0,0,1,0,0,1,0,1,39.3,2111.45,1,4917,36.404310344827586,0.00799267846247712,2,1,1,0,0,1,1,1,0,0,1,0,0,0,0,1,0,0,0,1,0,0,0,1
0,0,0,0,1,1,0,0,0,0,0,0,0,1,20.25,20.25,1,2783,10.125,0.007276320517427237,1,1,0,0,0,1,1,0,0,1,1,0,0,0,0,0,1,0,0,0,1,0,1,0
0,0,0,0,13,0,0,0,0,0,0,0,0,1,23.9,300.8,1,2967,21.485714285714288,0.008055274688237276,0,1,1,0,0,1,1,1,0,0,1,0,0,0,0,1,0,1,0,0,0,0,1,0
0,0,0,0,1,1,0,0,0,1,0,1,0,1,85.45,85.45,1,4931,42.725,0.0173291421618333,3,1,1,1,0,1,1,0,1,0,1,0,0,0,0,1,0,0,0,0,1,0,0,1
0,0,0,0,63,1,1,0,1,0,0,1,1,0,99.9,6137.0,1,4776,95.890625,0.02091708542713568,5,0,0,1,0,1,1,0,1,0,0,1,0,1,0,0,0,0,0,1,0,0,0,1
0,0,0,0,25,1,1,0,0,0,0,0,1,1,84.8,2043.45,1,4203,78.59423076923078,0.020176064715679277,3,1,1,1,0,1,1,0,1,0,1,0,0,0,0,1,0,0,1,0,0,0,0,1
0,0,1,0,35,1,1,0,0,0,0,0,0,1,75.2,2576.2,1,4639,71.5611111111111,0.016210390170295325,2,1,1,1,0,1,1,0,1,0,1,0,0,0,0,1,0,0,1,0,0,0,0,1
0,0,1,0,71,0,0,0,1,0,0,1,1,0,49.35,3515.25,1,4879,48.822916666666664,0.010114777618364419,3,0,1,0,0,1,1,1,0,0,0,0,1,0,0,1,0,0,0,1,0,0,0,1
0,0,0,0,6,1,1,0,0,0,0,0,0,1,74.9,469.8,1,4160,67.11428571428571,0.018004807692307695,2,1,1,1,0,1,1,0,1,0,1,0,0,0,0,1,0,0,0,0,1,0,0,1
0,0,0,0,15,1,0,0,1,1,0,1,1,1,101.25,1457.25,1,3968,91.078125,0.02551663306451613,5,1,1,1,0,1,1,0,1,0,1,0,0,0,0,1,0,1,0,0,0,0,0,1
0,0,0,0,9,1,0,0,0,0,0,0,0,1,18.95,185.6,1,5403,18.56,0.0035073107532852116,1,1,0,0,0,1,1,0,0,1,1,0,0,0,0,0,1,0,0,0,1,1,0,0
0,0,0,0,37,0,0,0,0,0,1,0,0,0,28.6,973.55,1,4429,25.61973684210526,0.006457439602619102,1,1,0,0,0,0,1,1,0,0,1,0,0,0,1,0,0,0,1,0,0,0,0,1
0,1,0,0,2,0,0,0,0,0,0,0,0,0,24.35,41.85,1,3278,13.950000000000001,0.007428309945088469,0,1,1,0,1,1,1,1,0,0,1,0,0,0,0,1,0,0,0,0,1,0,1,0
0,1,0,0,29,1,1,0,0,0,1,1,1,0,98.65,2862.75,1,4235,95.425,0.023293978748524204,5,1,1,1,1,0,1,0,1,0,1,0,0,0,0,1,0,0,1,0,0,0,0,1
0,1,1,0,5,1,1,0,0,1,0,0,0,1,79.9,343.95,1,4324,57.324999999999996,0.01847826086956522,3,1,0,1,1,1,1,0,1,0,1,0,0,1,0,0,0,0,0,0,1,0,0,1
0,1,0,0,28,1,1,0,0,1,1,1,1,1,103.3,2890.65,1,4136,99.67758620689655,0.024975822050290135,6,1,1,1,1,0,1,0,1,0,1,0,0,0,0,1,0,0,1,0,0,0,0,1
0,0,1,0,11,1,1,1,0,0,1,1,0,1,96.2,1222.05,1,3101,101.83749999999999,0.031022250886810706,5,1,0,1,0,0,0,0,1,0,1,0,0,0,1,0,0,0,0,0,1,0,1,0
0,0,1,0,55,1,1,0,0,1,1,1,1,1,104.15,5743.05,1,4369,102.55446428571429,0.023838406958113987,6,0,1,1,0,0,1,0,1,0,0,1,0,0,0,1,0,0,0,1,0,0,0,1
0,1,0,0,24,1,1,0,1,1,0,1,1,1,102.95,2496.7,1,5245,99.868,0.019628217349857008,6,1,0,1,1,1,1,0,1,0,1,0,0,0,1,0,0,1,0,0,0,0,0,1
0,0,0,0,1,1,0,0,0,0,0,1,1,0,90.6,90.6,1,2540,45.3,0.035669291338582675,3,1,1,1,0,1,1,0,1,0,1,0,0,0,0,1,0,0,0,0,1,0,1,0
0,0,0,0,6,1,0,0,0,0,1,0,0,1,50.8,288.05,1,4713,41.15,0.010778697220454063,2,1,0,0,0,0,1,1,0,0,1,0,0,1,0,0,0,0,0,0,1,0,0,1
0,0,0,0,4,1,1,0,1,0,0,0,1,1,90.05,368.1,1,3212,73.62,0.02803549190535492,4,1,1,1,0,1,1,0,1,0,1,0,0,0,0,1,0,0,0,0,1,0,1,0
0,0,1,0,3,1,1,0,0,0,0,0,0,1,75.85,256.6,1,4062,64.15,0.018673067454455933,2,1,1,1,0,1,1,0,1,0,1,0,0,0,0,1,0,0,0,0,1,0,0,1
0,0,1,0,1,1,0,0,0,0,0,0,0,1,68.5,68.5,1,5753,34.25,0.011906831218494698,1,1,1,1,0,1,1,0,1,0,1,0,0,0,0,1,0,0,0,0,1,1,0,0
0,0,0,0,11,1,0,1,0,0,0,0,0,1,73.5,791.75,1,4509,65.97916666666667,0.016300731869594146,2,1,1,1,0,1,0,0,1,0,1,0,0,0,0,1,0,0,0,0,1,0,0,1
0,0,0,0,1,1,0,0,0,0,0,0,0,1,69.95,69.95,1,5341,34.975,0.013096798352368471,1,1,0,1,0,1,1,0,1,0,1,0,0,0,0,0,1,0,0,0,1,0,0,1
0,0,0,0,5,1,0,0,0,1,0,1,1,1,70.05,346.4,1,4944,57.73333333333333,0.01416868932038835,4,1,1,0,0,1,1,1,0,0,1,0,0,0,0,1,0,0,0,0,1,0,0,1
0,0,0,0,8,1,1,0,1,1,0,1,0,1,94.0,773.65,1,2632,85.96111111111111,0.03571428571428571,5,1,1,1,0,1,1,0,1,0,1,0,0,0,0,1,0,0,0,0,1,0,1,0
0,0,1,1,22,1,0,1,1,1,0,0,0,0,61.15,1422.05,1,4626,61.82826086956521,0.013218763510592304,4,1,0,0,0,1,0,1,0,0,1,0,0,0,0,0,1,1,0,0,0,0,0,1
0,0,1,0,29,1,1,1,1,0,0,0,0,1,84.45,2467.1,1,2651,82.23666666666666,0.03185590343266692,4,1,1,1,0,1,0,0,1,0,1,0,0,0,0,1,0,0,1,0,0,0,1,0
0,0,1,0,13,1,1,0,0,1,0,1,1,1,75.3,989.45,1,4800,70.675,0.0156875,5,0,0,0,0,1,1,1,0,0,0,1,0,0,0,0,1,1,0,0,0,0,0,1
0,1,1,0,43,1,1,1,0,1,1,1,1,1,109.55,4830.25,1,5863,109.7784090909091,0.018684973563022345,7,0,0,1,1,0,0,0,1,0,0,1,0,0,0,0,1,0,1,0,0,1,0,0
0,0,0,0,3,1,0,0,0,0,0,0,0,1,19.6,59.75,1,5000,14.9375,0.00392,1,1,0,0,0,1,1,0,0,1,1,0,0,0,0,0,1,0,0,0,1,0,0,1
0,1,0,0,2,1,0,1,0,1,0,1,0,0,66.4,94.55,1,4522,31.516666666666666,0.014683768244139762,4,1,0,0,1,1,0,1,0,0,1,0,0,1,0,0,0,0,0,0,1,0,0,1
0,1,1,0,66,1,1,0,0,0,1,1,1,1,100.05,6871.9,1,4512,102.56567164179104,0.022174202127659574,5,1,0,1,1,0,1,0,1,0,1,0,0,0,1,0,0,0,0,1,0,0,0,1
0,0,0,0,62,1,1,1,1,0,1,0,1,0,102.0,6529.25,1,5090,103.63888888888889,0.020039292730844795,6,0,1,1,0,0,0,0,1,0,0,1,0,0,0,1,0,0,0,1,0,0,0,1
0,0,1,0,17,1,1,1,1,1,0,0,0,0,90.2,1454.15,1,2026,80.78611111111111,0.04452122408687068,5,1,0,1,0,1,0,0,1,0,1,0,0,0,1,0,0,1,0,0,0,0,1,0
0,0,1,0,56,1,1,0,0,0,0,0,0,1,25.15,1327.15,1,6484,23.283333333333335,0.003878778531770512,2,0,0,0,0,1,1,0,0,1,0,0,1,0,1,0,0,0,0,1,0,1,0,0
0,0,0,0,31,1,1,0,0,0,1,0,0,1,79.85,2404.15,1,2554,75.1296875,0.03126468285043069,3,1,0,1,0,0,1,0,1,0,1,0,0,0,1,0,0,0,1,0,0,0,1,0
0,0,0,0,2,1,0,0,1,0,0,0,0,1,49.6,114.7,1,3599,38.233333333333334,0.01378160600166713,2,1,0,0,0,1,1,1,0,0,1,0,0,0,0,0,1,0,0,0,1,0,0,1
0,1,1,0,66,1,1,0,0,1,1,1,1,1,105.95,6975.25,1,6117,104.10820895522389,0.01732058198463299,6,0,0,1,1,0,1,0,1,0,0,1,0,0,1,0,0,0,0,1,0,1,0,0
0,0,0,0,3,1,1,0,0,1,0,0,1,0,91.85,257.05,1,2704,64.2625,0.033968195266272184,4,1,1,1,0,1,1,0,1,0,1,0,0,0,0,1,0,0,0,0,1,0,1,0
0,0,1,1,1,0,0,0,0,0,1,1,0,0,40.1,40.1,1,5434,20.05,0.007379462642620537,2,1,1,0,0,0,1,1,0,0,1,0,0,0,0,1,0,0,0,0,1,1,0,0
0,1,0,0,31,1,1,0,0,0,0,0,0,1,73.9,2217.15,1,2560,69.2859375,0.028867187500000002,2,1,1,1,1,1,1,0,1,0,1,0,0,0,0,1,0,0,1,0,0,0,1,0
0,0,0,0,14,1,0,0,0,0,0,1,1,1,89.8,1129.1,1,4107,75.27333333333333,0.021865108351594838,3,1,0,1,0,1,1,0,1,0,1,0,0,0,0,0,1,1,0,0,0,0,0,1
0,0,1,1,35,1,1,1,0,1,1,1,0,0,72.25,2568.55,1,5898,71.34861111111111,0.012249915225500169,6,1,1,0,0,0,0,1,0,0,1,0,0,0,0,1,0,0,1,0,0,1,0,0
0,1,0,0,37,1,1,0,0,0,0,1,1,1,96.55,3580.3,1,4448,94.21842105263158,0.02170638489208633,4,1,1,1,1,1,1,0,1,0,1,0,0,0,0,1,0,0,1,0,0,0,0,1
0,0,0,0,7,0,0,0,1,0,0,0,1,1,40.1,293.3,1,4414,36.6625,0.009084730403262348,2,1,0,0,0,1,1,1,0,0,1,0,0,0,1,0,0,0,0,0,1,0,0,1
0,1,0,0,24,1,1,0,1,0,0,1,1,1,101.25,2440.15,1,4287,97.60600000000001,0.023617914625612316,5,1,1,1,1,1,1,0,1,0,1,0,0,0,0,1,0,1,0,0,0,0,0,1
0,0,0,0,1,1,0,0,0,0,0,1,0,0,79.55,79.55,1,5082,39.775,0.015653286107831562,2,1,1,1,0,1,1,0,1,0,1,0,0,0,0,1,0,0,0,0,1,0,0,1
0,0,0,0,32,1,1,0,0,0,0,1,0,0,84.05,2781.85,1,3553,84.29848484848485,0.02365606529693217,3,0,1,1,0,1,1,0,1,0,0,1,0,0,0,1,0,0,1,0,0,0,0,1
0,0,0,0,1,1,0,0,0,0,0,1,1,1,89.1,89.1,1,2905,44.55,0.030671256454388982,3,1,1,1,0,1,1,0,1,0,1,0,0,0,0,1,0,0,0,0,1,0,1,0
0,0,1,0,17,1,1,1,0,1,0,1,0,0,94.4,1607.2,1,4103,89.28888888888889,0.02300755544723373,5,1,1,1,0,1,0,0,1,0,1,0,0,0,0,1,0,1,0,0,0,0,0,1
0,0,0,0,19,1,0,0,1,1,0,0,0,1,78.25,1490.95,1,3666,74.5475,0.021344789961811238,3,1,1,1,0,1,1,0,1,0,1,0,0,0,0,1,0,1,0,0,0,0,0,1
0,1,0,0,2,1,0,0,0,0,0,0,0,1,44.15,92.65,1,5655,30.883333333333336,0.007807250221043324,1,1,1,0,1,1,1,1,0,0,1,0,0,0,0,1,0,0,0,0,1,1,0,0
0,1,0,0,8,1,1,0,0,0,0,0,0,1,75.75,606.25,1,4174,67.36111111111111,0.018148059415428845,2,1,1,1,1,1,1,0,1,0,1,0,0,0,0,1,0,0,0,0,1,0,0,1
0,0,0,0,1,1,0,0,0,0,0,0,0,1,19.1,19.1,1,5890,9.55,0.003242784380305603,1,1,0,0,0,1,1,0,0,1,1,0,0,0,0,0,1,0,0,0,1,1,0,0
0,1,1,0,1,1,1,1,0,0,0,0,0,1,80.3,80.3,1,4138,40.15,0.019405509908168198,3,1,1,1,1,1,0,0,1,0,1,0,0,0,0,1,0,0,0,0,1,0,0,1
0,0,0,0,1,1,0,0,0,1,0,0,0,1,74.9,74.9,1,5919,37.45,0.01265416455482345,2,1,1,1,0,1,1,0,1,0,1,0,0,0,0,1,0,0,0,0,1,1,0,0
0,1,0,0,9,1,0,0,0,0,0,1,0,1,80.85,751.65,1,5242,75.16499999999999,0.015423502479969476,2,1,1,1,1,1,1,0,1,0,1,0,0,0,0,1,0,0,0,0,1,0,0,1
0,0,0,0,3,0,0,0,0,0,0,0,0,0,24.75,66.95,1,3503,16.7375,0.007065372537824722,0,1,1,0,0,1,1,1,0,0,1,0,0,0,0,1,0,0,0,0,1,0,0,1
0,1,0,0,49,1,1,0,0,1,0,0,1,1,90.85,4515.85,1,5651,90.31700000000001,0.016076800566271456,4,1,0,1,1,1,1,0,1,0,1,0,0,0,1,0,0,0,0,1,0,1,0,0
0,0,1,0,2,1,0,0,1,1,0,0,0,0,79.7,165.0,1,3039,55.0,0.02622573214873314,3,1,0,1,0,1,1,0,1,0,1,0,0,1,0,0,0,0,0,0,1,0,1,0
0,0,1,0,55,1,0,1,1,0,1,0,0,0,57.55,3046.4,1,5463,54.4,0.01053450485081457,4,0,0,0,0,0,0,1,0,0,0,0,1,1,0,0,0,0,0,1,0,1,0,0
0,0,1,0,21,1,1,0,0,0,0,0,1,1,86.5,1808.7,1,2036,82.21363636363637,0.042485265225933204,3,1,1,1,0,1,1,0,1,0,1,0,0,0,0,1,0,1,0,0,0,0,1,0
0,0,1,0,69,1,1,0,1,1,0,1,1,1,103.95,7446.9,1,4283,106.38428571428571,0.024270371235115575,6,1,1,1,0,1,1,0,1,0,1,0,0,0,0,1,0,0,0,1,0,0,0,1
0,1,0,0,1,0,0,0,0,0,0,0,0,1,25.1,25.1,1,5437,12.55,0.004616516461283796,0,1,1,0,1,1,1,1,0,0,1,0,0,0,0,1,0,0,0,0,1,1,0,0
0,0,0,0,39,0,0,1,1,0,1,1,0,1,48.95,1880.85,1,3080,47.021249999999995,0.015892857142857143,4,1,0,0,0,0,0,1,0,0,1,0,0,0,1,0,0,0,1,0,0,0,1,0
0,0,1,0,6,1,0,0,1,0,0,0,1,1,83.55,477.55,1,4242,68.22142857142858,0.019695898161244695,3,1,0,1,0,1,1,0,1,0,1,0,0,0,1,0,0,0,0,0,1,0,0,1
0,1,0,0,17,1,0,0,1,1,0,1,0,1,89.15,1496.9,1,5082,83.16111111111111,0.017542306178669816,4,1,1,1,1,1,1,0,1,0,1,0,0,0,0,1,0,1,0,0,0,0,0,1
0,0,0,0,1,1,0,0,0,0,0,0,0,1,70.45,70.45,1,3525,35.225,0.01998581560283688,1,1,0,1,0,1,1,0,1,0,1,0,0,0,0,0,1,0,0,0,1,0,0,1
0,0,1,0,58,1,0,1,1,1,0,0,0,0,60.3,3563.8,1,4026,60.40338983050848,0.014977645305514157,4,0,0,0,0,1,0,1,0,0,0,1,0,0,1,0,0,0,0,1,0,0,0,1
0,0,0,1,1,0,0,0,0,0,0,0,0,0,24.75,24.75,1,3001,12.375,0.008247250916361214,0,1,1,0,0,1,1,1,0,0,1,0,0,0,0,1,0,0,0,0,1,0,1,0
0,0,1,0,19,1,1,0,0,1,1,1,1,0,103.3,2012.7,1,2349,100.635,0.04397616006811409,6,1,1,1,0,0,1,0,1,0,1,0,0,0,0,1,0,1,0,0,0,0,1,0
0,0,0,0,3,1,0,0,0,0,0,1,0,1,78.5,242.05,1,3567,60.5125,0.022007289038407627,2,1,1,1,0,1,1,0,1,0,1,0,0,0,0,1,0,0,0,0,1,0,0,1
0,0,0,0,3,1,0,0,0,0,0,0,0,0,19.85,63.75,1,3398,15.9375,0.005841671571512655,1,1,0,0,0,1,1,0,0,1,1,0,0,0,0,0,1,0,0,0,1,0,1,0
0,1,0,0,3,1,0,0,0,0,0,1,0,1,79.9,260.9,1,4367,65.225,0.018296313258529883,2,1,1,1,1,1,1,0,1,0,1,0,0,0,0,1,0,0,0,0,1,0,0,1
0,1,0,0,30,1,1,0,1,0,0,1,1,1,99.7,2967.35,1,3548,95.72096774193548,0.02810033821871477,5,1,1,1,1,1,1,0,1,0,1,0,0,0,0,1,0,0,1,0,0,0,0,1
0,0,0,0,15,1,1,0,1,0,1,0,0,1,58.6,939.7,1,2003,58.73125,0.02925611582626061,4,1,0,0,0,0,1,1,0,0,1,0,0,0,1,0,0,1,0,0,0,0,1,0
0,0,1,0,10,1,1,0,0,1,0,1,1,1,98.5,1037.75,1,4501,94.3409090909091,0.021884025772050654,5,1,1,1,0,1,1,0,1,0,1,0,0,0,0,1,0,0,0,0,1,0,0,1
0,0,0,0,1,1,0,0,0,1,0,0,0,1,50.45,50.45,1,2806,25.225,0.017979330007127585,2,1,0,0,0,1,1,1,0,0,1,0,0,0,0,0,1,0,0,0,1,0,1,0
0,0,1,0,38,1,1,0,1,1,0,1,0,1,94.65,3624.3,1,3498,92.93076923076923,0.027058319039451117,5,1,1,1,0,1,1,0,1,0,1,0,0,0,0,1,0,0,1,0,0,0,0,1
0,0,0,0,1,1,1,0,1,0,0,1,1,1,100.25,100.25,1,5797,50.125,0.01729342763498361,5,1,0,1,0,1,1,0,1,0,1,0,0,0,1,0,0,0,0,0,1,1,0,0
0,0,0,0,16,1,1,0,0,1,0,0,1,1,88.45,1422.1,1,5186,83.65294117647058,0.017055534130350946,4,1,1,1,0,1,1,0,1,0,1,0,0,0,0,1,0,1,0,0,0,0,0,1
0,0,0,0,1,1,0,0,0,0,0,0,0,1,69.85,69.85,1,4548,34.925,0.015358399296394019,1,1,1,1,0,1,1,0,1,0,1,0,0,0,0,1,0,0,0,0,1,0,0,1
0,0,0,0,12,1,0,1,0,1,0,0,0,0,81.7,858.6,1,2850,66.04615384615384,0.028666666666666667,3,1,0,1,0,1,0,0,1,0,1,0,0,1,0,0,0,0,0,0,1,0,1,0
0,0,0,0,4,1,0,0,0,0,0,0,1,1,79.9,324.3,1,4669,64.86,0.017112872135360894,2,1,1,1,0,1,1,0,1,0,1,0,0,0,0,1,0,0,0,0,1,0,0,1
0,0,0,0,15,1,1,0,0,0,0,0,0,1,25.4,399.6,1,2853,24.975,0.00890290921836663,2,1,0,0,0,1,1,0,0,1,1,0,0,0,1,0,0,1,0,0,0,0,1,0
0,1,1,0,41,1,1,1,0,1,0,0,0,1,83.75,3273.55,1,4995,77.94166666666668,0.016766766766766767,4,1,0,1,1,1,0,0,1,0,1,0,0,1,0,0,0,0,1,0,0,0,0,1
0,0,0,0,1,1,0,0,0,0,0,0,0,0,20.9,20.9,1,5421,10.45,0.0038553772366722006,1,1,0,0,0,1,1,0,0,1,1,0,0,0,0,0,1,0,0,0,1,1,0,0
0,0,1,0,1,1,0,0,0,0,0,0,0,1,69.4,69.4,1,2404,34.7,0.028868552412645593,1,1,0,1,0,1,1,0,1,0,1,0,0,0,0,0,1,0,0,0,1,0,1,0
0,0,0,0,7,1,1,0,0,0,0,0,0,1,74.9,541.15,1,5159,67.64375,0.014518317503392131,2,1,1,1,0,1,1,0,1,0,1,0,0,0,0,1,0,0,0,0,1,0,0,1
0,1,1,0,42,1,0,1,0,0,0,0,0,1,74.15,3229.4,1,2322,75.10232558139535,0.03193367786391042,2,1,0,1,1,1,0,0,1,0,1,0,0,0,1,0,0,0,1,0,0,0,1,0
0,0,0,0,1,1,0,0,0,0,0,0,0,1,70.1,70.1,1,2007,35.05,0.03492775286497259,1,1,1,1,0,1,1,0,1,0,1,0,0,0,0,1,0,0,0,0,1,0,1,0
0,0,0,0,12,1,1,1,0,0,0,0,0,1,78.3,909.25,1,3545,69.9423076923077,0.022087447108603667,3,1,1,1,0,1,0,0,1,0,1,0,0,0,0,1,0,0,0,0,1,0,0,1
0,0,0,0,55,1,1,0,0,0,0,1,1,1,96.8,5283.95,1,4089,94.35625,0.02367326974810467,4,1,1,1,0,1,1,0,1,0,1,0,0,0,0,1,0,0,0,1,0,0,0,1
0,0,0,0,17,1,1,1,1,0,0,1,0,1,94.4,1617.5,1,2825,89.86111111111111,0.03341592920353983,5,1,1,1,0,1,0,0,1,0,1,0,0,0,0,1,0,1,0,0,0,0,1,0
0,0,0,0,1,1,0,0,1,0,0,1,0,0,84.3,84.3,1,2172,42.15,0.0388121546961326,3,1,1,1,0,1,1,0,1,0,1,0,0,0,0,1,0,0,0,0,1,0,1,0
0,1,1,0,72,1,1,1,1,1,1,1,1,0,92.45,6440.25,1,5697,88.22260273972603,0.016227839213621205,8,0,0,0,1,0,0,1,0,0,0,0,1,0,1,0,0,0,0,1,0,1,0,0
0,1,1,0,11,1,1,0,0,1,0,1,1,1,99.55,1131.2,1,3172,94.26666666666667,0.031383984867591426,5,1,1,1,1,1,1,0,1,0,1,0,0,0,0,1,0,0,0,0,1,0,1,0
0,1,0,0,8,1,1,0,0,1,0,0,0,1,81.25,585.95,1,3812,65.10555555555555,0.02131427072402938,3,1,1,1,1,1,1,0,1,0,1,0,0,0,0,1,0,0,0,0,1,0,0,1
0,0,1,1,1,1,0,0,0,0,0,0,0,0,19.95,19.95,1,4860,9.975,0.004104938271604938,1,1,0,0,0,1,1,0,0,1,1,0,0,1,0,0,0,0,0,0,1,0,0,1
0,0,1,0,23,1,1,1,1,1,0,1,0,1,99.25,2186.4,1,5338,91.10000000000001,0.018593106032221807,6,1,1,1,0,1,0,0,1,0,1,0,0,0,0,1,0,1,0,0,0,0,0,1
0,0,0,0,39,1,0,0,0,1,1,0,0,1,80.45,3201.55,1,2224,80.03875000000001,0.036173561151079135,3,0,1,1,0,0,1,0,1,0,0,0,1,0,0,1,0,0,1,0,0,0,1,0
0,0,1,0,9,1,1,0,0,1,0,0,0,1,79.35,661.25,1,4533,66.125,0.017504963600264725,3,1,0,1,0,1,1,0,1,0,1,0,0,1,0,0,0,0,0,0,1,0,0,1
0,0,0,0,15,1,1,0,1,0,0,0,0,1,79.75,1111.85,1,2813,69.490625,0.028350515463917526,3,1,1,1,0,1,1,0,1,0,1,0,0,0,0,1,0,1,0,0,0,0,1,0
0,0,1,0,30,1,1,0,0,1,0,1,1,1,100.05,3046.15,1,4664,98.26290322580645,0.02145154373927959,5,1,1,1,0,1,1,0,1,0,1,0,0,0,0,1,0,0,1,0,0,0,0,1
0,0,0,0,1,1,0,0,0,0,0,0,0,1,69.35,69.35,1,5796,34.675,0.011965148378191855,1,1,1,1,0,1,1,0,1,0,1,0,0,0,0,1,0,0,0,0,1,1,0,0
0,0,0,0,3,1,0,0,0,0,1,0,1,0,85.8,272.2,1,5641,68.05,0.015210069136677893,3,1,1,1,0,0,1,0,1,0,1,0,0,0,0,1,0,0,0,0,1,1,0,0
0,0,1,0,67,1,1,1,0,1,0,1,1,1,79.7,5293.4,1,6289,77.84411764705882,0.012672920973127683,6,0,1,0,0,1,0,1,0,0,0,0,1,0,0,1,0,0,0,1,0,1,0,0
0,1,0,0,1,1,1,0,0,0,0,0,0,0,50.55,50.55,1,3357,25.275,0.015058087578194816,2,1,0,0,1,1,1,1,0,0,1,0,0,0,0,0,1,0,0,0,1,0,1,0
0,0,1,0,1,1,0,0,0,0,0,1,0,1,80.55,80.55,1,4273,40.275,0.01885092440908027,2,1,1,1,0,1,1,0,1,0,1,0,0,0,0,1,0,0,0,0,1,0,0,1
0,0,1,0,12,1,1,0,1,1,0,0,0,1,84.5,916.9,1,4154,70.53076923076922,0.02034183919114107,4,1,1,1,0,1,1,0,1,0,1,0,0,0,0,1,0,0,0,0,1,0,0,1
0,0,0,0,22,1,0,0,1,0,0,0,1,1,84.3,1855.65,1,5313,80.6804347826087,0.015866741953698475,3,1,0,1,0,1,1,0,1,0,1,0,0,0,0,0,1,1,0,0,0,0,0,1
0,0,0,0,2,1,0,0,0,0,0,0,0,1,67.75,116.65,1,2299,38.88333333333333,0.029469334493257938,1,1,1,1,0,1,1,0,1,0,1,0,0,0,0,1,0,0,0,0,1,0,1,0
0,1,0,0,27,1,1,0,0,0,0,0,1,1,85.25,2287.25,1,5172,81.6875,0.016482985305491107,3,1,1,1,1,1,1,0,1,0,1,0,0,0,0,1,0,0,1,0,0,0,0,1
0,0,0,0,10,1,1,0,1,0,0,0,0,1,80.05,830.7,1,3740,75.51818181818182,0.021403743315508022,3,1,0,1,0,1,1,0,1,0,1,0,0,1,0,0,0,0,0,0,1,0,0,1
0,0,0,0,1,1,0,0,0,0,0,0,0,0,20.0,20.0,1,3657,10.0,0.005468963631391851,1,1,0,0,0,1,1,0,0,1,1,0,0,0,0,0,1,0,0,0,1,0,0,1
0,0,0,0,22,1,0,1,0,0,0,0,0,1,48.8,1054.6,1,2270,45.85217391304347,0.02149779735682819,2,1,0,0,0,1,0,1,0,0,1,0,0,0,1,0,0,1,0,0,0,0,1,0
0,1,0,0,1,1,1,0,0,0,0,0,1,1,85.05,85.05,1,2975,42.525,0.028588235294117647,3,1,1,1,1,1,1,0,1,0,1,0,0,0,0,1,0,0,0,0,1,0,1,0
0,0,1,0,21,1,0,0,1,1,1,1,1,1,102.8,2110.15,1,3123,95.9159090909091,0.03291706692283061,6,1,1,1,0,0,1,0,1,0,1,0,0,0,0,1,0,1,0,0,0,0,1,0
0,0,0,0,6,1,0,0,0,1,1,1,1,1,99.95,547.65,1,3722,78.23571428571428,0.02685384202041913,5,1,0,1,0,0,1,0,1,0,1,0,0,0,0,0,1,0,0,0,1,0,0,1
0,0,1,0,72,1,1,1,1,1,1,1,1,1,117.8,8684.8,1,4432,118.96986301369861,0.02657942238267148,8,0,0,1,0,0,0,0,1,0,0,1,0,1,0,0,0,0,0,1,0,0,0,1
0,1,0,0,54,1,1,0,1,0,0,0,0,1,79.5,4370.25,1,5684,79.4590909090909,0.013986629134412386,3,1,1,1,1,1,1,0,1,0,1,0,0,0,0,1,0,0,0,1,0,1,0,0
0,0,1,0,3,1,1,0,0,0,1,0,0,1,79.65,251.75,1,5036,62.9375,0.015816123907863383,3,1,0,1,0,0,1,0,1,0,1,0,0,1,0,0,0,0,0,0,1,0,0,1
0,0,0,0,8,1,0,0,0,1,0,1,1,1,94.7,740.3,1,5811,82.25555555555555,0.016296678712786096,4,1,1,1,0,1,1,0,1,0,1,0,0,0,0,1,0,0,0,0,1,1,0,0
0,0,0,0,5,1,1,0,0,1,0,1,0,1,92.5,452.7,1,2810,75.45,0.03291814946619217,4,1,1,1,0,1,1,0,1,0,1,0,0,0,0,1,0,0,0,0,1,0,1,0
0,0,1,1,1,1,0,0,0,0,0,0,0,0,19.45,19.45,1,2865,9.725,0.006788830715532286,1,1,0,0,0,1,1,0,0,1,1,0,0,0,0,0,1,0,0,0,1,0,1,0
0,0,0,0,2,1,1,0,0,0,0,0,0,1,75.55,166.3,1,4320,55.43333333333334,0.017488425925925925,2,1,1,1,0,1,1,0,1,0,1,0,0,0,0,1,0,0,0,0,1,0,0,1
0,0,1,0,1,1,0,0,0,0,0,0,0,1,70.0,70.0,1,2485,35.0,0.028169014084507043,1,1,1,1,0,1,1,0,1,0,1,0,0,0,0,1,0,0,0,0,1,0,1,0
0,0,1,0,65,1,0,1,0,0,1,1,1,1,74.8,4820.15,1,5207,73.03257575757576,0.014365277511042827,5,0,0,0,0,0,0,1,0,0,0,0,1,1,0,0,0,0,0,1,0,0,0,1
0,0,1,0,33,1,1,0,1,1,0,1,1,1,104.4,3409.6,1,3185,100.28235294117647,0.032778649921507065,6,1,1,1,0,1,1,0,1,0,1,0,0,0,0,1,0,0,1,0,0,0,1,0
0,0,0,0,15,1,0,1,0,0,0,1,0,0,86.2,1270.2,1,5829,79.3875,0.014788128323897753,3,1,1,1,0,1,0,0,1,0,1,0,0,0,0,1,0,1,0,0,0,1,0,0
0,0,1,1,30,0,0,0,0,0,1,1,1,0,51.2,1561.5,1,4568,50.37096774193548,0.011208406304728547,3,1,0,0,0,0,1,1,0,0,1,0,0,0,1,0,0,0,1,0,0,0,0,1
0,0,0,0,2,1,0,0,0,0,0,0,0,0,19.5,31.55,1,2484,10.516666666666667,0.00785024154589372,1,1,0,0,0,1,1,0,0,1,1,0,0,0,0,0,1,0,0,0,1,0,1,0
0,1,0,0,4,1,1,0,0,0,0,0,0,1,74.9,321.75,1,2122,64.35,0.035296889726672956,2,1,1,1,1,1,1,0,1,0,1,0,0,0,0,1,0,0,0,0,1,0,1,0
0,0,0,0,2,1,1,0,0,0,0,0,0,0,74.9,147.15,1,2078,49.050000000000004,0.036044273339749765,2,1,0,1,0,1,1,0,1,0,1,0,0,0,1,0,0,0,0,0,1,0,1,0
0,0,0,0,25,1,1,0,1,0,0,1,1,1,100.25,2387.75,1,2195,91.83653846153847,0.045671981776765375,5,1,1,1,0,1,1,0,1,0,1,0,0,0,0,1,0,0,1,0,0,0,1,0
0,1,0,0,25,1,1,1,1,0,0,1,1,1,102.8,2660.2,1,4969,102.3153846153846,0.020688267256993357,6,1,0,1,1,1,0,0,1,0,1,0,0,0,0,0,1,0,1,0,0,0,0,1
0,0,0,0,43,1,1,0,0,0,1,1,1,1,100.0,4211.55,1,4760,95.71704545454546,0.02100840336134454,5,0,1,1,0,0,1,0,1,0,0,1,0,0,0,1,0,0,1,0,0,0,0,1
0,0,1,0,10,1,0,0,1,0,1,1,1,1,99.85,990.9,1,4243,90.08181818181818,0.023532877680886164,5,1,1,1,0,0,1,0,1,0,1,0,0,0,0,1,0,0,0,0,1,0,0,1
0,0,0,0,2,1,1,0,0,0,0,1,1,1,94.2,193.8,1,5299,64.60000000000001,0.01777693904510285,4,1,0,1,0,1,1,0,1,0,1,0,0,1,0,0,0,0,0,0,1,0,0,1
0,1,0,0,9,1,1,0,0,0,0,0,1,1,83.85,790.15,1,3723,79.015,0.022522159548751006,3,1,1,1,1,1,1,0,1,0,1,0,0,0,0,1,0,0,0,0,1,0,0,1
0,1,0,0,27,1,1,0,0,1,0,0,1,0,88.3,2467.75,1,2420,88.13392857142857,0.03648760330578512,4,1,0,1,1,1,1,0,1,0,1,0,0,0,1,0,0,0,1,0,0,0,1,0
0,0,0,0,69,1,0,0,1,1,1,1,1,1,104.05,7262.0,1,4254,103.74285714285715,0.024459332393041842,6,0,0,1,0,0,1,0,1,0,0,1,0,1,0,0,0,0,0,1,0,0,0,1
0,0,1,0,22,1,0,0,0,1,0,1,1,1,94.7,1914.9,1,5615,83.25652173913043,0.01686553873552983,4,1,0,1,0,1,1,0,1,0,1,0,0,0,1,0,0,1,0,0,0,1,0,0
0,1,1,0,56,1,1,0,0,1,0,1,1,1,100.65,5688.05,1,4803,99.79035087719299,0.020955652717051843,5,1,0,1,1,1,1,0,1,0,1,0,0,1,0,0,0,0,0,1,0,0,0,1
0,1,1,0,66,1,1,0,1,1,0,1,1,1,80.55,5265.1,1,4400,78.58358208955224,0.01830681818181818,6,0,0,0,1,1,1,1,0,0,0,0,1,1,0,0,0,0,0,1,0,0,0,1
0,1,1,0,24,1,1,1,0,0,0,0,0,1,78.85,1772.25,1,3079,70.89,0.025608963949334197,3,1,1,1,1,1,0,0,1,0,1,0,0,0,0,1,0,1,0,0,0,0,1,0
0,0,0,0,1,1,0,0,0,0,0,0,0,1,44.45,44.45,1,4879,22.225,0.009110473457675754,1,1,0,0,0,1,1,1,0,0,1,0,0,0,0,0,1,0,0,0,1,0,0,1
0,0,0,0,36,1,1,0,0,0,0,0,1,1,84.9,3067.2,1,2455,82.89729729729729,0.03458248472505092,3,1,1,1,0,1,1,0,1,0,1,0,0,0,0,1,0,0,1,0,0,0,1,0
0,0,0,0,1,1,0,0,0,0,0,0,0,0,20.25,20.25,1,2959,10.125,0.0068435282189929034,1,1,0,0,0,1,1,0,0,1,1,0,0,0,0,0,1,0,0,0,1,0,1,0
0,0,0,0,1,1,0,0,1,0,0,0,0,1,74.35,74.35,1,5633,37.175,0.013199005858334811,2,1,1,1,0,1,1,0,1,0,1,0,0,0,0,1,0,0,0,0,1,1,0,0
0,0,0,0,1,1,1,0,0,1,1,0,0,0,62.05,62.05,1,2937,31.025,0.021127000340483485,4,1,0,0,0,0,1,1,0,0,1,0,0,0,0,0,1,0,0,0,1,0,1,0
0,0,1,0,39,1,0,1,0,1,1,1,1,0,80.0,3182.95,1,2704,79.57374999999999,0.029585798816568046,6,0,0,0,0,0,0,1,0,0,0,1,0,0,1,0,0,0,1,0,0,0,1,0
0,0,0,0,5,1,1,0,1,1,0,1,1,0,104.1,541.9,1,3131,90.31666666666666,0.03324816352603002,6,1,0,1,0,1,1,0,1,0,1,0,0,0,0,0,1,0,0,0,1,0,1,0
0,1,1,0,24,0,0,1,0,0,0,0,1,0,39.1,971.3,1,4591,38.852,0.008516663036375518,2,1,0,0,1,1,0,1,0,0,1,0,0,1,0,0,0,1,0,0,0,0,0,1
0,0,0,0,2,1,1,0,0,0,0,0,0,1,76.5,162.45,1,5944,54.15,0.012870121130551818,2,1,1,1,0,1,1,0,1,0,1,0,0,0,0,1,0,0,0,0,1,1,0,0
0,0,0,0,5,1,0,0,0,0,1,0,0,1,49.2,216.9,1,4336,36.15,0.011346863468634687,2,1,1,0,0,0,1,1,0,0,1,0,0,0,0,1,0,0,0,0,1,0,0,1
0,0,0,0,11,1,1,0,0,0,0,0,0,0,23.15,245.2,1,5671,20.433333333333334,0.004082172456356903,2,1,0,0,0,1,1,0,0,1,1,0,0,0,1,0,0,0,0,0,1,1,0,0
0,0,1,0,4,1,0,0,0,0,0,0,1,0,80.85,302.75,1,2961,60.55,0.02730496453900709,2,1,1,1,0,1,1,0,1,0,1,0,0,0,0,1,0,0,0,0,1,0,1,0
0,0,0,0,1,1,1,0,1,0,1,0,0,0,60.1,60.1,1,5654,30.05,0.010629642730810046,4,1,0,0,0,0,1,1,0,0,1,0,0,0,0,0,1,0,0,0,1,1,0,0
0,0,0,0,1,1,0,0,0,0,0,1,0,1,78.95,78.95,1,2038,39.475,0.03873895976447498,2,1,1,1,0,1,1,0,1,0,1,0,0,0,0,1,0,0,0,0,1,0,1,0
0,0,0,0,2,1,0,0,0,0,0,0,0,1,45.15,98.5,1,2699,32.833333333333336,0.016728417932567616,1,1,1,0,0,1,1,1,0,0,1,0,0,0,0,1,0,0,0,0,1,0,1,0
0,0,0,0,3,1,0,0,0,0,0,1,0,1,79.4,244.65,1,2448,61.1625,0.03243464052287582,2,1,1,1,0,1,1,0,1,0,1,0,0,0,0,1,0,0,0,0,1,0,1,0
0,0,0,0,44,0,0,0,1,1,0,1,1,1,53.95,2375.4,1,3051,52.78666666666667,0.017682726974762374,4,0,0,0,0,1,1,1,0,0,0,1,0,0,0,0,1,0,1,0,0,0,1,0
0,0,1,0,24,1,0,0,1,1,0,1,1,1,99.3,2431.35,1,4811,97.25399999999999,0.02064019954271461,5,1,0,1,0,1,1,0,1,0,1,0,0,0,1,0,0,1,0,0,0,0,0,1
0,0,0,0,18,1,1,0,1,0,0,0,0,1,80.65,1451.9,1,3788,76.41578947368421,0.0212909186906019,3,1,1,1,0,1,1,0,1,0,1,0,0,0,0,1,0,1,0,0,0,0,0,1
0,0,0,0,1,1,0,0,0,0,0,0,0,0,71.1,71.1,1,5824,35.55,0.012208104395604394,1,1,0,1,0,1,1,0,1,0,1,0,0,0,0,0,1,0,0,0,1,1,0,0
0,1,1,0,65,1,1,0,1,1,0,1,1,1,106.25,6979.8,1,5965,105.75454545454545,0.017812238055322716,6,0,1,1,1,1,1,0,1,0,0,1,0,0,0,1,0,0,0,1,0,1,0,0
0,0,1,0,53,1,0,0,0,0,0,0,0,0,20.8,1021.8,1,4166,18.92222222222222,0.004992798847815651,1,0,0,0,0,1,1,0,0,1,0,1,0,1,0,0,0,0,0,1,0,0,0,1
0,1,0,0,1,1,1,0,0,0,0,1,1,1,94.0,94.0,1,4176,47.0,0.022509578544061302,4,1,1,1,1,1,1,0,1,0,1,0,0,0,0,1,0,0,0,0,1,0,0,1
0,1,0,0,15,1,1,0,1,0,0,0,1,0,89.85,1424.95,1,2668,89.059375,0.03367691154422788,4,1,1,1,1,1,1,0,1,0,1,0,0,0,0,1,0,1,0,0,0,0,1,0
0,0,0,0,4,1,0,0,0,0,0,0,0,1,46.0,193.6,1,5246,38.72,0.008768585589020206,1,1,0,0,0,1,1,1,0,0,1,0,0,0,0,0,1,0,0,0,1,0,0,1
0,0,0,0,9,1,0,0,1,0,1,1,0,0,66.25,620.55,1,5515,62.05499999999999,0.01201269265639166,4,1,0,0,0,0,1,1,0,0,1,0,0,0,0,0,1,0,0,0,1,1,0,0
0,0,0,0,22,1,1,0,0,0,1,1,0,1,90.0,1993.8,1,4739,86.68695652173913,0.018991348385735386,4,1,1,1,0,0,1,0,1,0,1,0,0,0,0,1,0,1,0,0,0,0,0,1
0,0,0,0,38,1,0,0,0,0,0,0,0,1,70.45,2597.6,1,5437,66.6051282051282,0.0129575133345595,1,0,0,1,0,1,1,0,1,0,0,1,0,1,0,0,0,0,1,0,0,1,0,0
0,0,0,0,53,1,0,0,0,0,0,0,0,0,19.75,1052.35,1,6265,19.48796296296296,0.00315243415802075,1,0,0,0,0,1,1,0,0,1,0,0,1,1,0,0,0,0,0,1,0,1,0,0
0,0,0,0,1,1,0,1,0,0,1,0,0,1,53.95,53.95,1,2771,26.975,0.019469505593648503,3,1,1,0,0,0,0,1,0,0,1,0,0,0,0,1,0,0,0,0,1,0,1,0
0,1,0,0,8,1,1,0,1,1,0,1,1,1,105.5,829.55,1,5546,92.17222222222222,0.019022719076812116,6,1,1,1,1,1,1,0,1,0,1,0,0,0,0,1,0,0,0,0,1,1,0,0
0,0,0,0,16,1,0,0,0,0,0,1,0,1,81.0,1312.15,1,2335,77.18529411764706,0.03468950749464668,2,1,1,1,0,1,1,0,1,0,1,0,0,0,0,1,0,1,0,0,0,0,1,0
0,0,1,0,1,1,0,0,0,0,0,0,0,1,69.8,69.8,1,2123,34.9,0.032878002826189356,1,1,1,1,0,1,1,0,1,0,1,0,0,0,0,1,0,0,0,0,1,0,1,0
0,1,0,0,7,1,1,0,0,0,0,0,0,0,73.75,545.15,1,5638,68.14375,0.01308087974459028,2,1,0,1,1,1,1,0,1,0,1,0,0,0,0,0,1,0,0,0,1,1,0,0
0,1,0,0,9,1,1,1,0,0,0,0,0,0,54.55,494.05,1,4656,49.405,0.01171606529209622,3,1,1,0,1,1,0,1,0,0,1,0,0,0,0,1,0,0,0,0,1,0,0,1
0,1,0,0,37,1,1,0,0,0,0,0,0,1,76.25,2841.55,1,5859,74.77763157894738,0.013014166239972692,2,1,1,1,1,1,1,0,1,0,1,0,0,0,0,1,0,0,1,0,0,1,0,0
0,0,0,0,5,1,1,0,0,0,0,1,1,1,93.9,486.85,1,5435,81.14166666666667,0.017276908923643055,4,1,0,1,0,1,1,0,1,0,1,0,0,0,0,0,1,0,0,0,1,1,0,0
0,1,0,0,3,1,0,0,0,0,0,0,0,1,70.4,204.7,1,2491,51.175,0.02826174227217985,1,1,1,1,1,1,1,0,1,0,1,0,0,0,0,1,0,0,0,0,1,0,1,0
0,0,1,0,31,1,1,0,1,0,0,0,1,1,91.15,2995.45,1,5219,93.6078125,0.017465031615251966,4,1,1,1,0,1,1,0,1,0,1,0,0,0,0,1,0,0,1,0,0,0,0,1
0,0,0,0,2,1,0,0,0,0,0,0,0,1,70.95,137.95,1,5390,45.98333333333333,0.013163265306122449,1,1,1,1,0,1,1,0,1,0,1,0,0,0,0,1,0,0,0,0,1,1,0,0
0,0,1,0,37,1,1,0,0,1,0,1,1,1,99.5,3762.0,1,4233,99.0,0.0235057878573116,5,1,1,1,0,1,1,0,1,0,1,0,0,0,0,1,0,0,1,0,0,0,0,1
0,0,0,0,38,1,0,1,1,1,0,0,0,1,83.9,3233.6,1,2157,82.91282051282052,0.03889661566991192,4,1,0,1,0,1,0,0,1,0,1,0,0,0,1,0,0,0,1,0,0,0,1,0
0,1,1,0,48,1,1,1,1,1,1,1,1,0,117.45,5438.9,1,5915,110.99795918367346,0.019856297548605243,8,1,1,1,1,0,0,0,1,0,1,0,0,0,0,1,0,0,1,0,0,1,0,0
0,0,0,0,10,1,0,1,1,1,0,1,1,1,104.4,1081.45,1,5035,98.31363636363636,0.02073485600794439,6,1,1,1,0,1,0,0,1,0,1,0,0,0,0,1,0,0,0,0,1,0,0,1
0,1,0,0,8,0,0,0,0,1,0,0,0,1,29.4,221.9,1,5971,24.655555555555555,0.00492379835873388,1,1,1,0,1,1,1,1,0,0,1,0,0,0,0,1,0,0,0,0,1,1,0,0
0,0,0,0,2,1,0,0,0,0,0,0,0,0,44.65,74.9,1,4655,24.96666666666667,0.009591836734693878,1,1,0,0,0,1,1,1,0,0,1,0,0,0,0,0,1,0,0,0,1,0,0,1
0,0,0,0,3,0,0,0,0,0,0,0,0,0,25.25,58.9,1,2088,14.725,0.012092911877394636,0,1,1,0,0,1,1,1,0,0,1,0,0,0,0,1,0,0,0,0,1,0,1,0
0,0,0,0,4,1,1,0,1,1,0,0,0,0,84.05,333.55,1,5552,66.71000000000001,0.015138688760806917,4,1,0,1,0,1,1,0,1,0,1,0,0,1,0,0,0,0,0,0,1,1,0,0
0,1,1,0,37,1,1,0,0,0,0,1,0,1,85.7,3171.15,1,4712,83.45131578947368,0.01818760611205433,3,1,1,1,1,1,1,0,1,0,1,0,0,0,0,1,0,0,1,0,0,0,0,1
0,0,0,0,1,1,0,0,1,0,0,0,0,1,74.7,74.7,1,4692,37.35,0.01592071611253197,2,1,1,1,0,1,1,0,1,0,1,0,0,0,0,1,0,0,0,0,1,0,0,1
0,0,0,0,5,1,1,0,1,0,0,1,0,1,90.8,455.5,1,5090,75.91666666666667,0.017838899803536347,4,1,1,1,0,1,1,0,1,0,1,0,0,0,0,1,0,0,0,0,1,0,0,1
0,1,0,0,28,1,1,0,1,1,0,1,1,1,106.15,3152.5,1,5030,108.70689655172414,0.021103379721669983,6,1,1,1,1,1,1,0,1,0,1,0,0,0,0,1,0,0,1,0,0,0,0,1
0,0,0,0,30,1,0,1,1,1,1,1,1,0,85.35,2530.4,1,2313,81.6258064516129,0.03690012970168612,7,0,0,0,0,0,0,1,0,0,0,1,0,1,0,0,0,0,1,0,0,0,1,0
0,1,0,0,36,1,1,1,0,0,0,1,0,1,90.85,3186.7,1,5692,86.12702702702703,0.015960997891777934,4,1,1,1,1,1,0,0,1,0,1,0,0,0,0,1,0,0,1,0,0,1,0,0
0,0,0,0,1,0,0,0,0,0,0,1,0,1,35.75,35.75,1,3351,17.875,0.0106684571769621,1,1,1,0,0,1,1,1,0,0,1,0,0,0,0,1,0,0,0,0,1,0,1,0
0,1,1,1,4,1,0,0,0,0,0,0,0,0,46.0,181.6,1,4797,36.32,0.009589326662497394,1,1,1,0,1,1,1,1,0,0,1,0,0,0,0,1,0,0,0,0,1,0,0,1
0,0,1,0,17,1,0,1,0,1,0,1,0,1,89.4,1539.45,1,2544,85.525,0.03514150943396226,4,1,1,1,0,1,0,0,1,0,1,0,0,0,0,1,0,1,0,0,0,0,1,0
0,0,0,0,3,1,0,0,0,0,0,0,0,1,19.8,58.15,1,4323,14.5375,0.004580152671755725,1,1,0,0,0,1,1,0,0,1,1,0,0,0,0,0,1,0,0,0,1,0,0,1
0,0,1,1,4,1,1,0,0,0,0,0,0,1,50.9,225.6,1,5691,45.12,0.008943946582322965,2,1,1,0,0,1,1,1,0,0,1,0,0,0,0,1,0,0,0,0,1,1,0,0
0,0,0,0,4,1,0,0,0,0,0,1,0,1,81.0,340.85,1,3591,68.17,0.022556390977443608,2,1,1,1,0,1,1,0,1,0,1,0,0,0,0,1,0,0,0,0,1,0,0,1
0,0,0,0,26,1,1,0,0,1,0,1,1,1,98.35,2515.3,1,4997,93.15925925925927,0.01968180908545127,5,1,1,1,0,1,1,0,1,0,1,0,0,0,0,1,0,0,1,0,0,0,0,1
0,0,0,0,5,0,0,0,1,0,0,1,1,1,51.0,305.95,1,4630,50.99166666666667,0.011015118790496761,3,1,0,0,0,1,1,1,0,0,1,0,0,0,0,0,1,0,0,0,1,0,0,1
0,0,1,0,4,1,1,0,1,0,0,1,0,1,91.65,365.4,1,2140,73.08,0.04282710280373832,4,1,1,1,0,1,1,0,1,0,1,0,0,0,0,1,0,0,0,0,1,0,1,0
0,0,0,0,1,1,0,0,0,0,0,1,1,1,90.85,90.85,1,5086,45.425,0.01786276051907196,3,1,1,1,0,1,1,0,1,0,1,0,0,0,0,1,0,0,0,0,1,0,0,1
0,0,0,0,1,1,0,0,0,0,0,0,0,0,69.4,69.4,1,2847,34.7,0.02437653670530383,1,1,0,1,0,1,1,0,1,0,1,0,0,0,0,0,1,0,0,0,1,0,1,0
0,1,0,0,8,1,0,0,0,1,0,1,1,1,94.45,742.95,1,3676,82.55000000000001,0.0256936887921654,4,1,0,1,1,1,1,0,1,0,1,0,0,0,1,0,0,0,0,0,1,0,0,1
0,0,1,1,1,1,0,0,0,0,0,0,0,1,20.15,20.15,1,4277,10.075,0.004711246200607902,1,1,0,0,0,1,1,0,0,1,1,0,0,0,1,0,0,0,0,0,1,0,0,1
0,1,0,0,50,1,1,0,0,0,0,1,1,1,95.7,4816.7,1,4287,94.44509803921568,0.02232330300909727,4,1,1,1,1,1,1,0,1,0,1,0,0,0,0,1,0,0,0,1,0,0,0,1
0,0,0,0,26,1,1,0,0,0,0,0,0,1,74.95,1834.95,1,2934,67.96111111111111,0.0255453306066803,2,1,0,1,0,1,1,0,1,0,1,0,0,1,0,0,0,0,1,0,0,0,1,0
0,0,0,0,6,0,0,0,0,1,0,1,1,1,47.95,305.1,1,2240,43.58571428571429,0.02140625,3,1,1,0,0,1,1,1,0,0,1,0,0,0,0,1,0,0,0,0,1,0,1,0
0,0,0,0,3,1,1,0,0,0,1,1,0,1,63.6,155.65,1,3155,38.9125,0.020158478605388275,4,1,1,0,0,0,1,1,0,0,1,0,0,0,0,1,0,0,0,0,1,0,1,0
0,0,0,0,3,0,0,0,1,0,1,0,0,1,36.85,108.7,1,5825,27.175,0.00632618025751073,2,1,0,0,0,0,1,1,0,0,1,0,0,0,0,0,1,0,0,0,1,1,0,0
0,0,0,0,1,1,0,0,0,0,0,0,0,1,44.1,44.1,1,5955,22.05,0.007405541561712846,1,1,1,0,0,1,1,1,0,0,1,0,0,0,0,1,0,0,0,0,1,1,0,0
0,0,0,0,14,0,0,0,0,1,0,1,1,1,50.75,712.75,1,4883,47.516666666666666,0.010393200901085399,3,1,1,0,0,1,1,1,0,0,1,0,0,0,0,1,0,1,0,0,0,0,0,1
0,1,1,0,61,1,1,0,1,1,0,1,1,1,104.4,6405.0,1,4412,103.30645161290323,0.023662737987307343,6,0,0,1,1,1,1,0,1,0,0,1,0,0,1,0,0,0,0,1,0,0,0,1
0,1,1,0,40,0,0,0,1,0,0,1,0,1,39.3,1637.4,1,2296,39.93658536585366,0.017116724738675957,2,1,1,0,1,1,1,1,0,0,1,0,0,0,0,1,0,0,1,0,0,0,1,0
0,0,0,0,58,1,0,1,1,1,0,1,1,1,106.45,6145.85,1,5902,104.16694915254237,0.018036258895289734,6,0,1,1,0,1,0,0,1,0,0,1,0,0,0,1,0,0,0,1,0,1,0,0
0,0,0,0,18,1,0,1,0,0,0,1,1,1,96.05,1740.7,1,5581,91.61578947368422,0.017210177387564952,4,1,1,1,0,1,0,0,1,0,1,0,0,0,0,1,0,1,0,0,0,1,0,0
0,0,0,0,7,1,1,0,0,0,0,0,0,1,75.1,552.95,1,5514,69.11875,0.013619876677548059,2,1,0,1,0,1,1,0,1,0,1,0,0,1,0,0,0,0,0,0,1,1,0,0
0,1,0,0,2,1,0,0,0,0,0,0,0,1,44.7,93.7,1,4618,31.233333333333334,0.009679514941533131,1,1,1,0,1,1,1,1,0,0,1,0,0,0,0,1,0,0,0,0,1,0,0,1
0,0,0,0,19,1,0,0,0,1,1,0,0,1,55.0,1046.5,1,4539,52.325,0.012117206433135052,3,1,0,0,0,0,1,1,0,0,1,0,0,0,1,0,0,1,0,0,0,0,0,1
0,0,1,0,11,1,1,0,0,0,0,0,0,1,74.35,834.2,1,5075,69.51666666666667,0.014650246305418719,2,1,1,1,0,1,1,0,1,0,1,0,0,0,0,1,0,0,0,0,1,0,0,1
0,0,1,0,39,1,0,1,0,1,1,1,1,1,104.7,4134.85,1,2371,103.37125,0.04415858287642345,6,0,0,1,0,0,0,0,1,0,0,1,0,0,1,0,0,0,1,0,0,0,1,0
0,0,0,0,15,1,1,1,0,0,0,0,0,1,55.7,899.8,1,4519,56.2375,0.012325735782252711,3,1,0,0,0,1,0,1,0,0,1,0,0,0,0,0,1,1,0,0,0,0,0,1
0,0,0,0,5,1,0,0,0,0,0,0,0,0,19.85,108.05,1,3799,18.008333333333333,0.005225059226112135,1,1,0,0,0,1,1,0,0,1,1,0,0,0,1,0,0,0,0,0,1,0,0,1
0,0,0,0,1,1,0,0,0,0,0,0,0,1,70.3,70.3,1,5963,35.15,0.011789367767902062,1,1,1,1,0,1,1,0,1,0,1,0,0,0,0,1,0,0,0,0,1,1,0,0
0,1,1,0,10,1,1,0,0,0,0,0,1,0,85.55,851.75,1,3336,77.43181818181819,0.025644484412470022,3,1,1,1,1,1,1,0,1,0,1,0,0,0,0,1,0,0,0,0,1,0,1,0
0,0,0,0,6,1,0,0,0,1,0,1,1,0,94.5,575.45,1,3469,82.20714285714287,0.027241279907754396,4,1,0,1,0,1,1,0,1,0,1,0,0,0,0,0,1,0,0,0,1,0,1,0
0,1,1,0,16,1,1,0,0,0,0,0,1,1,85.35,1375.15,1,5769,80.89117647058823,0.014794591783671346,3,1,0,1,1,1,1,0,1,0,1,0,0,0,1,0,0,1,0,0,0,1,0,0
0,0,0,0,2,1,0,0,0,0,0,1,0,1,79.65,152.7,1,5082,50.9,0.015672963400236127,2,1,0,1,0,1,1,0,1,0,1,0,0,0,0,0,1,0,0,0,1,0,0,1
0,1,0,0,2,1,0,0,0,0,0,0,1,1,79.6,195.05,1,4322,65.01666666666667,0.01841739935215178,2,1,1,1,1,1,1,0,1,0,1,0,0,0,0,1,0,0,0,0,1,0,0,1
0,1,0,0,19,1,1,1,0,0,0,1,0,1,90.6,1660.0,1,2373,83.0,0.038179519595448796,4,1,1,1,1,1,0,0,1,0,1,0,0,0,0,1,0,1,0,0,0,0,1,0
0,0,0,0,1,1,0,0,0,0,0,0,0,1,20.2,20.2,1,3061,10.1,0.0065991506043776545,1,1,0,0,0,1,1,0,0,1,1,0,0,1,0,0,0,0,0,0,1,0,1,0
0,0,1,0,66,1,1,1,0,1,0,1,1,1,106.05,6981.35,1,5602,104.19925373134329,0.018930739021777936,6,0,0,1,0,1,0,0,1,0,0,0,1,0,1,0,0,0,0,1,0,1,0,0
0,0,0,0,36,1,1,0,1,0,0,1,1,1,99.15,3615.6,1,4188,97.71891891891892,0.023674785100286533,5,1,1,1,0,1,1,0,1,0,1,0,0,0,0,1,0,0,1,0,0,0,0,1
0,0,1,0,39,0,0,1,0,1,0,1,1,0,55.9,2184.35,1,5632,54.60875,0.009925426136363637,4,1,1,0,0,1,0,1,0,0,1,0,0,0,0,1,0,0,1,0,0,1,0,0
0,0,0,0,21,1,1,0,1,0,0,0,0,1,82.35,1852.85,1,2902,84.22045454545454,0.028376981392143348,3,1,1,1,0,1,1,0,1,0,1,0,0,0,0,1,0,1,0,0,0,0,1,0
0,0,0,0,2,0,0,0,1,1,1,0,0,1,40.4,77.15,1,3620,25.71666666666667,0.011160220994475138,3,1,0,0,0,0,1,1,0,0,1,0,0,0,1,0,0,0,0,0,1,0,0,1
0,0,0,0,4,1,1,0,0,0,0,0,0,0,75.35,338.1,1,2220,67.62,0.03394144144144144,2,1,1,1,0,1,1,0,1,0,1,0,0,0,0,1,0,0,0,0,1,0,1,0
0,0,0,0,35,1,0,0,0,1,0,1,0,1,85.15,3030.6,1,5928,84.18333333333334,0.0143640350877193,3,0,1,1,0,1,1,0,1,0,0,1,0,0,0,1,0,0,1,0,0,1,0,0
0,0,1,0,33,1,0,0,0,1,0,1,1,1,93.8,3124.5,1,5080,91.8970588235294,0.01846456692913386,4,0,1,1,0,1,1,0,1,0,0,1,0,0,0,1,0,0,1,0,0,0,0,1
0,0,0,0,45,1,0,0,0,0,0,0,0,1,20.4,930.45,1,5398,20.22717391304348,0.003779177473138199,1,0,1,0,0,1,1,0,0,1,0,1,0,0,0,1,0,0,1,0,0,1,0,0
0,1,1,0,7,1,1,1,1,0,0,0,1,1,94.7,673.1,1,3591,84.1375,0.026371484266221108,5,1,0,1,1,1,0,0,1,0,1,0,0,0,1,0,0,0,0,0,1,0,0,1
0,0,0,0,6,0,0,0,1,0,0,0,0,1,30.5,208.7,1,4667,29.814285714285713,0.0065352474823226914,1,1,0,0,0,1,1,1,0,0,1,0,0,0,1,0,0,0,0,0,1,0,0,1
0,1,0,0,3,1,1,0,0,0,0,0,0,1,77.0,237.75,1,3128,59.4375,0.024616368286445013,2,1,1,1,1,1,1,0,1,0,1,0,0,0,0,1,0,0,0,0,1,0,1,0
0,0,0,1,11,1,0,0,0,0,0,0,0,0,20.1,221.35,1,4500,18.445833333333333,0.004466666666666667,1,1,0,0,0,1,1,0,0,1,1,0,0,0,1,0,0,0,0,0,1,0,0,1
0,0,0,0,1,1,0,0,0,1,0,0,0,0,75.3,75.3,1,2176,37.65,0.03460477941176471,2,1,1,1,0,1,1,0,1,0,1,0,0,0,0,1,0,0,0,0,1,0,1,0
0,1,1,0,40,1,0,0,1,0,1,1,1,1,99.2,4062.2,1,5098,99.0780487804878,0.019458611220086307,5,0,0,1,1,0,1,0,1,0,0,1,0,0,1,0,0,0,1,0,0,0,0,1
0,1,0,0,47,1,0,1,0,0,0,0,1,0,85.5,4042.3,1,3645,84.21458333333334,0.02345679012345679,3,1,0,1,1,1,0,0,1,0,1,0,0,0,0,0,1,0,1,0,0,0,0,1
0,0,0,0,7,1,0,0,0,0,0,0,0,0,20.05,164.85,1,5595,20.60625,0.0035835567470956214,1,1,0,0,0,1,1,0,0,1,1,0,0,0,0,0,1,0,0,0,1,1,0,0
0,0,0,0,1,1,0,0,0,0,0,0,0,0,70.4,70.4,1,4238,35.2,0.01661160924964606,1,1,1,1,0,1,1,0,1,0,1,0,0,0,0,1,0,0,0,0,1,0,0,1
0,0,1,0,7,1,0,1,0,0,0,0,0,1,49.75,331.3,1,5651,41.4125,0.008803751548398514,2,0,1,0,0,1,0,1,0,0,0,1,0,0,0,1,0,0,0,0,1,1,0,0
0,1,0,0,15,1,0,0,1,0,0,0,0,1,75.3,1147.45,1,4526,71.715625,0.016637207247017234,2,1,0,1,1,1,1,0,1,0,1,0,0,0,1,0,0,1,0,0,0,0,0,1
0,0,1,0,11,1,1,0,0,0,0,1,1,1,94.0,1078.9,1,2120,89.90833333333335,0.04433962264150943,4,1,1,1,0,1,1,0,1,0,1,0,0,0,0,1,0,0,0,0,1,0,1,0
0,0,0,0,67,1,1,1,1,1,1,1,1,1,118.35,7804.15,1,6255,114.76691176470588,0.018920863309352515,8,0,0,1,0,0,0,0,1,0,0,1,0,1,0,0,0,0,0,1,0,1,0,0
0,0,0,0,8,0,0,1,0,0,0,0,0,1,30.45,226.45,1,4549,25.16111111111111,0.006693778852495054,1,1,1,0,0,1,0,1,0,0,1,0,0,0,0,1,0,0,0,0,1,0,0,1
0,0,1,0,44,1,1,0,0,0,0,1,1,1,96.1,4364.1,1,5606,96.98,0.017142347484837672,4,1,1,1,0,1,1,0,1,0,1,0,0,0,0,1,0,0,1,0,0,1,0,0
0,1,1,0,24,1,1,0,1,1,0,1,1,1,104.25,2433.9,1,2104,97.35600000000001,0.04954847908745247,6,1,1,1,1,1,1,0,1,0,1,0,0,0,0,1,0,1,0,0,0,0,1,0
0,1,0,0,15,1,1,0,1,0,0,0,0,1,80.2,1217.25,1,4958,76.078125,0.01617587736990722,3,1,1,1,1,1,1,0,1,0,1,0,0,0,0,1,0,1,0,0,0,0,0,1
0,0,1,0,17,1,1,1,0,1,0,1,1,1,104.2,1743.5,1,2365,96.86111111111111,0.044059196617336156,6,1,1,1,0,1,0,0,1,0,1,0,0,0,0,1,0,1,0,0,0,0,1,0
0,1,0,0,1,1,0,0,0,0,0,0,0,1,69.65,69.65,1,5844,34.825,0.011918206707734429,1,1,1,1,1,1,1,0,1,0,1,0,0,0,0,1,0,0,0,0,1,1,0,0
0,0,0,0,9,1,0,0,0,0,0,0,1,1,80.8,713.1,1,3890,71.31,0.02077120822622108,2,1,1,1,0,1,1,0,1,0,1,0,0,0,0,1,0,0,0,0,1,0,0,1
0,0,0,0,7,1,0,0,0,0,0,1,0,1,80.3,526.7,1,3949,65.8375,0.020334261838440112,2,1,0,1,0,1,1,0,1,0,1,0,0,0,0,0,1,0,0,0,1,0,0,1
0,1,1,0,36,1,1,0,0,0,0,0,1,1,84.1,3021.6,1,2987,81.66486486486487,0.02815533980582524,3,1,1,1,1,1,1,0,1,0,1,0,0,0,0,1,0,0,1,0,0,0,1,0
0,0,0,0,3,1,0,0,0,0,1,1,1,1,69.35,191.35,1,3520,47.8375,0.019701704545454543,4,1,1,0,0,0,1,1,0,0,1,0,0,0,0,1,0,0,0,0,1,0,0,1
0,1,1,0,34,1,1,0,1,0,0,0,0,1,79.6,2718.3,1,3980,77.66571428571429,0.019999999999999997,3,1,0,1,1,1,1,0,1,0,1,0,0,0,0,0,1,0,1,0,0,0,0,1
0,1,0,0,1,0,0,0,0,0,0,1,0,1,36.45,36.45,1,5303,18.225,0.006873467848387706,1,1,1,0,1,1,1,1,0,0,1,0,0,0,0,1,0,0,0,0,1,0,0,1
0,0,0,0,22,1,0,0,1,1,0,1,0,1,89.4,2001.5,1,5438,87.02173913043478,0.016439867598381758,4,1,1,1,0,1,1,0,1,0,1,0,0,0,0,1,0,1,0,0,0,1,0,0
0,1,1,0,47,1,1,1,0,0,0,0,0,0,80.35,3825.85,1,5915,79.70520833333333,0.013584108199492814,3,1,1,1,1,1,0,0,1,0,1,0,0,0,0,1,0,0,1,0,0,1,0,0
0,1,1,0,24,0,0,0,0,1,0,0,1,1,40.65,933.3,1,3843,37.332,0.01057767369242779,2,1,0,0,1,1,1,1,0,0,1,0,0,0,1,0,0,1,0,0,0,0,0,1
0,0,1,0,53,0,0,0,1,1,1,1,1,1,60.45,3184.25,1,5650,58.967592592592595,0.010699115044247788,5,0,1,0,0,0,1,1,0,0,0,1,0,0,0,1,0,0,0,1,0,1,0,0
0,0,1,0,8,1,1,0,0,0,0,0,1,1,84.9,764.95,1,2656,84.99444444444445,0.03196536144578314,3,1,1,1,0,1,1,0,1,0,1,0,0,0,0,1,0,0,0,0,1,0,1,0
0,0,1,0,2,1,0,0,1,0,0,0,0,1,73.55,145.4,1,5799,48.46666666666667,0.012683221245042248,2,1,0,1,0,1,1,0,1,0,1,0,0,1,0,0,0,0,0,0,1,1,0,0
0,0,1,0,8,1,0,0,0,0,0,0,0,0,20.15,156.25,1,4785,17.36111111111111,0.004211076280041797,1,1,0,0,0,1,1,0,0,1,1,0,0,1,0,0,0,0,0,0,1,0,0,1
0,0,1,0,48,0,0,0,1,1,0,0,0,0,34.7,1604.5,1,5995,32.744897959183675,0.00578815679733111,2,0,0,0,0,1,1,1,0,0,0,1,0,0,0,0,1,0,1,0,0,1,0,0
0,1,1,0,43,1,1,0,0,1,1,1,1,1,107.55,4533.9,1,4423,103.04318181818181,0.024316075062174994,6,0,1,1,1,0,1,0,1,0,0,1,0,0,0,1,0,0,1,0,0,0,0,1
0,1,1,0,16,1,1,0,0,1,0,1,1,1,98.75,1587.55,1,3392,93.38529411764705,0.0291126179245283,5,1,1,1,1,1,1,0,1,0,1,0,0,0,0,1,0,1,0,0,0,0,1,0
0,0,1,0,8,1,0,0,1,1,0,1,1,0,101.15,842.9,1,2750,93.65555555555555,0.036781818181818186,5,1,1,1,0,1,1,0,1,0,1,0,0,0,0,1,0,0,0,0,1,0,1,0
0,0,0,0,20,1,1,0,0,1,0,1,0,1,88.7,1761.45,1,4115,83.87857142857143,0.02155528554070474,4,1,1,1,0,1,1,0,1,0,1,0,0,0,0,1,0,1,0,0,0,0,0,1
0,0,0,0,2,1,0,0,0,0,0,1,0,1,79.75,164.5,1,5172,54.833333333333336,0.015419566898685228,2,1,1,1,0,1,1,0,1,0,1,0,0,0,0,1,0,0,0,0,1,0,0,1
0,0,0,0,27,1,1,0,0,0,0,1,1,1,94.55,2724.6,1,4464,97.30714285714285,0.021180555555555557,4,1,0,1,0,1,1,0,1,0,1,0,0,0,0,0,1,0,1,0,0,0,0,1
0,1,0,0,5,1,0,0,0,0,0,0,0,1,69.05,318.5,1,3368,53.083333333333336,0.020501781472684083,1,1,0,1,1,1,1,0,1,0,1,0,0,0,0,0,1,0,0,0,1,0,1,0
0,0,1,0,52,1,1,0,0,1,1,0,1,1,96.25,4990.25,1,4751,94.15566037735849,0.020258892864660073,5,0,0,1,0,0,1,0,1,0,0,0,1,1,0,0,0,0,0,1,0,0,0,1
0,1,0,0,37,1,1,0,0,1,0,1,1,1,101.1,3744.05,1,4424,98.52763157894738,0.02285262206148282,5,1,1,1,1,1,1,0,1,0,1,0,0,0,0,1,0,0,1,0,0,0,0,1
0,0,0,0,69,1,1,0,1,0,1,1,1,1,104.7,7220.35,1,6350,103.14785714285715,0.01648818897637795,6,0,0,1,0,0,1,0,1,0,0,1,0,1,0,0,0,0,0,1,0,1,0,0
0,0,0,1,40,1,0,1,1,0,0,0,0,1,55.25,2139.2,1,2810,52.17560975609756,0.019661921708185055,3,1,0,0,0,1,0,1,0,0,1,0,0,0,0,0,1,0,1,0,0,0,1,0
0,0,0,0,6,1,1,0,1,0,0,1,0,1,90.1,521.3,1,5656,74.47142857142856,0.01592998585572843,4,1,1,1,0,1,1,0,1,0,1,0,0,0,0,1,0,0,0,0,1,1,0,0
0,0,0,0,11,1,1,0,0,1,0,0,0,0,53.75,608.0,1,3407,50.666666666666664,0.015776342823598473,3,1,1,0,0,1,1,1,0,0,1,0,0,0,0,1,0,0,0,0,1,0,1,0
0,0,0,0,6,1,0,0,0,0,0,1,1,0,89.3,577.6,1,5800,82.51428571428572,0.01539655172413793,3,1,1,1,0,1,1,0,1,0,1,0,0,0,0,1,0,0,0,0,1,1,0,0
0,0,1,0,3,1,1,0,0,0,0,1,1,1,95.2,292.85,1,4176,73.2125,0.022796934865900384,4,1,1,1,0,1,1,0,1,0,1,0,0,0,0,1,0,0,0,0,1,0,0,1
0,1,0,0,5,0,0,0,0,0,0,1,1,0,45.7,198.0,1,3561,33.0,0.012833473743330525,2,1,1,0,1,1,1,1,0,0,1,0,0,0,0,1,0,0,0,0,1,0,0,1
0,0,1,0,8,1,0,1,0,0,0,0,0,1,74.5,609.9,1,3683,67.76666666666667,0.020228074938908498,2,1,1,1,0,1,0,0,1,0,1,0,0,0,0,1,0,0,0,0,1,0,0,1
0,0,0,0,1,1,0,0,0,0,0,1,0,1,79.65,79.65,1,2119,39.825,0.037588485134497404,2,1,1,1,0,1,1,0,1,0,1,0,0,0,0,1,0,0,0,0,1,0,1,0
0,1,1,0,28,1,1,0,0,0,1,1,1,1,101.3,2812.2,1,4994,96.97241379310344,0.020284341209451343,5,1,0,1,1,0,1,0,1,0,1,0,0,0,1,0,0,0,1,0,0,0,0,1
0,0,1,0,1,1,0,0,0,0,0,1,0,1,80.05,80.05,1,2943,40.025,0.027200135915732244,2,1,0,1,0,1,1,0,1,0,1,0,0,0,0,0,1,0,0,0,1,0,1,0
0,0,1,0,29,1,1,0,0,1,0,0,1,1,89.2,2698.35,1,5292,89.945,0.016855631141345428,4,1,1,1,0,1,1,0,1,0,1,0,0,0,0,1,0,0,1,0,0,0,0,1
0,0,1,0,19,1,1,0,0,0,0,0,1,1,83.65,1465.75,1,3427,73.2875,0.024409104172745843,3,1,1,1,0,1,1,0,1,0,1,0,0,0,0,1,0,1,0,0,0,0,1,0
0,0,1,0,6,1,0,0,0,0,0,0,0,0,19.5,146.3,1,5579,20.900000000000002,0.003495250044810898,1,1,0,0,0,1,1,0,0,1,1,0,0,1,0,0,0,0,0,0,1,1,0,0
0,0,0,0,1,1,0,0,0,0,1,0,0,0,51.25,51.25,1,2180,25.625,0.023509174311926607,2,1,0,0,0,0,1,1,0,0,1,0,0,0,0,0,1,0,0,0,1,0,1,0
0,0,0,0,1,1,0,0,0,0,0,0,0,1,45.6,45.6,1,3037,22.8,0.01501481725386895,1,1,1,0,0,1,1,1,0,0,1,0,0,0,0,1,0,0,0,0,1,0,1,0
0,0,0,0,6,1,0,0,0,0,1,0,0,1,49.65,267.35,1,4248,38.19285714285714,0.011687853107344633,2,1,0,0,0,0,1,1,0,0,1,0,0,1,0,0,0,0,0,0,1,0,0,1
0,0,1,1,15,1,0,0,0,0,0,0,0,1,20.0,288.05,1,4672,18.003125,0.004280821917808219,1,1,1,0,0,1,1,0,0,1,1,0,0,0,0,1,0,1,0,0,0,0,0,1
0,0,1,0,25,0,0,0,0,0,0,1,0,1,34.0,853.0,1,5024,32.80769230769231,0.006767515923566879,1,1,0,0,0,1,1,1,0,0,1,0,0,1,0,0,0,0,1,0,0,0,0,1
0,1,1,0,10,1,0,0,1,1,1,1,0,1,92.5,934.1,1,2415,84.91818181818182,0.038302277432712216,5,1,0,1,1,0,1,0,1,0,1,0,0,0,0,0,1,0,0,0,1,0,1,0
0,0,1,0,13,1,0,0,0,0,0,1,1,0,88.35,1222.8,1,3740,87.34285714285714,0.023622994652406415,3,1,1,1,0,1,1,0,1,0,1,0,0,0,0,1,0,1,0,0,0,0,0,1
0,0,1,0,49,1,1,0,1,1,1,1,1,1,107.95,5293.2,1,5785,105.86399999999999,0.018660328435609334,7,0,0,1,0,0,1,0,1,0,0,0,1,1,0,0,0,0,0,1,0,1,0,0
0,1,0,0,1,1,1,0,0,0,0,0,0,1,74.45,74.45,1,4291,37.225,0.017350268002796553,2,1,0,1,1,1,1,0,1,0,1,0,0,0,0,0,1,0,0,0,1,0,0,1
0,0,0,0,37,1,0,0,0,0,0,1,1,1,64.75,2345.2,1,5554,61.715789473684204,0.011658264314007922,3,1,1,0,0,1,1,1,0,0,1,0,0,0,0,1,0,0,1,0,0,1,0,0
0,0,0,0,26,1,0,0,1,1,0,1,0,0,89.8,2335.3,1,3452,86.4925925925926,0.026013904982618772,4,1,1,1,0,1,1,0,1,0,1,0,0,0,0,1,0,0,1,0,0,0,1,0
0,0,0,0,12,1,0,0,0,1,0,1,1,0,95.5,1115.15,1,3538,85.78076923076924,0.026992651215375918,4,0,0,1,0,1,1,0,1,0,0,1,0,0,0,0,1,0,0,0,1,0,0,1
0,1,0,0,10,0,0,0,0,0,1,0,0,1,29.65,291.4,1,5702,26.49090909090909,0.005199929849175728,1,1,1,0,1,0,1,1,0,0,1,0,0,0,0,1,0,0,0,0,1,1,0,0
0,0,1,0,5,1,1,1,0,1,0,0,0,1,84.5,453.75,1,5141,75.625,0.016436490955067107,4,1,1,1,0,1,0,0,1,0,1,0,0,0,0,1,0,0,0,0,1,0,0,1
0,0,0,0,18,1,1,0,0,1,0,0,1,1,90.7,1597.25,1,2931,84.0657894736842,0.030945069941999317,4,1,0,1,0,1,1,0,1,0,1,0,0,0,1,0,0,1,0,0,0,0,1,0
0,1,0,0,3,1,0,0,0,0,0,0,0,1,70.3,235.5,1,5165,58.875,0.0136108422071636,1,1,1,1,1,1,1,0,1,0,1,0,0,0,0,1,0,0,0,0,1,0,0,1
0,0,0,0,54,1,1,1,0,1,0,1,1,1,103.95,5639.05,1,6117,102.52818181818182,0.01699362432564983,6,0,0,1,0,1,0,0,1,0,0,1,0,1,0,0,0,0,0,1,0,1,0,0
0,0,0,0,10,1,1,0,0,0,0,0,0,1,74.75,799.65,1,5578,72.69545454545454,0.01340086052348512,2,1,1,1,0,1,1,0,1,0,1,0,0,0,0,1,0,0,0,0,1,1,0,0
0,0,0,0,1,1,0,0,0,0,1,0,0,1,50.8,50.8,1,4535,25.4,0.011201764057331863,2,1,1,0,0,0,1,1,0,0,1,0,0,0,0,1,0,0,0,0,1,0,0,1
0,0,0,0,2,1,0,0,0,0,0,1,0,1,80.25,144.55,1,5055,48.18333333333334,0.015875370919881306,2,1,1,1,0,1,1,0,1,0,1,0,0,0,0,1,0,0,0,0,1,0,0,1
0,0,1,0,32,1,1,0,0,1,0,0,0,1,78.9,2447.95,1,5949,74.18030303030302,0.013262733232476048,3,1,1,1,0,1,1,0,1,0,1,0,0,0,0,1,0,0,1,0,0,1,0,0
0,0,0,0,36,1,1,0,0,0,0,0,1,1,84.75,3050.15,1,5272,82.43648648648649,0.016075493171471927,3,1,1,1,0,1,1,0,1,0,1,0,0,0,0,1,0,0,1,0,0,0,0,1
0,0,0,0,53,1,1,0,0,0,0,1,0,0,85.45,4517.25,1,4753,83.65277777777777,0.01797811908268462,3,1,0,1,0,1,1,0,1,0,1,0,0,1,0,0,0,0,0,1,0,0,0,1
0,0,1,1,1,1,0,0,0,0,0,0,0,0,19.9,19.9,1,5441,9.95,0.003657415916191876,1,1,0,0,0,1,1,0,0,1,1,0,0,0,0,0,1,0,0,0,1,1,0,0
0,1,0,0,12,1,1,0,0,1,0,1,1,1,99.45,1200.15,1,2819,92.31923076923077,0.03527846754168145,5,1,1,1,1,1,1,0,1,0,1,0,0,0,0,1,0,0,0,0,1,0,1,0
0,0,0,0,1,1,0,0,0,0,0,0,0,1,70.6,70.6,1,4063,35.3,0.01737632291410288,1,1,1,1,0,1,1,0,1,0,1,0,0,0,0,1,0,0,0,0,1,0,0,1
0,0,0,0,5,1,0,0,0,0,0,1,0,1,81.0,389.6,1,3718,64.93333333333334,0.021785906401291015,2,1,0,1,0,1,1,0,1,0,1,0,0,0,1,0,0,0,0,0,1,0,0,1
0,0,0,0,6,1,0,0,1,0,0,1,0,1,84.85,523.5,1,3420,74.78571428571429,0.024809941520467834,3,1,1,1,0,1,1,0,1,0,1,0,0,0,0,1,0,0,0,0,1,0,1,0
0,1,0,0,26,1,1,0,1,0,0,1,0,1,89.15,2277.65,1,4074,84.35740740740741,0.021882670594010802,4,1,1,1,1,1,1,0,1,0,1,0,0,0,0,1,0,0,1,0,0,0,0,1
0,1,1,0,1,0,0,0,0,0,0,0,0,1,24.8,24.8,1,5377,12.4,0.00461223730704854,0,1,1,0,1,1,1,1,0,0,1,0,0,0,0,1,0,0,0,0,1,0,0,1
0,0,0,0,64,1,1,0,1,0,1,1,1,1,105.65,6903.1,1,4870,106.20153846153846,0.02169404517453799,6,0,0,1,0,0,1,0,1,0,0,1,0,0,1,0,0,0,0,1,0,0,0,1
0,0,0,0,13,1,0,0,0,0,0,0,1,1,80.85,1008.7,1,5964,72.05,0.013556338028169013,2,1,1,1,0,1,1,0,1,0,1,0,0,0,0,1,0,1,0,0,0,1,0,0
0,0,1,0,9,1,0,0,0,0,0,1,1,0,89.45,853.1,1,4971,85.31,0.017994367330517,3,1,1,1,0,1,1,0,1,0,1,0,0,0,0,1,0,0,0,0,1,0,0,1
0,0,0,0,10,1,1,0,0,0,0,1,1,1,72.15,794.25,1,2457,72.20454545454545,0.02936507936507937,4,1,0,0,0,1,1,1,0,0,1,0,0,0,1,0,0,0,0,0,1,0,1,0
0,0,0,0,2,1,0,0,0,1,1,1,1,0,76.4,160.8,1,3005,53.6,0.025424292845257906,5,1,1,0,0,0,1,1,0,0,1,0,0,0,0,1,0,0,0,0,1,0,1,0
0,1,0,0,20,1,1,0,0,0,0,0,1,1,61.6,1174.35,1,3866,55.921428571428564,0.015933781686497672,3,1,0,0,1,1,1,1,0,0,1,0,0,0,0,0,1,1,0,0,0,0,0,1
0,0,1,0,9,1,0,0,1,1,0,0,0,1,79.9,741.7,1,4748,74.17,0.01682813816343724,3,1,1,1,0,1,1,0,1,0,1,0,0,0,0,1,0,0,0,0,1,0,0,1
0,1,0,0,32,1,1,0,0,0,0,1,1,1,96.15,3019.25,1,2246,91.49242424242425,0.042809439002671416,4,1,0,1,1,1,1,0,1,0,1,0,0,0,1,0,0,0,1,0,0,0,1,0
0,0,1,0,70,1,1,1,0,1,1,0,0,0,65.3,4759.75,1,5591,67.03873239436619,0.011679484886424611,5,0,0,0,0,0,0,1,0,0,0,0,1,0,1,0,0,0,0,1,0,1,0,0
0,0,0,0,1,1,0,0,0,0,0,0,0,0,19.65,19.65,1,5717,9.825,0.003437117369249606,1,1,0,0,0,1,1,0,0,1,1,0,0,0,0,0,1,0,0,0,1,1,0,0
0,0,0,0,1,1,1,0,0,0,0,1,0,1,84.65,84.65,1,4261,42.325,0.019866228584839243,3,1,0,1,0,1,1,0,1,0,1,0,0,0,0,0,1,0,0,0,1,0,0,1
0,1,1,0,1,1,0,0,0,0,0,0,0,1,69.55,69.55,1,5948,34.775,0.011693006052454605,1,1,1,1,1,1,1,0,1,0,1,0,0,0,0,1,0,0,0,0,1,1,0,0
0,0,0,0,13,0,0,0,1,0,0,0,0,1,31.05,347.25,1,5131,24.803571428571427,0.006051451958682518,1,1,1,0,0,1,1,1,0,0,1,0,0,0,0,1,0,1,0,0,0,0,0,1
0,0,0,0,7,1,0,1,0,0,0,0,0,1,51.0,354.05,1,3736,44.25625,0.013650963597430408,2,1,0,0,0,1,0,1,0,0,1,0,0,0,0,0,1,0,0,0,1,0,0,1
0,0,1,1,1,1,0,0,0,0,0,0,0,1,44.35,44.35,1,4599,22.175,0.00964340073929115,1,1,0,0,0,1,1,1,0,0,1,0,0,1,0,0,0,0,0,0,1,0,0,1
0,0,0,0,7,1,0,0,0,0,0,1,0,1,79.7,586.05,1,3109,73.25625,0.025635252492762946,2,1,1,1,0,1,1,0,1,0,1,0,0,0,0,1,0,0,0,0,1,0,1,0
0,0,0,1,54,1,1,0,1,0,0,0,0,1,55.0,3092.65,1,5282,56.230000000000004,0.010412722453616054,3,1,0,0,0,1,1,1,0,0,1,0,0,0,1,0,0,0,0,1,0,0,0,1
0,1,0,0,5,1,0,0,0,1,0,1,0,1,84.85,415.55,1,3305,69.25833333333334,0.025673222390317697,3,1,0,1,1,1,1,0,1,0,1,0,0,0,0,0,1,0,0,0,1,0,1,0
0,1,0,0,1,1,1,0,0,0,0,0,0,1,73.65,73.65,1,5443,36.825,0.013531140914936617,2,1,1,1,1,1,1,0,1,0,1,0,0,0,0,1,0,0,0,0,1,1,0,0
0,0,1,0,33,1,0,0,0,1,1,1,1,1,73.9,2405.05,1,5374,70.73676470588236,0.0137513956084853,5,0,0,0,0,0,1,1,0,0,0,1,0,0,0,0,1,0,1,0,0,0,0,1
0,0,1,0,55,1,1,0,0,1,0,0,0,1,77.75,4458.15,1,4398,79.60982142857142,0.01767849022282856,3,1,1,1,0,1,1,0,1,0,1,0,0,0,0,1,0,0,0,1,0,0,0,1
0,1,1,0,6,1,1,0,0,0,0,0,1,1,84.35,474.9,1,5721,67.84285714285714,0.014743925887082676,3,1,1,1,1,1,1,0,1,0,1,0,0,0,0,1,0,0,0,0,1,1,0,0
0,0,0,0,8,1,0,1,0,0,0,1,0,0,84.95,668.4,1,4437,74.26666666666667,0.019145819247239126,3,1,1,1,0,1,0,0,1,0,1,0,0,0,0,1,0,0,0,0,1,0,0,1
0,0,0,0,11,1,0,0,0,0,1,0,0,1,73.85,926.25,1,3634,77.1875,0.02032195927352779,2,1,1,1,0,0,1,0,1,0,1,0,0,0,0,1,0,0,0,0,1,0,0,1
0,0,1,0,49,0,0,0,1,0,0,1,1,1,51.8,2541.25,1,5375,50.825,0.00963720930232558,3,0,0,0,0,1,1,1,0,0,0,1,0,1,0,0,0,0,0,1,0,0,0,1
0,1,1,0,1,1,0,0,0,0,0,0,0,0,46.0,46.0,1,4531,23.0,0.01015228426395939,1,1,1,0,1,1,1,1,0,0,1,0,0,0,0,1,0,0,0,0,1,0,0,1
0,1,0,0,15,1,0,0,0,0,0,0,1,1,79.4,1156.1,1,3621,72.25625,0.021927644297155484,2,1,1,1,1,1,1,0,1,0,1,0,0,0,0,1,0,1,0,0,0,0,0,1
0,1,1,0,16,1,0,0,0,0,0,0,0,1,71.8,1167.8,1,3327,68.69411764705882,0.021581003907424106,1,1,0,1,1,1,1,0,1,0,1,0,0,1,0,0,0,1,0,0,0,0,1,0
0,1,1,0,44,1,1,0,1,0,0,0,1,0,88.4,3912.9,1,2674,86.95333333333333,0.03305908750934929,4,0,0,1,1,1,1,0,1,0,0,1,0,0,0,0,1,0,1,0,0,0,1,0
0,0,0,1,5,1,0,0,0,0,0,0,0,0,46.0,221.7,1,4846,36.949999999999996,0.009492364836978951,1,1,0,0,0,1,1,1,0,0,1,0,0,0,0,0,1,0,0,0,1,0,0,1
0,0,0,0,4,1,1,0,0,0,0,0,0,0,51.75,201.1,1,3865,40.22,0.013389391979301423,2,1,0,0,0,1,1,1,0,0,1,0,0,0,1,0,0,0,0,0,1,0,0,1
0,0,1,0,30,1,1,1,1,0,0,1,0,1,94.4,2838.7,1,2792,91.57096774193548,0.033810888252149,5,1,1,1,0,1,0,0,1,0,1,0,0,0,0,1,0,0,1,0,0,0,1,0
0,0,0,0,1,1,0,0,0,0,0,0,0,1,70.15,70.15,1,3208,35.075,0.021867206982543644,1,1,0,1,0,1,1,0,1,0,1,0,0,0,0,0,1,0,0,0,1,0,1,0
0,0,0,0,9,0,0,0,0,0,0,1,0,1,34.7,296.1,1,5352,29.610000000000003,0.0064835575485799705,1,1,0,0,0,1,1,1,0,0,1,0,0,0,1,0,0,0,0,0,1,0,0,1
0,0,0,0,1,1,0,0,0,0,0,0,1,1,81.1,81.1,1,2075,40.55,0.03908433734939759,2,1,1,1,0,1,1,0,1,0,1,0,0,0,0,1,0,0,0,0,1,0,1,0
0,0,1,1,1,1,0,0,0,0,0,0,0,0,20.55,20.55,1,3797,10.275,0.005412167500658415,1,1,0,0,0,1,1,0,0,1,1,0,0,0,0,0,1,0,0,0,1,0,0,1
0,0,0,0,61,1,1,0,0,1,1,1,1,1,106.6,6428.4,1,4183,103.68387096774192,0.025484102318909872,6,0,1,1,0,0,1,0,1,0,0,0,1,0,0,1,0,0,0,1,0,0,0,1
0,0,1,0,59,1,1,1,1,1,1,1,0,1,106.75,6252.9,1,4508,104.21499999999999,0.023680124223602484,7,1,1,1,0,0,0,0,1,0,1,0,0,0,0,1,0,0,0,1,0,0,0,1
0,0,0,0,3,1,0,0,0,0,0,1,1,1,89.45,240.45,1,3591,60.1125,0.02490949596212754,3,1,1,1,0,1,1,0,1,0,1,0,0,0,0,1,0,0,0,0,1,0,0,1
0,0,0,0,3,1,0,0,1,0,1,1,1,1,97.9,315.3,1,4330,78.825,0.02260969976905312,5,1,1,1,0,0,1,0,1,0,1,0,0,0,0,1,0,0,0,0,1,0,0,1
0,0,0,0,1,1,0,0,0,0,0,0,1,1,55.7,55.7,1,4629,27.85,0.012032836465759344,2,1,0,0,0,1,1,1,0,0,1,0,0,0,0,0,1,0,0,0,1,0,0,1
0,0,0,0,13,1,0,0,1,1,0,0,0,1,79.8,973.45,1,5067,69.53214285714286,0.015748963883955,3,1,1,1,0,1,1,0,1,0,1,0,0,0,0,1,0,1,0,0,0,0,0,1
0,0,1,0,18,0,0,0,0,1,0,1,0,1,39.05,669.85,1,2601,35.25526315789474,0.015013456362937331,2,1,1,0,0,1,1,1,0,0,1,0,0,0,0,1,0,1,0,0,0,0,1,0
0,1,1,0,3,1,0,0,0,0,1,1,0,1,83.9,267.4,1,3464,66.85,0.024220554272517323,3,1,0,1,1,0,1,0,1,0,1,0,0,0,0,0,1,0,0,0,1,0,1,0
0,1,0,0,1,1,0,0,0,0,0,0,0,1,69.85,69.85,1,5056,34.925,0.013815268987341771,1,1,1,1,1,1,1,0,1,0,1,0,0,0,0,1,0,0,0,0,1,0,0,1
0,0,0,0,1,1,0,0,0,0,0,1,0,1,53.55,53.55,1,2326,26.775,0.023022355975924332,2,1,0,0,0,1,1,1,0,0,1,0,0,0,0,0,1,0,0,0,1,0,1,0
0,0,1,0,70,1,1,1,1,1,1,0,0,0,93.9,6579.05,1,6173,92.66267605633803,0.015211404503482911,6,0,0,1,0,0,0,0,1,0,0,0,1,1,0,0,0,0,0,1,0,1,0,0
0,0,1,0,68,1,1,1,1,1,1,1,1,1,113.15,7856.0,1,4610,113.85507246376811,0.024544468546637745,8,0,1,1,0,0,0,0,1,0,0,0,1,0,0,1,0,0,0,1,0,0,0,1
0,1,1,0,26,1,0,0,1,0,0,0,1,0,84.95,2169.75,1,4316,80.36111111111111,0.019682576459684895,3,1,1,1,1,1,1,0,1,0,1,0,0,0,0,1,0,0,1,0,0,0,0,1
0,0,1,0,11,1,1,0,1,0,0,0,0,1,80.5,896.9,1,5119,74.74166666666666,0.015725727681187733,3,1,0,1,0,1,1,0,1,0,1,0,0,1,0,0,0,0,0,0,1,0,0,1
0,0,0,0,1,1,0,0,0,0,0,0,0,1,19.3,19.3,1,4266,9.65,0.004524144397562119,1,1,0,0,0,1,1,0,0,1,1,0,0,0,0,0,1,0,0,0,1,0,0,1
0,0,0,0,1,1,0,0,0,1,0,0,0,1,49.65,49.65,1,5338,24.825,0.009301236418134132,2,1,0,0,0,1,1,1,0,0,1,0,0,0,0,0,1,0,0,0,1,0,0,1
0,0,0,0,46,1,0,0,0,1,1,0,0,0,54.35,2460.15,1,2793,52.3436170212766,0.0194593626924454,3,0,0,0,0,0,1,1,0,0,0,0,1,0,1,0,0,0,1,0,0,0,1,0
0,0,0,0,4,1,0,0,0,0,0,1,1,1,88.45,370.65,1,2456,74.13,0.03601384364820847,3,1,1,1,0,1,1,0,1,0,1,0,0,0,0,1,0,0,0,0,1,0,1,0
0,1,0,0,22,1,1,0,0,0,1,1,0,1,90.5,1910.6,1,5014,83.0695652173913,0.01804946150777822,4,1,0,1,1,0,1,0,1,0,1,0,0,1,0,0,0,1,0,0,0,0,0,1
0,0,1,0,9,1,0,0,1,1,1,1,0,1,94.85,890.6,1,3016,89.06,0.03144893899204244,5,1,0,1,0,0,1,0,1,0,1,0,0,0,0,0,1,0,0,0,1,0,1,0
0,0,1,0,7,1,0,0,0,0,0,0,0,1,69.95,529.5,1,3296,66.1875,0.021222694174757282,1,1,0,1,0,1,1,0,1,0,1,0,0,1,0,0,0,0,0,0,1,0,1,0
0,0,0,0,1,1,0,1,0,0,0,0,0,1,48.6,48.6,1,4207,24.3,0.011552174946517708,2,1,0,0,0,1,0,1,0,0,1,0,0,0,1,0,0,0,0,0,1,0,0,1
0,1,0,0,40,0,0,1,1,0,0,1,1,1,55.8,2109.35,1,4272,51.447560975609754,0.013061797752808989,4,1,1,0,1,1,0,1,0,0,1,0,0,0,0,1,0,0,1,0,0,0,0,1
0,0,1,0,29,1,1,0,1,0,0,0,0,1,80.15,2265.25,1,5189,75.50833333333334,0.015446136057043747,3,1,0,1,0,1,1,0,1,0,1,0,0,1,0,0,0,0,1,0,0,0,0,1
0,0,0,0,3,1,1,0,0,0,0,0,0,1,75.5,220.6,1,5948,55.15,0.01269334229993275,2,1,1,1,0,1,1,0,1,0,1,0,0,0,0,1,0,0,0,0,1,1,0,0
0,0,0,0,1,1,0,0,0,0,0,0,0,1,20.2,20.2,1,5394,10.1,0.0037449017426770485,1,1,0,0,0,1,1,0,0,1,1,0,0,1,0,0,0,0,0,0,1,1,0,0
0,0,1,0,3,1,1,0,0,0,0,0,0,1,74.75,229.5,1,3972,57.375,0.018819234642497483,2,1,0,1,0,1,1,0,1,0,1,0,0,0,1,0,0,0,0,0,1,0,0,1
0,0,0,0,23,1,1,0,0,1,1,1,1,1,104.05,2470.1,1,5963,102.92083333333333,0.017449270501425456,6,1,0,1,0,0,1,0,1,0,1,0,0,0,0,0,1,1,0,0,0,1,0,0
0,0,0,0,13,1,1,1,1,0,0,1,0,1,96.65,1244.5,1,2110,88.89285714285714,0.045805687203791474,5,1,1,1,0,1,0,0,1,0,1,0,0,0,0,1,0,1,0,0,0,0,1,0
0,1,0,0,1,1,0,0,0,0,0,0,0,0,20.05,20.05,1,3491,10.025,0.0057433400171870526,1,1,0,0,1,1,1,0,0,1,1,0,0,0,0,0,1,0,0,0,1,0,0,1
0,0,0,0,39,1,1,0,1,1,0,1,1,1,103.45,3994.45,1,4811,99.86125,0.021502806069424237,6,1,1,1,0,1,1,0,1,0,1,0,0,0,0,1,0,0,1,0,0,0,0,1
0,0,1,1,1,1,0,0,0,0,0,0,0,1,19.9,19.9,1,4633,9.95,0.0042952730412259875,1,1,1,0,0,1,1,0,0,1,1,0,0,0,0,1,0,0,0,0,1,0,0,1
0,0,1,0,14,0,0,0,0,0,0,1,1,0,46.35,667.7,1,5360,44.513333333333335,0.008647388059701493,2,1,1,0,0,1,1,1,0,0,1,0,0,0,0,1,0,1,0,0,0,0,0,1
0,0,0,0,1,1,0,0,0,0,0,0,0,0,19.95,19.95,1,2051,9.975,0.009726962457337883,1,1,1,0,0,1,1,0,0,1,1,0,0,0,0,1,0,0,0,0,1,0,1,0
0,0,0,0,1,1,0,0,0,0,0,0,1,0,79.6,79.6,1,2199,39.8,0.03619827194179172,2,1,1,1,0,1,1,0,1,0,1,0,0,0,0,1,0,0,0,0,1,0,1,0
0,0,0,0,1,1,0,0,0,0,1,0,0,1,75.9,75.9,1,3389,37.95,0.02239598701681912,2,1,1,1,0,0,1,0,1,0,1,0,0,0,0,1,0,0,0,0,1,0,1,0
0,0,1,0,1,1,0,0,0,1,0,0,0,0,76.2,76.2,1,5973,38.1,0.012757408337518835,2,1,1,1,0,1,1,0,1,0,1,0,0,0,0,1,0,0,0,0,1,1,0,0
0,0,0,1,1,1,0,0,0,0,0,0,0,0,19.25,19.25,1,5437,9.625,0.003540555453375023,1,1,0,0,0,1,1,0,0,1,1,0,0,0,0,0,1,0,0,0,1,1,0,0
0,0,1,0,42,1,1,0,0,1,1,0,0,1,84.3,3588.4,1,2514,83.45116279069768,0.033532219570405725,4,1,1,1,0,0,1,0,1,0,1,0,0,0,0,1,0,0,1,0,0,0,1,0
0,0,0,0,7,1,0,0,0,0,0,1,0,1,79.0,522.95,1,3735,65.36875,0.02115127175368139,2,1,1,1,0,1,1,0,1,0,1,0,0,0,0,1,0,0,0,0,1,0,0,1
0,0,0,0,1,1,0,0,0,0,0,0,0,1,70.25,70.25,1,4133,35.125,0.016997338495039923,1,1,1,1,0,1,1,0,1,0,1,0,0,0,0,1,0,0,0,0,1,0,0,1
0,1,0,0,10,1,0,0,0,1,0,0,1,1,84.6,865.55,1,3320,78.68636363636364,0.02548192771084337,3,1,0,1,1,1,1,0,1,0,1,0,0,0,1,0,0,0,0,0,1,0,1,0
0,0,1,1,17,1,1,0,0,0,0,0,0,0,24.1,409.9,1,4648,22.772222222222222,0.005185025817555938,2,1,0,0,0,1,1,0,0,1,1,0,0,0,0,0,1,1,0,0,0,0,0,1
0,0,0,1,1,1,0,1,1,0,1,0,0,1,60.0,60.0,1,4531,30.0,0.013242109909512249,4,1,1,0,0,0,0,1,0,0,1,0,0,0,0,1,0,0,0,0,1,0,0,1
0,0,0,0,8,1,1,0,0,0,0,0,1,1,86.55,649.65,1,4193,72.18333333333334,0.020641545432864297,3,1,1,1,0,1,1,0,1,0,1,0,0,0,0,1,0,0,0,0,1,0,0,1
0,1,1,0,1,1,0,0,0,0,0,0,0,1,20.85,20.85,1,3817,10.425,0.005462405030128374,1,1,0,0,1,1,1,0,0,1,1,0,0,0,0,0,1,0,0,0,1,0,0,1
0,0,0,0,39,0,0,0,0,1,0,1,1,1,50.75,2011.4,1,4119,50.285000000000004,0.012320951687302743,3,1,1,0,0,1,1,1,0,0,1,0,0,0,0,1,0,0,1,0,0,0,0,1
0,1,1,0,58,1,0,1,1,0,1,1,1,1,105.5,6205.5,1,5067,105.17796610169492,0.02082099861851194,6,0,0,1,1,0,0,0,1,0,0,1,0,0,1,0,0,0,0,1,0,0,0,1
0,1,0,0,6,1,0,1,0,0,0,1,0,1,85.15,503.6,1,5831,71.94285714285715,0.014602984050763164,3,1,0,1,1,1,0,0,1,0,1,0,0,1,0,0,0,0,0,0,1,1,0,0
0,0,1,0,22,1,0,1,0,0,1,0,0,1,54.2,1152.7,1,5102,50.11739130434783,0.010623284986279891,3,1,1,0,0,0,0,1,0,0,1,0,0,0,0,1,0,1,0,0,0,0,0,1
0,0,1,0,70,1,1,0,1,1,1,1,1,1,109.5,7674.55,1,4191,108.09225352112676,0.026127415891195417,7,0,1,1,0,0,1,0,1,0,0,1,0,0,0,1,0,0,0,1,0,0,0,1
0,0,1,0,21,1,1,0,1,1,0,1,1,0,104.4,2157.95,1,3796,98.08863636363635,0.027502634351949422,6,1,1,1,0,1,1,0,1,0,1,0,0,0,0,1,0,1,0,0,0,0,0,1
0,1,1,0,71,1,1,1,1,0,0,1,1,1,105.1,7548.1,1,5725,104.83472222222223,0.018358078602620086,6,1,0,1,1,1,0,0,1,0,1,0,0,0,1,0,0,0,0,1,0,1,0,0
0,0,0,0,1,1,0,0,1,0,0,0,0,1,75.7,75.7,1,4884,37.85,0.0154995904995905,2,1,1,1,0,1,1,0,1,0,1,0,0,0,0,1,0,0,0,0,1,0,0,1
0,1,1,0,20,1,1,0,0,1,0,1,0,0,90.8,1951.0,1,2312,92.9047619047619,0.03927335640138408,4,1,1,1,1,1,1,0,1,0,1,0,0,0,0,1,0,1,0,0,0,0,1,0
0,0,1,0,4,1,1,0,1,0,0,1,1,1,97.95,384.5,1,2570,76.9,0.03811284046692607,5,1,1,1,0,1,1,0,1,0,1,0,0,0,0,1,0,0,0,0,1,0,1,0
0,0,0,0,32,1,1,1,1,0,1,1,1,1,108.15,3432.9,1,2541,104.02727272727273,0.042561983471074386,7,1,0,1,0,0,0,0,1,0,1,0,0,0,1,0,0,0,1,0,0,0,1,0
0,0,0,0,6,1,0,0,0,0,0,1,0,1,80.5,463.05,1,2181,66.15,0.03690967446125631,2,1,0,1,0,1,1,0,1,0,1,0,0,0,1,0,0,0,0,0,1,0,1,0
0,1,1,0,27,1,1,1,0,0,1,1,1,1,104.3,2867.75,1,3444,102.41964285714286,0.030284552845528456,6,1,0,1,1,0,0,0,1,0,1,0,0,1,0,0,0,0,1,0,0,0,1,0
0,0,0,0,1,1,0,0,0,0,0,0,0,1,71.35,71.35,1,5730,35.675,0.012452006980802791,1,1,0,1,0,1,1,0,1,0,1,0,0,0,0,0,1,0,0,0,1,1,0,0
0,0,0,0,13,1,1,0,1,1,1,0,0,0,89.4,1132.35,1,2226,80.88214285714285,0.04016172506738545,5,1,1,1,0,0,1,0,1,0,1,0,0,0,0,1,0,1,0,0,0,0,1,0
0,0,0,0,1,1,0,0,0,0,0,0,0,0,20.6,20.6,1,3618,10.3,0.005693753454947485,1,1,0,0,0,1,1,0,0,1,1,0,0,0,0,0,1,0,0,0,1,0,0,1
0,0,0,0,19,1,1,0,1,0,0,1,1,1,99.95,1931.75,1,3670,96.5875,0.02723433242506812,5,1,1,1,0,1,1,0,1,0,1,0,0,0,0,1,0,1,0,0,0,0,0,1
0,0,0,0,10,1,1,0,1,0,0,0,0,1,81.0,818.05,1,2946,74.36818181818181,0.0274949083503055,3,1,0,1,0,1,1,0,1,0,1,0,0,0,1,0,0,0,0,0,1,0,1,0
0,1,1,0,13,1,0,0,0,0,0,0,0,1,70.15,916.75,1,5101,65.48214285714286,0.013752205449911783,1,1,1,1,1,1,1,0,1,0,1,0,0,0,0,1,0,1,0,0,0,0,0,1
0,0,0,0,1,1,0,0,0,0,0,0,0,1,70.15,70.15,1,5773,35.075,0.012151394422310759,1,1,0,1,0,1,1,0,1,0,1,0,0,0,0,0,1,0,0,0,1,1,0,0
0,1,1,0,68,1,1,1,1,0,0,0,1,1,96.55,6581.9,1,5957,95.38985507246376,0.01620782272956186,5,0,0,1,1,1,0,0,1,0,0,1,0,0,1,0,0,0,0,1,0,1,0,0
0,0,0,0,39,1,0,1,0,1,1,1,0,1,95.55,3692.85,1,2767,92.32124999999999,0.03453198409830141,5,0,1,1,0,0,0,0,1,0,0,1,0,0,0,1,0,0,1,0,0,0,1,0
0,1,0,0,1,1,0,0,0,0,0,0,0,1,69.65,69.65,1,4741,34.825,0.014690993461295087,1,1,1,1,1,1,1,0,1,0,1,0,0,0,0,1,0,0,0,0,1,0,0,1
0,1,0,0,1,1,0,0,0,0,0,1,1,1,89.3,89.3,1,3067,44.65,0.02911640039126182,3,1,1,1,1,1,1,0,1,0,1,0,0,0,0,1,0,0,0,0,1,0,1,0
0,0,0,0,36,1,0,0,0,1,1,0,1,1,87.55,3078.1,1,2558,83.19189189189188,0.034225957779515245,4,1,1,1,0,0,1,0,1,0,1,0,0,0,0,1,0,0,1,0,0,0,1,0
0,1,0,0,15,1,0,1,0,1,1,0,1,1,96.3,1426.75,1,2933,89.171875,0.03283327650869417,5,1,0,1,1,0,0,0,1,0,1,0,0,0,0,0,1,1,0,0,0,0,1,0
0,0,0,0,5,1,1,0,0,0,0,1,0,1,85.2,474.8,1,4109,79.13333333333334,0.02073497201265515,3,1,1,1,0,1,1,0,1,0,1,0,0,0,0,1,0,0,0,0,1,0,0,1
0,0,0,0,13,0,0,0,0,0,0,0,1,1,35.1,446.1,1,3104,31.864285714285717,0.01130798969072165,1,1,1,0,0,1,1,1,0,0,1,0,0,0,0,1,0,1,0,0,0,0,1,0
0,0,1,0,5,1,1,0,1,0,0,0,0,1,81.3,416.3,1,3819,69.38333333333334,0.02128829536527887,3,1,1,1,0,1,1,0,1,0,1,0,0,0,0,1,0,0,0,0,1,0,0,1
0,0,0,1,2,1,0,0,0,0,0,0,0,1,19.6,35.85,1,2843,11.950000000000001,0.006894125923320437,1,1,1,0,0,1,1,0,0,1,1,0,0,0,0,1,0,0,0,0,1,0,1,0
0,0,1,0,17,1,1,0,0,0,0,0,1,1,85.45,1451.6,1,3670,80.64444444444445,0.023283378746594006,3,1,1,1,0,1,1,0,1,0,1,0,0,0,0,1,0,1,0,0,0,0,0,1
0,0,1,0,1,1,0,0,0,0,0,0,0,1,71.0,71.0,1,4207,35.5,0.016876634181126695,1,1,1,1,0,1,1,0,1,0,1,0,0,0,0,1,0,0,0,0,1,0,0,1
0,1,0,0,9,1,1,0,0,0,0,0,1,1,85.05,746.5,1,5095,74.65,0.016692836113837095,3,1,1,1,1,1,1,0,1,0,1,0,0,0,0,1,0,0,0,0,1,0,0,1
0,0,0,1,1,1,0,0,0,0,0,0,0,1,44.4,44.4,1,4067,22.2,0.010917137939513155,1,1,1,0,0,1,1,1,0,0,1,0,0,0,0,1,0,0,0,0,1,0,0,1
0,1,1,0,1,1,0,0,0,0,0,0,0,1,70.3,70.3,1,4962,35.15,0.014167674324869003,1,1,1,1,1,1,1,0,1,0,1,0,0,0,0,1,0,0,0,0,1,0,0,1
0,0,1,0,1,1,0,0,0,0,0,1,0,1,79.35,79.35,1,3492,39.675,0.0227233676975945,2,1,0,1,0,1,1,0,1,0,1,0,0,1,0,0,0,0,0,0,1,0,0,1
0,0,0,0,9,1,0,0,0,0,0,1,1,1,90.8,809.75,1,2578,80.975,0.0352211016291699,3,1,0,1,0,1,1,0,1,0,1,0,0,1,0,0,0,0,0,0,1,0,1,0
0,0,1,0,20,1,0,0,0,0,0,0,0,1,70.45,1470.95,1,4773,70.04523809523809,0.014760108946155459,1,1,1,1,0,1,1,0,1,0,1,0,0,0,0,1,0,1,0,0,0,0,0,1
0,1,0,0,70,0,0,0,0,0,0,1,1,1,45.25,3264.45,1,5824,45.97816901408451,0.007769574175824176,2,0,1,0,1,1,1,1,0,0,0,1,0,0,0,1,0,0,0,1,0,1,0,0
0,0,0,0,3,1,1,0,0,0,0,0,0,1,75.8,246.3,1,5475,61.575,0.013844748858447489,2,1,1,1,0,1,1,0,1,0,1,0,0,0,0,1,0,0,0,0,1,1,0,0
0,1,0,0,20,1,0,0,0,0,0,0,0,0,71.3,1389.2,1,3684,66.15238095238095,0.019353963083604778,1,1,0,1,1,1,1,0,1,0,1,0,0,0,1,0,0,1,0,0,0,0,0,1
0,1,1,0,21,1,0,0,0,0,0,0,0,1,69.1,1474.75,1,3853,67.0340909090909,0.01793407734233065,1,1,1,1,1,1,1,0,1,0,1,0,0,0,0,1,0,1,0,0,0,0,0,1
0,0,1,0,17,1,1,0,0,1,0,1,0,0,88.25,1460.65,1,4041,81.14722222222223,0.02183865379856471,4,1,1,1,0,1,1,0,1,0,1,0,0,0,0,1,0,1,0,0,0,0,0,1
0,0,0,0,2,1,0,0,0,0,0,0,0,0,70.0,153.05,1,2928,51.01666666666667,0.02390710382513661,1,1,0,1,0,1,1,0,1,0,1,0,0,1,0,0,0,0,0,0,1,0,1,0
0,0,0,0,21,1,1,0,0,0,0,1,1,1,97.35,2119.5,1,4321,96.3409090909091,0.02252950705855126,4,1,1,1,0,1,1,0,1,0,1,0,0,0,0,1,0,1,0,0,0,0,0,1
0,0,1,1,5,1,1,0,0,0,0,0,0,1,25.9,135.0,1,2102,22.5,0.012321598477640342,2,1,0,0,0,1,1,0,0,1,1,0,0,1,0,0,0,0,0,0,1,0,1,0
0,0,0,0,24,1,1,1,0,0,0,0,0,1,55.65,1400.55,1,4126,56.022,0.013487639360155113,3,1,0,0,0,1,0,1,0,0,1,0,0,1,0,0,0,1,0,0,0,0,0,1
0,0,0,0,1,1,0,0,0,0,0,0,0,1,69.65,69.65,1,2418,34.825,0.028804797353184454,1,1,1,1,0,1,1,0,1,0,1,0,0,0,0,1,0,0,0,0,1,0,1,0
0,0,0,0,10,1,1,0,0,1,0,1,1,1,100.6,1060.2,1,4001,96.38181818181819,0.025143714071482127,5,1,1,1,0,1,1,0,1,0,1,0,0,0,0,1,0,0,0,0,1,0,0,1
0,1,0,0,1,1,0,0,1,0,0,0,1,1,86.0,86.0,1,5359,43.0,0.016047770106363126,3,1,1,1,1,1,1,0,1,0,1,0,0,0,0,1,0,0,0,0,1,0,0,1
0,0,0,0,53,1,1,1,0,1,0,1,1,1,106.95,5785.5,1,5550,107.13888888888889,0.01927027027027027,6,0,0,1,0,1,0,0,1,0,0,1,0,0,1,0,0,0,0,1,0,1,0,0
0,0,0,0,3,0,0,0,1,0,0,0,0,1,29.6,79.45,1,2734,19.8625,0.010826627651792247,1,1,1,0,0,1,1,1,0,0,1,0,0,0,0,1,0,0,0,0,1,0,1,0
0,1,1,0,46,0,0,0,1,1,1,1,1,1,59.9,2816.65,1,4011,59.92872340425532,0.01493393168785839,5,0,0,0,1,0,1,1,0,0,0,1,0,1,0,0,0,0,1,0,0,0,0,1
0,0,1,0,49,1,1,0,0,0,0,1,1,1,95.6,4783.5,1,5732,95.67,0.016678297278436845,4,1,1,1,0,1,1,0,1,0,1,0,0,0,0,1,0,0,0,1,0,1,0,0
0,0,0,0,11,0,0,0,0,1,0,1,0,1,41.6,470.6,1,3119,39.21666666666667,0.013337608207758898,2,0,1,0,0,1,1,1,0,0,0,1,0,0,0,1,0,0,0,0,1,0,1,0
0,0,0,0,45,1,1,0,1,0,0,1,1,1,100.85,4740.0,1,4898,103.04347826086956,0.02059003674969375,5,1,0,1,0,1,1,0,1,0,1,0,0,0,1,0,0,0,1,0,0,0,0,1
0,0,1,1,37,0,0,1,1,1,0,0,0,0,40.2,1448.8,1,3627,38.126315789473686,0.011083540115798181,3,1,0,0,0,1,0,1,0,0,1,0,0,1,0,0,0,0,1,0,0,0,0,1
0,0,1,0,49,1,1,0,0,0,0,1,0,0,84.5,4254.85,1,4639,85.09700000000001,0.01821513257167493,3,1,1,1,0,1,1,0,1,0,1,0,0,0,0,1,0,0,0,1,0,0,0,1
0,1,0,0,14,1,1,0,1,0,0,0,0,1,78.95,1101.85,1,5203,73.45666666666666,0.01517393811262733,3,1,1,1,1,1,1,0,1,0,1,0,0,0,0,1,0,1,0,0,0,0,0,1
0,0,0,0,1,1,0,0,0,0,0,0,0,0,20.2,20.2,1,5418,10.1,0.003728313030638612,1,1,0,0,0,1,1,0,0,1,1,0,0,0,0,0,1,0,0,0,1,1,0,0
0,1,0,0,47,1,1,0,1,1,0,0,0,1,85.2,3969.35,1,4661,82.69479166666666,0.018279339197597083,4,1,0,1,1,1,1,0,1,0,1,0,0,1,0,0,0,0,1,0,0,0,0,1
0,1,1,0,13,1,0,0,1,1,0,1,1,1,98.0,1237.85,1,3714,88.41785714285713,0.026386645126548196,5,1,1,1,1,1,1,0,1,0,1,0,0,0,0,1,0,1,0,0,0,0,0,1
0,0,1,0,5,1,0,0,0,1,0,1,1,1,94.45,498.1,1,4580,83.01666666666667,0.02062227074235808,4,1,1,1,0,1,1,0,1,0,1,0,0,0,0,1,0,0,0,0,1,0,0,1
0,1,0,0,3,1,1,0,1,1,0,1,1,1,105.0,294.45,1,5960,73.6125,0.01761744966442953,6,1,1,1,1,1,1,0,1,0,1,0,0,0,0,1,0,0,0,0,1,1,0,0
0,1,1,0,26,1,1,0,1,1,0,0,1,1,93.85,2381.55,1,2591,88.20555555555556,0.03622153608645311,5,1,1,1,1,1,1,0,1,0,1,0,0,0,0,1,0,0,1,0,0,0,1,0
0,1,1,0,8,1,1,0,0,0,0,0,1,1,84.0,613.4,1,4819,68.15555555555555,0.017431002282631253,3,1,1,1,1,1,1,0,1,0,1,0,0,0,0,1,0,0,0,0,1,0,0,1
0,0,1,0,9,0,0,0,0,1,0,1,1,1,48.75,442.2,1,4359,44.22,0.011183757742601514,3,1,1,0,0,1,1,1,0,0,1,0,0,0,0,1,0,0,0,0,1,0,0,1
0,0,0,0,1,1,0,0,0,1,0,1,0,1,84.85,84.85,1,3086,42.425,0.027495139338950095,3,1,1,1,0,1,1,0,1,0,1,0,0,0,0,1,0,0,0,0,1,0,1,0
0,0,0,0,12,1,0,1,0,0,1,0,0,0,56.65,654.85,1,3043,50.37307692307692,0.01861649687808084,3,1,0,0,0,0,0,1,0,0,1,0,0,0,0,0,1,0,0,0,1,0,1,0
0,0,0,0,42,1,0,1,1,1,1,0,1,0,73.9,3160.55,1,2774,73.50116279069768,0.02664023071377073,6,0,0,0,0,0,0,1,0,0,0,1,0,0,1,0,0,0,1,0,0,0,1,0
0,0,1,0,33,1,1,0,0,0,0,0,0,1,24.5,740.3,1,5194,21.773529411764706,0.0047169811320754715,2,0,0,0,0,1,1,0,0,1,0,0,1,0,0,0,1,0,1,0,0,0,0,1
0,0,0,0,31,1,1,0,0,1,0,0,1,1,89.9,2806.9,1,2031,87.715625,0.04426390940423437,4,1,1,1,0,1,1,0,1,0,1,0,0,0,0,1,0,0,1,0,0,0,1,0
0,1,1,0,18,1,0,0,0,0,0,0,1,0,78.55,1422.65,1,3521,74.8763157894737,0.022309003124112468,2,1,1,1,1,1,1,0,1,0,1,0,0,0,0,1,0,1,0,0,0,0,0,1
0,0,1,0,42,1,1,0,1,1,1,0,1,1,99.45,4138.05,1,4624,96.23372093023256,0.02150735294117647,6,1,1,1,0,0,1,0,1,0,1,0,0,0,0,1,0,0,1,0,0,0,0,1
0,1,0,0,4,0,0,0,0,0,0,0,0,1,25.2,102.5,1,4694,20.5,0.005368555602897316,0,1,0,0,1,1,1,1,0,0,1,0,0,1,0,0,0,0,0,0,1,0,0,1
0,0,0,0,12,1,1,0,0,0,1,1,1,0,74.05,872.65,1,4149,67.12692307692308,0.01784767413834659,5,0,0,0,0,0,1,1,0,0,0,1,0,0,0,0,1,0,0,0,1,0,0,1
0,1,0,0,15,1,1,0,0,0,1,0,0,0,55.0,757.1,1,3167,47.31875,0.017366592990211555,3,1,0,0,1,0,1,1,0,0,1,0,0,0,1,0,0,1,0,0,0,0,1,0
0,0,1,0,7,1,0,0,1,0,1,1,0,1,89.75,608.8,1,3807,76.1,0.023574993433149463,4,1,1,1,0,0,1,0,1,0,1,0,0,0,0,1,0,0,0,0,1,0,0,1
0,0,1,0,14,1,1,0,0,0,0,0,1,1,85.15,1139.2,1,4550,75.94666666666667,0.018714285714285715,3,1,1,1,0,1,1,0,1,0,1,0,0,0,0,1,0,1,0,0,0,0,0,1
0,1,1,0,3,1,1,0,0,0,0,1,1,1,94.6,279.55,1,3019,69.8875,0.03133487909903942,4,1,1,1,1,1,1,0,1,0,1,0,0,0,0,1,0,0,0,0,1,0,1,0
0,0,0,0,16,1,0,1,0,0,0,1,1,1,94.25,1483.25,1,2827,87.25,0.0333392288645207,4,1,1,1,0,1,0,0,1,0,1,0,0,0,0,1,0,1,0,0,0,0,1,0
0,0,1,0,65,1,1,1,1,1,0,0,1,0,72.45,4653.85,1,4415,70.51287878787879,0.016409966024915065,6,0,0,0,0,1,0,1,0,0,0,1,0,0,1,0,0,0,0,1,0,0,0,1
0,0,0,0,42,1,1,1,0,1,0,1,1,1,105.2,4400.75,1,2317,102.34302325581395,0.04540353905912818,6,1,1,1,0,1,0,0,1,0,1,0,0,0,0,1,0,0,1,0,0,0,1,0
0,0,1,0,6,1,1,0,0,0,0,1,0,1,82.85,460.25,1,4458,65.75,0.01858456707043517,3,1,1,1,0,1,1,0,1,0,1,0,0,0,0,1,0,0,0,0,1,0,0,1
0,1,1,0,53,1,1,0,1,1,0,1,1,1,103.85,5485.5,1,5860,101.58333333333333,0.01772184300341297,6,1,1,1,1,1,1,0,1,0,1,0,0,0,0,1,0,0,0,1,0,1,0,0
0,0,1,0,5,1,0,0,1,0,0,0,1,1,83.6,404.2,1,4565,67.36666666666666,0.01831325301204819,3,1,1,1,0,1,1,0,1,0,1,0,0,0,0,1,0,0,0,0,1,0,0,1
0,0,0,0,68,1,1,0,1,1,1,1,1,0,108.45,7176.55,1,4454,104.00797101449275,0.02434889986528963,7,0,1,1,0,0,1,0,1,0,0,1,0,0,0,1,0,0,0,1,0,0,0,1
0,0,1,0,3,1,1,0,1,0,0,0,1,1,91.5,242.95,1,5646,60.7375,0.016206163655685443,4,1,0,1,0,1,1,0,1,0,1,0,0,0,1,0,0,0,0,0,1,1,0,0
0,0,1,0,12,1,0,1,0,0,1,0,0,0,80.85,866.45,1,4306,66.65,0.018776126335346026,3,1,0,1,0,0,0,0,1,0,1,0,0,1,0,0,0,0,0,0,1,0,0,1
0,0,0,0,43,0,0,0,0,1,0,1,1,1,49.05,2076.2,1,4044,47.18636363636363,0.012129080118694362,3,1,0,0,0,1,1,1,0,0,1,0,0,1,0,0,0,0,1,0,0,0,0,1
0,1,1,0,68,1,1,0,1,1,0,1,1,1,105.3,7299.65,1,6284,105.79202898550724,0.016756842775302355,6,1,1,1,1,1,1,0,1,0,1,0,0,0,0,1,0,0,0,1,0,1,0,0
0,1,0,0,25,1,1,0,1,0,0,1,0,1,88.95,2291.2,1,3878,88.12307692307692,0.022937080969571946,4,1,1,1,1,1,1,0,1,0,1,0,0,0,0,1,0,0,1,0,0,0,0,1
0,1,1,0,66,1,1,0,1,1,1,1,1,1,110.85,7491.75,1,4281,111.81716417910448,0.025893482831114225,7,0,1,1,1,0,1,0,1,0,0,1,0,0,0,1,0,0,0,1,0,0,0,1
0,0,1,0,70,1,1,1,1,1,1,1,1,1,114.2,7723.9,1,5947,108.78732394366196,0.01920295947536573,8,0,0,1,0,0,0,0,1,0,0,0,1,1,0,0,0,0,0,1,0,1,0,0
0,1,1,0,27,0,0,0,0,0,0,0,1,0,36.5,1032.0,1,4564,36.857142857142854,0.007997370727432077,1,1,0,0,1,1,1,1,0,0,1,0,0,1,0,0,0,0,1,0,0,0,0,1
0,0,0,0,1,1,0,0,0,0,0,0,0,0,70.75,70.75,1,3963,35.375,0.017852636891244007,1,1,0,1,0,1,1,0,1,0,1,0,0,0,0,0,1,0,0,0,1,0,0,1
0,0,0,0,3,0,0,0,0,1,0,1,0,1,40.15,130.75,1,4710,32.6875,0.008524416135881103,2,1,0,0,0,1,1,1,0,0,1,0,0,0,0,0,1,0,0,0,1,0,0,1
0,1,1,0,29,1,1,0,0,0,0,1,1,1,94.45,2653.65,1,2233,88.455,0.042297357814599194,4,1,1,1,1,1,1,0,1,0,1,0,0,0,0,1,0,0,1,0,0,0,1,0
0,0,1,0,36,1,1,0,1,1,0,1,0,1,97.35,3457.9,1,4544,93.45675675675676,0.021423855633802814,5,1,0,1,0,1,1,0,1,0,1,0,0,1,0,0,0,0,1,0,0,0,0,1
0,0,0,0,1,0,0,0,0,0,0,1,1,1,45.3,45.3,1,4954,22.65,0.009144125958821154,2,1,0,0,0,1,1,1,0,0,1,0,0,0,0,0,1,0,0,0,1,0,0,1
0,0,0,0,2,1,0,0,0,1,0,1,1,0,94.95,178.1,1,4493,59.36666666666667,0.021132873358557756,4,1,1,1,0,1,1,0,1,0,1,0,0,0,0,1,0,0,0,0,1,0,0,1
0,0,0,1,12,1,0,0,0,0,0,0,0,1,44.55,480.6,1,4162,36.96923076923077,0.010703988467083132,1,1,1,0,0,1,1,1,0,0,1,0,0,0,0,1,0,0,0,0,1,0,0,1
0,0,1,0,1,0,0,0,0,0,0,0,0,1,23.45,23.45,1,4517,11.725,0.0051914987823776845,0,1,1,0,0,1,1,1,0,0,1,0,0,0,0,1,0,0,0,0,1,0,0,1
0,0,0,0,1,0,0,1,0,0,0,0,0,0,29.7,29.7,1,3383,14.85,0.008779190067986994,1,1,0,0,0,1,0,1,0,0,1,0,0,0,0,0,1,0,0,0,1,0,1,0
0,0,1,0,59,1,1,0,1,0,0,1,1,0,101.1,6039.9,1,4160,100.66499999999999,0.024302884615384615,5,1,1,1,0,1,1,0,1,0,1,0,0,0,0,1,0,0,0,1,0,0,0,1
0,0,0,0,3,1,1,0,0,0,0,0,0,1,50.65,151.3,1,2876,37.825,0.017611265646731572,2,1,0,0,0,1,1,1,0,0,1,0,0,0,0,0,1,0,0,0,1,0,1,0
0,0,0,0,1,1,0,0,0,0,0,0,1,1,55.4,55.4,1,2294,27.7,0.024149956408020923,2,1,1,0,0,1,1,1,0,0,1,0,0,0,0,1,0,0,0,0,1,0,1,0
0,1,1,0,1,1,1,0,1,0,0,1,0,1,90.6,90.6,1,2905,45.3,0.03118760757314974,4,1,1,1,1,1,1,0,1,0,1,0,0,0,0,1,0,0,0,0,1,0,1,0
0,1,1,0,2,1,1,0,0,0,0,1,0,1,86.85,156.35,1,5204,52.11666666666667,0.016689085318985396,3,1,0,1,1,1,1,0,1,0,1,0,0,0,0,0,1,0,0,0,1,0,0,1
0,1,1,0,29,1,1,0,0,1,0,1,1,1,99.05,2952.85,1,3179,98.42833333333333,0.031157596728530985,5,1,0,1,1,1,1,0,1,0,1,0,0,1,0,0,0,0,1,0,0,0,1,0
0,0,0,0,52,1,1,1,1,0,1,1,1,1,111.25,5916.45,1,4861,111.6311320754717,0.022886237399711993,7,0,0,1,0,0,0,0,1,0,0,1,0,0,1,0,0,0,0,1,0,0,0,1
0,0,0,0,2,1,0,1,0,1,0,0,0,1,55.1,113.35,1,4235,37.78333333333333,0.013010625737898466,3,1,0,0,0,1,0,1,0,0,1,0,0,0,0,0,1,0,0,0,1,0,0,1
0,0,1,0,13,1,1,0,0,1,0,1,1,1,102.25,1359.0,1,2003,97.07142857142857,0.051048427358961555,5,1,0,1,0,1,1,0,1,0,1,0,0,0,1,0,0,1,0,0,0,0,1,0
0,1,0,0,19,1,0,0,0,1,0,1,1,1,95.9,1777.9,1,2851,88.89500000000001,0.033637320238512805,4,1,0,1,1,1,1,0,1,0,1,0,0,0,1,0,0,1,0,0,0,0,1,0
0,1,0,0,47,1,1,0,1,0,1,1,0,1,95.05,4504.55,1,5214,93.84479166666667,0.01822976601457614,5,1,1,1,1,0,1,0,1,0,1,0,0,0,0,1,0,0,1,0,0,0,0,1
0,0,0,0,5,1,0,1,0,0,1,0,0,0,53.85,259.8,1,5435,43.300000000000004,0.009908003679852806,3,1,0,0,0,0,0,1,0,0,1,0,0,0,1,0,0,0,0,0,1,1,0,0
0,1,1,0,52,1,1,1,0,1,0,1,1,1,104.2,5568.35,1,5648,105.06320754716982,0.01844900849858357,6,1,1,1,1,1,0,0,1,0,1,0,0,0,0,1,0,0,0,1,0,1,0,0
0,0,1,0,42,1,1,0,0,0,0,0,0,1,50.25,2203.65,1,4873,51.24767441860465,0.010311922840139544,2,1,1,0,0,1,1,1,0,0,1,0,0,0,0,1,0,0,1,0,0,0,0,1
0,0,0,0,25,1,0,0,1,1,0,1,1,1,99.5,2369.05,1,5932,91.1173076923077,0.01677343223196224,5,1,1,1,0,1,1,0,1,0,1,0,0,0,0,1,0,0,1,0,0,1,0,0
0,0,0,0,9,1,0,0,0,0,0,0,0,0,71.0,672.55,1,2236,67.255,0.03175313059033989,1,1,1,1,0,1,1,0,1,0,1,0,0,0,0,1,0,0,0,0,1,0,1,0
0,0,0,0,16,1,0,0,1,1,0,0,1,1,93.2,1573.7,1,5497,92.57058823529412,0.016954702565035475,4,1,0,1,0,1,1,0,1,0,1,0,0,0,1,0,0,1,0,0,0,1,0,0
0,0,1,0,5,1,0,0,0,0,0,0,0,0,19.35,126.05,1,3864,21.008333333333333,0.00500776397515528,1,1,0,0,0,1,1,0,0,1,1,0,0,0,0,0,1,0,0,0,1,0,0,1
0,0,0,0,3,1,0,0,0,0,0,0,0,0,19.85,64.55,1,2158,16.1375,0.009198331788693235,1,1,0,0,0,1,1,0,0,1,1,0,0,0,0,0,1,0,0,0,1,0,1,0
0,0,1,0,31,1,1,0,0,1,1,1,1,1,104.2,3243.45,1,5000,101.3578125,0.02084,6,1,1,1,0,0,1,0,1,0,1,0,0,0,0,1,0,0,1,0,0,0,0,1
0,0,0,0,1,1,0,0,0,0,0,0,1,1,79.25,79.25,1,5533,39.625,0.01432315199710826,2,1,1,1,0,1,1,0,1,0,1,0,0,0,0,1,0,0,0,0,1,1,0,0
0,0,0,0,1,1,0,0,0,0,0,0,0,1,44.9,44.9,1,2632,22.45,0.017059270516717323,1,1,0,0,0,1,1,1,0,0,1,0,0,1,0,0,0,0,0,0,1,0,1,0
0,0,1,0,10,1,0,0,0,0,0,0,0,1,70.1,659.65,1,2457,59.96818181818182,0.02853072853072853,1,1,1,1,0,1,1,0,1,0,1,0,0,0,0,1,0,0,0,0,1,0,1,0
0,0,0,0,4,0,0,0,0,1,0,0,0,1,29.65,118.5,1,4207,23.7,0.007047777513667697,1,1,1,0,0,1,1,1,0,0,1,0,0,0,0,1,0,0,0,0,1,0,0,1
0,0,0,0,43,1,1,0,1,0,0,0,0,1,77.85,3365.85,1,5107,76.49659090909091,0.015243783042882318,3,1,1,1,0,1,1,0,1,0,1,0,0,0,0,1,0,0,1,0,0,0,0,1
0,0,0,0,4,1,0,0,0,0,0,0,1,0,54.3,195.3,1,5834,39.06,0.009307507713404183,2,1,1,0,0,1,1,1,0,0,1,0,0,0,0,1,0,0,0,0,1,1,0,0
0,1,0,0,11,1,1,0,0,0,0,1,1,1,95.15,997.65,1,4074,83.1375,0.023355424644084438,4,1,0,1,1,1,1,0,1,0,1,0,0,1,0,0,0,0,0,0,1,0,0,1
0,0,1,0,47,1,1,1,0,1,1,1,1,1,110.85,5275.8,1,3344,109.91250000000001,0.033148923444976074,7,0,0,1,0,0,0,0,1,0,0,1,0,0,1,0,0,0,1,0,0,0,1,0
0,0,0,0,1,1,0,0,0,0,0,0,1,0,80.5,80.5,1,2734,40.25,0.02944403803950256,2,1,1,1,0,1,1,0,1,0,1,0,0,0,0,1,0,0,0,0,1,0,1,0
0,0,0,0,4,1,1,0,0,0,0,0,0,1,72.2,305.55,1,5668,61.11,0.01273817925194072,2,1,0,1,0,1,1,0,1,0,1,0,0,1,0,0,0,0,0,0,1,1,0,0
0,0,0,0,17,1,0,0,0,0,1,0,0,0,51.5,900.5,1,5659,50.02777777777778,0.009100547799964658,2,1,0,0,0,0,1,1,0,0,1,0,0,0,0,0,1,1,0,0,0,1,0,0
0,1,0,0,43,1,0,0,0,0,0,1,1,1,89.55,3856.75,1,3802,87.6534090909091,0.02355339295107838,3,1,0,1,1,1,1,0,1,0,1,0,0,0,0,0,1,0,1,0,0,0,0,1
0,0,1,0,21,1,1,1,1,0,1,1,0,0,77.5,1625.0,1,5353,73.86363636363636,0.014477862880627685,6,0,0,0,0,0,0,1,0,0,0,1,0,0,0,0,1,1,0,0,0,0,0,1
0,0,1,0,42,1,1,0,1,1,0,1,0,1,95.25,3959.35,1,2075,92.07790697674419,0.045903614457831324,5,1,0,1,0,1,1,0,1,0,1,0,0,1,0,0,0,0,1,0,0,0,1,0
0,1,0,0,46,1,0,1,0,0,0,0,1,0,85.0,3969.4,1,2097,84.45531914893617,0.04053409632808774,3,1,1,1,1,1,0,0,1,0,1,0,0,0,0,1,0,0,1,0,0,0,1,0
0,0,1,0,5,1,0,0,0,0,1,1,0,1,85.75,470.95,1,3608,78.49166666666666,0.023766629711751662,3,1,1,1,0,0,1,0,1,0,1,0,0,0,0,1,0,0,0,0,1,0,0,1
0,1,0,0,6,1,1,0,1,0,0,1,1,1,98.25,560.6,1,3330,80.08571428571429,0.029504504504504505,5,1,1,1,1,1,1,0,1,0,1,0,0,0,0,1,0,0,0,0,1,0,1,0
0,1,0,0,1,0,0,0,0,0,0,0,0,1,25.7,25.7,1,4095,12.85,0.0062759462759462755,0,1,0,0,1,1,1,1,0,0,1,0,0,0,0,0,1,0,0,0,1,0,0,1
0,0,1,0,7,1,0,0,0,0,0,0,0,1,69.0,506.9,1,5672,63.3625,0.012165021156558533,1,1,1,1,0,1,1,0,1,0,1,0,0,0,0,1,0,0,0,0,1,1,0,0
0,0,0,0,2,1,0,0,0,0,0,0,0,0,46.05,80.35,1,4662,26.78333333333333,0.009877734877734877,1,1,0,0,0,1,1,1,0,0,1,0,0,1,0,0,0,0,0,0,1,0,0,1
0,1,1,0,1,1,0,0,1,0,0,0,0,1,76.4,76.4,1,2426,38.2,0.0314921681780709,2,1,0,1,1,1,1,0,1,0,1,0,0,0,0,0,1,0,0,0,1,0,1,0
0,0,0,0,5,1,1,0,0,1,0,1,1,1,100.5,514.0,1,5180,85.66666666666667,0.0194015444015444,5,1,1,1,0,1,1,0,1,0,1,0,0,0,0,1,0,0,0,0,1,0,0,1
0,1,1,1,22,0,0,1,0,0,0,0,1,0,40.05,880.2,1,2061,38.2695652173913,0.019432314410480347,2,1,0,0,1,1,0,1,0,0,1,0,0,0,0,0,1,1,0,0,0,0,1,0
0,0,0,0,1,1,0,0,0,0,0,0,0,0,69.95,69.95,1,5066,34.975,0.01380773786024477,1,1,1,1,0,1,1,0,1,0,1,0,0,0,0,1,0,0,0,0,1,0,0,1
0,0,0,0,1,1,1,0,0,0,0,1,1,1,93.3,93.3,1,2578,46.65,0.03619084561675717,4,1,1,1,0,1,1,0,1,0,1,0,0,0,0,1,0,0,0,0,1,0,1,0
0,0,0,0,3,1,0,0,0,1,0,0,0,1,49.15,169.05,1,5598,42.2625,0.008779921400500178,2,1,1,0,0,1,1,1,0,0,1,0,0,0,0,1,0,0,0,0,1,1,0,0
0,0,0,0,1,0,0,0,0,0,0,0,1,0,35.05,35.05,1,3706,17.525,0.009457636265515379,1,1,0,0,0,1,1,1,0,0,1,0,0,0,0,0,1,0,0,0,1,0,0,1
0,1,0,0,1,1,0,0,1,0,0,0,0,1,73.0,73.0,1,4116,36.5,0.017735665694849367,2,1,1,1,1,1,1,0,1,0,1,0,0,0,0,1,0,0,0,0,1,0,0,1
0,1,0,0,33,1,1,0,1,1,0,0,0,1,83.85,2716.3,1,2583,79.89117647058823,0.03246225319396051,4,1,0,1,1,1,1,0,1,0,1,0,0,0,1,0,0,0,1,0,0,0,1,0
0,0,0,0,1,1,0,0,0,0,0,0,0,1,70.1,70.1,1,3706,35.05,0.018915272531030758,1,1,1,1,0,1,1,0,1,0,1,0,0,0,0,1,0,0,0,0,1,0,0,1
0,1,0,0,2,1,0,0,0,0,0,0,0,1,70.65,142.35,1,2189,47.449999999999996,0.03227501142074007,1,1,1,1,1,1,1,0,1,0,1,0,0,0,0,1,0,0,0,0,1,0,1,0
0,0,0,0,2,1,0,0,0,0,0,0,0,0,20.35,33.2,1,5627,11.066666666666668,0.0036164919139861384,1,1,0,0,0,1,1,0,0,1,1,0,0,0,0,0,1,0,0,0,1,1,0,0
0,0,0,0,3,1,0,1,0,1,0,1,1,1,99.0,287.4,1,5236,71.85,0.018907563025210083,5,1,0,1,0,1,0,0,1,0,1,0,0,0,1,0,0,0,0,0,1,0,0,1
0,0,0,0,26,1,1,0,0,0,0,0,1,1,83.95,2254.2,1,5869,83.48888888888888,0.014303970011927075,3,1,1,1,0,1,1,0,1,0,1,0,0,0,0,1,0,0,1,0,0,1,0,0
0,0,0,0,67,1,1,1,1,1,1,1,1,0,116.2,7752.3,1,4495,114.00441176470588,0.025850945494994438,8,0,0,1,0,0,0,0,1,0,0,0,1,0,1,0,0,0,0,1,0,0,0,1
0,0,1,0,71,1,1,0,0,0,0,1,1,1,93.7,6585.35,1,4296,91.46319444444445,0.02181098696461825,4,0,0,1,0,1,1,0,1,0,0,0,1,1,0,0,0,0,0,1,0,0,0,1
0,0,0,0,1,1,0,0,0,0,0,0,0,0,19.7,19.7,1,5707,9.85,0.003451901173996846,1,1,0,0,0,1,1,0,0,1,1,0,0,0,0,0,1,0,0,0,1,1,0,0
0,0,0,0,5,1,1,0,0,0,0,0,0,0,75.55,413.65,1,4600,68.94166666666666,0.01642391304347826,2,1,1,1,0,1,1,0,1,0,1,0,0,0,0,1,0,0,0,0,1,0,0,1
0,0,0,0,9,1,0,0,0,0,0,1,0,1,77.65,714.15,1,3847,71.41499999999999,0.020184559396932675,2,1,0,1,0,1,1,0,1,0,1,0,0,1,0,0,0,0,0,0,1,0,0,1
0,1,0,0,26,1,1,1,1,0,0,0,1,1,95.0,2497.2,1,4232,92.48888888888888,0.022448015122873345,5,1,1,1,1,1,0,0,1,0,1,0,0,0,0,1,0,0,1,0,0,0,0,1
0,0,0,0,54,1,0,1,1,0,1,1,1,1,105.4,5643.4,1,4406,102.60727272727271,0.023921924648206992,6,0,0,1,0,0,0,0,1,0,0,1,0,0,1,0,0,0,0,1,0,0,0,1
0,0,0,0,2,1,0,0,0,1,0,1,1,1,95.85,197.7,1,3790,65.89999999999999,0.02529023746701847,4,1,1,1,0,1,1,0,1,0,1,0,0,0,0,1,0,0,0,0,1,0,0,1
0,0,0,0,1,1,1,0,1,0,0,0,0,1,79.15,79.15,1,4243,39.575,0.018654254065519682,3,1,1,1,0,1,1,0,1,0,1,0,0,0,0,1,0,0,0,0,1,0,0,1
0,0,1,0,30,1,0,0,0,0,0,0,0,0,19.65,655.85,1,2486,21.156451612903226,0.007904263877715204,1,1,0,0,0,1,1,0,0,1,1,0,0,1,0,0,0,0,1,0,0,0,1,0
0,0,0,0,4,1,0,0,0,0,0,1,0,1,79.0,303.15,1,2085,60.629999999999995,0.03788968824940048,2,1,1,1,0,1,1,0,1,0,1,0,0,0,0,1,0,0,0,0,1,0,1,0
0,0,1,0,17,1,0,1,0,0,1,1,0,0,91.85,1574.45,1,5643,87.46944444444445,0.016276803118908383,4,1,1,1,0,0,0,0,1,0,1,0,0,0,0,1,0,1,0,0,0,1,0,0
0,1,0,0,60,1,1,0,0,1,1,1,1,1,106.0,6441.4,1,5507,105.5967213114754,0.019248229526057745,6,0,1,1,1,0,1,0,1,0,0,1,0,0,0,1,0,0,0,1,0,1,0,0
0,0,0,1,1,1,0,0,0,0,1,0,0,1,49.9,49.9,1,3113,24.95,0.016029553485383874,2,1,0,0,0,0,1,1,0,0,1,0,0,0,0,0,1,0,0,0,1,0,1,0
0,0,0,0,13,1,1,1,0,0,0,1,1,1,100.35,1358.85,1,2008,97.06071428571428,0.049975099601593624,5,1,1,1,0,1,0,0,1,0,1,0,0,0,0,1,0,1,0,0,0,0,1,0
0,1,1,0,38,1,1,0,0,0,0,0,0,1,74.95,2869.85,1,5165,73.58589743589744,0.014511132623426912,2,1,0,1,1,1,1,0,1,0,1,0,0,1,0,0,0,0,1,0,0,0,0,1
0,1,1,1,1,1,0,0,0,0,1,0,0,1,49.25,49.25,1,4478,24.625,0.01099821348816436,2,1,0,0,1,0,1,1,0,0,1,0,0,0,1,0,0,0,0,0,1,0,0,1
0,0,1,0,50,1,1,0,1,0,1,1,1,0,103.7,5071.05,1,5897,99.43235294117648,0.017585212820078005,6,1,1,1,0,0,1,0,1,0,1,0,0,0,0,1,0,0,0,1,0,1,0,0
0,0,1,0,65,1,1,1,1,1,0,0,0,0,89.75,5769.6,1,6110,87.41818181818182,0.014689034369885433,5,0,1,1,0,1,0,0,1,0,0,1,0,0,0,1,0,0,0,1,0,1,0,0
0,0,0,0,1,1,0,0,0,0,0,0,0,1,20.3,20.3,1,3830,10.15,0.005300261096605744,1,1,0,0,0,1,1,0,0,1,1,0,0,0,0,0,1,0,0,0,1,0,0,1
0,1,1,0,7,1,1,0,0,1,0,1,1,1,101.95,700.85,1,2016,87.60625,0.05057043650793651,5,1,1,1,1,1,1,0,1,0,1,0,0,0,0,1,0,0,0,0,1,0,1,0
0,1,0,0,2,1,1,0,0,0,0,1,1,1,94.0,181.7,1,5569,60.56666666666666,0.016879152451068413,4,1,1,1,1,1,1,0,1,0,1,0,0,0,0,1,0,0,0,0,1,1,0,0
0,0,0,0,45,1,1,0,1,0,0,1,0,1,89.3,4016.85,1,4880,87.32282608695652,0.018299180327868852,4,1,0,1,0,1,1,0,1,0,1,0,0,0,1,0,0,0,1,0,0,0,0,1
0,0,0,0,1,1,0,0,1,0,0,0,0,1,74.3,74.3,1,5996,37.15,0.012391594396264175,2,1,0,1,0,1,1,0,1,0,1,0,0,0,1,0,0,0,0,0,1,1,0,0
0,0,0,0,1,0,0,0,1,0,1,0,1,1,44.65,44.65,1,3704,22.325,0.012054535637149028,3,1,0,0,0,0,1,1,0,0,1,0,0,0,0,0,1,0,0,0,1,0,0,1
0,0,1,0,13,1,0,1,0,0,0,0,1,0,84.05,1095.3,1,4745,78.23571428571428,0.017713382507903056,3,1,1,1,0,1,0,0,1,0,1,0,0,0,0,1,0,1,0,0,0,0,0,1
0,0,0,0,10,1,1,0,1,0,0,0,0,1,80.7,788.8,1,3492,71.7090909090909,0.023109965635738833,3,1,0,1,0,1,1,0,1,0,1,0,0,1,0,0,0,0,0,0,1,0,0,1
0,0,0,0,4,1,1,0,1,0,0,1,1,1,101.7,364.55,1,2777,72.91,0.03662225423118473,5,1,1,1,0,1,1,0,1,0,1,0,0,0,0,1,0,0,0,0,1,0,1,0
0,0,0,0,1,1,0,0,0,0,0,0,0,0,20.4,20.4,1,3663,10.2,0.005569205569205569,1,1,0,0,0,1,1,0,0,1,1,0,0,0,0,0,1,0,0,0,1,0,0,1
0,0,1,0,41,1,1,0,0,1,1,1,1,1,102.6,4213.35,1,2098,100.31785714285715,0.04890371782650143,6,0,1,1,0,0,1,0,1,0,0,1,0,0,0,1,0,0,1,0,0,0,1,0
0,0,1,0,71,1,1,0,1,1,0,1,1,1,106.0,7723.7,1,4072,107.27361111111111,0.026031434184675836,6,0,0,1,0,1,1,0,1,0,0,0,1,1,0,0,0,0,0,1,0,0,0,1
0,0,0,1,3,1,0,1,0,0,1,0,0,1,55.1,154.65,1,4412,38.6625,0.012488667271078877,3,1,0,0,0,0,0,1,0,0,1,0,0,0,0,0,1,0,0,0,1,0,0,1
0,0,0,0,69,1,1,0,0,1,1,1,1,1,106.5,7348.8,1,4859,104.98285714285714,0.021918090142004527,6,0,0,1,0,0,1,0,1,0,0,0,1,1,0,0,0,0,0,1,0,0,0,1
0,0,1,0,32,1,1,0,0,1,0,0,1,1,91.05,2954.5,1,3590,89.53030303030303,0.025362116991643452,4,1,0,1,0,1,1,0,1,0,1,0,0,1,0,0,0,0,1,0,0,0,0,1
0,1,1,0,51,1,1,1,0,0,0,0,0,1,77.5,3807.35,1,5748,73.21826923076922,0.01348295059151009,3,1,1,1,1,1,0,0,1,0,1,0,0,0,0,1,0,0,0,1,0,1,0,0
0,0,1,0,72,0,0,0,1,1,0,1,1,1,54.2,3937.45,1,4481,53.93767123287671,0.01209551439410846,4,0,1,0,0,1,1,1,0,0,0,0,1,0,0,1,0,0,0,1,0,0,0,1
0,0,0,0,6,1,0,0,0,0,0,0,0,1,69.25,418.4,1,5816,59.771428571428565,0.011906808803301238,1,1,0,1,0,1,1,0,1,0,1,0,0,0,0,0,1,0,0,0,1,1,0,0
0,0,0,0,1,1,0,0,0,1,0,0,0,1,50.5,50.5,1,2077,25.25,0.02431391429947039,2,1,1,0,0,1,1,1,0,0,1,0,0,0,0,1,0,0,0,0,1,0,1,0
0,1,0,0,1,1,1,0,0,0,0,0,0,1,74.4,74.4,1,3429,37.2,0.021697287839020123,2,1,1,1,1,1,1,0,1,0,1,0,0,0,0,1,0,0,0,0,1,0,1,0
0,0,0,0,31,1,1,0,1,0,1,1,1,1,79.45,2587.7,1,2872,80.865625,0.02766364902506964,6,0,0,0,0,0,1,1,0,0,0,1,0,0,0,0,1,0,1,0,0,0,1,0
0,0,0,0,58,1,1,0,0,1,1,1,1,1,104.65,6219.6,1,5411,105.41694915254237,0.019340232858990947,6,0,1,1,0,0,1,0,1,0,0,1,0,0,0,1,0,0,0,1,0,1,0,0
0,1,1,0,47,1,1,0,0,1,0,1,1,1,100.05,4871.05,1,5166,101.48020833333334,0.019367015098722417,5,1,1,1,1,1,1,0,1,0,1,0,0,0,0,1,0,0,1,0,0,0,0,1
0,0,0,0,44,1,0,0,1,0,1,1,1,0,100.55,4398.15,1,3486,97.73666666666666,0.028843947217441192,5,1,1,1,0,0,1,0,1,0,1,0,0,0,0,1,0,0,1,0,0,0,0,1
0,0,0,0,2,1,0,0,1,0,0,1,1,0,95.65,167.3,1,5332,55.76666666666667,0.017938859714928732,4,1,1,1,0,1,1,0,1,0,1,0,0,0,0,1,0,0,0,0,1,0,0,1
0,0,0,0,1,1,0,0,0,1,0,1,1,0,94.4,94.4,1,5764,47.2,0.016377515614156835,4,1,1,1,0,1,1,0,1,0,1,0,0,0,0,1,0,0,0,0,1,1,0,0
0,0,0,0,1,1,0,0,0,0,0,1,0,1,55.0,55.0,1,3809,27.5,0.014439485429246522,2,1,0,0,0,1,1,1,0,0,1,0,0,0,1,0,0,0,0,0,1,0,0,1
0,0,0,0,1,1,1,0,0,1,0,1,1,1,101.45,101.45,1,4390,50.725,0.023109339407744876,5,1,1,1,0,1,1,0,1,0,1,0,0,0,0,1,0,0,0,0,1,0,0,1
0,0,1,0,5,1,1,0,0,1,1,1,0,0,67.95,350.3,1,3889,58.38333333333333,0.017472357932630498,5,1,0,0,0,0,1,1,0,0,1,0,0,1,0,0,0,0,0,0,1,0,0,1
0,0,0,0,1,1,0,0,0,0,0,0,0,1,69.5,69.5,1,3365,34.75,0.020653789004457652,1,1,1,1,0,1,1,0,1,0,1,0,0,0,0,1,0,0,0,0,1,0,1,0
0,0,0,0,1,1,0,0,0,0,0,0,0,1,18.85,18.85,1,4132,9.425,0.004561955469506293,1,1,0,0,0,1,1,0,0,1,1,0,0,0,0,0,1,0,0,0,1,0,0,1
0,0,0,0,1,1,0,0,0,0,0,0,0,1,69.2,69.2,1,4073,34.6,0.01698993370979622,1,1,1,1,0,1,1,0,1,0,1,0,0,0,0,1,0,0,0,0,1,0,0,1
0,0,0,0,1,1,0,0,0,0,0,0,0,1,69.65,69.65,1,5258,34.825,0.013246481551920883,1,1,1,1,0,1,1,0,1,0,1,0,0,0,0,1,0,0,0,0,1,0,0,1
0,1,1,0,40,1,1,1,0,0,0,1,1,0,101.85,4086.3,1,2837,99.66585365853659,0.03590059922453295,5,1,1,1,1,1,0,0,1,0,1,0,0,0,0,1,0,0,1,0,0,0,1,0
0,0,0,0,1,1,0,0,1,1,0,0,0,1,82.3,82.3,1,4278,41.15,0.019237961664329124,3,1,1,1,0,1,1,0,1,0,1,0,0,0,0,1,0,0,0,0,1,0,0,1
0,0,0,0,3,1,0,0,0,0,0,1,0,0,79.25,267.6,1,4183,66.9,0.018945732727707387,2,1,1,1,0,1,1,0,1,0,1,0,0,0,0,1,0,0,0,0,1,0,0,1
0,0,0,0,13,1,1,0,0,0,0,0,1,1,84.6,1115.2,1,2659,79.65714285714286,0.031816472358029334,3,1,1,1,0,1,1,0,1,0,1,0,0,0,0,1,0,1,0,0,0,0,1,0
0,0,1,0,58,1,1,1,1,0,0,0,1,1,93.4,5435.6,1,5989,92.12881355932204,0.01559525797295041,5,1,0,1,0,1,0,0,1,0,1,0,0,1,0,0,0,0,0,1,0,1,0,0
0,0,1,0,42,1,1,0,0,0,0,1,1,1,94.2,4186.3,1,5458,97.35581395348838,0.01725906925613778,4,1,1,1,0,1,1,0,1,0,1,0,0,0,0,1,0,0,1,0,0,1,0,0
0,1,1,0,1,0,0,0,0,0,0,0,0,0,25.05,25.05,1,2119,12.525,0.011821613968853234,0,1,1,0,1,1,1,1,0,0,1,0,0,0,0,1,0,0,0,0,1,0,1,0
0,0,0,0,29,0,0,0,0,0,0,0,0,1,25.1,712.85,1,2796,23.761666666666667,0.00897711015736767,0,1,0,0,0,1,1,1,0,0,1,0,0,0,1,0,0,0,1,0,0,0,1,0
0,0,0,1,1,1,0,0,0,1,0,0,0,0,48.95,48.95,1,3913,24.475,0.012509583439815999,2,1,1,0,0,1,1,1,0,0,1,0,0,0,0,1,0,0,0,0,1,0,0,1
0,0,0,0,1,1,0,0,0,0,0,0,0,0,45.3,45.3,1,5774,22.65,0.007845514374783511,1,1,1,0,0,1,1,1,0,0,1,0,0,0,0,1,0,0,0,0,1,1,0,0
0,0,0,0,2,1,0,0,0,1,0,0,1,1,85.85,167.3,1,3273,55.76666666666667,0.026229758631225175,3,1,1,1,0,1,1,0,1,0,1,0,0,0,0,1,0,0,0,0,1,0,1,0
0,0,0,0,10,1,1,0,0,0,0,1,1,0,95.2,930.4,1,4922,84.58181818181818,0.01934173100365705,4,1,1,1,0,1,1,0,1,0,1,0,0,0,0,1,0,0,0,0,1,0,0,1
0,0,0,0,49,1,1,0,0,0,1,1,1,1,100.6,5069.65,1,5585,101.39299999999999,0.01801253357206804,5,0,0,1,0,0,1,0,1,0,0,1,0,1,0,0,0,0,0,1,0,1,0,0
0,0,1,1,6,1,0,0,1,1,0,0,0,1,55.3,324.25,1,3878,46.32142857142857,0.014259927797833935,3,1,0,0,0,1,1,1,0,0,1,0,0,0,0,0,1,0,0,0,1,0,0,1
0,1,0,0,2,1,1,0,0,0,0,0,0,1,74.85,156.4,1,5378,52.13333333333333,0.013917813313499441,2,1,0,1,1,1,1,0,1,0,1,0,0,0,0,0,1,0,0,0,1,0,0,1
0,0,0,0,35,1,0,0,1,1,0,1,1,1,102.35,3626.1,1,2473,100.725,0.04138697937727456,5,0,0,1,0,1,1,0,1,0,0,1,0,1,0,0,0,0,1,0,0,0,1,0
0,0,1,0,70,1,1,1,1,1,1,1,1,0,115.65,7968.85,1,5563,112.23732394366198,0.02078914254898436,8,0,0,1,0,0,0,0,1,0,0,1,0,0,1,0,0,0,0,1,0,1,0,0
0,0,0,0,2,1,0,0,0,1,1,0,0,1,79.85,152.45,1,3280,50.81666666666666,0.02434451219512195,3,1,1,1,0,0,1,0,1,0,1,0,0,0,0,1,0,0,0,0,1,0,1,0
0,0,0,0,15,1,1,0,0,0,0,0,0,1,76.0,1130.85,1,4938,70.678125,0.01539084649655731,2,1,0,1,0,1,1,0,1,0,1,0,0,0,0,0,1,1,0,0,0,0,0,1
0,1,0,0,42,1,1,0,1,1,0,1,1,1,104.75,4323.45,1,2984,100.5453488372093,0.03510388739946381,6,1,0,1,1,1,1,0,1,0,1,0,0,1,0,0,0,0,1,0,0,0,1,0
0,0,0,0,9,1,0,1,1,0,0,1,1,1,74.65,703.55,1,5900,70.35499999999999,0.012652542372881357,5,1,1,0,0,1,0,1,0,0,1,0,0,0,0,1,0,0,0,0,1,1,0,0
0,0,0,0,1,1,0,0,0,0,0,0,1,1,56.25,56.25,1,3065,28.125,0.01835236541598695,2,1,1,0,0,1,1,1,0,0,1,0,0,0,0,1,0,0,0,0,1,0,1,0
0,0,1,0,21,1,1,0,0,1,1,1,1,1,106.1,2249.95,1,3584,102.27045454545454,0.029603794642857142,6,1,1,1,0,0,1,0,1,0,1,0,0,0,0,1,0,1,0,0,0,0,0,1
0,1,0,0,2,1,0,0,0,0,0,0,1,1,79.75,159.4,1,4038,53.13333333333333,0.019749876176324913,2,1,0,1,1,1,1,0,1,0,1,0,0,1,0,0,0,0,0,0,1,0,0,1
0,0,0,0,1,1,0,0,0,0,0,0,0,0,68.65,68.65,1,3052,34.325,0.022493446920052427,1,1,1,1,0,1,1,0,1,0,1,0,0,0,0,1,0,0,0,0,1,0,1,0
0,0,0,0,16,1,0,0,0,0,0,0,0,0,20.25,327.45,1,4327,19.261764705882353,0.004679916801479085,1,1,0,0,0,1,1,0,0,1,1,0,0,1,0,0,0,1,0,0,0,0,0,1
0,1,1,0,14,1,1,0,1,0,0,1,1,1,100.2,1369.8,1,3369,91.32,0.029741763134461266,5,1,1,1,1,1,1,0,1,0,1,0,0,0,0,1,0,1,0,0,0,0,1,0
0,0,1,0,15,1,1,0,0,0,0,0,0,1,74.9,1107.25,1,2510,69.203125,0.029840637450199204,2,1,0,1,0,1,1,0,1,0,1,0,0,1,0,0,0,1,0,0,0,0,1,0
0,0,0,0,1,1,0,0,0,0,0,0,0,1,70.85,70.85,1,2874,35.425,0.02465205288796103,1,1,1,1,0,1,1,0,1,0,1,0,0,0,0,1,0,0,0,0,1,0,1,0
0,0,0,0,2,1,0,0,0,0,0,0,0,1,69.8,134.7,1,2320,44.9,0.030086206896551723,1,1,0,1,0,1,1,0,1,0,1,0,0,0,1,0,0,0,0,0,1,0,1,0
0,0,1,0,55,0,0,0,0,1,1,1,1,1,54.55,2978.3,1,6041,53.183928571428574,0.009029961926833306,4,1,0,0,0,0,1,1,0,0,1,0,0,1,0,0,0,0,0,1,0,1,0,0
0,0,0,0,7,1,0,0,0,0,1,1,1,1,70.75,450.8,1,2248,56.35,0.03147241992882562,4,1,0,0,0,0,1,1,0,0,1,0,0,0,1,0,0,0,0,0,1,0,1,0
0,0,1,0,13,1,1,0,1,1,0,1,0,0,94.1,1215.6,1,2973,86.82857142857142,0.031651530440632354,5,1,1,1,0,1,1,0,1,0,1,0,0,0,0,1,0,1,0,0,0,0,1,0
0,0,1,1,3,0,0,1,0,0,0,0,0,0,29.7,91.7,1,2613,22.925,0.011366245694603903,1,1,0,0,0,1,0,1,0,0,1,0,0,0,1,0,0,0,0,0,1,0,1,0
0,1,0,0,66,1,1,0,1,1,1,1,1,0,110.9,7432.05,1,4389,110.92611940298508,0.025267714741398953,7,0,0,1,1,0,1,0,1,0,0,1,0,0,1,0,0,0,0,1,0,0,0,1
0,0,1,0,38,1,1,0,0,1,1,1,1,1,105.0,4026.4,1,2341,103.24102564102564,0.0448526270824434,6,1,1,1,0,0,1,0,1,0,1,0,0,0,0,1,0,0,1,0,0,0,1,0
0,0,0,1,1,0,0,0,0,0,0,0,0,1,25.3,25.3,1,5421,12.65,0.004667035602287401,0,1,1,0,0,1,1,1,0,0,1,0,0,0,0,1,0,0,0,0,1,1,0,0
0,0,0,0,22,1,0,0,1,0,1,0,0,1,55.15,1193.05,1,5866,51.87173913043478,0.00940163654960791,3,0,0,0,0,0,1,1,0,0,0,1,0,0,1,0,0,1,0,0,0,1,0,0
0,0,0,0,1,1,0,0,0,0,0,0,0,1,20.1,20.1,1,4389,10.05,0.004579630895420369,1,1,0,0,0,1,1,0,0,1,1,0,0,0,0,0,1,0,0,0,1,0,0,1
0,0,1,0,1,1,0,0,0,0,0,0,0,1,69.9,69.9,1,2100,34.95,0.03328571428571429,1,1,0,1,0,1,1,0,1,0,1,0,0,0,0,0,1,0,0,0,1,0,1,0
0,0,0,0,43,1,1,0,1,0,0,1,1,1,101.4,4528.0,1,3370,102.9090909090909,0.030089020771513354,5,1,1,1,0,1,1,0,1,0,1,0,0,0,0,1,0,0,1,0,0,0,1,0
0,0,0,0,1,1,0,0,0,0,0,0,1,1,80.8,80.8,1,4424,40.4,0.018264014466546113,2,1,1,1,0,1,1,0,1,0,1,0,0,0,0,1,0,0,0,0,1,0,0,1
0,0,0,0,2,1,1,0,0,0,0,0,1,0,62.05,118.3,1,5344,39.43333333333333,0.011611152694610778,3,1,0,0,0,1,1,1,0,0,1,0,0,1,0,0,0,0,0,0,1,0,0,1
0,1,0,0,1,1,1,0,0,0,0,0,0,1,76.45,76.45,1,3763,38.225,0.020316237044910975,2,1,1,1,1,1,1,0,1,0,1,0,0,0,0,1,0,0,0,0,1,0,0,1
0,1,0,0,12,1,1,0,1,0,0,1,0,1,91.3,1094.5,1,4703,84.1923076923077,0.01941314054858601,4,1,1,1,1,1,1,0,1,0,1,0,0,0,0,1,0,0,0,0,1,0,0,1
0,1,1,0,6,1,0,0,0,1,0,1,1,1,95.75,573.75,1,5750,81.96428571428571,0.016652173913043477,4,1,1,1,1,1,1,0,1,0,1,0,0,0,0,1,0,0,0,0,1,1,0,0
0,0,1,0,34,1,1,1,1,0,1,0,0,0,62.65,2274.9,1,3918,64.99714285714286,0.0159903011740684,5,1,1,0,0,0,0,1,0,0,1,0,0,0,0,1,0,0,1,0,0,0,0,1
0,0,0,0,1,1,1,0,0,0,0,0,0,1,74.5,74.5,1,2016,37.25,0.03695436507936508,2,1,1,1,0,1,1,0,1,0,1,0,0,0,0,1,0,0,0,0,1,0,1,0
0,0,1,0,10,1,1,0,1,1,0,1,1,1,102.1,1068.85,1,3596,97.16818181818181,0.028392658509454948,6,1,0,1,0,1,1,0,1,0,1,0,0,0,1,0,0,0,0,0,1,0,0,1
0,0,0,0,16,1,0,1,0,0,0,0,0,1,50.15,762.25,1,4254,44.838235294117645,0.011788904560413729,2,1,1,0,0,1,0,1,0,0,1,0,0,0,0,1,0,1,0,0,0,0,0,1
0,0,1,0,7,1,1,0,0,0,0,1,0,1,86.5,582.5,1,3887,72.8125,0.022253666066375098,3,1,1,1,0,1,1,0,1,0,1,0,0,0,0,1,0,0,0,0,1,0,0,1
0,1,0,0,27,1,1,0,1,0,0,0,0,1,81.45,2122.05,1,2571,75.78750000000001,0.03168028004667445,3,1,1,1,1,1,1,0,1,0,1,0,0,0,0,1,0,0,1,0,0,0,1,0
0,0,1,0,1,1,0,0,0,0,0,0,0,1,69.15,69.15,1,4179,34.575,0.016547020818377604,1,1,1,1,0,1,1,0,1,0,1,0,0,0,0,1,0,0,0,0,1,0,0,1
0,0,0,0,9,1,0,0,0,0,0,0,1,1,79.55,723.4,1,3246,72.34,0.024507085643869376,2,1,1,1,0,1,1,0,1,0,1,0,0,0,0,1,0,0,0,0,1,0,1,0
0,0,0,0,48,1,0,0,1,1,1,1,0,1,95.5,4627.85,1,2459,94.44591836734695,0.03883692557950386,5,0,0,1,0,0,1,0,1,0,0,0,1,0,0,0,1,0,1,0,0,0,1,0
0,1,0,0,3,1,1,0,0,1,0,1,0,0,91.05,289.1,1,2194,72.275,0.04149954421148587,4,1,1,1,1,1,1,0,1,0,1,0,0,0,0,1,0,0,0,0,1,0,1,0
0,1,1,0,2,1,1,0,0,1,0,0,0,0,79.2,172.85,1,4225,57.61666666666667,0.018745562130177515,3,1,1,1,1,1,1,0,1,0,1,0,0,0,0,1,0,0,0,0,1,0,0,1
0,0,0,0,2,0,0,0,0,0,0,1,1,1,45.25,85.5,1,4566,28.5,0.009910205869469996,2,1,1,0,0,1,1,1,0,0,1,0,0,0,0,1,0,0,0,0,1,0,0,1
0,1,0,0,14,1,1,0,0,0,0,0,0,1,74.3,1096.25,1,5342,73.08333333333333,0.013908648446274803,2,1,1,1,1,1,1,0,1,0,1,0,0,0,0,1,0,1,0,0,0,0,0,1
0,0,1,0,3,1,1,0,0,0,0,0,0,1,74.1,228.0,1,5657,57.0,0.013098815626657238,2,1,0,1,0,1,1,0,1,0,1,0,0,0,1,0,0,0,0,0,1,1,0,0
0,1,1,0,57,1,1,0,0,1,0,1,1,0,100.6,5746.15,1,5247,99.07155172413792,0.019172860682294644,5,1,1,1,1,1,1,0,1,0,1,0,0,0,0,1,0,0,0,1,0,0,0,1
0,0,0,0,3,1,1,0,0,0,0,0,0,0,75.0,209.1,1,3190,52.275,0.023510971786833857,2,1,0,1,0,1,1,0,1,0,1,0,0,0,0,0,1,0,0,0,1,0,1,0
0,1,0,0,64,1,0,1,1,0,1,1,0,1,70.2,4481.0,1,6080,68.93846153846154,0.011546052631578948,5,0,0,0,1,0,0,1,0,0,0,0,1,0,1,0,0,0,0,1,0,1,0,0
0,1,0,0,2,1,0,0,0,0,0,0,0,0,70.75,154.85,1,4407,51.61666666666667,0.01605400499205809,1,1,1,1,1,1,1,0,1,0,1,0,0,0,0,1,0,0,0,0,1,0,0,1
0,0,0,0,12,1,0,0,0,0,1,0,0,0,50.25,593.75,1,3624,45.67307692307692,0.013865894039735099,2,1,0,0,0,0,1,1,0,0,1,0,0,1,0,0,0,0,0,0,1,0,0,1
0,1,0,0,40,1,0,1,1,0,0,0,0,1,79.2,3233.85,1,3207,78.87439024390244,0.02469597754911132,3,1,0,1,1,1,0,0,1,0,1,0,0,0,1,0,0,0,1,0,0,0,1,0
0,0,0,0,12,1,0,0,0,1,0,1,1,1,96.0,1062.1,1,5239,81.69999999999999,0.01832410765413247,4,1,1,1,0,1,1,0,1,0,1,0,0,0,0,1,0,0,0,0,1,0,0,1
0,0,0,0,54,1,1,0,0,0,1,1,1,1,100.1,5440.9,1,5763,98.92545454545454,0.01736942564636474,5,1,1,1,0,0,1,0,1,0,1,0,0,0,0,1,0,0,0,1,0,1,0,0
0,0,1,1,4,1,0,0,1,0,1,0,0,0,56.5,235.1,1,5758,47.019999999999996,0.009812434873219868,3,1,0,0,0,0,1,1,0,0,1,0,0,0,0,0,1,0,0,0,1,1,0,0
0,1,0,0,1,1,0,0,0,1,0,0,1,1,85.0,85.0,1,2650,42.5,0.03207547169811321,3,1,1,1,1,1,1,0,1,0,1,0,0,0,0,1,0,0,0,0,1,0,1,0
0,0,1,0,51,0,0,1,1,1,0,1,1,0,59.3,3014.65,1,5633,57.97403846153846,0.010527250133143972,5,0,1,0,0,1,0,1,0,0,0,1,0,0,0,1,0,0,0,1,0,1,0,0
0,0,0,1,4,1,0,1,0,0,0,0,0,1,49.4,184.4,1,4455,36.88,0.011088664421997754,2,1,1,0,0,1,0,1,0,0,1,0,0,0,0,1,0,0,0,0,1,0,0,1
0,0,0,0,35,1,0,0,0,0,0,1,0,0,55.0,2010.55,1,2220,55.84861111111111,0.024774774774774775,2,1,0,0,0,1,1,1,0,0,1,0,0,0,0,0,1,0,1,0,0,0,1,0
0,0,0,0,1,1,0,0,0,0,0,0,0,1,69.2,69.2,1,2637,34.6,0.026241941600303378,1,1,1,1,0,1,1,0,1,0,1,0,0,0,0,1,0,0,0,0,1,0,1,0
0,0,0,0,38,1,0,0,0,1,1,0,1,1,62.3,2354.8,1,3818,60.379487179487185,0.016317443687794655,4,0,0,0,0,0,1,1,0,0,0,1,0,0,0,0,1,0,1,0,0,0,0,1
0,1,1,0,37,1,1,0,0,0,0,1,1,1,92.5,3473.4,1,4127,91.40526315789474,0.022413375333171795,4,1,1,1,1,1,1,0,1,0,1,0,0,0,0,1,0,0,1,0,0,0,0,1
0,0,0,0,3,1,0,0,0,0,0,0,0,0,69.65,220.1,1,2421,55.025,0.028769103676166877,1,1,1,1,0,1,1,0,1,0,1,0,0,0,0,1,0,0,0,0,1,0,1,0
0,0,0,0,61,1,1,1,0,1,1,1,1,1,111.6,6876.05,1,4495,110.90403225806452,0.02482758620689655,7,0,0,1,0,0,0,0,1,0,0,0,1,0,1,0,0,0,0,1,0,0,0,1
0,0,0,0,11,1,0,1,0,0,0,0,0,0,48.55,501.0,1,4444,41.75,0.010924842484248425,2,1,0,0,0,1,0,1,0,0,1,0,0,0,1,0,0,0,0,0,1,0,0,1
0,0,0,0,1,1,0,0,0,0,0,0,0,1,20.2,20.2,1,4197,10.1,0.004812961639266142,1,1,0,0,0,1,1,0,0,1,1,0,0,0,0,0,1,0,0,0,1,0,0,1
0,0,0,0,19,0,0,0,0,1,0,1,0,1,39.65,733.35,1,2933,36.667500000000004,0.013518581657006477,2,1,1,0,0,1,1,1,0,0,1,0,0,0,0,1,0,1,0,0,0,0,1,0
0,0,0,0,56,1,1,0,0,0,0,0,0,0,24.9,1334.0,1,5327,23.403508771929825,0.004674300732119391,2,0,1,0,0,1,1,0,0,1,0,1,0,0,0,1,0,0,0,1,0,0,0,1
0,0,1,1,2,1,1,1,0,0,0,0,0,0,56.7,113.55,1,5560,37.85,0.010197841726618705,3,1,0,0,0,1,0,1,0,0,1,0,0,0,0,0,1,0,0,0,1,1,0,0
0,0,1,0,14,1,0,1,1,0,1,1,1,0,105.95,1348.9,1,5887,89.92666666666668,0.017997282147103787,6,0,0,1,0,0,0,0,1,0,0,1,0,0,0,0,1,1,0,0,0,1,0,0
0,1,1,0,4,1,1,0,0,0,0,0,0,0,74.95,308.7,1,3716,61.739999999999995,0.020169537136706137,2,1,1,1,1,1,1,0,1,0,1,0,0,0,0,1,0,0,0,0,1,0,0,1
0,0,0,0,15,0,0,0,0,0,1,0,0,1,29.7,438.25,1,5518,27.390625,0.005382384922073215,1,1,1,0,0,0,1,1,0,0,1,0,0,0,0,1,0,1,0,0,0,1,0,0
0,0,1,0,1,0,0,0,0,1,0,1,1,1,50.35,50.35,1,4526,25.175,0.011124613345117102,3,1,1,0,0,1,1,1,0,0,1,0,0,0,0,1,0,0,0,0,1,0,0,1
0,0,1,0,64,0,0,1,0,1,1,0,1,0,47.85,3147.5,1,6347,48.42307692307692,0.007538994800693241,4,0,1,0,0,0,0,1,0,0,0,0,1,0,0,1,0,0,0,1,0,1,0,0
0,0,0,0,1,1,0,0,0,0,0,0,0,1,70.3,70.3,1,4512,35.15,0.015580673758865248,1,1,1,1,0,1,1,0,1,0,1,0,0,0,0,1,0,0,0,0,1,0,0,1
0,1,0,0,55,1,1,1,0,0,0,1,1,1,98.8,5617.75,1,5543,100.31696428571429,0.017824282879307235,5,1,1,1,1,1,0,0,1,0,1,0,0,0,0,1,0,0,0,1,0,1,0,0
0,0,0,0,18,1,1,0,0,0,1,1,1,1,99.85,1776.95,1,3068,93.52368421052631,0.03254563233376793,5,1,0,1,0,0,1,0,1,0,1,0,0,1,0,0,0,1,0,0,0,0,1,0
0,1,1,0,32,1,0,0,0,0,0,0,1,1,80.3,2483.05,1,5365,75.2439393939394,0.014967381174277726,2,1,0,1,1,1,1,0,1,0,1,0,0,0,1,0,0,0,1,0,0,0,0,1
0,1,0,0,66,1,1,0,1,0,0,0,0,1,80.45,5224.35,1,5011,77.97537313432836,0.01605467970464977,3,1,0,1,1,1,1,0,1,0,1,0,0,0,1,0,0,0,0,1,0,0,0,1
0,0,0,0,7,1,1,0,0,0,0,0,1,1,86.8,620.35,1,3780,77.54375,0.022962962962962963,3,1,1,1,0,1,1,0,1,0,1,0,0,0,0,1,0,0,0,0,1,0,0,1
0,1,1,0,6,1,0,0,1,0,0,0,1,1,84.2,519.15,1,5834,74.16428571428571,0.014432636270140556,3,1,1,1,1,1,1,0,1,0,1,0,0,0,0,1,0,0,0,0,1,1,0,0
0,0,0,0,13,1,1,0,0,0,1,1,1,1,99.0,1301.7,1,3493,92.97857142857143,0.02834239908388205,5,1,0,1,0,0,1,0,1,0,1,0,0,0,0,0,1,1,0,0,0,0,0,1
0,0,0,0,11,1,1,0,0,1,0,1,1,1,100.75,1129.75,1,2229,94.14583333333333,0.045199641094661284,5,1,1,1,0,1,1,0,1,0,1,0,0,0,0,1,0,0,0,0,1,0,1,0
0,0,1,0,9,1,1,1,1,1,0,0,0,0,91.75,865.8,1,4176,86.58,0.02197078544061303,5,1,0,1,0,1,0,0,1,0,1,0,0,1,0,0,0,0,0,0,1,0,0,1
0,0,0,0,1,1,1,0,0,1,0,0,0,1,79.55,79.55,1,5571,39.775,0.01427930353616945,3,1,0,1,0,1,1,0,1,0,1,0,0,0,0,0,1,0,0,0,1,1,0,0
0,0,0,0,54,1,1,0,1,1,1,1,1,0,111.1,6014.85,1,5527,109.3609090909091,0.020101320788854713,7,1,1,1,0,0,1,0,1,0,1,0,0,0,0,1,0,0,0,1,0,1,0,0
0,0,1,0,25,1,1,0,0,1,0,0,1,1,89.1,2368.4,1,4793,91.0923076923077,0.018589609847694553,4,1,1,1,0,1,1,0,1,0,1,0,0,0,0,1,0,0,1,0,0,0,0,1
0,0,0,0,37,1,1,0,1,1,0,1,1,1,101.9,3545.35,1,4437,93.29868421052632,0.02296596799639396,6,1,0,1,0,1,1,0,1,0,1,0,0,1,0,0,0,0,1,0,0,0,0,1
0,0,1,1,14,1,1,0,0,0,1,1,0,1,91.65,1301.0,1,4304,86.73333333333333,0.02129414498141264,4,1,1,1,0,0,1,0,1,0,1,0,0,0,0,1,0,1,0,0,0,0,0,1
0,1,0,0,4,1,1,0,0,1,0,0,1,1,88.85,372.45,1,2754,74.49,0.03226216412490922,4,1,1,1,1,1,1,0,1,0,1,0,0,0,0,1,0,0,0,0,1,0,1,0
0,1,0,0,3,0,0,0,0,0,0,0,0,0,25.3,77.75,1,3542,19.4375,0.007142857142857143,0,1,1,0,1,1,1,1,0,0,1,0,0,0,0,1,0,0,0,0,1,0,0,1
0,0,0,0,1,1,1,0,0,0,0,1,1,1,95.45,95.45,1,5962,47.725,0.016009728279100972,4,1,1,1,0,1,1,0,1,0,1,0,0,0,0,1,0,0,0,0,1,1,0,0
0,0,0,0,13,1,0,0,0,0,0,1,1,1,91.1,1135.7,1,5347,81.12142857142858,0.01703759117262016,3,1,1,1,0,1,1,0,1,0,1,0,0,0,0,1,0,1,0,0,0,0,0,1
0,0,1,0,45,1,0,0,1,0,1,0,0,1,54.15,2319.8,1,2761,50.4304347826087,0.019612459253893516,3,0,0,0,0,0,1,1,0,0,0,1,0,0,1,0,0,0,1,0,0,0,1,0
0,0,0,0,1,1,0,0,0,0,0,0,0,0,69.7,69.7,1,4620,34.85,0.015086580086580087,1,1,0,1,0,1,1,0,1,0,1,0,0,1,0,0,0,0,0,0,1,0,0,1
0,0,0,0,6,1,0,0,0,0,0,1,1,1,89.5,573.3,1,2898,81.89999999999999,0.03088336783988958,3,1,1,1,0,1,1,0,1,0,1,0,0,0,0,1,0,0,0,0,1,0,1,0
0,0,1,0,3,0,0,0,0,0,0,0,1,1,35.15,99.75,1,2987,24.9375,0.011767659859390692,1,1,1,0,0,1,1,1,0,0,1,0,0,0,0,1,0,0,0,0,1,0,1,0
0,0,0,1,12,1,1,0,0,0,0,0,0,1,73.75,871.4,1,2010,67.03076923076922,0.03669154228855721,2,1,0,1,0,1,1,0,1,0,1,0,0,0,1,0,0,0,0,0,1,0,1,0
0,1,0,0,8,1,1,0,0,1,0,1,1,0,101.35,780.5,1,5546,86.72222222222223,0.018274432023079695,5,1,1,1,1,1,1,0,1,0,1,0,0,0,0,1,0,0,0,0,1,1,0,0
0,0,1,1,6,1,0,1,1,0,0,0,0,0,55.9,365.35,1,4914,52.19285714285714,0.011375661375661376,3,1,0,0,0,1,0,1,0,0,1,0,0,0,1,0,0,0,0,0,1,0,0,1
0,1,1,0,3,1,1,0,1,1,0,1,1,1,105.9,334.65,1,2715,83.6625,0.03900552486187846,6,1,1,1,1,1,1,0,1,0,1,0,0,0,0,1,0,0,0,0,1,0,1,0
0,0,0,0,1,1,0,0,0,0,0,0,0,0,43.95,43.95,1,3238,21.975,0.013573193329215565,1,1,0,0,0,1,1,1,0,0,1,0,0,0,0,0,1,0,0,0,1,0,1,0
0,0,0,0,1,1,0,0,0,0,0,0,0,1,45.1,45.1,1,4884,22.55,0.009234234234234235,1,1,0,0,0,1,1,1,0,0,1,0,0,1,0,0,0,0,0,0,1,0,0,1
0,0,0,0,41,1,0,0,0,0,0,0,0,0,70.25,2868.05,1,3407,68.28690476190476,0.020619313178749633,1,1,0,1,0,1,1,0,1,0,1,0,0,1,0,0,0,0,1,0,0,0,1,0
0,0,0,1,9,1,0,0,0,0,0,1,0,0,55.35,449.75,1,2688,44.975,0.020591517857142857,2,1,1,0,0,1,1,1,0,0,1,0,0,0,0,1,0,0,0,0,1,0,1,0
0,1,1,0,43,1,1,0,1,1,0,1,1,1,103.0,4414.3,1,2505,100.325,0.04111776447105788,6,1,1,1,1,1,1,0,1,0,1,0,0,0,0,1,0,0,1,0,0,0,1,0
0,0,1,0,33,1,0,1,0,1,1,1,1,1,103.75,3361.05,1,3824,98.85441176470589,0.027131276150627614,6,0,1,1,0,0,0,0,1,0,0,1,0,0,0,1,0,0,1,0,0,0,0,1
0,0,0,0,1,1,0,0,0,0,0,0,0,1,69.35,69.35,1,2843,34.675,0.024393246570524094,1,1,1,1,0,1,1,0,1,0,1,0,0,0,0,1,0,0,0,0,1,0,1,0
0,0,0,0,56,1,0,0,1,0,0,0,0,1,73.85,4092.85,1,5276,71.80438596491229,0.01399734647460197,2,1,1,1,0,1,1,0,1,0,1,0,0,0,0,1,0,0,0,1,0,0,0,1
0,0,1,0,3,1,1,0,0,0,0,0,0,1,75.15,216.75,1,2270,54.1875,0.0331057268722467,2,1,0,1,0,1,1,0,1,0,1,0,0,0,1,0,0,0,0,0,1,0,1,0
0,0,0,0,1,1,0,0,0,0,0,0,0,1,69.6,69.6,1,2072,34.8,0.033590733590733585,1,1,1,1,0,1,1,0,1,0,1,0,0,0,0,1,0,0,0,0,1,0,1,0
0,0,1,1,5,1,1,0,1,0,0,0,0,1,80.15,385.0,1,5124,64.16666666666667,0.015642076502732243,3,1,1,1,0,1,1,0,1,0,1,0,0,0,0,1,0,0,0,0,1,0,0,1
0,0,1,1,1,0,0,1,0,0,0,0,0,0,30.5,30.5,1,5171,15.25,0.00589827886288919,1,1,0,0,0,1,0,1,0,0,1,0,0,1,0,0,0,0,0,0,1,0,0,1
0,0,1,0,70,1,1,0,1,0,0,1,1,0,98.3,6859.5,1,4794,96.61267605633803,0.020504797663746348,5,0,0,1,0,1,1,0,1,0,0,0,1,1,0,0,0,0,0,1,0,0,0,1
0,0,0,0,48,1,1,0,1,1,0,1,1,1,107.4,5121.3,1,4956,104.51632653061225,0.021670702179176757,6,1,0,1,0,1,1,0,1,0,1,0,0,1,0,0,0,0,1,0,0,0,0,1
0,1,0,0,13,1,1,0,0,0,0,0,1,1,82.0,1127.2,1,3363,80.51428571428572,0.024382991376746953,3,1,1,1,1,1,1,0,1,0,1,0,0,0,0,1,0,1,0,0,0,0,1,0
0,0,1,0,24,1,1,0,0,0,0,0,0,1,75.4,1747.85,1,2325,69.914,0.032430107526881725,2,1,0,1,0,1,1,0,1,0,1,0,0,0,1,0,0,1,0,0,0,0,1,0
0,1,1,0,27,1,0,1,0,1,0,1,1,1,101.25,2754.45,1,4853,98.37321428571428,0.020863383474139706,5,1,1,1,1,1,0,0,1,0,1,0,0,0,0,1,0,0,1,0,0,0,0,1
0,1,0,0,25,1,1,0,1,0,0,1,0,1,89.5,2196.15,1,4849,84.4673076923077,0.01845741389977315,4,1,1,1,1,1,1,0,1,0,1,0,0,0,0,1,0,0,1,0,0,0,0,1
0,1,0,0,22,1,1,0,0,0,0,0,0,1,74.4,1692.6,1,2407,73.59130434782608,0.03090984628167844,2,1,0,1,1,1,1,0,1,0,1,0,0,1,0,0,0,1,0,0,0,0,1,0
0,0,0,0,1,1,0,0,0,0,0,0,0,0,20.5,20.5,1,3731,10.25,0.005494505494505495,1,1,0,0,0,1,1,0,0,1,1,0,0,0,0,0,1,0,0,0,1,0,0,1
0,0,0,0,4,1,1,0,0,0,0,0,0,1,74.35,265.35,1,3622,53.07000000000001,0.02052733296521259,2,1,1,1,0,1,1,0,1,0,1,0,0,0,0,1,0,0,0,0,1,0,0,1
0,1,1,0,18,1,1,0,0,0,1,1,1,0,99.75,1836.25,1,5857,96.64473684210526,0.0170309031927608,5,1,0,1,1,0,1,0,1,0,1,0,0,1,0,0,0,1,0,0,0,1,0,0
0,1,0,0,56,1,1,0,1,1,1,1,1,1,111.95,6418.9,1,4060,112.61228070175439,0.027573891625615764,7,0,1,1,1,0,1,0,1,0,0,1,0,0,0,1,0,0,0,1,0,0,0,1
0,1,0,0,16,0,0,0,1,0,0,1,0,1,39.0,679.85,1,5692,39.991176470588236,0.0068517217146872806,2,1,0,0,1,1,1,1,0,0,1,0,0,0,0,0,1,1,0,0,0,1,0,0
0,0,1,0,30,1,1,0,1,0,1,1,0,1,94.1,2804.45,1,5255,90.46612903225805,0.01790675547098002,5,1,0,1,0,0,1,0,1,0,1,0,0,0,1,0,0,0,1,0,0,0,0,1
0,0,0,0,8,1,1,0,0,0,0,1,1,0,95.65,778.1,1,5335,86.45555555555556,0.01792877225866917,4,1,0,1,0,1,1,0,1,0,1,0,0,1,0,0,0,0,0,0,1,0,0,1
0,1,1,0,50,1,1,0,1,0,0,1,0,1,88.05,4367.35,1,5813,85.6343137254902,0.015147084121795974,4,1,1,1,1,1,1,0,1,0,1,0,0,0,0,1,0,0,0,1,0,1,0,0
0,0,1,0,41,1,0,0,1,0,1,0,1,1,66.5,2728.6,1,2517,64.96666666666667,0.026420341676599127,4,0,0,0,0,0,1,1,0,0,0,1,0,1,0,0,0,0,1,0,0,0,1,0
0,0,0,0,3,0,0,1,1,0,0,0,0,1,35.45,106.85,1,2095,26.7125,0.016921241050119332,2,1,0,0,0,1,0,1,0,0,1,0,0,0,0,0,1,0,0,0,1,0,1,0
0,0,0,0,3,1,0,0,1,0,0,0,0,1,49.9,130.1,1,5585,32.525,0.008934646374216652,2,1,0,0,0,1,1,1,0,0,1,0,0,0,0,0,1,0,0,0,1,1,0,0
0,0,0,0,40,1,1,0,1,1,0,1,1,1,104.5,4036.85,1,2832,98.45975609756097,0.0368997175141243,6,1,0,1,0,1,1,0,1,0,1,0,0,0,1,0,0,0,1,0,0,0,1,0
0,1,0,0,3,1,1,0,0,0,0,0,0,1,75.05,256.25,1,3553,64.0625,0.021122994652406416,2,1,0,1,1,1,1,0,1,0,1,0,0,0,1,0,0,0,0,0,1,0,0,1
0,0,0,0,23,1,1,0,0,1,0,0,0,1,81.0,1917.1,1,5701,79.87916666666666,0.014208033678302052,3,1,1,1,0,1,1,0,1,0,1,0,0,0,0,1,0,1,0,0,0,1,0,0
0,1,1,0,1,1,1,0,0,0,0,0,0,1,74.45,74.45,1,2394,37.225,0.03109857978279031,2,1,1,1,1,1,1,0,1,0,1,0,0,0,0,1,0,0,0,0,1,0,1,0
0,0,0,0,4,1,0,1,1,0,1,0,0,1,60.4,272.15,1,5730,54.42999999999999,0.010541012216404886,4,1,0,0,0,0,0,1,0,0,1,0,0,0,0,0,1,0,0,0,1,1,0,0
0,0,1,1,1,1,0,0,0,0,0,0,0,1,70.65,70.65,1,3463,35.325,0.020401386081432285,1,1,0,1,0,1,1,0,1,0,1,0,0,0,0,0,1,0,0,0,1,0,1,0
0,0,0,0,12,1,0,0,0,0,1,1,0,1,59.8,727.8,1,4581,55.98461538461538,0.013053918358437023,3,0,1,0,0,0,1,1,0,0,0,1,0,0,0,1,0,0,0,0,1,0,0,1
0,0,0,0,9,1,0,0,0,0,0,0,0,1,44.2,403.35,1,2029,40.335,0.021784130113356334,1,1,0,0,0,1,1,1,0,0,1,0,0,1,0,0,0,0,0,0,1,0,1,0
0,1,0,0,1,1,1,0,0,0,0,0,0,1,75.75,75.75,1,5571,37.875,0.013597199784598816,2,1,1,1,1,1,1,0,1,0,1,0,0,0,0,1,0,0,0,0,1,1,0,0
0,0,0,0,67,1,1,1,1,1,0,1,0,1,102.95,6886.25,1,5620,101.26838235294117,0.018318505338078293,6,1,0,1,0,1,0,0,1,0,1,0,0,0,1,0,0,0,0,1,0,1,0,0
0,1,1,0,4,1,1,0,0,0,0,0,0,1,74.4,306.6,1,5839,61.32000000000001,0.012741907860935093,2,1,0,1,1,1,1,0,1,0,1,0,0,0,0,0,1,0,0,0,1,1,0,0
0,0,1,0,1,0,0,0,1,0,0,0,0,1,29.85,29.85,0,3964,14.925,0.007530272452068618,1,1,1,0,0,1,1,1,0,0,1,0,0,0,0,1,0,0,0,0,1,0,0,1
0,0,0,0,34,1,0,1,0,1,0,0,0,0,56.95,1889.5,0,3441,53.98571428571429,0.016550421389131067,3,0,0,0,0,1,0,1,0,0,0,1,0,0,0,0,1,0,1,0,0,0,1,0
0,0,0,0,45,0,0,1,0,1,1,0,0,0,42.3,1840.75,0,4307,40.016304347826086,0.009821221267703737,3,0,0,0,0,0,0,1,0,0,0,1,0,1,0,0,0,0,1,0,0,0,0,1
0,0,0,1,22,1,1,0,1,0,0,1,0,1,89.1,1949.4,0,4459,84.75652173913043,0.01998205875756896,4,1,0,1,0,1,1,0,1,0,1,0,0,0,1,0,0,1,0,0,0,0,0,1
0,0,0,0,10,0,0,1,0,0,0,0,0,0,29.75,301.9,0,2013,27.44545454545454,0.014778936910084452,1,1,0,0,0,1,0,1,0,0,1,0,0,0,0,0,1,0,0,0,1,0,1,0
0,0,0,0,62,1,0,1,1,0,0,0,0,0,56.15,3487.95,0,4529,55.364285714285714,0.012397880326782953,3,0,0,0,0,1,0,1,0,0,0,1,0,1,0,0,0,0,0,1,0,0,0,1
0,0,1,1,13,1,0,1,0,0,0,0,0,1,49.95,587.45,0,5764,41.96071428571429,0.00866585704371964,2,1,0,0,0,1,0,1,0,0,1,0,0,0,0,0,1,1,0,0,0,1,0,0
0,0,0,0,16,1,0,0,0,0,0,0,0,0,18.95,326.8,0,4726,19.223529411764705,0.004009733389758781,1,0,0,0,0,1,1,0,0,1,0,0,1,0,1,0,0,1,0,0,0,0,0,1
0,0,1,0,58,1,1,0,0,1,0,1,1,0,100.35,5681.1,0,6432,96.28983050847458,0.01560167910447761,5,0,0,1,0,1,1,0,1,0,0,1,0,0,1,0,0,0,0,1,0,1,0,0
0,0,0,0,25,1,0,1,0,1,1,1,1,1,105.5,2686.05,0,5822,103.3096153846154,0.018120920645826176,6,1,1,1,0,0,0,0,1,0,1,0,0,0,0,1,0,0,1,0,0,1,0,0
0,0,1,0,69,1,1,1,1,1,1,1,1,0,113.25,7895.15,0,5141,112.78785714285713,0.022028788173507098,8,0,0,1,0,0,0,0,1,0,0,0,1,0,1,0,0,0,0,1,0,0,0,1
0,0,0,0,52,1,0,0,0,0,0,0,0,0,20.65,1022.95,0,5186,19.300943396226415,0.003981874276899344,1,0,0,0,0,1,1,0,0,1,0,1,0,0,0,0,1,0,0,1,0,0,0,1
0,0,0,0,71,1,1,1,0,1,0,1,1,0,106.7,7382.25,0,4479,102.53125,0.023822281759321277,6,0,0,1,0,1,0,0,1,0,0,0,1,1,0,0,0,0,0,1,0,0,0,1
0,0,0,0,21,1,0,0,1,1,0,0,1,1,90.05,1862.9,0,5982,84.67727272727274,0.015053493814777667,4,1,1,1,0,1,1,0,1,0,1,0,0,0,0,1,0,1,0,0,0,1,0,0
0,0,1,0,12,1,0,0,0,0,0,0,0,0,19.8,202.25,0,5279,15.557692307692308,0.0037507103618109492,1,0,0,0,0,1,1,0,0,1,0,1,0,1,0,0,0,0,0,0,1,0,0,1
0,0,1,0,58,1,1,0,1,0,1,0,0,1,59.9,3505.1,0,6407,59.40847457627118,0.009349149367878883,4,0,0,0,0,0,1,1,0,0,0,0,1,0,1,0,0,0,0,1,0,1,0,0
0,0,1,1,49,1,0,1,1,0,1,0,0,0,59.6,2970.3,0,4986,59.406000000000006,0.011953469715202567,4,1,0,0,0,0,0,1,0,0,1,0,0,0,1,0,0,0,0,1,0,0,0,1
0,0,0,0,30,1,0,1,1,0,0,0,0,1,55.3,1530.6,0,2725,49.37419354838709,0.020293577981651375,3,1,0,0,0,1,0,1,0,0,1,0,0,1,0,0,0,0,1,0,0,0,1,0
0,0,1,0,72,1,1,1,1,1,1,1,1,1,90.25,6369.45,0,5974,87.2527397260274,0.015107130900569133,8,0,0,0,0,0,0,1,0,0,0,0,1,0,1,0,0,0,0,1,0,1,0,0
0,1,1,0,71,1,1,1,1,1,1,0,0,1,96.35,6766.95,0,5309,93.98541666666667,0.018148427199095873,6,0,0,1,1,0,0,0,1,0,0,0,1,0,1,0,0,0,0,1,0,0,0,1
0,1,1,0,2,1,0,0,0,1,0,1,1,1,95.5,181.65,0,4449,60.550000000000004,0.021465497864688696,4,1,0,1,1,1,1,0,1,0,1,0,0,0,1,0,0,0,0,0,1,0,0,1
0,0,1,0,27,1,0,1,1,1,1,0,0,0,66.15,1874.45,0,3213,66.94464285714285,0.02058823529411765,5,0,0,0,0,0,0,1,0,0,0,1,0,0,0,0,1,0,1,0,0,0,1,0
0,0,0,0,1,1,0,0,0,0,0,0,0,0,20.2,20.2,0,5526,10.1,0.0036554469779225478,1,1,0,0,0,1,1,0,0,1,1,0,0,1,0,0,0,0,0,0,1,1,0,0
0,1,0,0,1,1,0,0,0,0,0,0,0,0,45.25,45.25,0,3144,22.625,0.014392493638676845,1,1,0,0,1,1,1,1,0,0,1,0,0,1,0,0,0,0,0,0,1,0,1,0
0,0,1,0,72,1,1,1,1,0,1,1,0,0,99.9,7251.7,0,5915,99.33835616438355,0.016889264581572274,6,0,0,1,0,0,0,0,1,0,0,0,1,1,0,0,0,0,0,1,0,1,0,0
0,0,0,0,46,1,0,0,0,1,0,0,0,1,74.8,3548.3,0,3395,75.49574468085106,0.02203240058910162,2,1,0,1,0,1,1,0,1,0,1,0,0,0,1,0,0,0,1,0,0,0,1,0
0,0,1,0,10,1,0,0,1,0,0,0,0,0,49.55,475.7,0,2392,43.24545454545454,0.02071488294314381,2,0,0,0,0,1,1,1,0,0,0,1,0,0,0,0,1,0,0,0,1,0,1,0
0,0,1,0,70,1,1,1,1,0,0,1,0,1,69.2,4872.35,0,4715,68.62464788732395,0.014676564156945918,5,0,0,0,0,1,0,1,0,0,0,0,1,0,1,0,0,0,0,1,0,0,0,1
0,0,1,0,17,1,0,0,0,0,0,0,0,0,20.75,418.25,0,3646,23.23611111111111,0.005691168403730115,1,0,0,0,0,1,1,0,0,1,0,1,0,0,0,0,1,1,0,0,0,0,0,1
0,0,0,0,63,1,1,1,1,1,1,1,0,1,79.85,4861.45,0,4595,75.96015625,0.01737758433079434,7,0,0,0,0,0,0,1,0,0,0,0,1,0,1,0,0,0,0,1,0,0,0,1
0,0,1,0,13,1,1,1,1,0,1,1,0,1,76.2,981.45,0,2569,70.10357142857143,0.029661346827559363,6,1,1,0,0,0,0,1,0,0,1,0,0,0,0,1,0,1,0,0,0,0,1,0
0,0,0,0,49,1,1,0,0,0,0,0,1,1,84.5,3906.7,0,6434,78.134,0.013133354056574448,3,1,1,1,0,1,1,0,1,0,1,0,0,0,0,1,0,0,0,1,0,1,0,0
0,0,0,0,2,1,0,0,1,0,0,0,0,0,49.25,97.0,0,3805,32.333333333333336,0.012943495400788436,2,1,0,0,0,1,1,1,0,0,1,0,0,0,0,0,1,0,0,0,1,0,0,1
0,0,0,0,52,1,1,1,0,0,1,1,1,1,79.75,4217.8,0,4142,79.5811320754717,0.019253983582810236,6,0,0,0,0,0,0,1,0,0,0,0,1,0,1,0,0,0,0,1,0,0,0,1
0,0,1,0,69,1,1,1,0,1,1,0,0,1,64.15,4254.1,0,5128,60.77285714285715,0.012509750390015601,5,0,0,0,0,0,0,1,0,0,0,0,1,0,1,0,0,0,0,1,0,0,0,1
0,1,0,0,43,1,1,0,1,0,0,1,0,1,90.25,3838.75,0,2223,87.24431818181819,0.0405982905982906,4,1,1,1,1,1,1,0,1,0,1,0,0,0,0,1,0,0,1,0,0,0,1,0
0,1,1,0,25,1,1,1,0,0,1,1,0,1,69.5,1752.65,0,3154,67.40961538461539,0.022035510462904247,5,1,0,0,1,0,0,1,0,0,1,0,0,0,1,0,0,0,1,0,0,0,1,0
0,1,1,0,60,1,0,1,1,1,1,0,1,1,74.85,4456.35,0,5153,73.05491803278689,0.014525519115078593,6,0,0,0,1,0,0,1,0,0,0,1,0,0,1,0,0,0,0,1,0,0,0,1
0,0,1,0,63,1,1,1,0,0,0,1,1,1,99.65,6311.2,0,4572,98.6125,0.021795713035870516,5,0,0,1,0,1,0,0,1,0,0,1,0,0,1,0,0,0,0,1,0,0,0,1
0,1,1,0,66,1,1,0,1,1,1,1,1,1,108.45,7076.35,0,4582,105.61716417910448,0.023668703622872107,7,0,1,1,1,0,1,0,1,0,0,1,0,0,0,1,0,0,0,1,0,0,0,1
0,0,1,0,34,1,1,0,0,0,0,0,0,0,24.95,894.3,0,5408,25.55142857142857,0.0046135355029585795,2,0,0,0,0,1,1,0,0,1,0,0,1,0,1,0,0,0,1,0,0,1,0,0
0,0,0,0,72,1,1,0,0,1,1,1,1,1,107.5,7853.7,0,4708,107.58493150684932,0.022833474936278676,6,0,0,1,0,0,1,0,1,0,0,0,1,0,1,0,0,0,0,1,0,0,0,1
0,0,1,0,47,1,1,0,0,1,0,1,1,1,100.5,4707.1,0,4488,98.06458333333335,0.022393048128342245,5,1,1,1,0,1,1,0,1,0,1,0,0,0,0,1,0,0,1,0,0,0,0,1
0,0,0,0,60,1,1,0,1,0,0,1,0,1,89.9,5450.7,0,6292,89.35573770491803,0.014287984742530197,4,1,0,1,0,1,1,0,1,0,1,0,0,1,0,0,0,0,0,1,0,1,0,0
0,0,1,0,72,0,0,1,1,1,0,0,0,0,42.1,2962.0,0,6091,40.57534246575342,0.006911837136759153,3,0,0,0,0,1,0,1,0,0,0,0,1,1,0,0,0,0,0,1,0,1,0,0
0,0,1,0,18,1,0,0,0,1,1,0,0,1,54.4,957.1,0,4948,50.373684210526314,0.01099434114793856,3,0,0,0,0,0,1,1,0,0,0,1,0,0,1,0,0,1,0,0,0,0,0,1
0,0,0,0,3,1,0,0,1,0,1,1,1,1,75.3,244.1,0,5387,61.025,0.013978095414887691,5,1,1,0,0,0,1,1,0,0,1,0,0,0,0,1,0,0,0,0,1,1,0,0
0,0,1,0,47,1,1,0,1,0,0,0,0,1,78.9,3650.35,0,3817,76.04895833333333,0.020670683783075714,3,0,1,1,0,1,1,0,1,0,0,1,0,0,0,1,0,0,1,0,0,0,0,1
0,0,0,0,31,1,0,0,1,1,1,1,1,0,79.2,2497.2,0,4984,78.0375,0.015890850722311396,6,0,0,0,0,0,1,1,0,0,0,0,1,0,0,0,1,0,1,0,0,0,0,1
0,0,1,0,50,1,0,0,0,0,0,0,0,0,20.15,930.9,0,5849,18.25294117647059,0.0034450333390323128,1,0,0,0,0,1,1,0,0,1,0,0,1,1,0,0,0,0,0,1,0,1,0,0
0,0,0,0,10,1,0,1,0,1,0,0,0,1,79.85,887.35,0,5983,80.66818181818182,0.013346147417683436,3,1,0,1,0,1,0,0,1,0,1,0,0,0,0,0,1,0,0,0,1,1,0,0
0,0,0,0,1,1,0,0,0,0,1,0,0,0,49.05,49.05,0,3178,24.525,0.015434235368156073,2,1,0,0,0,0,1,1,0,0,1,0,0,0,0,0,1,0,0,0,1,0,1,0
0,0,1,0,52,1,0,0,0,0,0,0,0,1,20.4,1090.65,0,5482,20.578301886792456,0.003721269609631521,1,0,1,0,0,1,1,0,0,1,0,1,0,0,0,1,0,0,0,1,0,1,0,0
0,1,1,0,64,1,1,1,0,1,1,1,1,1,111.6,7099.0,0,4881,109.21538461538462,0.02286416717885679,7,0,0,1,1,0,0,0,1,0,0,0,1,1,0,0,0,0,0,1,0,0,0,1
0,0,1,0,62,1,1,0,0,0,0,0,0,1,24.25,1424.6,0,4444,22.61269841269841,0.005456795679567957,2,0,0,0,0,1,1,0,0,1,0,0,1,1,0,0,0,0,0,1,0,0,0,1
0,0,0,1,3,1,0,1,0,0,1,0,1,1,64.5,177.4,0,5613,44.35,0.011491181186531267,4,1,0,0,0,0,0,1,0,0,1,0,0,1,0,0,0,0,0,0,1,1,0,0
0,1,0,0,56,1,1,1,1,1,0,1,1,0,110.5,6139.5,0,4463,107.71052631578948,0.02475913062962133,7,0,1,1,1,1,0,0,1,0,0,1,0,0,0,1,0,0,0,1,0,0,0,1
0,0,0,0,46,1,0,0,0,0,0,0,1,0,55.65,2688.85,0,2867,57.2095744680851,0.019410533658876874,2,0,0,0,0,1,1,1,0,0,0,1,0,0,1,0,0,0,1,0,0,0,1,0
0,0,1,1,8,1,0,1,1,0,0,0,0,0,54.65,482.25,0,5614,53.583333333333336,0.00973459209120057,3,1,0,0,0,1,0,1,0,0,1,0,0,0,0,0,1,0,0,0,1,1,0,0
0,1,0,0,30,1,0,1,1,0,0,1,1,1,74.75,2111.3,0,3033,68.10645161290323,0.02464556544675239,5,1,1,0,1,1,0,1,0,0,1,0,0,0,0,1,0,0,1,0,0,0,1,0
0,0,1,0,45,1,1,0,0,0,0,0,0,1,25.9,1216.6,0,5741,26.44782608695652,0.004511409162166869,2,0,0,0,0,1,1,0,0,1,0,1,0,0,1,0,0,0,1,0,0,1,0,0
0,0,1,1,11,0,0,1,0,0,0,1,1,0,50.55,565.35,0,3443,47.112500000000004,0.014681963404008132,3,1,1,0,0,1,0,1,0,0,1,0,0,0,0,1,0,0,0,0,1,0,1,0
0,0,0,0,42,1,0,0,1,1,1,1,1,1,103.8,4327.5,0,4005,100.63953488372093,0.02591760299625468,6,1,0,1,0,0,1,0,1,0,1,0,0,1,0,0,0,0,1,0,0,0,0,1
0,0,1,0,49,1,0,0,0,0,0,0,0,1,20.15,973.35,0,5422,19.467,0.0037163408336407227,1,0,0,0,0,1,1,0,0,1,0,0,1,1,0,0,0,0,0,1,0,1,0,0
0,0,0,0,9,1,1,0,1,0,0,1,1,1,99.3,918.75,0,3540,91.875,0.028050847457627117,5,1,0,1,0,1,1,0,1,0,1,0,0,0,1,0,0,0,0,0,1,0,0,1
0,0,1,0,35,1,0,1,0,0,0,1,0,1,62.15,2215.45,0,5255,61.540277777777774,0.011826831588962892,3,0,0,0,0,1,0,1,0,0,0,1,0,1,0,0,0,0,1,0,0,0,0,1
0,0,1,0,48,1,0,0,0,0,0,0,0,0,20.65,1057.0,0,4124,21.571428571428573,0.005007274490785645,1,0,0,0,0,1,1,0,0,1,0,0,1,1,0,0,0,0,1,0,0,0,0,1
0,0,1,0,46,1,0,0,0,0,0,0,0,1,19.95,927.1,0,5480,19.72553191489362,0.0036405109489051094,1,0,0,0,0,1,1,0,0,1,0,0,1,0,0,0,1,0,1,0,0,1,0,0
0,0,1,0,29,0,0,0,0,0,0,1,0,0,33.75,1009.25,0,3664,33.641666666666666,0.009211244541484717,1,1,0,0,0,1,1,1,0,0,1,0,0,0,0,0,1,0,1,0,0,0,0,1
0,0,1,1,30,1,0,0,1,1,0,0,0,0,82.05,2570.2,0,5036,82.90967741935484,0.016292692613185066,3,1,0,1,0,1,1,0,1,0,1,0,0,1,0,0,0,0,1,0,0,0,0,1
0,1,0,0,1,1,0,0,0,0,1,0,0,0,74.7,74.7,0,4182,37.35,0.0178622668579627,2,1,1,1,1,0,1,0,1,0,1,0,0,0,0,1,0,0,0,0,1,0,0,1
0,0,1,0,66,1,1,1,0,1,1,1,1,1,84.0,5714.25,0,5825,85.28731343283582,0.014420600858369098,7,0,0,0,0,0,0,1,0,0,0,0,1,0,0,0,1,0,0,1,0,1,0,0
0,0,0,0,65,1,1,1,1,1,0,1,1,1,111.05,7107.0,0,5261,107.68181818181819,0.021108154343280745,7,1,0,1,0,1,0,0,1,0,1,0,0,0,1,0,0,0,0,1,0,0,0,1
0,0,0,0,72,1,1,0,1,1,0,1,1,1,100.9,7459.05,0,5781,102.17876712328767,0.01745372772876665,6,0,0,1,0,1,1,0,1,0,0,0,1,1,0,0,0,0,0,1,0,1,0,0
0,0,1,0,71,1,1,1,1,0,1,0,0,1,66.85,4748.7,0,4117,65.95416666666667,0.016237551615253823,5,0,0,0,0,0,0,1,0,0,0,1,0,0,1,0,0,0,0,1,0,0,0,1
0,0,0,0,52,1,0,0,0,0,0,0,0,0,21.0,1107.2,0,4158,20.89056603773585,0.005050505050505051,1,0,0,0,0,1,1,0,0,1,0,0,1,1,0,0,0,0,0,1,0,0,0,1
0,0,0,0,1,1,0,0,0,0,0,0,0,0,20.2,20.2,0,2710,10.1,0.007453874538745387,1,1,0,0,0,1,1,0,0,1,1,0,0,0,0,0,1,0,0,0,1,0,1,0
0,0,1,1,1,1,0,0,0,0,0,0,0,0,19.45,19.45,0,5612,9.725,0.0034657875980042764,1,1,1,0,0,1,1,0,0,1,1,0,0,0,0,1,0,0,0,0,1,1,0,0
0,0,0,0,38,1,1,0,0,1,1,1,0,0,95.0,3605.6,0,4741,92.45128205128205,0.020037966673697533,5,0,0,1,0,0,1,0,1,0,0,1,0,1,0,0,0,0,1,0,0,0,0,1
0,1,1,0,66,0,0,0,1,1,0,1,0,0,45.55,3027.25,0,6238,45.18283582089552,0.007302019878166079,3,0,0,0,1,1,1,1,0,0,0,1,0,1,0,0,0,0,0,1,0,1,0,0
0,0,0,0,5,0,0,0,0,0,0,0,0,0,24.3,100.2,0,4015,16.7,0.0060523038605230384,0,1,0,0,0,1,1,1,0,0,1,0,0,0,0,0,1,0,0,0,1,0,0,1
0,0,1,0,72,1,1,1,1,0,0,1,1,1,104.15,7303.05,0,4594,100.04178082191781,0.02267087505441881,6,0,1,1,0,1,0,0,1,0,0,1,0,0,0,1,0,0,0,1,0,0,0,1
0,0,0,0,32,0,0,1,0,0,0,0,0,0,30.15,927.65,0,3585,28.11060606060606,0.008410041841004183,1,0,0,0,0,1,0,1,0,0,0,1,0,0,0,0,1,0,1,0,0,0,0,1
0,0,0,0,43,1,1,0,0,0,0,1,1,0,94.35,3921.3,0,5845,89.12045454545455,0.016142001710863985,4,0,0,1,0,1,1,0,1,0,0,1,0,0,0,0,1,0,1,0,0,1,0,0
0,0,1,0,72,1,0,0,0,0,0,0,0,0,19.4,1363.25,0,5234,18.674657534246574,0.003706534199465036,1,0,0,0,0,1,1,0,0,1,0,0,1,0,1,0,0,0,0,1,0,0,0,1
0,0,0,0,52,1,0,1,0,1,1,0,0,0,57.95,3042.25,0,6078,57.40094339622642,0.009534386311286608,4,0,0,0,0,0,0,1,0,0,0,1,0,0,1,0,0,0,0,1,0,1,0,0
0,0,0,0,43,1,0,0,1,1,0,1,0,1,91.65,3954.1,0,3826,89.86590909090908,0.023954521693674857,4,1,1,1,0,1,1,0,1,0,1,0,0,0,0,1,0,0,1,0,0,0,0,1
0,0,1,0,64,0,0,0,1,0,1,1,1,1,54.6,3423.5,0,4850,52.66923076923077,0.011257731958762887,4,0,1,0,0,0,1,1,0,0,0,0,1,0,0,1,0,0,0,1,0,0,0,1
0,0,1,1,3,1,0,1,1,0,0,1,0,0,89.85,248.4,0,4648,62.1,0.01933089500860585,4,1,1,1,0,1,0,0,1,0,1,0,0,0,0,1,0,0,0,0,1,0,0,1
0,0,0,0,36,0,0,1,0,0,0,0,0,0,31.05,1126.35,0,4871,30.44189189189189,0.0063744610962841305,1,0,0,0,0,1,0,1,0,0,0,0,1,1,0,0,0,0,1,0,0,0,0,1
0,0,0,0,41,1,0,0,0,0,0,0,0,0,20.65,835.15,0,5918,19.88452380952381,0.0034893545116593443,1,0,0,0,0,1,1,0,0,1,0,0,1,0,0,0,1,0,1,0,0,1,0,0
0,0,1,1,27,1,1,0,1,0,1,0,0,1,85.2,2151.6,0,3796,76.84285714285714,0.02244467860906217,4,1,0,1,0,0,1,0,1,0,1,0,0,0,1,0,0,0,1,0,0,0,0,1
0,0,1,0,56,1,1,0,0,1,0,1,1,1,99.8,5515.45,0,4606,96.76228070175438,0.02166739036039948,5,0,0,1,0,1,1,0,1,0,0,1,0,0,1,0,0,0,0,1,0,0,0,1
0,0,0,0,6,1,0,0,0,0,0,0,0,0,20.7,112.75,0,5346,16.107142857142858,0.003872053872053872,1,1,0,0,0,1,1,0,0,1,1,0,0,0,0,0,1,0,0,0,1,0,0,1
0,0,1,1,7,1,0,1,0,0,0,0,0,0,50.7,350.35,0,3097,43.79375,0.016370681304488214,2,1,0,0,0,1,0,1,0,0,1,0,0,0,0,0,1,0,0,0,1,0,1,0
0,0,1,1,4,1,0,0,0,0,0,0,0,0,20.85,62.9,0,3172,12.58,0.006573139974779319,1,1,0,0,0,1,1,0,0,1,1,0,0,0,0,0,1,0,0,0,1,0,1,0
0,0,0,0,33,1,0,1,0,0,1,1,0,1,88.95,3027.65,0,5087,89.0485294117647,0.017485747985059957,4,0,1,1,0,0,0,0,1,0,0,0,1,0,0,1,0,0,1,0,0,0,0,1
0,0,1,0,72,1,1,0,0,0,0,0,0,1,23.55,1723.95,0,5901,23.615753424657534,0.003990849008642603,2,0,0,0,0,1,1,0,0,1,0,0,1,1,0,0,0,0,0,1,0,1,0,0
0,0,0,0,1,1,0,0,0,0,0,0,0,0,19.75,19.75,0,2484,9.875,0.007950885668276973,1,1,0,0,0,1,1,0,0,1,1,0,0,0,0,0,1,0,0,0,1,0,1,0
0,1,0,0,71,0,0,1,1,0,0,1,1,1,56.45,3985.35,0,5372,55.35208333333333,0.01050819061801936,4,0,1,0,1,1,0,1,0,0,0,1,0,0,0,1,0,0,0,1,0,0,0,1
0,0,0,0,13,1,1,0,0,0,0,0,1,1,85.95,1215.65,0,5886,86.83214285714287,0.014602446483180428,3,1,1,1,0,1,1,0,1,0,1,0,0,0,0,1,0,1,0,0,0,1,0,0
0,0,0,0,67,1,0,0,0,0,1,0,0,0,50.55,3260.1,0,6064,47.942647058823525,0.00833608179419525,2,0,0,0,0,0,1,1,0,0,0,0,1,1,0,0,0,0,0,1,0,1,0,0
0,0,0,0,43,1,1,0,0,0,0,0,0,1,25.7,1188.2,0,2017,27.004545454545454,0.012741695587506197,2,0,0,0,0,1,1,0,0,1,0,0,1,0,1,0,0,0,1,0,0,0,1,0
0,0,0,0,23,1,0,1,0,0,0,0,0,1,75.0,1778.5,0,2221,74.10416666666667,0.03376857271499325,2,1,0,1,0,1,0,0,1,0,1,0,0,1,0,0,0,1,0,0,0,0,1,0
0,0,1,0,64,1,0,0,0,0,0,0,0,0,20.2,1277.75,0,4557,19.657692307692308,0.004432740838270792,1,0,0,0,0,1,1,0,0,1,0,0,1,0,0,0,1,0,0,1,0,0,0,1
0,0,0,0,57,1,0,0,0,0,0,0,0,1,19.6,1170.55,0,4393,20.181896551724137,0.004461643523787844,1,0,0,0,0,1,1,0,0,1,0,0,1,0,0,0,1,0,0,1,0,0,0,1
0,1,1,0,72,1,1,1,1,1,1,1,1,1,88.05,6425.65,0,6102,88.02260273972603,0.014429695181907572,8,0,0,0,1,0,0,1,0,0,0,0,1,0,1,0,0,0,0,1,0,1,0,0
0,0,1,0,61,1,1,0,1,0,0,1,1,1,101.05,5971.25,0,6311,96.31048387096774,0.016011725558548566,5,0,0,1,0,1,1,0,1,0,0,0,1,1,0,0,0,0,0,1,0,1,0,0
0,0,0,0,64,1,1,1,1,0,0,0,0,1,84.3,5289.05,0,5044,81.37,0.016712926249008723,4,0,0,1,0,1,0,0,1,0,0,1,0,0,1,0,0,0,0,1,0,0,0,1
0,1,1,0,71,1,1,0,0,0,0,0,0,0,23.95,1756.2,0,4329,24.391666666666666,0.005532455532455532,2,0,0,0,1,1,1,0,0,1,0,0,1,1,0,0,0,0,0,1,0,0,0,1
0,0,1,0,65,1,1,1,1,0,1,1,0,1,99.05,6416.7,0,5878,97.22272727272727,0.016850969717591018,6,0,0,1,0,0,0,0,1,0,0,0,1,0,1,0,0,0,0,1,0,1,0,0
0,0,0,0,3,1,0,0,0,0,0,0,0,0,19.6,61.35,0,2543,15.3375,0.007707432166732206,1,0,0,0,0,1,1,0,0,1,0,1,0,0,0,0,1,0,0,0,1,0,1,0
0,0,0,0,30,1,0,0,1,1,0,1,0,0,64.5,1929.95,0,4320,62.25645161290323,0.014930555555555556,4,0,0,0,0,1,1,1,0,0,0,1,0,0,1,0,0,0,1,0,0,0,0,1
0,0,1,1,15,1,0,0,1,1,1,0,1,1,69.5,1071.4,0,3128,66.9625,0.022218670076726343,5,1,0,0,0,0,1,1,0,0,1,0,0,0,0,0,1,1,0,0,0,0,1,0
0,0,1,1,8,1,0,0,0,0,1,1,1,1,68.55,564.35,0,3123,62.705555555555556,0.02195004803073967,4,1,1,0,0,0,1,1,0,0,1,0,0,0,0,1,0,0,0,0,1,0,1,0
0,0,1,0,70,1,1,1,1,1,0,1,1,1,108.15,7930.55,0,5192,111.69788732394366,0.020830123266563947,7,0,0,1,0,1,0,0,1,0,0,1,0,0,1,0,0,0,0,1,0,0,0,1
0,0,1,0,62,1,0,1,1,1,1,1,1,0,86.1,5215.25,0,5769,82.78174603174604,0.014924596983879355,7,0,1,0,0,0,0,1,0,0,0,0,1,0,0,1,0,0,0,1,0,1,0,0
0,0,1,1,6,1,0,0,0,0,0,0,0,0,19.7,113.5,0,4293,16.214285714285715,0.004588865595154903,1,1,0,0,0,1,1,0,0,1,1,0,0,0,0,0,1,0,0,0,1,0,0,1
0,0,1,1,14,1,0,0,0,0,0,0,1,1,80.9,1152.8,0,2563,76.85333333333332,0.03156457276628951,2,1,0,1,0,1,1,0,1,0,1,0,0,1,0,0,0,1,0,0,0,0,1,0
0,0,0,0,22,1,1,0,0,0,0,1,0,1,84.15,1821.95,0,3549,79.21521739130435,0.023710904480135252,3,1,0,1,0,1,1,0,1,0,1,0,0,1,0,0,0,1,0,0,0,0,0,1
0,0,1,0,22,1,0,0,0,0,0,0,0,0,20.15,419.9,0,2173,18.256521739130434,0.00927289461573861,1,0,0,0,0,1,1,0,0,1,0,1,0,0,0,0,1,1,0,0,0,0,1,0
0,0,1,0,16,1,0,1,0,1,0,1,0,0,64.25,1024.0,0,5511,60.23529411764706,0.011658501179459263,4,0,0,0,0,1,0,1,0,0,0,0,1,0,0,0,1,1,0,0,0,1,0,0
0,0,0,0,10,1,1,0,0,0,0,0,0,0,25.7,251.6,0,3611,22.87272727272727,0.00711714206590972,2,0,0,0,0,1,1,0,0,1,0,0,1,1,0,0,0,0,0,0,1,0,0,1
0,0,0,1,13,1,0,1,1,0,0,0,0,1,56.0,764.55,0,5156,54.61071428571428,0.010861132660977503,3,1,1,0,0,1,0,1,0,0,1,0,0,0,0,1,0,1,0,0,0,0,0,1
0,0,0,0,2,1,0,0,0,0,0,0,0,1,69.7,135.2,0,3056,45.06666666666666,0.02280759162303665,1,1,1,1,0,1,1,0,1,0,1,0,0,0,0,1,0,0,0,0,1,0,1,0
0,0,0,0,53,1,1,0,1,1,1,0,1,1,73.9,3958.25,0,5644,73.30092592592592,0.013093550673281362,6,0,0,0,0,0,1,1,0,0,0,0,1,1,0,0,0,0,0,1,0,1,0,0
0,0,1,0,11,1,0,0,0,0,0,0,0,0,20.6,233.9,0,4047,19.491666666666667,0.005090190264393378,1,0,0,0,0,1,1,0,0,1,0,1,0,0,0,0,1,0,0,0,1,0,0,1
0,0,1,0,69,1,0,0,0,0,0,0,0,0,19.9,1363.45,0,5570,19.477857142857143,0.0035727109515260322,1,0,0,0,0,1,1,0,0,1,0,0,1,0,0,0,1,0,0,1,0,1,0,0
0,0,1,0,72,1,1,1,1,1,1,1,1,1,89.05,6254.45,0,6212,85.67739726027396,0.014335157759175788,8,0,0,0,0,0,0,1,0,0,0,0,1,1,0,0,0,0,0,1,0,1,0,0
0,0,1,1,16,1,0,0,0,0,0,0,0,0,20.4,321.4,0,3990,18.905882352941177,0.005112781954887217,1,1,1,0,0,1,1,0,0,1,1,0,0,0,0,1,0,1,0,0,0,0,0,1
0,0,1,0,43,1,0,1,0,1,1,0,0,1,84.25,3539.25,0,4382,80.4375,0.019226380648105886,4,0,0,1,0,0,0,0,1,0,0,1,0,1,0,0,0,0,1,0,0,0,0,1
0,0,1,0,14,1,0,0,1,1,1,1,1,0,81.95,1181.75,0,2564,78.78333333333333,0.031961778471138846,6,0,0,0,0,0,1,1,0,0,0,0,1,0,0,0,1,1,0,0,0,0,1,0
0,0,0,0,32,1,0,0,0,0,0,0,0,0,20.55,654.55,0,5358,19.834848484848482,0.0038353863381858904,1,0,0,0,0,1,1,0,0,1,0,1,0,1,0,0,0,0,1,0,0,0,0,1
0,0,1,0,34,1,1,0,0,0,0,0,0,0,24.7,780.2,0,3421,22.291428571428572,0.007220111078631979,2,1,1,0,0,1,1,0,0,1,1,0,0,0,0,1,0,0,1,0,0,0,1,0
0,0,1,1,15,1,1,0,1,1,0,1,1,1,105.35,1559.25,0,2721,97.453125,0.038717383314957735,6,1,0,1,0,1,1,0,1,0,1,0,0,1,0,0,0,1,0,0,0,0,1,0
0,0,1,0,61,1,0,0,0,0,0,0,0,1,20.55,1252.0,0,5110,20.193548387096776,0.004021526418786693,1,0,0,0,0,1,1,0,0,1,0,1,0,0,1,0,0,0,0,1,0,0,0,1
0,0,0,0,1,1,0,0,0,0,0,0,0,0,45.3,45.3,0,3575,22.65,0.01267132867132867,1,1,0,0,0,1,1,1,0,0,1,0,0,0,0,0,1,0,0,0,1,0,0,1
0,0,1,0,33,1,0,1,0,1,0,1,1,0,74.75,2453.3,0,5344,72.15588235294118,0.013987649700598802,5,0,0,0,0,1,0,1,0,0,0,1,0,0,1,0,0,0,1,0,0,0,0,1
0,0,0,0,20,1,0,0,1,0,0,0,0,1,51.8,1023.85,0,2764,48.75476190476191,0.018740955137481908,2,1,0,0,0,1,1,1,0,0,1,0,0,0,0,0,1,1,0,0,0,0,1,0
0,0,0,0,3,0,0,0,0,0,1,0,0,0,30.4,82.15,0,3108,20.5375,0.00978120978120978,1,1,1,0,0,0,1,1,0,0,1,0,0,0,0,1,0,0,0,0,1,0,1,0
0,0,0,0,13,1,0,0,0,0,0,0,0,0,19.65,244.8,0,2024,17.485714285714288,0.009708498023715414,1,0,1,0,0,1,1,0,0,1,0,1,0,0,0,1,0,1,0,0,0,0,1,0
0,0,1,0,40,1,1,0,1,0,0,0,0,0,56.6,2379.1,0,3359,58.02682926829268,0.016850253051503426,3,1,0,0,0,1,1,1,0,0,1,0,0,0,1,0,0,0,1,0,0,0,1,0
0,0,1,0,43,1,1,1,0,0,1,0,1,1,71.9,3173.35,0,4106,72.12159090909091,0.017510959571358987,5,0,0,0,0,0,0,1,0,0,0,1,0,0,1,0,0,0,1,0,0,0,0,1
0,0,1,0,69,1,0,0,0,0,0,0,0,0,19.75,1375.4,0,5325,19.64857142857143,0.003708920187793427,1,0,0,0,0,1,1,0,0,1,0,0,1,1,0,0,0,0,0,1,0,0,0,1
0,0,1,0,72,1,1,1,1,1,0,1,1,0,109.7,8129.3,0,5945,111.36027397260274,0.018452481076534903,7,0,0,1,0,1,0,0,1,0,0,0,1,0,1,0,0,0,0,1,0,1,0,0
0,0,1,0,59,1,0,0,0,0,0,0,0,0,19.3,1192.7,0,4149,19.878333333333334,0.004651723306820921,1,0,0,0,0,1,1,0,0,1,0,0,1,0,1,0,0,0,0,1,0,0,0,1
0,0,1,0,20,1,0,1,1,0,1,1,0,1,96.55,1901.65,0,4382,90.5547619047619,0.0220333181195801,5,1,1,1,0,0,0,0,1,0,1,0,0,0,0,1,0,1,0,0,0,0,0,1
0,0,1,1,24,1,1,0,0,0,0,0,0,1,24.1,587.4,0,4634,23.496,0.0052006905481225725,2,0,0,0,0,1,1,0,0,1,0,0,1,1,0,0,0,1,0,0,0,0,0,1
0,0,0,0,59,1,1,0,1,1,1,1,1,1,111.35,6519.75,0,6047,108.6625,0.018414089631222093,7,1,1,1,0,0,1,0,1,0,1,0,0,0,0,1,0,0,0,1,0,1,0,0
0,0,1,1,72,1,1,0,1,1,1,1,1,1,112.25,8041.65,0,4099,110.15958904109588,0.02738472798243474,7,0,0,1,0,0,1,0,1,0,0,0,1,1,0,0,0,0,0,1,0,0,0,1
0,0,0,1,1,1,0,0,0,0,0,0,0,0,20.75,20.75,0,3358,10.375,0.006179273377010125,1,1,0,0,0,1,1,0,0,1,1,0,0,0,0,0,1,0,0,0,1,0,1,0
0,0,1,0,27,1,0,1,0,0,1,1,1,1,101.9,2681.15,0,3795,95.75535714285715,0.026851119894598156,5,0,0,1,0,0,0,0,1,0,0,1,0,0,1,0,0,0,1,0,0,0,0,1
0,0,0,0,14,1,0,0,1,0,1,0,0,1,80.05,1112.3,0,4400,74.15333333333334,0.018193181818181817,3,1,0,1,0,0,1,0,1,0,1,0,0,0,1,0,0,1,0,0,0,0,0,1
0,0,1,1,71,1,1,1,0,1,0,1,1,0,105.55,7405.5,0,5010,102.85416666666667,0.021067864271457085,6,0,1,1,0,1,0,0,1,0,0,0,1,0,0,1,0,0,0,1,0,0,0,1
0,0,0,1,13,1,0,0,0,0,0,1,0,1,78.3,1033.95,0,5566,73.85357142857143,0.014067553000359324,2,1,0,1,0,1,1,0,1,0,1,0,0,0,1,0,0,1,0,0,0,1,0,0
0,0,0,0,44,1,0,0,0,0,0,0,0,0,68.85,2958.95,0,2053,65.75444444444445,0.033536288358499755,1,1,0,1,0,1,1,0,1,0,1,0,0,0,1,0,0,0,1,0,0,0,1,0
0,0,0,0,33,1,0,0,1,0,1,0,0,1,79.95,2684.85,0,3118,78.96617647058824,0.025641436818473383,3,0,0,1,0,0,1,0,1,0,0,1,0,1,0,0,0,0,1,0,0,0,1,0
0,0,1,0,72,0,0,1,1,1,1,0,1,1,55.45,4179.2,0,4556,57.249315068493146,0.012170763827919227,5,0,0,0,0,0,0,1,0,0,0,0,1,0,1,0,0,0,0,1,0,0,0,1
0,0,1,0,64,1,0,0,1,1,1,1,1,1,102.45,6654.1,0,6398,102.37076923076924,0.016012816505157863,6,0,0,1,0,0,1,0,1,0,0,1,0,0,1,0,0,0,0,1,0,1,0,0
0,0,0,0,1,0,0,0,0,0,0,0,0,0,25.25,25.25,0,5858,12.625,0.004310344827586207,0,1,1,0,0,1,1,1,0,0,1,0,0,0,0,1,0,0,0,0,1,1,0,0
0,0,0,1,61,1,0,0,0,0,0,0,0,0,19.75,1124.2,0,5411,18.13225806451613,0.0036499722786915542,1,0,0,0,0,1,1,0,0,1,0,0,1,0,0,0,1,0,0,1,0,1,0,0
0,0,1,0,29,1,0,0,0,0,0,0,0,0,20.0,540.05,0,3800,18.001666666666665,0.005263157894736842,1,0,1,0,0,1,1,0,0,1,0,1,0,0,0,1,0,0,1,0,0,0,0,1
0,1,1,0,23,1,1,0,0,0,0,0,1,0,86.8,1975.85,0,5788,82.32708333333333,0.014996544574982722,3,1,1,1,1,1,1,0,1,0,1,0,0,0,0,1,0,1,0,0,0,1,0,0
0,0,1,0,57,0,0,1,1,1,0,1,1,1,58.75,3437.45,0,4115,59.266379310344824,0.014277035236938032,5,1,0,0,0,1,0,1,0,0,1,0,0,1,0,0,0,0,0,1,0,0,0,1
0,0,1,0,72,0,0,1,1,1,1,0,0,0,45.25,3139.8,0,5041,43.01095890410959,0.008976393572703828,4,0,0,0,0,0,0,1,0,0,0,0,1,0,1,0,0,0,0,1,0,0,0,1
0,0,1,0,66,0,0,1,1,1,1,1,0,1,56.6,3789.2,0,5500,56.55522388059701,0.010290909090909092,5,0,0,0,0,0,0,1,0,0,0,0,1,1,0,0,0,0,0,1,0,1,0,0
0,0,1,0,65,1,1,0,1,1,1,1,1,1,84.2,5324.5,0,5256,80.67424242424242,0.01601978691019787,7,0,0,0,0,0,1,1,0,0,0,0,1,1,0,0,0,0,0,1,0,0,0,1
0,0,0,0,8,1,0,0,0,0,0,1,0,1,80.0,624.6,0,2165,69.4,0.03695150115473441,2,1,0,1,0,1,1,0,1,0,1,0,0,1,0,0,0,0,0,0,1,0,1,0
0,0,1,0,71,1,1,0,0,0,0,0,0,0,24.75,1836.9,0,4642,25.512500000000003,0.00533175355450237,2,0,0,0,0,1,1,0,0,1,0,0,1,1,0,0,0,0,0,1,0,0,0,1
0,0,1,0,1,1,0,0,0,0,0,0,0,1,20.2,20.2,0,4160,10.1,0.00485576923076923,1,0,1,0,0,1,1,0,0,1,0,1,0,0,0,1,0,0,0,0,1,0,0,1
0,0,0,0,12,1,0,0,0,0,0,0,0,1,19.35,219.35,0,4451,16.873076923076923,0.004347337676926534,1,0,0,0,0,1,1,0,0,1,0,1,0,1,0,0,0,0,0,0,1,0,0,1
0,0,0,0,24,0,0,1,0,0,0,1,1,1,50.6,1288.75,0,4806,51.55,0.010528506034124013,3,0,0,0,0,1,0,1,0,0,0,1,0,0,0,0,1,1,0,0,0,0,0,1
0,0,1,0,31,1,0,1,0,1,1,1,1,1,81.15,2545.75,0,5643,79.5546875,0.014380648591174909,6,0,0,0,0,0,0,1,0,0,0,1,0,0,0,0,1,0,1,0,0,1,0,0
0,0,0,0,30,1,1,0,0,0,1,0,1,1,89.9,2723.15,0,3233,87.84354838709677,0.02780699041138262,4,1,0,1,0,0,1,0,1,0,1,0,0,0,1,0,0,0,1,0,0,0,1,0
0,0,1,0,47,1,1,1,1,0,1,1,1,1,85.3,4107.25,0,5698,85.56770833333333,0.01497016497016497,7,0,0,0,0,0,0,1,0,0,0,0,1,0,1,0,0,0,1,0,0,1,0,0
0,0,0,0,54,1,1,1,1,0,1,1,1,1,108.0,5760.65,0,6370,104.7390909090909,0.01695447409733124,7,0,0,1,0,0,0,0,1,0,0,0,1,0,1,0,0,0,0,1,0,1,0,0
0,0,0,0,50,1,0,1,1,0,1,0,1,1,93.5,4747.5,0,6367,93.08823529411765,0.014685095021203078,5,1,0,1,0,0,0,0,1,0,1,0,0,0,1,0,0,0,0,1,0,1,0,0
0,0,0,0,72,1,0,0,0,0,0,0,0,0,20.25,1566.9,0,5733,21.464383561643835,0.003532182103610675,1,0,0,0,0,1,1,0,0,1,0,0,1,0,1,0,0,0,0,1,0,1,0,0
0,0,0,0,29,1,1,0,0,0,0,0,0,0,25.15,702.0,0,5491,23.4,0.004580222181751957,2,1,1,0,0,1,1,0,0,1,1,0,0,0,0,1,0,0,1,0,0,1,0,0
0,0,0,0,10,0,0,0,0,0,1,0,0,1,29.6,299.05,0,3180,27.186363636363637,0.009308176100628932,1,0,0,0,0,0,1,1,0,0,0,0,1,0,0,0,1,0,0,0,1,0,1,0
0,0,1,0,18,1,1,0,0,0,0,0,0,1,73.15,1305.95,0,4283,68.73421052631579,0.017079150128414666,2,1,1,1,0,1,1,0,1,0,1,0,0,0,0,1,0,1,0,0,0,0,0,1
0,0,0,0,16,1,0,0,0,0,0,0,0,0,19.75,284.35,0,4272,16.726470588235294,0.00462312734082397,1,0,0,0,0,1,1,0,0,1,0,0,1,0,0,0,1,1,0,0,0,0,0,1
0,0,0,0,72,1,1,0,1,1,1,1,1,0,86.6,6350.5,0,4530,86.9931506849315,0.01911699779249448,7,0,0,0,0,0,1,1,0,0,0,0,1,1,0,0,0,0,0,1,0,0,0,1
0,0,0,0,72,1,1,0,1,1,1,1,1,0,109.2,7878.3,0,4551,107.92191780821918,0.023994726433750824,7,0,0,1,0,0,1,0,1,0,0,0,1,1,0,0,0,0,0,1,0,0,0,1
0,0,1,0,41,1,0,1,0,0,1,1,1,1,74.7,3187.65,0,5246,75.89642857142857,0.014239420510865422,5,0,0,0,0,0,0,1,0,0,0,1,0,0,1,0,0,0,1,0,0,0,0,1
0,1,1,0,65,1,0,1,1,1,0,0,1,0,94.4,6126.15,0,5348,92.82045454545454,0.017651458489154826,5,1,1,1,1,1,0,0,1,0,1,0,0,0,0,1,0,0,0,1,0,0,0,1
0,1,0,0,13,1,0,0,1,1,0,0,0,1,54.8,731.3,0,5557,52.23571428571428,0.009861436026633075,3,1,1,0,1,1,1,1,0,0,1,0,0,0,0,1,0,1,0,0,0,1,0,0
0,1,0,0,4,1,0,1,0,0,0,0,0,0,75.35,273.4,0,4033,54.67999999999999,0.01868336226134391,2,1,1,1,1,1,0,0,1,0,1,0,0,0,0,1,0,0,0,0,1,0,0,1
0,0,0,0,41,1,1,0,0,1,0,0,1,0,65.0,2531.8,0,5043,60.280952380952385,0.01288915328177672,4,0,0,0,0,1,1,1,0,0,0,1,0,0,0,0,1,0,1,0,0,0,0,1
0,0,0,0,42,1,1,1,1,1,0,0,1,1,99.0,4298.45,0,2887,99.96395348837208,0.0342916522341531,6,0,1,1,0,1,0,0,1,0,0,1,0,0,0,1,0,0,1,0,0,0,1,0
0,0,1,0,51,1,0,1,1,1,0,1,0,1,93.5,4619.55,0,5561,88.8375,0.016813522747707248,5,0,1,1,0,1,0,0,1,0,0,1,0,0,0,1,0,0,0,1,0,1,0,0
0,0,0,0,32,1,1,0,1,1,1,1,1,0,83.7,2633.3,0,3945,79.7969696969697,0.021216730038022814,7,0,0,0,0,0,1,1,0,0,0,1,0,0,1,0,0,0,1,0,0,0,0,1
0,0,0,0,10,1,0,0,0,0,0,0,0,1,19.85,193.05,0,3768,17.55,0.005268046709129512,1,1,0,0,0,1,1,0,0,1,1,0,0,0,0,0,1,0,0,0,1,0,0,1
0,0,1,0,67,0,0,0,1,1,1,1,1,1,59.55,4103.9,0,4478,60.35147058823529,0.01329834747655203,5,0,1,0,0,0,1,1,0,0,0,0,1,0,0,1,0,0,0,1,0,0,0,1
0,0,1,1,61,1,1,1,1,1,1,1,1,0,115.1,7008.15,0,6090,113.03467741935484,0.01889983579638752,8,0,0,1,0,0,0,0,1,0,0,0,1,0,1,0,0,0,0,1,0,1,0,0
0,0,0,0,50,1,1,1,1,1,1,1,1,0,114.35,5791.1,0,5068,113.55098039215687,0.02256314127861089,8,0,0,1,0,0,0,0,1,0,0,1,0,0,1,0,0,0,0,1,0,0,0,1
0,1,1,0,29,0,0,1,0,1,0,0,1,1,45.0,1228.65,0,3094,40.955000000000005,0.014544279250161603,3,1,1,0,1,1,0,1,0,0,1,0,0,0,0,1,0,0,1,0,0,0,1,0
0,1,1,0,57,1,1,0,1,0,0,0,1,1,89.85,4925.35,0,4429,84.9198275862069,0.020286746443892525,4,1,1,1,1,1,1,0,1,0,1,0,0,0,0,1,0,0,0,1,0,0,0,1
0,0,0,0,31,0,0,1,1,0,1,0,1,1,49.85,1520.1,0,2539,47.503125,0.0196337140606538,4,0,0,0,0,0,0,1,0,0,0,0,1,1,0,0,0,0,1,0,0,0,1,0
0,0,1,0,45,1,1,1,1,1,1,1,1,0,113.3,5032.25,0,4885,109.39673913043478,0.023193449334698055,8,0,0,1,0,0,0,0,1,0,0,1,0,0,0,0,1,0,1,0,0,0,0,1
0,0,1,0,61,1,1,1,1,1,1,1,1,0,88.1,5526.75,0,5152,89.14112903225806,0.017100155279503104,8,0,0,0,0,0,0,1,0,0,0,0,1,0,0,0,1,0,0,1,0,0,0,1
0,0,0,0,50,1,1,0,0,0,0,0,0,0,24.9,1195.25,0,4297,23.436274509803923,0.0057947405166395155,2,0,0,0,0,1,1,0,0,1,0,0,1,1,0,0,0,0,0,1,0,0,0,1
0,1,0,0,19,1,0,1,1,0,1,1,1,1,105.0,2007.25,0,3524,100.3625,0.029795686719636776,6,1,0,1,1,0,0,0,1,0,1,0,0,0,0,0,1,1,0,0,0,0,0,1
0,0,1,0,71,1,1,0,0,0,0,0,0,1,24.25,1732.95,0,5409,24.06875,0.004483268626363468,2,0,0,0,0,1,1,0,0,1,0,0,1,0,1,0,0,0,0,1,0,1,0,0
0,0,1,0,57,1,0,1,1,0,1,0,0,1,59.75,3450.15,0,4012,59.48534482758621,0.014892821535393818,4,0,1,0,0,0,0,1,0,0,0,0,1,0,0,1,0,0,0,1,0,0,0,1
0,1,1,0,20,1,1,0,1,0,1,1,1,0,107.05,2172.05,0,5328,103.43095238095239,0.020091966966966968,6,1,1,1,1,0,1,0,1,0,1,0,0,0,0,1,0,1,0,0,0,0,0,1
0,1,1,0,21,1,0,1,1,0,0,0,1,1,64.95,1339.8,0,4604,60.9,0.01410729800173762,4,1,0,0,1,1,0,1,0,0,1,0,0,1,0,0,0,1,0,0,0,0,0,1
0,0,0,0,14,0,0,0,0,1,1,1,1,1,55.0,771.95,0,4900,51.46333333333334,0.011224489795918367,4,1,1,0,0,0,1,1,0,0,1,0,0,0,0,1,0,1,0,0,0,0,0,1
0,0,0,0,5,1,0,0,1,0,0,0,0,0,50.55,244.75,0,2739,40.791666666666664,0.018455640744797372,2,1,0,0,0,1,1,1,0,0,1,0,0,1,0,0,0,0,0,0,1,0,1,0
0,0,0,0,6,1,0,1,1,0,0,0,0,0,55.15,322.9,0,5377,46.128571428571426,0.010256648688859959,3,1,0,0,0,1,0,1,0,0,1,0,0,0,0,0,1,0,0,0,1,0,0,1
0,0,0,0,10,1,0,0,1,0,0,0,0,0,51.2,498.25,0,5765,45.29545454545455,0.008881179531656548,2,1,1,0,0,1,1,1,0,0,1,0,0,0,0,1,0,0,0,0,1,1,0,0
0,0,0,1,1,1,1,0,0,0,0,0,0,0,25.4,25.4,0,4556,12.7,0.005575065847234416,2,1,0,0,0,1,1,0,0,1,1,0,0,0,0,0,1,0,0,0,1,0,0,1
0,0,0,0,68,1,1,1,0,0,0,0,0,0,54.45,3687.75,0,5310,53.44565217391305,0.010254237288135593,3,1,0,0,0,1,0,1,0,0,1,0,0,0,0,0,1,0,0,1,0,0,0,1
0,0,0,0,22,1,1,0,0,0,0,0,0,1,76.0,1783.6,0,2031,77.54782608695652,0.03741999015263417,2,0,0,1,0,1,1,0,1,0,0,1,0,0,1,0,0,1,0,0,0,0,1,0
0,0,0,0,20,1,0,0,0,0,0,0,0,1,44.35,927.15,0,3460,44.15,0.01281791907514451,1,1,1,0,0,1,1,1,0,0,1,0,0,0,0,1,0,1,0,0,0,0,1,0
0,0,0,0,35,1,0,1,1,1,0,0,0,0,61.2,2021.2,0,2075,56.144444444444446,0.02949397590361446,4,0,0,0,0,1,0,1,0,0,0,1,0,0,0,0,1,0,1,0,0,0,1,0
0,0,1,0,23,1,0,0,1,1,1,0,0,0,86.8,1940.8,0,3200,80.86666666666666,0.027125,4,0,0,1,0,0,1,0,1,0,0,1,0,0,0,0,1,1,0,0,0,0,1,0
0,1,0,0,6,1,0,0,0,0,0,1,1,1,89.35,567.8,0,2578,81.11428571428571,0.034658650116369275,3,1,1,1,1,1,1,0,1,0,1,0,0,0,0,1,0,0,0,0,1,0,1,0
0,0,0,0,12,1,0,0,0,0,0,0,0,0,19.7,220.35,0,5715,16.95,0.0034470691163604548,1,1,0,0,0,1,1,0,0,1,1,0,0,0,0,0,1,0,0,0,1,1,0,0
0,0,0,0,1,1,0,0,0,0,0,0,0,0,20.25,20.25,0,5384,10.125,0.003761144130757801,1,1,0,0,0,1,1,0,0,1,1,0,0,0,0,0,1,0,0,0,1,1,0,0
0,0,1,1,71,1,0,0,0,1,0,0,0,0,76.05,5436.45,0,5841,75.50625,0.013020030816640986,2,0,1,1,0,1,1,0,1,0,0,0,1,0,0,1,0,0,0,1,0,1,0,0
0,1,1,0,35,1,1,0,0,1,0,1,1,1,100.8,3437.5,0,3318,95.48611111111111,0.030379746835443037,5,1,1,1,1,1,1,0,1,0,1,0,0,0,0,1,0,0,1,0,0,0,1,0
0,0,1,1,40,1,1,0,0,1,0,1,1,1,74.55,3015.75,0,3718,73.5548780487805,0.020051102743410435,5,1,1,0,0,1,1,1,0,0,1,0,0,0,0,1,0,0,1,0,0,0,0,1
0,0,0,0,23,1,0,0,0,0,0,1,1,1,64.9,1509.8,0,3314,62.90833333333333,0.019583584791792397,3,0,0,0,0,1,1,1,0,0,0,1,0,1,0,0,0,1,0,0,0,0,1,0
0,0,0,0,4,1,0,0,0,1,1,0,1,1,90.4,356.65,0,3314,71.33,0.027278213639106822,4,1,1,1,0,0,1,0,1,0,1,0,0,0,0,1,0,0,0,0,1,0,1,0
0,0,1,0,68,0,0,0,1,1,1,1,1,0,60.3,4109.0,0,4864,59.55072463768116,0.01239720394736842,5,0,0,0,0,0,1,1,0,0,0,0,1,0,1,0,0,0,0,1,0,0,0,1
0,0,0,1,38,1,1,0,1,0,0,0,0,1,81.85,3141.7,0,3571,80.55641025641025,0.022920750490058806,3,1,0,1,0,1,1,0,1,0,1,0,0,0,0,0,1,0,1,0,0,0,0,1
0,0,1,1,52,1,1,0,0,0,0,0,0,0,24.8,1229.1,0,5320,23.19056603773585,0.004661654135338346,2,0,0,0,0,1,1,0,0,1,0,0,1,0,0,0,1,0,0,1,0,0,0,1
0,0,1,0,29,1,0,0,0,1,1,1,1,0,75.55,2054.4,0,5625,68.48,0.01343111111111111,5,0,0,0,0,0,1,1,0,0,0,0,1,0,0,0,1,0,1,0,0,1,0,0
0,1,1,1,38,1,1,0,1,0,0,1,1,0,101.15,3741.85,0,4036,95.94487179487179,0.025061942517343908,5,1,1,1,1,1,1,0,1,0,1,0,0,0,0,1,0,0,1,0,0,0,0,1
0,0,0,0,48,1,1,1,0,1,0,1,1,1,78.75,3682.45,0,2257,75.15204081632653,0.034891448825875054,6,0,0,0,0,1,0,1,0,0,0,1,0,0,1,0,0,0,1,0,0,0,1,0
0,0,0,0,1,1,0,0,0,0,0,0,0,1,19.25,19.25,0,4745,9.625,0.004056902002107482,1,1,0,0,0,1,1,0,0,1,1,0,0,1,0,0,0,0,0,0,1,0,0,1
0,0,0,0,22,1,0,1,0,0,1,0,1,1,89.05,1886.25,0,5479,82.01086956521739,0.01625296586968425,4,1,1,1,0,0,0,0,1,0,1,0,0,0,0,1,0,1,0,0,0,1,0,0
0,0,0,0,43,1,1,1,1,1,1,1,1,0,115.05,4895.1,0,4115,111.25227272727274,0.02795868772782503,8,0,0,1,0,0,0,0,1,0,0,0,1,0,1,0,0,0,1,0,0,0,0,1
0,1,1,0,5,1,0,0,0,0,0,0,0,1,69.35,341.6,0,5437,56.93333333333334,0.012755195880080925,1,1,1,1,1,1,1,0,1,0,1,0,0,0,0,1,0,0,0,0,1,1,0,0
0,0,1,0,51,1,1,1,1,0,1,1,1,0,110.05,5686.4,0,5604,109.35384615384615,0.01963775874375446,7,0,0,1,0,0,0,0,1,0,0,1,0,0,1,0,0,0,0,1,0,1,0,0
0,0,0,0,71,1,0,0,0,0,0,0,0,1,19.9,1355.1,0,5308,18.820833333333333,0.0037490580256217027,1,0,0,0,0,1,1,0,0,1,0,0,1,0,1,0,0,0,0,1,0,0,0,1
0,0,1,0,35,1,1,0,0,0,1,1,0,1,91.5,3236.35,0,3617,89.89861111111111,0.02529720763063312,4,1,0,1,0,0,1,0,1,0,1,0,0,0,1,0,0,0,1,0,0,0,0,1
0,0,1,0,72,0,0,0,1,1,1,1,1,1,60.0,4264.0,0,5471,58.41095890410959,0.010966916468652898,5,0,1,0,0,0,1,1,0,0,0,0,1,0,0,1,0,0,0,1,0,1,0,0
0,0,0,0,1,1,0,0,0,0,0,0,0,1,44.8,44.8,0,2269,22.4,0.019744380784486558,1,1,1,0,0,1,1,1,0,0,1,0,0,0,0,1,0,0,0,0,1,0,1,0
0,0,1,0,9,1,0,1,0,0,0,0,0,0,48.6,422.3,0,4562,42.230000000000004,0.010653222270933802,2,0,0,0,0,1,0,1,0,0,0,1,0,0,0,0,1,0,0,0,1,0,0,1
0,0,0,0,69,0,0,1,1,0,1,1,1,1,60.05,4176.7,0,5388,59.667142857142856,0.011145137342242019,5,0,0,0,0,0,0,1,0,0,0,0,1,1,0,0,0,0,0,1,0,1,0,0
0,0,1,0,52,1,1,0,1,0,1,1,1,1,102.7,5138.1,0,4044,96.94528301886793,0.02539564787339268,6,1,0,1,0,0,1,0,1,0,1,0,0,0,1,0,0,0,0,1,0,0,0,1
0,1,1,0,11,1,0,0,0,0,1,1,0,1,82.9,880.05,0,4413,73.33749999999999,0.01878540675277589,3,1,1,1,1,0,1,0,1,0,1,0,0,0,0,1,0,0,0,0,1,0,0,1
0,1,1,1,28,0,0,0,0,0,0,1,0,1,35.9,973.65,0,5444,33.574137931034485,0.006594415870683321,1,1,1,0,1,1,1,1,0,0,1,0,0,0,0,1,0,0,1,0,0,1,0,0
0,1,0,0,17,1,1,0,0,1,0,0,0,1,82.65,1470.05,0,3754,81.66944444444444,0.022016515716568996,3,1,0,1,1,1,1,0,1,0,1,0,0,0,1,0,0,1,0,0,0,0,0,1
0,0,1,1,35,1,0,0,0,0,0,0,0,1,19.85,739.35,0,4177,20.5375,0.004752214508020111,1,0,0,0,0,1,1,0,0,1,0,0,1,0,0,0,1,0,1,0,0,0,0,1
0,0,0,0,8,1,0,0,0,0,0,0,0,1,19.2,161.95,0,5272,17.994444444444444,0.0036418816388467373,1,0,0,0,0,1,1,0,0,1,0,1,0,0,0,0,1,0,0,0,1,0,0,1
0,0,0,0,46,1,1,0,1,1,0,1,0,1,94.9,4422.95,0,5316,94.10531914893616,0.017851768246802107,5,0,0,1,0,1,1,0,1,0,0,1,0,0,1,0,0,0,1,0,0,0,0,1
0,0,0,0,68,1,1,1,1,1,1,1,1,1,88.15,6148.45,0,5531,89.10797101449275,0.0159374435002712,8,0,1,0,0,0,0,1,0,0,0,0,1,0,0,1,0,0,0,1,0,1,0,0
0,0,0,0,36,1,0,0,1,0,0,1,1,1,94.8,3565.65,0,2807,96.36891891891892,0.03377271107944425,4,1,0,1,0,1,1,0,1,0,1,0,0,0,1,0,0,0,1,0,0,0,1,0
0,1,0,0,32,1,0,0,1,0,1,0,0,0,54.65,1830.1,0,4045,55.45757575757575,0.013510506798516687,3,1,0,0,1,0,1,1,0,0,1,0,0,1,0,0,0,0,1,0,0,0,0,1
0,0,1,0,71,1,1,1,1,1,1,1,1,0,85.75,6223.8,0,4487,86.44166666666666,0.019110764430577222,8,0,0,0,0,0,0,1,0,0,0,0,1,0,1,0,0,0,0,1,0,0,0,1
0,0,1,1,66,1,1,1,1,1,0,0,0,1,67.45,4508.65,0,4172,67.29328358208954,0.0161673058485139,5,1,0,0,0,1,0,1,0,0,1,0,0,1,0,0,0,0,0,1,0,0,0,1
0,0,0,0,63,1,0,0,0,0,0,0,0,0,20.5,1328.15,0,5997,20.75234375,0.0034183758545939637,1,0,0,0,0,1,1,0,0,1,0,1,0,0,0,0,1,0,0,1,0,1,0,0
0,0,0,0,41,1,0,0,0,0,0,0,0,1,20.25,865.0,0,3972,20.595238095238095,0.005098187311178248,1,0,0,0,0,1,1,0,0,1,0,1,0,0,1,0,0,0,1,0,0,0,0,1
0,1,0,0,1,1,1,0,0,0,0,0,0,1,72.1,72.1,0,4432,36.05,0.016268050541516244,2,1,1,1,1,1,1,0,1,0,1,0,0,0,0,1,0,0,0,0,1,0,0,1
0,0,1,0,70,1,0,0,0,0,0,0,0,0,19.45,1303.5,0,5540,18.359154929577464,0.003510830324909747,1,0,0,0,0,1,1,0,0,1,0,0,1,1,0,0,0,0,0,1,0,1,0,0
0,0,0,0,23,0,0,0,0,0,0,1,1,1,44.95,996.85,0,3248,41.53541666666667,0.013839285714285715,2,1,1,0,0,1,1,1,0,0,1,0,0,0,0,1,0,1,0,0,0,0,1,0
0,1,1,0,64,1,0,1,1,1,0,0,1,0,97.0,6430.9,0,4053,98.93692307692307,0.02393288921786331,5,0,0,1,1,1,0,0,1,0,0,1,0,1,0,0,0,0,0,1,0,0,0,1
0,0,1,0,37,1,1,1,0,1,1,0,0,1,62.8,2278.75,0,5229,59.9671052631579,0.012009944540065022,5,0,0,0,0,0,0,1,0,0,0,0,1,0,1,0,0,0,1,0,0,0,0,1
0,0,0,0,17,1,0,0,0,0,0,0,0,0,44.6,681.4,0,2130,37.855555555555554,0.020938967136150236,1,0,0,0,0,1,1,1,0,0,0,1,0,0,0,0,1,1,0,0,0,0,1,0
0,1,0,0,7,1,0,0,0,0,0,1,1,1,89.15,574.35,0,2415,71.79375,0.03691511387163561,3,1,1,1,1,1,1,0,1,0,1,0,0,0,0,1,0,0,0,0,1,0,1,0
0,1,0,0,16,1,1,1,0,0,0,0,0,1,54.1,889.0,0,2276,52.294117647058826,0.023769771528998243,3,1,1,0,1,1,0,1,0,0,1,0,0,0,0,1,0,1,0,0,0,0,1,0
0,0,1,0,64,1,1,0,1,0,1,1,1,1,105.25,6823.4,0,5682,104.97538461538461,0.018523407250967967,6,0,1,1,0,0,1,0,1,0,0,0,1,0,0,1,0,0,0,1,0,1,0,0
0,0,1,0,42,1,1,1,0,0,0,1,1,0,97.1,4016.75,0,2170,93.41279069767442,0.04474654377880184,5,0,1,1,0,1,0,0,1,0,0,1,0,0,0,1,0,0,1,0,0,0,1,0
0,0,0,1,5,1,0,0,0,0,0,0,0,0,20.2,83.75,0,5169,13.958333333333334,0.0039079125556200425,1,1,0,0,0,1,1,0,0,1,1,0,0,0,0,0,1,0,0,0,1,0,0,1
0,0,0,0,41,1,0,0,1,0,1,1,1,1,98.8,3959.15,0,5584,94.26547619047619,0.017693409742120345,5,0,0,1,0,0,1,0,1,0,0,0,1,1,0,0,0,0,1,0,0,1,0,0
0,0,1,0,58,1,0,0,0,1,0,0,0,0,50.3,2878.55,0,5232,48.78898305084746,0.009613914373088684,2,0,0,0,0,1,1,1,0,0,0,1,0,0,1,0,0,0,0,1,0,0,0,1
0,0,0,0,47,1,0,0,0,0,0,0,0,1,20.55,945.7,0,5404,19.702083333333334,0.0038027387120651373,1,0,0,0,0,1,1,0,0,1,0,0,1,0,0,0,1,0,1,0,0,1,0,0
0,0,0,0,18,1,0,0,0,0,1,0,0,1,75.9,1373.05,0,4668,72.26578947368421,0.016259640102827766,2,1,0,1,0,0,1,0,1,0,1,0,0,1,0,0,0,1,0,0,0,0,0,1
0,0,1,0,23,1,0,1,0,0,0,0,1,1,59.95,1406.0,0,5379,58.583333333333336,0.01114519427402863,3,1,0,0,0,1,0,1,0,0,1,0,0,1,0,0,0,1,0,0,0,0,0,1
0,0,0,0,1,1,0,0,0,0,0,0,0,0,19.15,19.15,0,2577,9.575,0.007431121459060923,1,1,0,0,0,1,1,0,0,1,1,0,0,0,0,0,1,0,0,0,1,0,1,0
0,0,1,0,71,1,1,0,0,1,0,1,1,1,98.65,6962.85,0,5101,96.70625000000001,0.01933934522642619,5,0,0,1,0,1,1,0,1,0,0,1,0,0,1,0,0,0,0,1,0,0,0,1
0,0,1,1,72,1,1,1,1,1,1,1,1,1,112.6,8126.65,0,6486,111.32397260273972,0.0173604687018193,8,0,0,1,0,0,0,0,1,0,0,0,1,0,1,0,0,0,0,1,0,1,0,0
0,0,1,0,33,1,0,0,0,0,0,0,0,0,20.6,690.25,0,5212,20.301470588235293,0.003952417498081351,1,0,0,0,0,1,1,0,0,1,0,1,0,0,0,0,1,0,1,0,0,0,0,1
0,0,0,0,24,0,0,1,0,0,1,0,0,0,35.75,830.8,0,5531,33.232,0.00646356897486892,2,0,0,0,0,0,0,1,0,0,0,0,1,0,0,0,1,1,0,0,0,1,0,0
0,0,1,0,56,1,1,0,1,1,1,0,1,1,99.75,5608.4,0,5926,98.39298245614034,0.016832602092473843,6,0,0,1,0,0,1,0,1,0,0,1,0,0,1,0,0,0,0,1,0,1,0,0
0,0,0,0,37,1,0,0,1,0,0,1,1,1,96.1,3646.8,0,2640,95.96842105263158,0.03640151515151515,4,1,0,1,0,1,1,0,1,0,1,0,0,0,1,0,0,0,1,0,0,0,1,0
0,0,0,0,43,1,1,0,1,1,1,1,1,0,85.1,3662.25,0,2319,83.23295454545455,0.036696852091418715,7,0,0,0,0,0,1,1,0,0,0,1,0,0,1,0,0,0,1,0,0,0,1,0
0,0,0,0,1,0,0,0,0,0,0,0,0,0,25.35,25.35,0,4193,12.675,0.006045790603386597,0,1,0,0,0,1,1,1,0,0,1,0,0,0,0,0,1,0,0,0,1,0,0,1
0,0,0,0,61,1,1,1,1,1,1,1,1,0,89.65,5308.7,0,6149,85.6241935483871,0.014579606440071557,8,0,1,0,0,0,0,1,0,0,0,0,1,0,0,1,0,0,0,1,0,1,0,0
0,0,0,0,17,1,1,0,0,1,1,0,0,0,86.75,1410.25,0,5863,78.34722222222223,0.014796179430325771,4,0,1,1,0,0,1,0,1,0,0,1,0,0,0,1,0,1,0,0,0,1,0,0
0,0,1,0,41,1,0,0,1,1,1,0,0,1,86.2,3339.05,0,5325,79.50119047619049,0.01618779342723005,4,0,0,1,0,0,1,0,1,0,0,1,0,1,0,0,0,0,1,0,0,0,0,1
0,1,1,0,72,0,0,1,1,1,1,1,1,1,64.8,4732.35,0,4886,64.82671232876713,0.013262382316823577,6,0,0,0,1,0,0,1,0,0,0,0,1,1,0,0,0,0,0,1,0,0,0,1
0,0,0,0,48,1,1,0,1,1,0,1,1,1,108.1,5067.45,0,5994,103.41734693877551,0.0180347013680347,6,0,0,1,0,1,1,0,1,0,0,0,1,1,0,0,0,0,1,0,0,1,0,0
0,0,0,0,42,0,0,1,1,1,1,0,1,1,54.75,2348.45,0,3179,54.61511627906976,0.017222396980182447,5,0,1,0,0,0,0,1,0,0,0,1,0,0,0,1,0,0,1,0,0,0,1,0
0,0,0,0,44,1,1,0,0,1,0,0,1,1,90.4,4063.0,0,4751,90.28888888888889,0.01902757314249632,4,1,0,1,0,1,1,0,1,0,1,0,0,0,0,0,1,0,1,0,0,0,0,1
0,0,0,1,1,1,0,0,0,0,0,0,0,0,44.0,44.0,0,4020,22.0,0.010945273631840797,1,1,1,0,0,1,1,1,0,0,1,0,0,0,0,1,0,0,0,0,1,0,0,1
0,0,0,0,27,1,1,0,0,0,0,1,1,1,95.6,2595.25,0,2026,92.6875,0.04718657453109575,4,1,0,1,0,1,1,0,1,0,1,0,0,1,0,0,0,0,1,0,0,0,1,0
0,1,1,0,27,1,1,0,1,1,1,1,1,1,84.8,2309.55,0,5352,82.48392857142858,0.015844544095665172,7,1,0,0,1,0,1,1,0,0,1,0,0,1,0,0,0,0,1,0,0,0,0,1
0,1,0,0,2,1,0,0,0,0,0,0,0,1,44.3,89.3,0,3805,29.766666666666666,0.01164257555847569,1,1,1,0,1,1,1,1,0,0,1,0,0,0,0,1,0,0,0,0,1,0,0,1
0,0,0,0,19,1,0,0,0,0,0,0,0,0,19.9,367.55,0,3245,18.3775,0.006132511556240369,1,1,0,0,0,1,1,0,0,1,1,0,0,0,0,0,1,1,0,0,0,0,1,0
0,1,1,0,42,1,1,0,0,0,0,1,1,1,95.05,3944.5,0,2677,91.73255813953489,0.035506163615988046,4,1,1,1,1,1,1,0,1,0,1,0,0,0,0,1,0,0,1,0,0,0,1,0
0,0,0,0,66,1,1,1,1,1,1,1,1,1,90.05,5965.95,0,5813,89.04402985074627,0.015491140547049715,8,0,0,0,0,0,0,1,0,0,0,0,1,0,1,0,0,0,0,1,0,1,0,0
0,1,1,0,33,1,1,1,0,1,1,1,1,1,109.9,3694.7,0,5655,108.66764705882352,0.019434129089301505,7,1,0,1,1,0,0,0,1,0,1,0,0,1,0,0,0,0,1,0,0,1,0,0
0,1,0,0,33,0,0,0,0,1,1,1,1,1,54.6,1803.7,0,5322,53.050000000000004,0.010259301014656145,4,1,1,0,1,0,1,1,0,0,1,0,0,0,0,1,0,0,1,0,0,0,0,1
0,0,1,0,23,1,0,0,0,0,0,0,0,0,20.05,415.1,0,3742,17.295833333333334,0.005358097274184928,1,0,0,0,0,1,1,0,0,1,0,1,0,0,0,0,1,1,0,0,0,0,0,1
0,0,0,0,32,1,0,0,0,0,0,0,0,0,19.75,624.15,0,4691,18.913636363636364,0.00421018972500533,1,0,0,0,0,1,1,0,0,1,0,1,0,1,0,0,0,0,1,0,0,0,0,1
0,0,0,0,11,1,0,0,0,0,0,0,0,0,20.05,237.7,0,5355,19.808333333333334,0.003744164332399627,1,0,0,0,0,1,1,0,0,1,0,1,0,0,1,0,0,0,0,0,1,0,0,1
0,0,1,0,68,1,0,1,0,0,1,0,0,0,55.9,3848.8,0,5160,55.77971014492754,0.010833333333333334,3,0,0,0,0,0,0,1,0,0,0,1,0,1,0,0,0,0,0,1,0,0,0,1
0,0,0,0,20,1,0,0,0,0,0,0,0,1,19.7,419.4,0,2120,19.97142857142857,0.00929245283018868,1,0,0,0,0,1,1,0,0,1,0,0,1,0,0,0,1,1,0,0,0,0,1,0
0,0,0,0,72,1,0,0,0,0,0,0,0,1,19.8,1468.75,0,5368,20.11986301369863,0.0036885245901639345,1,0,0,0,0,1,1,0,0,1,0,0,1,0,1,0,0,0,0,1,0,0,0,1
0,0,1,0,60,1,1,1,0,1,0,1,0,1,95.4,5812.0,0,4149,95.27868852459017,0.022993492407809114,5,0,0,1,0,1,0,0,1,0,0,1,0,1,0,0,0,0,0,1,0,0,0,1
0,1,1,1,32,1,0,0,1,0,0,1,1,1,93.95,2861.45,0,2844,86.71060606060605,0.03303445850914206,4,1,0,1,1,1,1,0,1,0,1,0,0,0,0,0,1,0,1,0,0,0,1,0
0,0,1,0,46,1,1,0,0,0,0,0,0,1,24.45,1066.15,0,2438,22.684042553191492,0.010028712059064807,2,0,0,0,0,1,1,0,0,1,0,1,0,1,0,0,0,0,1,0,0,0,1,0
0,0,1,0,29,1,1,0,0,0,0,0,0,1,74.95,2149.05,0,3483,71.635,0.02151880562733276,2,1,1,1,0,1,1,0,1,0,1,0,0,0,0,1,0,0,1,0,0,0,0,1
0,0,0,0,51,1,1,0,1,1,1,0,0,1,87.35,4473.0,0,4899,86.01923076923077,0.017830169422331087,5,1,1,1,0,0,1,0,1,0,1,0,0,0,0,1,0,0,0,1,0,0,0,1
0,1,1,0,48,1,0,0,0,0,0,0,0,1,70.65,3545.05,0,5523,72.34795918367347,0.012791960890820207,1,1,0,1,1,1,1,0,1,0,1,0,0,1,0,0,0,0,1,0,0,1,0,0
0,0,1,1,16,1,0,0,1,0,0,0,0,0,73.25,1195.75,0,3624,70.33823529411765,0.020212472406181015,2,1,0,1,0,1,1,0,1,0,1,0,0,1,0,0,0,1,0,0,0,0,0,1
0,0,1,0,70,1,1,0,1,1,1,0,1,1,98.7,6858.9,0,5582,96.60422535211266,0.01768183446793264,6,0,0,1,0,0,1,0,1,0,0,0,1,1,0,0,0,0,0,1,0,1,0,0
0,0,1,1,40,1,1,0,0,0,0,0,0,1,24.8,1024.7,0,3021,24.992682926829268,0.008209202250910295,2,0,0,0,0,1,1,0,0,1,0,0,1,0,0,0,1,0,1,0,0,0,1,0
0,0,1,1,5,1,1,0,0,0,0,0,0,1,24.3,132.25,0,3181,22.041666666666668,0.007639107198994027,2,1,0,0,0,1,1,0,0,1,1,0,0,0,0,0,1,0,0,0,1,0,1,0
0,0,0,0,7,1,0,0,0,0,0,0,0,1,69.85,515.45,0,5501,64.43125,0.012697691328849299,1,1,0,1,0,1,1,0,1,0,1,0,0,1,0,0,0,0,0,0,1,1,0,0
0,0,0,0,29,1,1,0,1,1,1,0,1,0,100.55,2830.45,0,3055,94.34833333333333,0.03291325695581015,6,0,0,1,0,0,1,0,1,0,0,1,0,0,1,0,0,0,1,0,0,0,1,0
0,0,1,0,44,1,1,0,0,0,0,0,0,0,25.7,1110.5,0,3037,24.677777777777777,0.008462298320711228,2,0,0,0,0,1,1,0,0,1,0,1,0,0,0,0,1,0,1,0,0,0,1,0
0,0,0,0,10,0,0,1,1,1,0,0,0,0,40.7,449.3,0,2164,40.845454545454544,0.018807763401109057,3,1,0,0,0,1,0,1,0,0,1,0,0,1,0,0,0,0,0,0,1,0,1,0
0,1,1,0,55,1,1,0,0,0,0,0,0,0,51.65,2838.55,0,4763,50.68839285714286,0.01084400587864791,2,1,0,0,1,1,1,1,0,0,1,0,0,1,0,0,0,0,0,1,0,0,0,1
0,1,1,0,52,1,1,0,1,1,0,1,1,1,105.1,5376.4,0,4621,101.44150943396225,0.022743994806318977,6,0,0,1,1,1,1,0,1,0,0,1,0,1,0,0,0,0,0,1,0,0,0,1
0,0,1,1,10,1,1,0,0,0,0,0,1,0,85.95,858.6,0,4922,78.05454545454546,0.01746241365298659,3,1,1,1,0,1,1,0,1,0,1,0,0,0,0,1,0,0,0,0,1,0,0,1
0,0,0,0,18,1,1,0,0,0,0,0,0,1,75.6,1395.05,0,4030,73.42368421052632,0.018759305210918113,2,1,0,1,0,1,1,0,1,0,1,0,0,1,0,0,0,1,0,0,0,0,0,1
0,0,1,0,68,1,1,1,0,0,1,0,0,0,58.25,3975.7,0,4620,57.618840579710145,0.012608225108225108,4,0,0,0,0,0,0,1,0,0,0,1,0,1,0,0,0,0,0,1,0,0,0,1
0,0,1,0,72,0,0,1,1,1,1,1,1,1,65.2,4784.45,0,5092,65.5404109589041,0.012804399057344856,6,0,0,0,0,0,0,1,0,0,0,0,1,0,1,0,0,0,0,1,0,0,0,1
0,0,0,0,2,1,0,1,0,1,0,0,0,0,53.45,119.5,0,3477,39.833333333333336,0.015372447512223181,3,1,1,0,0,1,0,1,0,0,1,0,0,0,0,1,0,0,0,0,1,0,0,1
0,0,1,0,41,1,0,0,0,0,0,0,0,1,19.75,899.45,0,2011,21.41547619047619,0.00982098458478369,1,0,1,0,0,1,1,0,0,1,0,0,1,0,0,1,0,0,1,0,0,0,1,0
0,0,0,0,26,0,0,0,0,1,1,1,0,1,44.45,1183.8,0,3080,43.84444444444444,0.014431818181818183,3,1,0,0,0,0,1,1,0,0,1,0,0,0,1,0,0,0,1,0,0,0,1,0
0,0,1,0,36,1,0,0,0,0,0,0,0,0,20.85,720.05,0,5744,19.46081081081081,0.003629874651810585,1,0,0,0,0,1,1,0,0,1,0,1,0,1,0,0,0,0,1,0,0,1,0,0
0,0,1,0,72,1,1,1,1,1,1,1,1,1,114.05,8468.2,0,4842,116.00273972602741,0.02355431639818257,8,0,0,1,0,0,0,0,1,0,0,0,1,0,1,0,0,0,0,1,0,0,0,1
0,0,1,0,35,1,1,0,0,0,1,0,1,1,89.85,3161.2,0,4945,87.8111111111111,0.018169868554095043,4,1,0,1,0,0,1,0,1,0,1,0,0,1,0,0,0,0,1,0,0,0,0,1
0,0,0,0,1,1,0,0,0,1,1,0,0,0,55.05,55.05,0,2962,27.525,0.018585415259959485,3,1,0,0,0,0,1,1,0,0,1,0,0,0,0,0,1,0,0,0,1,0,1,0
0,0,1,1,16,1,1,1,0,1,1,1,1,1,112.95,1882.55,0,2683,110.73823529411764,0.042098397316436824,7,1,1,1,0,0,0,0,1,0,1,0,0,0,0,1,0,1,0,0,0,0,1,0
0,1,0,0,49,1,1,1,0,0,0,1,1,0,101.55,5070.4,0,5348,101.40799999999999,0.018988406881077037,5,1,0,1,1,1,0,0,1,0,1,0,0,0,1,0,0,0,0,1,0,0,0,1
0,0,1,0,54,1,1,1,1,1,1,1,1,1,114.65,6049.5,0,4488,109.99090909090908,0.02554590017825312,8,0,0,1,0,0,0,0,1,0,0,1,0,0,0,0,1,0,0,1,0,0,0,1
0,0,0,1,18,1,1,1,0,0,0,0,1,0,64.8,1166.7,0,2466,61.40526315789474,0.026277372262773723,4,1,1,0,0,1,0,1,0,0,1,0,0,0,0,1,0,1,0,0,0,0,1,0
0,0,1,0,36,1,0,0,0,0,0,0,1,0,80.4,2937.65,0,5544,79.39594594594595,0.014502164502164502,2,1,1,1,0,1,1,0,1,0,1,0,0,0,0,1,0,0,1,0,0,1,0,0
0,0,1,0,52,1,1,0,0,0,0,0,0,1,25.05,1270.25,0,5674,23.96698113207547,0.004414874867818118,2,0,0,0,0,1,1,0,0,1,0,0,1,1,0,0,0,0,0,1,0,1,0,0
0,0,1,1,8,1,0,0,0,1,0,1,1,1,94.75,759.55,0,5505,84.39444444444445,0.017211625794732063,4,1,1,1,0,1,1,0,1,0,1,0,0,0,0,1,0,0,0,0,1,1,0,0
0,0,1,0,72,1,0,1,1,0,1,1,1,0,105.5,7611.55,0,5534,104.26780821917808,0.019063968196602818,6,0,0,1,0,0,0,0,1,0,0,0,1,1,0,0,0,0,0,1,0,1,0,0
0,0,0,0,64,1,1,0,0,0,0,0,0,0,24.7,1642.75,0,5655,25.273076923076925,0.004367816091954023,2,0,0,0,0,1,1,0,0,1,0,1,0,0,0,0,1,0,0,1,0,1,0,0
0,1,0,0,22,1,0,1,0,1,1,0,1,1,69.75,1545.4,0,3509,67.19130434782609,0.01987745796523226,5,1,0,0,1,0,0,1,0,0,1,0,0,0,0,0,1,1,0,0,0,0,0,1
0,0,1,0,60,0,0,0,1,1,1,1,1,1,60.2,3582.4,0,5359,58.72786885245902,0.011233439074454189,5,1,0,0,0,0,1,1,0,0,1,0,0,1,0,0,0,0,0,1,0,0,0,1
0,0,1,0,61,1,1,0,0,0,0,0,0,0,24.4,1417.9,0,4900,22.86935483870968,0.004979591836734694,2,0,0,0,0,1,1,0,0,1,0,0,1,0,0,0,1,0,0,1,0,0,0,1
0,0,0,0,24,1,1,0,1,1,0,1,1,1,104.15,2494.65,0,5813,99.786,0.017916738345088595,6,1,1,1,0,1,1,0,1,0,1,0,0,0,0,1,0,1,0,0,0,1,0,0
0,0,1,0,28,1,0,0,1,1,1,1,0,0,92.9,2768.35,0,2037,95.4603448275862,0.04560628375061365,5,0,0,1,0,0,1,0,1,0,0,1,0,1,0,0,0,0,1,0,0,0,1,0
0,0,1,0,30,1,0,0,1,1,1,1,1,0,80.8,2369.3,0,4274,76.42903225806452,0.018905007019185772,6,0,0,0,0,0,1,1,0,0,0,0,1,1,0,0,0,0,1,0,0,0,0,1
0,0,1,0,2,1,0,0,0,0,0,0,0,0,20.0,38.0,0,4823,12.666666666666666,0.004146796599626789,1,1,0,0,0,1,1,0,0,1,1,0,0,0,0,0,1,0,0,0,1,0,0,1
0,0,0,0,1,1,1,0,0,0,0,0,0,1,75.1,75.1,0,4120,37.55,0.018228155339805825,2,1,1,1,0,1,1,0,1,0,1,0,0,0,0,1,0,0,0,0,1,0,0,1
0,0,0,1,6,1,0,0,0,0,0,0,0,0,19.65,100.9,0,2231,14.414285714285715,0.008807709547288212,1,1,0,0,0,1,1,0,0,1,1,0,0,0,0,0,1,0,0,0,1,0,1,0
0,0,1,0,24,1,0,0,1,0,0,1,1,1,69.45,1614.05,0,4208,64.562,0.016504277566539924,4,1,0,0,0,1,1,1,0,0,1,0,0,1,0,0,0,1,0,0,0,0,0,1
0,1,1,0,72,1,1,1,1,1,1,1,1,1,116.05,8404.9,0,4404,115.13561643835617,0.02635104450499546,8,0,0,1,1,0,0,0,1,0,0,0,1,1,0,0,0,0,0,1,0,0,0,1
0,0,0,0,70,0,0,0,0,0,1,0,1,1,40.05,2799.75,0,5055,39.433098591549296,0.007922848664688427,2,0,0,0,0,0,1,1,0,0,0,0,1,0,0,0,1,0,0,1,0,0,0,1
0,1,1,0,64,1,1,0,0,1,1,1,1,0,102.1,6538.45,0,6270,100.59153846153846,0.016283891547049442,6,0,1,1,1,0,1,0,1,0,0,0,1,0,0,1,0,0,0,1,0,1,0,0
0,0,1,0,72,1,1,0,1,0,0,1,0,1,89.7,6588.95,0,6016,90.2595890410959,0.014910239361702129,4,0,1,1,0,1,1,0,1,0,0,1,0,0,0,1,0,0,0,1,0,1,0,0
0,0,0,0,44,1,0,0,0,0,0,0,0,0,19.9,868.1,0,2809,19.29111111111111,0.00708437166251335,1,0,0,0,0,1,1,0,0,1,0,0,1,0,0,0,1,0,1,0,0,0,1,0
0,1,0,0,17,1,0,0,0,0,0,0,0,0,20.65,330.6,0,4086,18.366666666666667,0.00505384238864415,1,0,0,0,1,1,1,0,0,1,0,1,0,0,0,0,1,1,0,0,0,0,0,1
0,0,1,0,9,1,0,0,0,1,0,1,1,1,70.05,564.4,0,4900,56.44,0.014295918367346939,4,1,0,0,0,1,1,1,0,0,1,0,0,0,0,0,1,0,0,0,1,0,0,1
0,0,1,0,24,1,0,1,0,0,1,0,0,0,53.6,1315.35,0,2977,52.614,0.018004702720859928,3,1,0,0,0,0,0,1,0,0,1,0,0,0,0,0,1,1,0,0,0,0,1,0
0,1,1,1,35,1,0,0,1,0,1,1,1,1,76.05,2747.2,0,5479,76.3111111111111,0.013880270122285088,5,1,1,0,1,0,1,1,0,0,1,0,0,0,0,1,0,0,1,0,0,1,0,0
0,0,1,1,7,1,0,1,1,1,1,1,0,1,75.7,554.05,0,2950,69.25625,0.025661016949152543,6,1,1,0,0,0,0,1,0,0,1,0,0,0,0,1,0,0,0,0,1,0,1,0
0,0,1,1,11,1,0,0,0,0,0,0,0,0,19.65,225.75,0,3372,18.8125,0.005827402135231316,1,0,0,0,0,1,1,0,0,1,0,0,1,0,0,0,1,0,0,0,1,0,1,0
0,1,0,0,20,1,0,0,0,0,0,0,1,1,81.45,1671.6,0,2416,79.6,0.03371274834437086,2,1,1,1,1,1,1,0,1,0,1,0,0,0,0,1,0,1,0,0,0,0,1,0
0,0,1,0,72,1,1,0,1,1,1,1,1,1,108.5,8003.8,0,6288,109.64109589041097,0.017255089058524173,7,0,0,1,0,0,1,0,1,0,0,1,0,1,0,0,0,0,0,1,0,1,0,0
0,0,1,1,72,1,1,0,0,0,0,0,1,1,84.5,6130.85,0,6202,83.98424657534247,0.013624637213801999,3,0,0,1,0,1,1,0,1,0,0,0,1,0,1,0,0,0,0,1,0,1,0,0
0,0,0,0,15,1,1,0,1,0,0,1,1,1,100.15,1415.0,0,2565,88.4375,0.0390448343079922,5,1,1,1,0,1,1,0,1,0,1,0,0,0,0,1,0,1,0,0,0,0,1,0
0,0,0,0,72,1,1,0,1,1,1,1,1,1,88.6,6201.95,0,5842,84.95821917808219,0.015166039027730229,7,0,0,0,0,0,1,1,0,0,0,0,1,1,0,0,0,0,0,1,0,1,0,0
0,0,1,0,0,0,0,1,0,1,1,1,0,1,52.55,0.0,0,2578,0.0,0.02038401861908456,4,0,0,0,0,0,0,1,0,0,0,0,1,1,0,0,0,0,0,0,1,0,1,0
0,0,1,1,63,1,1,0,1,1,0,1,1,1,104.8,6597.25,0,4046,103.08203125,0.025902125556104796,6,0,0,1,0,1,1,0,1,0,0,0,1,1,0,0,0,0,0,1,0,0,0,1
0,0,0,0,2,1,0,0,1,0,0,1,0,1,59.0,114.15,0,5810,38.050000000000004,0.010154905335628227,3,1,1,0,0,1,1,1,0,0,1,0,0,0,0,1,0,0,0,0,1,1,0,0
0,1,1,0,61,1,1,0,1,0,0,0,1,0,64.05,3902.6,0,4001,62.94516129032258,0.016008497875531116,4,0,0,0,1,1,1,1,0,0,0,1,0,1,0,0,0,0,0,1,0,0,0,1
0,0,0,0,1,1,0,0,0,0,0,0,0,0,20.4,20.4,0,2968,10.2,0.006873315363881401,1,1,0,0,0,1,1,0,0,1,1,0,0,0,0,0,1,0,0,0,1,0,1,0
0,0,1,0,28,1,0,1,1,0,1,0,0,0,60.9,1785.65,0,3851,61.574137931034485,0.015814074266424304,4,1,0,0,0,0,0,1,0,0,1,0,0,0,0,0,1,0,1,0,0,0,0,1
0,0,1,0,70,1,0,0,0,0,0,0,0,0,19.8,1397.65,0,4500,19.685211267605634,0.0044,1,0,0,0,0,1,1,0,0,1,0,0,1,1,0,0,0,0,0,1,0,0,0,1
0,0,0,0,34,1,1,1,1,1,1,1,1,0,116.25,3899.05,0,4022,111.40142857142858,0.028903530581800098,8,0,0,1,0,0,0,0,1,0,0,1,0,0,1,0,0,0,1,0,0,0,0,1
0,1,1,0,71,1,1,1,0,0,0,0,0,1,80.7,5676.0,0,4583,78.83333333333333,0.017608553349334498,3,0,0,1,1,1,0,0,1,0,0,0,1,0,1,0,0,0,0,1,0,0,0,1
0,0,1,0,70,1,1,1,0,0,0,0,1,0,65.2,4543.15,0,6316,63.98802816901408,0.01032298923369221,4,0,0,0,0,1,0,1,0,0,0,1,0,1,0,0,0,0,0,1,0,1,0,0
0,0,1,1,52,1,0,1,0,1,1,0,0,1,84.05,4326.8,0,6099,81.63773584905661,0.013780947696343663,4,1,0,1,0,0,0,0,1,0,1,0,0,1,0,0,0,0,0,1,0,1,0,0
0,0,0,0,69,1,1,1,1,1,1,1,0,1,79.45,5502.55,0,5189,78.60785714285714,0.015311235305453846,7,0,0,0,0,0,0,1,0,0,0,0,1,0,1,0,0,0,0,1,0,0,0,1
0,0,0,1,11,1,1,0,0,1,0,0,0,1,78.0,851.8,0,4886,70.98333333333333,0.015963978714695046,3,1,0,1,0,1,1,0,1,0,1,0,0,0,0,0,1,0,0,0,1,0,0,1
0,0,0,0,1,1,0,0,0,0,0,0,0,0,19.85,19.85,0,4905,9.925,0.004046890927624873,1,1,0,0,0,1,1,0,0,1,1,0,0,0,0,0,1,0,0,0,1,0,0,1
0,1,1,0,20,1,0,1,0,1,1,0,1,0,94.3,1818.3,0,2574,86.58571428571429,0.03663558663558664,5,0,0,1,1,0,0,0,1,0,0,1,0,0,1,0,0,1,0,0,0,0,1,0
0,0,0,0,61,1,1,1,0,1,0,1,1,1,106.45,6300.15,0,4842,101.61532258064516,0.021984717059066503,6,1,1,1,0,1,0,0,1,0,1,0,0,0,0,1,0,0,0,1,0,0,0,1
0,0,0,0,56,1,1,0,1,0,1,1,1,1,105.45,5916.95,0,4212,103.80614035087719,0.025035612535612536,6,1,0,1,0,0,1,0,1,0,1,0,0,1,0,0,0,0,0,1,0,0,0,1
0,0,0,0,30,1,1,1,1,1,1,0,0,1,95.0,2852.4,0,3597,92.01290322580645,0.026410897970531,6,1,0,1,0,0,0,0,1,0,1,0,0,0,1,0,0,0,1,0,0,0,0,1
0,0,0,0,28,1,0,1,0,0,1,0,0,0,54.3,1546.3,0,5271,53.320689655172416,0.010301650540694365,3,0,0,0,0,0,0,1,0,0,0,1,0,0,0,0,1,0,1,0,0,0,0,1
0,1,1,0,5,1,0,0,0,0,0,0,0,0,70.05,302.6,0,2064,50.43333333333334,0.033938953488372094,1,1,1,1,1,1,1,0,1,0,1,0,0,0,0,1,0,0,0,0,1,0,1,0
0,0,0,0,12,1,0,0,0,0,0,0,0,0,20.05,265.45,0,4996,20.41923076923077,0.004013210568454764,1,1,0,0,0,1,1,0,0,1,1,0,0,0,1,0,0,0,0,0,1,0,0,1
0,0,1,1,67,1,1,0,1,1,0,1,1,1,105.4,6989.45,0,5666,102.7860294117647,0.018602188492763856,6,0,1,1,0,1,1,0,1,0,0,1,0,0,0,1,0,0,0,1,0,1,0,0
0,1,1,0,29,1,1,0,0,0,0,0,0,1,51.6,1442.0,0,5495,48.06666666666667,0.009390354868061874,2,1,1,0,1,1,1,1,0,0,1,0,0,0,0,1,0,0,1,0,0,1,0,0
0,0,1,1,55,1,1,0,0,0,0,0,1,0,85.5,4713.4,0,6411,84.16785714285713,0.01333645297145531,3,1,0,1,0,1,1,0,1,0,1,0,0,1,0,0,0,0,0,1,0,1,0,0
0,0,0,0,52,1,0,1,0,1,0,1,0,0,91.25,4738.3,0,4770,89.40188679245283,0.019129979035639413,4,0,1,1,0,1,0,0,1,0,0,1,0,0,0,1,0,0,0,1,0,0,0,1
0,1,1,1,72,1,1,1,1,1,1,1,1,1,115.75,8399.15,0,5168,115.05684931506849,0.022397445820433435,8,0,0,1,1,0,0,0,1,0,0,0,1,0,1,0,0,0,0,1,0,0,0,1
0,0,1,1,58,1,1,0,1,0,1,1,0,1,94.7,5430.35,0,5653,92.03983050847458,0.016752166990978243,5,0,0,1,0,0,1,0,1,0,0,1,0,0,1,0,0,0,0,1,0,1,0,0
0,0,1,1,35,1,0,0,0,0,0,0,0,0,19.6,686.95,0,3764,19.081944444444446,0.0052072263549415515,1,0,0,0,0,1,1,0,0,1,0,0,1,0,0,0,1,0,1,0,0,0,0,1
0,1,0,0,56,1,1,0,1,1,1,1,0,1,99.9,5706.3,0,5840,100.11052631578947,0.017106164383561644,6,0,0,1,1,0,1,0,1,0,0,0,1,1,0,0,0,0,0,1,0,1,0,0
0,0,1,1,24,1,0,0,0,0,0,0,0,1,21.1,490.65,0,4368,19.625999999999998,0.004830586080586081,1,0,0,0,0,1,1,0,0,1,0,0,1,0,1,0,0,1,0,0,0,0,0,1
0,0,1,1,70,1,0,0,0,0,0,0,0,0,20.05,1360.25,0,4485,19.158450704225352,0.004470457079152732,1,0,0,0,0,1,1,0,0,1,0,0,1,0,1,0,0,0,0,1,0,0,0,1
0,0,0,0,2,1,0,0,0,0,0,1,0,1,79.95,174.45,0,5213,58.15,0.015336658354114715,2,1,1,1,0,1,1,0,1,0,1,0,0,0,0,1,0,0,0,0,1,0,0,1
0,1,1,1,68,1,1,0,0,1,1,1,1,1,107.15,7379.8,0,4324,106.9536231884058,0.024780296022201668,6,0,0,1,1,0,1,0,1,0,0,1,0,0,1,0,0,0,0,1,0,0,0,1
0,0,0,0,12,1,1,0,0,1,0,1,0,1,89.55,1021.75,0,2325,78.59615384615384,0.03851612903225806,4,1,1,1,0,1,1,0,1,0,1,0,0,0,0,1,0,0,0,0,1,0,1,0
0,0,1,0,63,1,1,0,1,0,0,0,0,1,81.55,5029.05,0,4980,78.57890625,0.016375502008032127,3,1,0,1,0,1,1,0,1,0,1,0,0,1,0,0,0,0,0,1,0,0,0,1
0,0,1,0,33,1,0,1,1,1,0,0,0,1,58.45,1955.4,0,4276,57.51176470588236,0.01366931711880262,4,0,0,0,0,1,0,1,0,0,0,1,0,0,0,0,1,0,1,0,0,0,0,1
0,0,1,0,69,1,0,0,1,0,0,1,1,1,95.65,6744.2,0,5251,96.34571428571428,0.018215577985145687,4,0,0,1,0,1,1,0,1,0,0,1,0,0,1,0,0,0,0,1,0,0,0,1
0,0,1,0,60,1,0,0,1,1,1,1,1,1,80.6,4946.7,0,5667,81.09344262295082,0.014222692782777482,6,0,0,0,0,0,1,1,0,0,0,0,1,1,0,0,0,0,0,1,0,1,0,0
0,0,1,1,72,1,1,1,1,1,1,1,1,1,113.1,8248.5,0,5308,112.9931506849315,0.02130746043707611,8,0,0,1,0,0,0,0,1,0,0,0,1,1,0,0,0,0,0,1,0,0,0,1
0,0,0,0,11,1,1,0,0,0,0,0,1,1,58.95,601.6,0,3880,50.13333333333333,0.015193298969072165,3,1,0,0,0,1,1,1,0,0,1,0,0,0,0,0,1,0,0,0,1,0,0,1
0,0,0,0,1,1,0,0,0,0,0,0,0,0,19.55,19.55,0,3968,9.775,0.004926915322580645,1,1,0,0,0,1,1,0,0,1,1,0,0,0,0,0,1,0,0,0,1,0,0,1
0,0,1,1,34,1,0,0,0,0,0,0,1,1,78.95,2647.2,0,2074,75.63428571428571,0.0380665380906461,2,0,0,1,0,1,1,0,1,0,0,1,0,1,0,0,0,0,1,0,0,0,1,0
0,0,0,0,65,1,1,0,1,0,1,1,1,1,105.05,6744.25,0,5742,102.18560606060606,0.018295019157088123,6,0,0,1,0,0,1,0,1,0,0,1,0,1,0,0,0,0,0,1,0,1,0,0
0,1,1,0,50,1,1,1,1,1,0,1,0,1,101.9,5265.5,0,4184,103.24509803921569,0.0243546845124283,6,0,0,1,1,1,0,0,1,0,0,1,0,1,0,0,0,0,0,1,0,0,0,1
0,0,0,0,15,1,0,0,0,0,0,0,0,0,19.75,311.6,0,4123,19.475,0.004790201309725928,1,1,0,0,0,1,1,0,0,1,1,0,0,0,0,0,1,1,0,0,0,0,0,1
0,0,1,1,72,1,1,1,1,1,0,1,1,1,110.3,7966.9,0,5780,109.13561643835617,0.01908304498269896,7,0,0,1,0,1,0,0,1,0,0,0,1,1,0,0,0,0,0,1,0,1,0,0
0,0,1,1,72,1,1,1,1,1,1,1,1,1,115.6,8220.4,0,5633,112.60821917808218,0.020521924374223326,8,0,0,1,0,0,0,0,1,0,0,0,1,1,0,0,0,0,0,1,0,1,0,0
0,0,1,1,55,1,0,0,0,0,0,0,0,0,19.35,1153.25,0,5248,20.59375,0.0036871189024390246,1,0,0,0,0,1,1,0,0,1,0,0,1,1,0,0,0,0,0,1,0,0,0,1
0,0,1,1,23,1,1,0,0,0,0,0,0,1,25.6,514.75,0,5939,21.447916666666668,0.004310489981478364,2,0,0,0,0,1,1,0,0,1,0,0,1,0,1,0,0,1,0,0,0,1,0,0
0,0,1,0,56,1,1,1,0,1,0,0,1,1,68.75,3808.0,0,6198,66.80701754385964,0.011092287834785415,5,0,0,0,0,1,0,1,0,0,0,1,0,1,0,0,0,0,0,1,0,1,0,0
0,0,0,0,1,1,0,0,0,0,0,0,0,0,19.9,19.9,0,2010,9.95,0.00990049751243781,1,1,0,0,0,1,1,0,0,1,1,0,0,1,0,0,0,0,0,0,1,0,1,0
0,0,0,0,38,1,0,1,1,0,1,1,0,0,70.6,2708.2,0,4993,69.44102564102563,0.014139795713999597,5,0,0,0,0,0,0,1,0,0,0,1,0,0,0,0,1,0,1,0,0,0,0,1
0,0,0,0,11,1,0,0,0,0,0,0,0,0,70.2,760.05,0,2535,63.3375,0.027692307692307693,1,1,1,1,0,1,1,0,1,0,1,0,0,0,0,1,0,0,0,0,1,0,1,0
0,0,0,0,1,1,0,0,0,0,1,0,0,1,49.3,49.3,0,4209,24.65,0.011712995961035874,2,1,1,0,0,0,1,1,0,0,1,0,0,0,0,1,0,0,0,0,1,0,0,1
0,0,1,0,56,1,1,0,1,0,1,1,1,1,107.25,6033.3,0,5800,105.84736842105264,0.01849137931034483,6,0,1,1,0,0,1,0,1,0,0,1,0,0,0,1,0,0,0,1,0,1,0,0
0,0,1,0,3,1,1,0,0,0,0,0,0,1,23.6,89.05,0,5587,22.2625,0.004224091641310185,2,1,0,0,0,1,1,0,0,1,1,0,0,0,0,0,1,0,0,0,1,1,0,0
0,0,1,1,7,1,0,1,0,0,0,1,1,0,69.7,516.15,0,4326,64.51875,0.01611188164586223,4,1,0,0,0,1,0,1,0,0,1,0,0,0,1,0,0,0,0,0,1,0,0,1
0,0,1,1,59,1,1,0,0,1,0,1,1,1,99.5,5861.75,0,4583,97.69583333333334,0.021710669866899412,5,0,0,1,0,1,1,0,1,0,0,0,1,0,1,0,0,0,0,1,0,0,0,1
0,0,0,0,7,1,0,0,0,1,1,1,0,0,64.3,445.95,0,4010,55.74375,0.016034912718204487,4,1,0,0,0,0,1,1,0,0,1,0,0,1,0,0,0,0,0,0,1,0,0,1
0,0,1,0,71,1,0,1,0,1,1,0,1,1,70.85,4973.4,0,5328,69.07499999999999,0.013297672672672671,5,0,0,0,0,0,0,1,0,0,0,0,1,0,1,0,0,0,0,1,0,0,0,1
0,0,1,1,15,1,0,1,0,0,1,1,1,0,101.9,1667.25,0,3707,104.203125,0.027488535203668736,5,0,1,1,0,0,0,0,1,0,0,1,0,0,0,1,0,1,0,0,0,0,0,1
0,0,1,0,71,1,1,1,1,0,1,1,0,0,73.5,5357.75,0,5431,74.41319444444444,0.013533419259804825,6,0,0,0,0,0,0,1,0,0,0,0,1,0,1,0,0,0,0,1,0,1,0,0
0,0,0,0,11,0,0,0,1,1,1,0,0,1,40.4,422.6,0,2133,35.21666666666667,0.01894045944678856,3,0,0,0,0,0,1,1,0,0,0,1,0,0,1,0,0,0,0,0,1,0,1,0
0,0,1,1,60,1,0,0,0,0,0,0,0,1,19.25,1103.25,0,6134,18.08606557377049,0.0031382458428431694,1,0,0,0,0,1,1,0,0,1,0,0,1,0,1,0,0,0,0,1,0,1,0,0
0,1,0,0,47,1,1,0,1,0,1,0,0,0,59.6,2754.0,0,3155,57.375,0.018890649762282094,4,0,0,0,1,0,1,1,0,0,0,0,1,1,0,0,0,0,1,0,0,0,1,0
0,0,0,0,11,1,0,0,0,1,1,0,1,0,64.9,697.25,0,3206,58.104166666666664,0.020243293824079852,4,0,0,0,0,0,1,1,0,0,0,1,0,0,1,0,0,0,0,0,1,0,1,0
0,1,1,0,28,1,1,0,1,1,1,1,1,1,110.85,3204.4,0,3906,110.49655172413793,0.028379416282642088,7,1,1,1,1,0,1,0,1,0,1,0,0,0,0,1,0,0,1,0,0,0,0,1
0,0,1,0,61,1,0,1,1,0,1,1,1,1,81.05,4747.65,0,4072,76.57499999999999,0.019904223968565813,6,0,0,0,0,0,0,1,0,0,0,0,1,0,0,0,1,0,0,1,0,0,0,1
0,0,1,1,31,1,1,1,0,1,0,1,0,0,98.05,3082.1,0,4524,96.315625,0.021673297966401415,5,0,0,1,0,1,0,0,1,0,0,1,0,1,0,0,0,0,1,0,0,0,0,1
0,0,0,0,9,1,0,0,0,0,0,0,0,1,70.5,597.9,0,3198,59.79,0.02204502814258912,1,1,1,1,0,1,1,0,1,0,1,0,0,0,0,1,0,0,0,0,1,0,1,0
0,1,1,0,35,1,1,1,1,0,0,0,1,1,94.55,3365.4,0,2631,93.48333333333333,0.03593690611934625,5,1,1,1,1,1,0,0,1,0,1,0,0,0,0,1,0,0,1,0,0,0,1,0
0,0,0,0,2,1,0,0,0,0,0,0,0,1,19.65,38.8,0,3007,12.933333333333332,0.006534752244762221,1,1,0,0,0,1,1,0,0,1,1,0,0,0,0,0,1,0,0,0,1,0,1,0
0,0,1,1,1,1,0,0,0,0,0,0,0,1,19.0,19.0,0,2400,9.5,0.007916666666666667,1,1,0,0,0,1,1,0,0,1,1,0,0,0,0,0,1,0,0,0,1,0,1,0
0,0,0,0,3,1,0,0,0,0,0,0,0,1,20.0,61.7,0,5575,15.425,0.003587443946188341,1,1,0,0,0,1,1,0,0,1,1,0,0,0,0,0,1,0,0,0,1,1,0,0
0,0,0,0,52,1,0,1,1,0,0,1,0,1,63.25,3342.45,0,6471,63.06509433962264,0.009774377994127647,4,0,0,0,0,1,0,1,0,0,0,0,1,0,1,0,0,0,0,1,0,1,0,0
0,0,1,0,5,1,0,0,0,0,0,0,0,0,20.1,85.1,0,2894,14.183333333333332,0.006945404284727022,1,0,0,0,0,1,1,0,0,1,0,1,0,0,0,0,1,0,0,0,1,0,1,0
0,0,1,0,72,1,1,1,1,1,0,0,1,1,99.15,7422.1,0,5152,101.67260273972603,0.01924495341614907,6,0,1,1,0,1,0,0,1,0,0,0,1,0,0,1,0,0,0,1,0,0,0,1
0,0,1,0,71,1,1,1,1,1,1,1,1,0,90.4,6668.05,0,5633,92.61180555555556,0.016048286880880527,8,0,1,0,0,0,0,1,0,0,0,0,1,0,0,1,0,0,0,1,0,1,0,0
0,0,1,0,72,1,1,1,0,1,1,1,1,1,111.9,8071.05,0,6437,110.56232876712329,0.017383874475687434,7,0,0,1,0,0,0,0,1,0,0,0,1,0,1,0,0,0,0,1,0,1,0,0
0,0,1,0,46,1,1,0,0,0,0,0,0,0,24.9,1174.8,0,2026,24.995744680851065,0.012290227048371174,2,0,1,0,0,1,1,0,0,1,0,1,0,0,0,1,0,0,1,0,0,0,1,0
0,0,1,0,63,1,1,1,1,1,0,1,1,0,83.5,5435.0,0,4652,84.921875,0.017949269131556318,7,0,0,0,0,1,0,1,0,0,0,0,1,0,1,0,0,0,0,1,0,0,0,1
0,0,0,0,30,1,0,1,1,1,0,0,0,1,84.3,2438.6,0,5393,78.66451612903225,0.01563137400333766,4,1,0,1,0,1,0,0,1,0,1,0,0,0,1,0,0,0,1,0,0,1,0,0
0,0,0,0,1,1,0,0,0,0,0,0,0,0,45.6,45.6,0,2352,22.8,0.019387755102040816,1,1,0,0,0,1,1,1,0,0,1,0,0,0,0,0,1,0,0,0,1,0,1,0
0,0,0,0,16,0,0,1,1,1,1,1,0,0,54.85,916.15,0,2136,53.891176470588235,0.025678838951310862,5,0,0,0,0,0,0,1,0,0,0,0,1,0,0,0,1,1,0,0,0,0,1,0
0,0,0,0,4,1,1,0,0,0,1,0,1,0,65.55,237.2,0,5707,47.44,0.01148589451550727,4,1,0,0,0,0,1,1,0,0,1,0,0,0,0,0,1,0,0,0,1,1,0,0
0,0,1,0,51,1,1,0,1,0,0,0,1,1,90.35,4614.55,0,4965,88.74134615384615,0.01819738167170191,4,0,0,1,0,1,1,0,1,0,0,1,0,0,1,0,0,0,0,1,0,0,0,1
0,0,1,0,65,1,0,0,0,0,0,0,0,1,20.4,1414.45,0,5368,21.43106060606061,0.0038002980625931443,1,0,0,0,0,1,1,0,0,1,0,0,1,0,1,0,0,0,0,1,0,0,0,1
0,0,0,0,16,1,0,0,0,0,1,0,0,1,74.55,1170.5,0,2893,68.8529411764706,0.02576909782232976,2,1,0,1,0,0,1,0,1,0,1,0,0,0,1,0,0,1,0,0,0,0,1,0
0,0,0,0,2,1,0,0,0,0,0,0,0,0,19.95,47.7,0,3488,15.9,0.005719610091743119,1,0,0,0,0,1,1,0,0,1,0,1,0,0,0,0,1,0,0,0,1,0,0,1
0,0,1,1,66,1,1,0,0,0,0,0,0,1,74.25,4859.25,0,4395,72.52611940298507,0.01689419795221843,2,0,0,1,0,1,1,0,1,0,0,1,0,1,0,0,0,0,0,1,0,0,0,1
0,0,0,0,46,1,1,0,1,1,1,1,1,0,108.65,4903.2,0,4210,104.32340425531915,0.025807600950118765,7,0,1,1,0,0,1,0,1,0,0,0,1,0,0,1,0,0,1,0,0,0,0,1
0,0,0,0,32,1,1,1,0,1,1,1,1,1,109.55,3608.0,0,5076,109.33333333333333,0.021581954294720252,7,0,0,1,0,0,0,0,1,0,0,1,0,1,0,0,0,0,1,0,0,0,0,1
0,0,1,0,72,1,1,1,0,1,1,1,1,0,86.65,6094.25,0,5483,83.48287671232876,0.015803392303483495,7,0,0,0,0,0,0,1,0,0,0,0,1,0,1,0,0,0,0,1,0,1,0,0
0,0,1,0,38,1,0,1,0,1,1,1,1,0,81.0,3084.9,0,3067,79.10000000000001,0.026410172807303553,6,0,0,0,0,0,0,1,0,0,0,0,1,0,1,0,0,0,1,0,0,0,1,0
0,0,0,0,51,1,0,0,0,0,1,0,0,0,47.85,2356.75,0,4138,45.32211538461539,0.011563557274045433,2,0,0,0,0,0,1,1,0,0,0,1,0,0,1,0,0,0,0,1,0,0,0,1
0,0,1,1,72,1,1,1,1,1,1,1,1,0,114.55,8306.05,0,6158,113.78150684931506,0.01860181877232868,8,0,0,1,0,0,0,0,1,0,0,0,1,1,0,0,0,0,0,1,0,1,0,0
0,0,0,1,66,1,0,0,0,0,0,0,0,0,20.55,1357.1,0,4101,20.255223880597015,0.005010972933430871,1,0,0,0,0,1,1,0,0,1,0,0,1,0,0,0,1,0,0,1,0,0,0,1
0,1,0,0,44,1,1,1,1,1,0,1,1,1,109.8,4860.35,0,5720,108.00777777777779,0.019195804195804196,7,0,0,1,1,1,0,0,1,0,0,1,0,0,1,0,0,0,1,0,0,1,0,0
0,0,0,0,50,1,1,0,0,1,1,0,1,0,69.5,3418.2,0,4145,67.0235294117647,0.016767189384800964,5,0,0,0,0,0,1,1,0,0,0,0,1,1,0,0,0,0,0,1,0,0,0,1
0,0,0,0,15,1,1,0,0,0,0,0,0,0,48.85,631.4,0,3762,39.4625,0.012985114300903775,2,1,0,0,0,1,1,1,0,0,1,0,0,0,0,0,1,1,0,0,0,0,0,1
0,0,0,0,8,0,0,0,0,0,0,0,0,1,25.25,186.3,0,2372,20.700000000000003,0.010645025295109613,0,1,0,0,0,1,1,1,0,0,1,0,0,0,1,0,0,0,0,0,1,0,1,0
0,1,0,0,66,1,1,0,0,1,1,1,1,1,102.85,6976.75,0,5569,104.13059701492537,0.018468306697791342,6,0,0,1,1,0,1,0,1,0,0,1,0,0,1,0,0,0,0,1,0,1,0,0
0,0,0,0,57,1,1,1,1,0,1,0,0,1,87.55,4884.85,0,4882,84.22155172413794,0.017933224088488325,5,1,0,1,0,0,0,0,1,0,1,0,0,1,0,0,0,0,0,1,0,0,0,1
0,0,0,0,7,1,1,0,1,0,0,0,0,1,78.55,522.95,0,4025,65.36875,0.019515527950310557,3,1,0,1,0,1,1,0,1,0,1,0,0,1,0,0,0,0,0,0,1,0,0,1
0,1,1,1,10,0,0,0,0,0,0,0,1,1,34.55,362.6,0,5248,32.96363636363637,0.006583460365853658,1,1,0,0,1,1,1,1,0,0,1,0,0,1,0,0,0,0,0,0,1,0,0,1
0,0,0,0,62,1,1,1,1,1,0,0,0,1,92.05,5755.8,0,5801,91.36190476190477,0.01586795380106878,5,0,1,1,0,1,0,0,1,0,0,1,0,0,0,1,0,0,0,1,0,1,0,0
0,0,1,1,40,1,0,0,0,1,0,1,0,1,85.05,3355.65,0,5904,81.84512195121951,0.014405487804878048,3,0,1,1,0,1,1,0,1,0,0,1,0,0,0,1,0,0,1,0,0,1,0,0
0,0,0,0,20,1,0,0,0,0,0,0,0,0,19.7,406.95,0,4404,19.378571428571426,0.0044732061762034515,1,0,0,0,0,1,1,0,0,1,0,0,1,0,0,0,1,1,0,0,0,0,0,1
0,0,1,0,25,1,0,0,0,0,1,1,1,1,95.15,2395.7,0,3273,92.14230769230768,0.02907118851206844,4,1,1,1,0,0,1,0,1,0,1,0,0,0,0,1,0,0,1,0,0,0,1,0
0,0,1,0,23,1,1,0,1,1,0,0,0,0,84.25,1968.1,0,2781,82.00416666666666,0.030294857964760877,4,1,1,1,0,1,1,0,1,0,1,0,0,0,0,1,0,1,0,0,0,0,1,0
0,1,1,0,66,1,1,0,1,1,0,1,1,0,104.6,6819.45,0,5722,101.78283582089551,0.018280321565886052,6,0,0,1,1,1,1,0,1,0,0,1,0,0,1,0,0,0,0,1,0,1,0,0
0,1,0,0,72,1,1,0,1,1,1,1,1,0,111.65,7943.45,0,5388,108.81438356164384,0.02072197475872309,7,0,1,1,1,0,1,0,1,0,0,0,1,0,0,1,0,0,0,1,0,1,0,0
0,0,1,0,46,1,1,1,0,0,0,0,0,0,55.0,2473.95,0,5928,52.63723404255319,0.009278002699055331,3,1,0,0,0,1,0,1,0,0,1,0,0,1,0,0,0,0,1,0,0,1,0,0
0,0,1,0,72,1,1,1,1,1,1,1,1,0,89.85,6562.9,0,6046,89.90273972602739,0.014861065167052595,8,0,0,0,0,0,0,1,0,0,0,0,1,0,1,0,0,0,0,1,0,1,0,0
0,0,0,0,10,1,0,0,0,0,0,0,0,0,20.35,176.3,0,4745,16.027272727272727,0.004288724973656481,1,0,0,0,0,1,1,0,0,1,0,1,0,0,0,0,1,0,0,0,1,0,0,1
0,0,0,0,40,0,0,1,0,0,1,1,1,1,54.55,2236.2,0,3533,54.541463414634144,0.01544013586187376,4,0,0,0,0,0,0,1,0,0,0,1,0,1,0,0,0,0,1,0,0,0,0,1
0,0,0,0,31,1,0,0,0,1,1,1,1,0,99.45,3109.9,0,2021,97.184375,0.04920831271647699,5,0,0,1,0,0,1,0,1,0,0,0,1,1,0,0,0,0,1,0,0,0,1,0
0,0,1,0,68,1,1,1,1,1,1,0,0,0,70.9,4911.35,0,4114,71.17898550724638,0.017233835683033546,6,0,0,0,0,0,0,1,0,0,0,0,1,0,1,0,0,0,0,1,0,0,0,1
0,0,1,1,68,1,1,0,0,0,0,0,0,0,25.4,1620.2,0,5668,23.481159420289856,0.004481298517995765,2,0,0,0,0,1,1,0,0,1,0,0,1,1,0,0,0,0,0,1,0,1,0,0
0,1,0,0,49,1,0,0,1,1,0,0,1,1,89.85,4287.2,0,5982,85.744,0.015020060180541623,4,0,0,1,1,1,1,0,1,0,0,1,0,1,0,0,0,0,0,1,0,1,0,0
0,0,1,1,15,1,1,0,0,0,0,0,0,1,25.25,394.85,0,4667,24.678125,0.005410327833726162,2,1,1,0,0,1,1,0,0,1,1,0,0,0,0,1,0,1,0,0,0,0,0,1
0,0,1,0,50,1,1,0,0,1,1,1,0,1,69.65,3442.15,0,4706,67.49313725490197,0.01480025499362516,5,0,1,0,0,0,1,1,0,0,0,1,0,0,0,1,0,0,0,1,0,0,0,1
0,1,0,0,24,1,0,0,0,0,0,0,0,0,70.0,1732.6,0,5242,69.304,0.013353681800839375,1,1,0,1,1,1,1,0,1,0,1,0,0,0,1,0,0,1,0,0,0,0,0,1
0,0,1,1,35,1,0,0,0,0,0,0,0,0,20.1,655.3,0,4517,18.202777777777776,0.004449856099180872,1,0,0,0,0,1,1,0,0,1,0,0,1,0,0,0,1,0,1,0,0,0,0,1
0,0,0,0,17,1,1,0,0,0,0,0,0,0,24.8,475.25,0,5208,26.40277777777778,0.004761904761904762,2,1,0,0,0,1,1,0,0,1,1,0,0,0,0,0,1,1,0,0,0,0,0,1
0,0,0,0,10,1,0,0,0,0,1,1,1,1,95.1,865.1,0,5787,78.64545454545454,0.016433385173665112,4,1,0,1,0,0,1,0,1,0,1,0,0,0,1,0,0,0,0,0,1,1,0,0
0,0,1,0,68,1,1,1,1,1,1,1,1,1,88.85,6132.7,0,5228,88.87971014492753,0.016995026778882937,8,0,0,0,0,0,0,1,0,0,0,0,1,0,1,0,0,0,0,1,0,0,0,1
0,0,1,0,45,1,0,1,1,1,0,1,1,0,78.8,3597.5,0,4192,78.20652173913044,0.01879770992366412,6,0,0,0,0,1,0,1,0,0,0,1,0,1,0,0,0,0,1,0,0,0,0,1
0,0,1,0,37,1,0,0,0,0,0,0,0,0,20.35,697.65,0,3078,18.35921052631579,0.00661143599740091,1,1,0,0,0,1,1,0,0,1,1,0,0,1,0,0,0,0,1,0,0,0,1,0
0,0,0,0,10,1,0,0,0,0,0,0,0,0,45.25,428.7,0,5369,38.97272727272727,0.008428012665300801,1,1,0,0,0,1,1,1,0,0,1,0,0,0,0,0,1,0,0,0,1,0,0,1
0,0,0,0,1,1,0,0,0,0,0,0,0,0,20.05,20.05,0,2798,10.025,0.007165832737669764,1,1,0,0,0,1,1,0,0,1,1,0,0,0,0,0,1,0,0,0,1,0,1,0
0,0,1,0,65,1,1,1,1,0,0,0,1,1,69.55,4459.15,0,5420,67.56287878787879,0.01283210332103321,5,0,0,0,0,1,0,1,0,0,0,0,1,0,0,0,1,0,0,1,0,1,0,0
0,0,1,1,57,1,0,0,0,0,0,0,0,0,19.5,1167.6,0,5864,20.13103448275862,0.00332537517053206,1,0,0,0,0,1,1,0,0,1,0,0,1,1,0,0,0,0,0,1,0,1,0,0
0,0,0,0,3,1,0,0,0,1,0,0,0,1,74.75,238.1,0,3319,59.525,0.022521843928894246,2,1,0,1,0,1,1,0,1,0,1,0,0,0,0,0,1,0,0,0,1,0,1,0
0,0,0,0,49,0,0,0,0,1,0,0,0,1,30.2,1453.1,0,5214,29.061999999999998,0.005792098197161488,1,1,0,0,0,1,1,1,0,0,1,0,0,1,0,0,0,0,0,1,0,0,0,1
0,0,1,0,70,0,0,0,1,1,1,1,1,0,57.8,4039.3,0,5640,56.89154929577465,0.01024822695035461,5,0,0,0,0,0,1,1,0,0,0,0,1,1,0,0,0,0,0,1,0,1,0,0
0,0,1,0,53,1,0,0,0,0,0,0,0,1,19.85,1039.45,0,4836,19.249074074074073,0.004104631927212572,1,0,0,0,0,1,1,0,0,1,0,1,0,1,0,0,0,0,0,1,0,0,0,1
0,0,1,1,53,1,1,0,0,0,0,0,0,0,25.55,1336.1,0,5794,24.74259259259259,0.004409734207801174,2,0,0,0,0,1,1,0,0,1,0,0,1,0,1,0,0,0,0,1,0,1,0,0
0,0,0,0,22,1,1,0,0,0,0,0,0,1,24.85,493.4,0,3534,21.452173913043477,0.007031692133559706,2,1,0,0,0,1,1,0,0,1,1,0,0,0,1,0,0,1,0,0,0,0,0,1
0,1,0,0,65,1,1,1,0,1,1,1,1,1,110.35,7246.15,0,4295,109.7901515151515,0.02569266589057043,7,0,1,1,1,0,0,0,1,0,0,0,1,0,0,1,0,0,0,1,0,0,0,1
0,0,0,0,48,1,1,0,0,0,0,0,0,0,24.55,1203.95,0,5517,24.570408163265306,0.004449882182345478,2,0,0,0,0,1,1,0,0,1,0,1,0,1,0,0,0,0,1,0,0,1,0,0
0,0,0,0,3,1,1,0,1,1,0,1,1,0,107.95,313.6,0,3449,78.4,0.03129892722528269,6,1,0,1,0,1,1,0,1,0,1,0,0,0,0,0,1,0,0,0,1,0,1,0
0,0,1,0,45,1,1,0,1,0,0,0,0,0,81.4,3775.85,0,5602,82.08369565217392,0.014530524812566942,3,1,0,1,0,1,1,0,1,0,1,0,0,1,0,0,0,0,1,0,0,1,0,0
0,0,1,0,61,1,0,0,0,1,1,1,1,1,73.8,4616.05,0,6301,74.45241935483871,0.011712426598952547,5,0,0,0,0,0,1,1,0,0,0,0,1,1,0,0,0,0,0,1,0,1,0,0
0,0,0,0,3,1,0,1,0,0,1,1,0,1,64.4,195.65,0,5645,48.9125,0.011408325952170064,4,1,0,0,0,0,0,1,0,0,1,0,0,0,1,0,0,0,0,0,1,1,0,0
0,1,0,0,40,1,1,0,0,1,1,1,1,1,103.75,4188.4,0,3568,102.1560975609756,0.02907791479820628,6,0,0,1,1,0,1,0,1,0,0,1,0,0,1,0,0,0,1,0,0,0,0,1
0,0,0,0,1,1,0,0,0,0,0,0,0,0,71.1,71.1,0,3029,35.55,0.023473093430174972,1,1,0,1,0,1,1,0,1,0,1,0,0,0,0,0,1,0,0,0,1,0,1,0
0,0,0,0,1,1,0,0,0,0,1,0,0,1,49.9,49.9,0,4667,24.95,0.010692093421898436,2,1,1,0,0,0,1,1,0,0,1,0,0,0,0,1,0,0,0,0,1,0,0,1
0,0,0,0,51,1,1,0,0,0,0,0,0,1,24.6,1266.4,0,4886,24.353846153846156,0.005034793286942284,2,0,0,0,0,1,1,0,0,1,0,1,0,1,0,0,0,0,0,1,0,0,0,1
0,0,0,0,52,0,0,0,1,0,0,0,0,0,30.1,1623.4,0,6290,30.630188679245286,0.004785373608903021,1,0,0,0,0,1,1,1,0,0,0,1,0,0,0,0,1,0,0,1,0,1,0,0
0,0,0,0,51,1,1,0,0,0,0,0,1,0,83.4,4149.45,0,4191,79.79711538461538,0.019899785254115964,3,1,0,1,0,1,1,0,1,0,1,0,0,1,0,0,0,0,0,1,0,0,0,1
0,0,0,0,1,1,0,0,0,0,0,0,0,1,20.45,20.45,0,5384,10.225,0.003798291233283804,1,1,0,0,0,1,1,0,0,1,1,0,0,0,0,0,1,0,0,0,1,1,0,0
0,0,1,0,31,1,1,1,1,0,1,0,1,1,75.25,2344.5,0,4258,73.265625,0.01767261625176139,6,0,0,0,0,0,0,1,0,0,0,1,0,1,0,0,0,0,1,0,0,0,0,1
0,0,0,0,47,1,0,0,0,0,0,0,0,0,20.55,1013.05,0,3313,21.105208333333334,0.0062028373075762155,1,0,0,0,0,1,1,0,0,1,0,1,0,0,1,0,0,0,1,0,0,0,1,0
0,1,0,0,22,1,0,0,0,0,0,0,0,1,20.05,417.0,0,4327,18.130434782608695,0.004633695400970649,1,0,0,0,1,1,1,0,0,1,0,1,0,0,0,0,1,1,0,0,0,0,0,1
0,0,1,0,1,1,0,0,0,0,0,0,0,1,20.65,20.65,0,4517,10.325,0.004571618330750498,1,1,0,0,0,1,1,0,0,1,1,0,0,0,0,0,1,0,0,0,1,0,0,1
0,0,1,0,72,1,1,0,1,1,1,1,1,1,85.15,6316.2,0,6322,86.52328767123288,0.01346883897500791,7,0,0,0,0,0,1,1,0,0,0,0,1,1,0,0,0,0,0,1,0,1,0,0
0,1,1,1,47,1,0,0,1,0,0,1,0,1,84.95,4018.05,0,3384,83.70937500000001,0.02510342789598109,3,0,0,1,1,1,1,0,1,0,0,1,0,1,0,0,0,0,1,0,0,0,1,0
0,0,1,0,72,1,1,1,0,1,1,0,0,1,66.5,4811.6,0,4397,65.9123287671233,0.015123948146463497,5,0,0,0,0,0,0,1,0,0,0,0,1,0,1,0,0,0,0,1,0,0,0,1
0,0,1,0,66,1,1,0,0,1,0,1,0,1,63.3,4189.7,0,4186,62.53283582089552,0.015121834687052077,4,0,0,0,0,1,1,1,0,0,0,0,1,1,0,0,0,0,0,1,0,0,0,1
0,0,0,0,35,1,1,0,0,0,0,1,0,0,83.15,2848.45,0,2332,79.1236111111111,0.03565608919382505,3,1,1,1,0,1,1,0,1,0,1,0,0,0,0,1,0,0,1,0,0,0,1,0
0,0,0,0,29,1,1,0,0,0,0,0,1,1,84.9,2516.2,0,4388,83.87333333333332,0.019348222424794895,3,1,1,1,0,1,1,0,1,0,1,0,0,0,0,1,0,0,1,0,0,0,0,1
0,0,0,0,2,1,0,0,0,0,0,0,0,1,20.55,33.6,0,5629,11.200000000000001,0.0036507372535086163,1,1,0,0,0,1,1,0,0,1,1,0,0,0,0,0,1,0,0,0,1,1,0,0
0,0,0,0,4,1,0,0,1,0,0,0,0,0,49.25,208.45,0,3272,41.69,0.015051955990220049,2,1,0,0,0,1,1,1,0,0,1,0,0,0,0,0,1,0,0,0,1,0,1,0
0,0,0,0,65,1,0,1,1,0,1,0,0,1,59.6,3739.8,0,4372,56.663636363636364,0.01363220494053065,4,0,0,0,0,0,0,1,0,0,0,0,1,0,0,0,1,0,0,1,0,0,0,1
0,1,0,0,27,1,1,0,1,0,1,1,1,1,104.65,2964.0,0,3104,105.85714285714286,0.03371456185567011,6,0,0,1,1,0,1,0,1,0,0,1,0,1,0,0,0,0,1,0,0,0,1,0
0,0,1,0,29,1,0,0,0,1,0,0,0,1,75.3,2263.4,0,4910,75.44666666666667,0.015336048879837067,2,1,0,1,0,1,1,0,1,0,1,0,0,0,1,0,0,0,1,0,0,0,0,1
0,0,1,1,29,1,1,0,1,1,0,1,1,0,80.1,2211.8,0,4558,73.72666666666667,0.01757349714787187,6,1,0,0,0,1,1,1,0,0,1,0,0,0,1,0,0,0,1,0,0,0,0,1
0,0,1,0,20,1,0,0,0,1,1,0,0,1,81.0,1683.7,0,4741,80.17619047619048,0.017085003163889476,3,1,0,1,0,0,1,0,1,0,1,0,0,0,0,0,1,1,0,0,0,0,0,1
0,0,0,0,58,1,1,0,0,0,0,0,0,1,24.7,1519.0,0,5138,25.74576271186441,0.004807318022576878,2,0,0,0,0,1,1,0,0,1,0,0,1,0,1,0,0,0,0,1,0,0,0,1
0,0,0,1,14,1,1,1,0,0,1,0,0,1,86.0,1164.05,0,5494,77.60333333333332,0.015653440116490717,4,1,0,1,0,0,0,0,1,0,1,0,0,0,0,0,1,1,0,0,0,1,0,0
0,0,1,0,72,1,1,0,0,0,0,0,0,0,25.4,1710.9,0,5512,23.436986301369863,0.0046081277213352685,2,0,0,0,0,1,1,0,0,1,0,0,1,0,0,0,1,0,0,1,0,1,0,0
0,0,0,0,46,1,1,1,0,0,0,1,0,1,89.15,4245.55,0,5593,90.3308510638298,0.01593956731628822,4,1,0,1,0,1,0,0,1,0,1,0,0,0,1,0,0,0,1,0,0,1,0,0
0,0,1,0,71,0,0,0,1,1,1,1,1,0,58.25,4145.9,0,5224,57.58194444444444,0.011150459418070444,5,0,0,0,0,0,1,1,0,0,0,0,1,1,0,0,0,0,0,1,0,0,0,1
0,0,0,0,32,1,1,0,0,0,0,0,1,1,85.65,2664.3,0,2383,80.73636363636365,0.03594208980276962,3,1,0,1,0,1,1,0,1,0,1,0,0,1,0,0,0,0,1,0,0,0,1,0
0,0,0,0,26,0,0,0,0,1,0,1,1,1,50.35,1277.5,0,2510,47.31481481481482,0.020059760956175298,3,1,0,0,0,1,1,1,0,0,1,0,0,0,1,0,0,0,1,0,0,0,1,0
0,1,1,0,68,1,1,0,0,1,0,0,0,1,80.35,5589.3,0,5581,81.00434782608696,0.014397061458519978,3,1,0,1,1,1,1,0,1,0,1,0,0,0,1,0,0,0,0,1,0,1,0,0
0,0,1,0,2,1,0,0,0,0,0,0,0,0,20.2,34.75,0,3866,11.583333333333334,0.005225038799793067,1,0,0,0,0,1,1,0,0,1,0,1,0,0,0,0,1,0,0,0,1,0,0,1
0,0,1,0,61,1,0,0,0,0,0,0,0,0,20.55,1305.95,0,4446,21.063709677419357,0.0046221322537112015,1,0,0,0,0,1,1,0,0,1,0,0,1,0,1,0,0,0,0,1,0,0,0,1
0,1,1,0,9,1,0,0,0,0,0,0,0,1,21.25,204.55,0,2302,20.455000000000002,0.00923110338835795,1,1,0,0,1,1,1,0,0,1,1,0,0,0,0,0,1,0,0,0,1,0,1,0
0,0,0,0,22,1,1,0,0,0,0,0,0,0,26.25,605.9,0,5676,26.343478260869563,0.0046247357293868925,2,0,0,0,0,1,1,0,0,1,0,0,1,0,0,0,1,1,0,0,0,1,0,0
0,0,1,1,5,1,0,0,0,0,0,1,0,1,80.85,356.1,0,5109,59.35,0.01582501467997651,2,1,1,1,0,1,1,0,1,0,1,0,0,0,0,1,0,0,0,0,1,0,0,1
0,0,0,0,65,1,1,0,1,1,1,0,1,1,74.2,4805.65,0,4774,72.81287878787879,0.015542521994134898,6,0,0,0,0,0,1,1,0,0,0,0,1,0,1,0,0,0,0,1,0,0,0,1
0,0,0,0,5,1,0,0,0,0,0,0,0,0,20.35,92.75,0,2303,15.458333333333334,0.008836300477637865,1,1,0,0,0,1,1,0,0,1,1,0,0,0,0,0,1,0,0,0,1,0,1,0
0,0,1,1,25,1,0,0,1,0,0,0,0,1,75.5,1901.05,0,5985,73.11730769230769,0.012614870509607351,2,1,1,1,0,1,1,0,1,0,1,0,0,0,0,1,0,0,1,0,0,1,0,0
0,0,1,0,72,1,1,1,0,0,0,0,0,0,79.05,5730.7,0,4689,78.5027397260274,0.016858605246321177,3,0,0,1,0,1,0,0,1,0,0,0,1,1,0,0,0,0,0,1,0,0,0,1
0,0,1,0,27,1,1,0,0,1,0,0,1,0,90.15,2423.4,0,5750,86.55,0.015678260869565218,4,1,0,1,0,1,1,0,1,0,1,0,0,1,0,0,0,0,1,0,0,1,0,0
0,0,1,1,32,0,0,0,0,1,0,1,1,0,50.6,1653.45,0,3087,50.10454545454546,0.01639131843213476,3,1,0,0,0,1,1,1,0,0,1,0,0,0,1,0,0,0,1,0,0,0,1,0
0,0,0,0,30,1,1,0,1,1,1,1,1,0,110.45,3327.05,0,4983,107.3241935483871,0.022165362231587396,7,0,0,1,0,0,1,0,1,0,0,1,0,0,1,0,0,0,1,0,0,0,0,1
0,0,1,0,70,1,0,1,1,1,1,0,1,0,101.0,7085.5,0,5025,99.79577464788733,0.02009950248756219,6,0,0,1,0,0,0,0,1,0,0,0,1,0,1,0,0,0,0,1,0,0,0,1
0,1,0,0,42,1,1,0,1,0,0,0,0,1,79.35,3344.1,0,2399,77.76976744186047,0.0330762817840767,3,1,0,1,1,1,1,0,1,0,1,0,0,1,0,0,0,0,1,0,0,0,1,0
0,1,1,0,72,1,1,1,1,1,1,1,1,1,89.85,6697.35,0,5881,91.74452054794521,0.015278013943206936,8,0,0,0,1,0,0,1,0,0,0,0,1,1,0,0,0,0,0,1,0,1,0,0
0,0,0,0,47,1,1,1,0,1,1,0,0,1,65.0,2879.9,0,3286,59.99791666666667,0.01978088861838101,5,0,0,0,0,0,0,1,0,0,0,0,1,0,0,0,1,0,1,0,0,0,1,0
0,0,0,0,2,1,0,1,0,1,0,0,0,1,80.45,137.1,0,5602,45.699999999999996,0.014360942520528384,3,1,1,1,0,1,0,0,1,0,1,0,0,0,0,1,0,0,0,0,1,1,0,0
0,0,1,0,61,1,1,0,0,0,0,0,0,1,24.1,1551.6,0,5970,25.0258064516129,0.004036850921273032,2,0,0,0,0,1,1,0,0,1,0,0,1,0,0,0,1,0,0,1,0,1,0,0
0,0,0,0,5,1,0,0,0,0,0,0,0,1,44.05,202.15,0,5846,33.69166666666667,0.007535066712281902,1,1,0,0,0,1,1,1,0,0,1,0,0,0,1,0,0,0,0,0,1,1,0,0
0,1,1,0,72,1,1,0,1,1,1,1,1,1,110.8,7882.25,0,5933,107.97602739726027,0.018675206472273723,7,0,0,1,1,0,1,0,1,0,0,0,1,0,1,0,0,0,0,1,0,1,0,0
0,1,1,0,72,1,1,1,1,1,1,1,1,1,114.95,8196.4,0,6268,112.27945205479452,0.01833918315252074,8,0,0,1,1,0,0,0,1,0,0,0,1,1,0,0,0,0,0,1,0,1,0,0
0,1,0,0,3,1,0,0,0,1,0,0,0,0,75.05,202.9,0,3545,50.725,0.021170662905500705,2,1,0,1,1,1,1,0,1,0,1,0,0,0,0,0,1,0,0,0,1,0,0,1
0,0,1,0,48,1,0,0,0,0,0,0,0,0,19.25,855.1,0,2282,17.451020408163266,0.00843558282208589,1,0,0,0,0,1,1,0,0,1,0,0,1,0,0,0,1,0,1,0,0,0,1,0
0,0,0,0,63,1,0,0,0,1,1,1,0,1,90.05,5817.0,0,4039,90.890625,0.022295122555087893,4,0,0,1,0,0,1,0,1,0,0,1,0,0,1,0,0,0,0,1,0,0,0,1
0,0,0,0,27,1,0,1,1,0,0,0,0,1,56.7,1652.95,0,4472,59.033928571428575,0.012678890876565296,3,1,0,0,0,1,0,1,0,0,1,0,0,0,0,0,1,0,1,0,0,0,0,1
0,0,1,0,70,1,0,1,1,1,0,1,1,1,80.15,5600.15,0,5715,78.87535211267605,0.014024496937882765,6,0,0,0,0,1,0,1,0,0,0,0,1,0,1,0,0,0,0,1,0,1,0,0
0,0,1,1,7,1,0,1,0,1,1,0,1,1,71.35,515.75,0,3459,64.46875,0.02062734894478173,5,1,0,0,0,0,0,1,0,0,1,0,0,0,1,0,0,0,0,0,1,0,1,0
0,0,0,0,0,1,0,0,0,0,0,0,0,0,20.25,0.0,0,5504,0.0,0.003679142441860465,1,0,0,0,0,1,1,0,0,1,0,0,1,0,0,0,1,0,0,0,1,1,0,0
0,0,1,0,2,1,0,1,1,0,0,1,0,0,90.35,190.5,0,5361,63.5,0.01685319903003171,4,1,1,1,0,1,0,0,1,0,1,0,0,0,0,1,0,0,0,0,1,0,0,1
0,0,0,0,66,1,0,0,0,0,0,0,0,0,19.7,1253.8,0,4601,18.713432835820896,0.004281677896109541,1,0,0,0,0,1,1,0,0,1,0,0,1,1,0,0,0,0,0,1,0,0,0,1
0,0,0,0,3,1,0,0,0,0,0,0,0,0,19.85,57.2,0,5634,14.3,0.0035232516861909836,1,1,0,0,0,1,1,0,0,1,1,0,0,0,0,0,1,0,0,0,1,1,0,0
0,0,1,0,72,1,1,1,1,0,1,0,0,1,90.35,6563.4,0,5794,89.90958904109588,0.01559371763893683,5,0,0,1,0,0,0,0,1,0,0,0,1,1,0,0,0,0,0,1,0,1,0,0
0,0,0,0,1,1,0,0,0,0,0,0,0,0,20.8,20.8,0,3678,10.4,0.005655247417074497,1,1,0,0,0,1,1,0,0,1,1,0,0,0,0,0,1,0,0,0,1,0,0,1
0,0,1,0,72,1,1,1,0,1,1,0,0,0,66.85,4758.8,0,6264,65.18904109589042,0.010672094508301404,5,0,0,0,0,0,0,1,0,0,0,0,1,1,0,0,0,0,0,1,0,1,0,0
0,0,1,0,65,1,0,0,0,0,0,0,0,0,19.9,1292.6,0,6312,19.584848484848482,0.0031527249683143215,1,0,0,0,0,1,1,0,0,1,0,0,1,0,0,0,1,0,0,1,0,1,0,0
0,0,0,0,11,0,0,0,0,0,0,1,0,1,35.8,363.15,0,2534,30.2625,0.014127861089187056,1,1,0,0,0,1,1,1,0,0,1,0,0,0,0,0,1,0,0,0,1,0,1,0
0,0,0,0,22,1,1,0,1,0,0,0,0,1,78.85,1600.25,0,2444,69.57608695652173,0.03226268412438625,3,1,0,1,0,1,1,0,1,0,1,0,0,0,0,0,1,1,0,0,0,0,1,0
0,0,0,0,14,1,0,0,0,0,0,0,0,0,20.4,275.7,0,5068,18.38,0.004025256511444356,1,0,0,0,0,1,1,0,0,1,0,1,0,1,0,0,0,1,0,0,0,0,0,1
0,0,0,0,41,1,0,0,0,0,1,0,0,1,74.25,3089.1,0,3277,73.55,0.02265791882819652,2,1,1,1,0,0,1,0,1,0,1,0,0,0,0,1,0,0,1,0,0,0,1,0
0,0,1,0,17,1,0,1,1,0,0,0,1,0,64.8,1175.6,0,3546,65.3111111111111,0.0182741116751269,4,0,0,0,0,1,0,1,0,0,0,1,0,0,0,0,1,1,0,0,0,0,0,1
0,0,0,0,11,1,0,0,0,0,0,0,0,1,20.45,237.3,0,2642,19.775000000000002,0.007740348221044663,1,1,0,0,0,1,1,0,0,1,1,0,0,0,1,0,0,0,0,0,1,0,1,0
0,0,1,0,72,1,1,1,1,1,0,1,1,1,110.65,8065.65,0,4259,110.48835616438356,0.025980277060342803,7,0,0,1,0,1,0,0,1,0,0,0,1,0,1,0,0,0,0,1,0,0,0,1
0,0,1,1,3,0,0,0,1,0,0,0,1,0,40.3,92.5,0,5651,23.125,0.007131481153778092,2,1,0,0,0,1,1,1,0,0,1,0,0,0,0,0,1,0,0,0,1,1,0,0
0,0,1,0,59,1,1,1,1,1,1,0,1,1,107.0,6152.3,0,4620,102.53833333333334,0.02316017316017316,7,0,0,1,0,0,0,0,1,0,0,1,0,0,1,0,0,0,0,1,0,0,0,1
0,0,1,0,71,1,0,0,1,0,1,1,1,1,73.35,5154.5,0,5124,71.59027777777777,0.014314988290398125,5,0,0,0,0,0,1,1,0,0,0,0,1,0,1,0,0,0,0,1,0,0,0,1
0,0,1,1,5,1,0,0,0,0,0,0,0,0,44.8,220.45,0,2492,36.74166666666667,0.01797752808988764,1,1,0,0,0,1,1,1,0,0,1,0,0,0,0,0,1,0,0,0,1,0,1,0
0,0,1,1,27,1,0,1,1,0,0,0,0,1,54.75,1510.3,0,3519,53.93928571428571,0.01555839727195226,3,1,0,0,0,1,0,1,0,0,1,0,0,0,1,0,0,0,1,0,0,0,0,1
0,0,0,0,63,0,0,1,1,0,1,0,0,1,40.6,2588.95,0,6406,40.45234375,0.0063378083047143305,3,0,0,0,0,0,0,1,0,0,0,1,0,1,0,0,0,0,0,1,0,1,0,0
0,0,1,0,72,1,1,1,0,0,0,0,0,0,55.3,3983.6,0,6259,54.56986301369863,0.008835277200830802,3,0,0,0,0,1,0,1,0,0,0,0,1,1,0,0,0,0,0,1,0,1,0,0
0,0,1,0,34,1,1,1,0,0,1,0,0,1,60.85,2003.6,0,3012,57.245714285714286,0.020202523240371847,4,1,0,0,0,0,0,1,0,0,1,0,0,1,0,0,0,0,1,0,0,0,1,0
0,0,1,0,24,1,1,1,1,0,0,1,1,0,78.4,1832.4,0,2506,73.296,0.03128491620111732,6,0,1,0,0,1,0,1,0,0,0,1,0,0,0,1,0,1,0,0,0,0,1,0
0,0,0,0,72,1,1,1,1,1,1,0,0,0,69.65,4908.25,0,4262,67.23630136986301,0.016342092914124827,6,0,0,0,0,0,0,1,0,0,0,0,1,1,0,0,0,0,0,1,0,0,0,1
0,0,1,0,60,0,0,1,0,1,1,1,1,0,59.85,3590.2,0,5790,58.85573770491803,0.01033678756476684,5,0,0,0,0,0,0,1,0,0,0,0,1,0,1,0,0,0,0,1,0,1,0,0
0,0,0,0,68,1,1,1,1,1,0,0,1,1,76.9,5023.0,0,5355,72.79710144927536,0.014360410830999067,6,0,0,0,0,1,0,1,0,0,0,1,0,0,1,0,0,0,0,1,0,0,0,1
0,0,1,0,8,1,0,0,0,0,0,0,0,1,19.85,146.6,0,3260,16.288888888888888,0.006088957055214724,1,0,0,0,0,1,1,0,0,1,0,0,1,0,0,0,1,0,0,0,1,0,1,0
0,0,0,0,34,1,0,1,0,1,1,1,0,0,67.65,2339.3,0,4263,66.83714285714287,0.015869106263194935,5,0,0,0,0,0,0,1,0,0,0,0,1,0,1,0,0,0,1,0,0,0,0,1
0,0,0,0,6,0,0,0,0,0,0,1,1,0,45.0,298.7,0,2270,42.67142857142857,0.019823788546255508,2,1,0,0,0,1,1,1,0,0,1,0,0,0,1,0,0,0,0,0,1,0,1,0
0,0,1,0,2,1,0,0,1,0,1,0,1,1,64.2,143.65,0,4369,47.88333333333333,0.014694438086518654,4,1,0,0,0,0,1,1,0,0,1,0,0,0,0,0,1,0,0,0,1,0,0,1
0,0,0,0,31,1,1,0,0,0,1,0,0,0,81.7,2548.65,0,4850,79.6453125,0.016845360824742268,3,0,0,1,0,0,1,0,1,0,0,1,0,0,1,0,0,0,1,0,0,0,0,1
0,0,1,1,20,1,1,0,0,0,0,0,0,1,25.55,507.4,0,3235,24.16190476190476,0.007897990726429676,2,1,0,0,0,1,1,0,0,1,1,0,0,1,0,0,0,1,0,0,0,0,1,0
0,0,1,1,1,1,0,0,0,0,0,0,0,0,20.0,20.0,0,2358,10.0,0.008481764206955046,1,1,1,0,0,1,1,0,0,1,1,0,0,0,0,1,0,0,0,0,1,0,1,0
0,1,1,0,70,1,1,0,0,0,0,0,0,1,75.65,5411.4,0,4181,76.2169014084507,0.01809375747428845,2,0,0,1,1,1,1,0,1,0,0,0,1,0,1,0,0,0,0,1,0,0,0,1
0,0,1,0,39,1,1,0,0,0,0,0,0,1,23.8,903.8,0,3970,22.595,0.005994962216624686,2,0,0,0,0,1,1,0,0,1,0,0,1,0,0,0,1,0,1,0,0,0,0,1
0,0,1,0,46,1,0,0,1,0,1,1,0,1,64.2,3009.5,0,4699,64.03191489361703,0.013662481379016813,4,0,0,0,0,0,1,1,0,0,0,0,1,0,1,0,0,0,1,0,0,0,0,1
0,0,1,0,72,1,1,0,0,1,0,1,1,1,76.8,5468.45,0,5120,74.91027397260274,0.015,5,0,0,0,0,1,1,1,0,0,0,0,1,1,0,0,0,0,0,1,0,0,0,1
0,0,0,0,18,1,0,0,0,1,1,0,0,0,55.2,1058.1,0,2110,55.68947368421052,0.026161137440758295,3,1,0,0,0,0,1,1,0,0,1,0,0,0,1,0,0,1,0,0,0,0,1,0
0,0,1,0,71,1,1,1,0,1,1,1,1,1,108.55,7616.0,0,4111,105.77777777777777,0.026404767696424226,7,0,0,1,0,0,0,0,1,0,0,0,1,0,1,0,0,0,0,1,0,0,0,1
0,0,1,0,42,1,1,0,0,0,0,0,0,0,25.25,1108.2,0,3052,25.772093023255817,0.008273263433813892,2,0,1,0,0,1,1,0,0,1,0,0,1,0,0,1,0,0,1,0,0,0,1,0
0,0,1,0,34,0,0,1,0,0,0,0,0,0,30.4,938.65,0,4697,26.818571428571428,0.006472216308281882,1,0,0,0,0,1,0,1,0,0,0,1,0,1,0,0,0,0,1,0,0,0,0,1
0,1,0,0,5,1,0,0,0,0,0,0,0,0,20.05,94.15,0,2154,15.691666666666668,0.009308263695450325,1,1,0,0,1,1,1,0,0,1,1,0,0,1,0,0,0,0,0,0,1,0,1,0
0,0,0,0,25,1,1,0,0,0,0,1,0,1,84.6,2088.05,0,4874,80.3096153846154,0.017357406647517438,3,1,0,1,0,1,1,0,1,0,1,0,0,0,0,0,1,0,1,0,0,0,0,1
0,0,1,1,55,1,0,0,1,1,1,1,1,1,103.7,5656.75,0,5892,101.01339285714286,0.017600135777325186,6,0,0,1,0,0,1,0,1,0,0,1,0,1,0,0,0,0,0,1,0,1,0,0
0,0,1,0,70,1,1,1,1,0,1,0,0,1,88.0,5986.45,0,4867,84.3161971830986,0.01808095335935895,5,0,0,1,0,0,0,0,1,0,0,0,1,0,1,0,0,0,0,1,0,0,0,1
0,0,1,0,61,1,1,0,0,1,1,1,1,1,106.35,6751.35,0,5632,108.89274193548388,0.018883167613636363,6,1,1,1,0,0,1,0,1,0,1,0,0,0,0,1,0,0,0,1,0,1,0,0
0,0,1,0,43,1,0,1,0,1,1,1,1,1,79.15,3566.6,0,3716,81.05909090909091,0.02129978471474704,6,0,0,0,0,0,0,1,0,0,0,0,1,0,1,0,0,0,1,0,0,0,0,1
0,0,0,0,47,1,1,0,1,1,0,1,1,1,103.1,4889.3,0,5029,101.86041666666667,0.020501093656790613,6,0,1,1,0,1,1,0,1,0,0,1,0,0,0,1,0,0,1,0,0,0,0,1
0,0,0,0,5,1,0,0,0,1,1,1,0,1,63.95,318.1,0,3099,53.01666666666667,0.02063568893191352,4,1,0,0,0,0,1,1,0,0,1,0,0,0,1,0,0,0,0,0,1,0,1,0
0,0,0,0,62,1,1,0,0,0,0,0,0,1,25.8,1563.95,0,6201,24.824603174603176,0.004160619254958878,2,0,0,0,0,1,1,0,0,1,0,0,1,0,1,0,0,0,0,1,0,1,0,0
0,0,1,1,14,1,1,0,0,0,0,0,0,0,25.55,372.45,0,2080,24.83,0.012283653846153847,2,1,0,0,0,1,1,0,0,1,1,0,0,0,0,0,1,1,0,0,0,0,1,0
0,0,1,1,34,0,0,0,0,1,1,1,0,1,44.85,1442.6,0,5569,41.21714285714285,0.008053510504578918,3,1,1,0,0,0,1,1,0,0,1,0,0,0,0,1,0,0,1,0,0,1,0,0
0,0,1,1,38,1,1,0,0,0,0,0,0,0,25.05,963.95,0,3772,24.71666666666667,0.006641039236479322,2,0,0,0,0,1,1,0,0,1,0,0,1,0,1,0,0,0,1,0,0,0,0,1
0,0,1,0,70,1,0,1,1,1,1,0,1,0,74.1,5222.3,0,6325,73.55352112676057,0.011715415019762846,6,0,0,0,0,0,0,1,0,0,0,1,0,0,1,0,0,0,0,1,0,1,0,0
0,0,1,1,37,1,1,0,1,0,0,1,0,1,88.8,3340.55,0,3746,87.90921052631579,0.02370528563801388,4,1,1,1,0,1,1,0,1,0,1,0,0,0,0,1,0,0,1,0,0,0,0,1
0,1,1,1,60,1,1,1,1,0,0,0,1,1,93.25,5774.55,0,4353,94.66475409836066,0.02142200781070526,5,1,1,1,1,1,0,0,1,0,1,0,0,0,0,1,0,0,0,1,0,0,0,1
0,0,1,0,62,1,0,1,0,1,1,0,1,0,71.4,4487.3,0,5327,71.22698412698414,0.01340341655716163,5,0,0,0,0,0,0,1,0,0,0,1,0,0,1,0,0,0,0,1,0,0,0,1
0,0,0,0,36,1,0,1,0,1,1,1,1,1,79.2,2854.95,0,4830,77.1608108108108,0.01639751552795031,6,1,0,0,0,0,0,1,0,0,1,0,0,0,1,0,0,0,1,0,0,0,0,1
0,0,0,0,44,1,0,0,0,0,0,0,0,0,20.4,905.55,0,2404,20.12333333333333,0.00848585690515807,1,0,0,0,0,1,1,0,0,1,0,0,1,0,1,0,0,0,1,0,0,0,1,0
0,0,1,0,72,1,1,1,0,1,0,1,1,1,105.0,7589.8,0,5678,103.96986301369863,0.018492426910884114,6,0,0,1,0,1,0,0,1,0,0,0,1,0,1,0,0,0,0,1,0,1,0,0
0,0,0,0,13,0,0,1,0,0,0,0,0,1,30.85,394.1,0,2444,28.150000000000002,0.012622749590834698,1,1,0,0,0,1,0,1,0,0,1,0,0,1,0,0,0,1,0,0,0,0,1,0
0,0,1,0,15,1,0,0,0,0,0,0,0,0,20.55,295.95,0,3009,18.496875,0.0068295114656031905,1,0,0,0,0,1,1,0,0,1,0,1,0,0,0,0,1,1,0,0,0,0,1,0
0,0,0,0,65,1,0,1,1,1,1,1,1,1,84.85,5459.2,0,5434,82.71515151515152,0.01561464850938535,7,0,0,0,0,0,0,1,0,0,0,0,1,1,0,0,0,0,0,1,0,1,0,0
0,0,1,0,12,0,0,1,0,0,1,0,0,0,33.15,444.75,0,3882,34.21153846153846,0.008539412673879443,2,0,0,0,0,0,0,1,0,0,0,1,0,0,1,0,0,0,0,0,1,0,0,1
0,0,1,0,72,1,1,1,1,1,1,1,1,1,92.0,6782.15,0,5883,92.90616438356165,0.015638279789223185,8,0,0,0,0,0,0,1,0,0,0,0,1,0,1,0,0,0,0,1,0,1,0,0
0,0,1,0,72,1,1,1,1,1,1,1,1,0,89.8,6510.45,0,5762,89.18424657534246,0.015584866365845192,8,0,0,0,0,0,0,1,0,0,0,0,1,0,1,0,0,0,0,1,0,1,0,0
0,0,1,1,72,1,1,1,1,1,1,1,1,1,115.8,8476.5,0,5841,116.11643835616438,0.01982537236774525,8,0,0,1,0,0,0,0,1,0,0,0,1,1,0,0,0,0,0,1,0,1,0,0
0,0,0,0,52,1,1,1,1,0,1,1,1,1,85.15,4461.85,0,4322,84.18584905660379,0.019701527070800556,7,0,0,0,0,0,0,1,0,0,0,0,1,0,0,0,1,0,0,1,0,0,0,1
0,0,0,0,2,1,1,0,0,0,0,0,0,0,24.85,62.0,0,5983,20.666666666666668,0.00415343473173993,2,1,0,0,0,1,1,0,0,1,1,0,0,0,0,0,1,0,0,0,1,1,0,0
0,0,0,0,5,1,0,1,0,0,1,1,0,1,64.35,352.65,0,4771,58.775,0.013487738419618528,4,1,1,0,0,0,0,1,0,0,1,0,0,0,0,1,0,0,0,0,1,0,0,1
0,0,0,0,68,1,0,0,0,0,0,0,0,0,20.5,1424.9,0,4201,20.65072463768116,0.004879790526065223,1,0,0,0,0,1,1,0,0,1,0,0,1,0,1,0,0,0,0,1,0,0,0,1
0,0,0,0,72,1,1,1,1,0,1,1,1,0,86.05,6309.65,0,5965,86.43356164383562,0.014425817267393126,7,0,0,0,0,0,0,1,0,0,0,0,1,0,1,0,0,0,0,1,0,1,0,0
0,0,1,0,66,1,1,1,1,0,1,0,0,0,89.0,5898.6,0,4488,88.03880597014926,0.019830659536541888,5,0,1,1,0,0,0,0,1,0,0,1,0,0,0,1,0,0,0,1,0,0,0,1
0,0,1,0,72,0,0,1,1,1,1,1,1,1,64.8,4719.75,0,4036,64.6541095890411,0.016055500495540137,6,0,0,0,0,0,0,1,0,0,0,0,1,0,1,0,0,0,0,1,0,0,0,1
0,0,0,0,26,1,0,0,0,0,0,0,0,0,19.8,457.3,0,5823,16.937037037037037,0.0034003091190108192,1,0,0,0,0,1,1,0,0,1,0,1,0,0,1,0,0,0,1,0,0,1,0,0
0,0,1,1,64,1,1,1,0,1,0,0,1,0,93.4,5822.3,0,6249,89.57384615384616,0.014946391422627622,5,0,0,1,0,1,0,0,1,0,0,0,1,1,0,0,0,0,0,1,0,1,0,0
0,0,1,0,62,0,0,0,0,0,1,1,0,1,39.0,2337.45,0,4987,37.10238095238095,0.007820332865450171,2,0,0,0,0,0,1,1,0,0,0,0,1,1,0,0,0,0,0,1,0,0,0,1
0,0,0,0,5,1,0,0,0,0,0,0,0,1,20.5,104.3,0,5263,17.383333333333333,0.0038951168535056053,1,1,0,0,0,1,1,0,0,1,1,0,0,0,0,0,1,0,0,0,1,0,0,1
0,0,0,1,3,1,1,0,0,0,0,0,0,1,26.4,121.25,0,4315,30.3125,0.006118192352259559,2,0,0,0,0,1,1,0,0,1,0,0,1,0,0,0,1,0,0,0,1,0,0,1
0,0,1,0,72,1,1,1,0,1,1,1,0,1,98.2,7015.9,0,4332,96.10821917808218,0.022668513388734997,6,0,0,1,0,0,0,0,1,0,0,0,1,1,0,0,0,0,0,1,0,0,0,1
0,0,1,1,57,1,0,0,1,1,0,1,1,1,97.55,5598.0,0,5833,96.51724137931035,0.016723812789302246,5,0,0,1,0,1,1,0,1,0,0,1,0,0,1,0,0,0,0,1,0,1,0,0
0,0,0,1,66,1,0,0,0,0,0,0,0,0,19.95,1269.1,0,6382,18.941791044776117,0.0031259793168285804,1,0,0,0,0,1,1,0,0,1,0,0,1,0,1,0,0,0,0,1,0,1,0,0
0,0,0,1,45,1,1,0,0,1,0,1,1,0,99.7,4634.35,0,3333,100.74673913043479,0.029912991299129915,5,0,0,1,0,1,1,0,1,0,0,0,1,1,0,0,0,0,1,0,0,0,1,0
0,0,0,0,3,0,0,0,0,0,0,1,0,1,34.8,113.95,0,2496,28.4875,0.013942307692307691,1,1,0,0,0,1,1,1,0,0,1,0,0,0,1,0,0,0,0,0,1,0,1,0
0,0,0,0,51,0,0,1,0,1,1,1,1,0,60.15,3077.0,0,5404,59.17307692307692,0.011130643967431532,5,0,0,0,0,0,0,1,0,0,0,1,0,1,0,0,0,0,0,1,0,1,0,0
0,0,0,0,60,1,1,1,0,1,1,0,0,0,64.75,4039.5,0,6408,66.22131147540983,0.010104556803995007,5,0,1,0,0,0,0,1,0,0,0,1,0,0,0,1,0,0,0,1,0,1,0,0
0,0,0,0,33,1,1,0,1,0,0,0,0,1,54.65,1665.2,0,5201,48.976470588235294,0.010507594693328206,3,1,0,0,0,1,1,1,0,0,1,0,0,1,0,0,0,0,1,0,0,0,0,1
0,1,0,0,26,1,0,0,0,0,0,0,0,0,19.3,504.2,0,2269,18.674074074074074,0.008505949757602469,1,0,0,0,1,1,1,0,0,1,0,1,0,0,1,0,0,0,1,0,0,0,1,0
0,0,1,0,67,1,1,1,0,1,1,1,1,1,111.25,7511.65,0,5649,110.46544117647058,0.01969375110639051,7,0,1,1,0,0,0,0,1,0,0,1,0,0,0,1,0,0,0,1,0,1,0,0
0,0,1,0,49,0,0,1,0,0,1,0,0,1,35.8,1782.0,0,4865,35.64,0.007358684480986638,2,0,0,0,0,0,0,1,0,0,0,1,0,0,1,0,0,0,0,1,0,0,0,1
0,0,0,0,1,1,0,0,0,0,0,0,0,1,20.05,20.05,0,5368,10.025,0.003735096870342772,1,1,0,0,0,1,1,0,0,1,1,0,0,0,0,0,1,0,0,0,1,0,0,1
0,1,0,0,7,1,0,0,0,1,0,1,0,1,84.35,609.65,0,2107,76.20625,0.040033222591362126,3,1,1,1,1,1,1,0,1,0,1,0,0,0,0,1,0,0,0,0,1,0,1,0
0,1,0,0,27,1,1,1,1,1,0,1,1,1,110.5,2857.6,0,4997,102.05714285714285,0.022113267960776464,7,0,0,1,1,1,0,0,1,0,0,1,0,1,0,0,0,0,1,0,0,0,0,1
0,0,1,1,37,1,0,0,0,0,0,1,1,0,91.2,3247.55,0,5263,85.46184210526316,0.017328519855595668,3,0,0,1,0,1,1,0,1,0,0,1,0,0,1,0,0,0,1,0,0,0,0,1
0,0,1,1,31,1,1,1,0,1,1,0,0,0,89.3,2823.0,0,2132,88.21875,0.04188555347091932,5,1,1,1,0,0,0,0,1,0,1,0,0,0,0,1,0,0,1,0,0,0,1,0
0,1,0,0,32,1,1,0,0,1,0,0,0,1,81.1,2619.25,0,2143,79.37121212121212,0.03784414372375175,3,1,0,1,1,1,1,0,1,0,1,0,0,0,1,0,0,0,1,0,0,0,1,0
0,0,1,0,63,1,1,0,0,0,1,0,0,1,81.2,4965.1,0,6063,77.5796875,0.013392709879597559,3,0,0,1,0,0,1,0,1,0,0,1,0,0,1,0,0,0,0,1,0,1,0,0
0,0,0,0,30,1,1,1,1,0,0,0,1,1,94.3,2679.7,0,4219,86.44193548387096,0.02235126807300308,5,1,0,1,0,1,0,0,1,0,1,0,0,0,1,0,0,0,1,0,0,0,0,1
0,0,1,0,71,1,1,1,1,1,1,1,1,1,116.1,8310.55,0,5027,115.42430555555555,0.02309528545852397,8,0,0,1,0,0,0,0,1,0,0,0,1,1,0,0,0,0,0,1,0,0,0,1
0,0,0,0,53,1,1,0,1,1,0,1,1,0,105.55,5682.25,0,5731,105.22685185185185,0.018417379165939628,6,0,1,1,0,1,1,0,1,0,0,0,1,0,0,1,0,0,0,1,0,1,0,0
0,0,1,0,50,1,1,1,1,0,0,0,1,1,94.4,4914.9,0,5548,96.37058823529411,0.01701514059120404,5,1,0,1,0,1,0,0,1,0,1,0,0,0,1,0,0,0,0,1,0,1,0,0
0,0,0,0,2,1,0,0,0,0,0,0,0,0,19.5,27.55,0,4836,9.183333333333334,0.004032258064516129,1,1,0,0,0,1,1,0,0,1,1,0,0,0,0,0,1,0,0,0,1,0,0,1
0,0,1,0,56,1,0,1,1,1,0,1,1,1,105.6,6068.65,0,4196,106.46754385964911,0.025166825548141085,6,0,0,1,0,1,0,0,1,0,0,1,0,0,1,0,0,0,0,1,0,0,0,1
0,0,1,0,67,1,0,1,1,1,0,1,1,0,81.35,5398.6,0,4219,79.39117647058823,0.019281820336572646,6,0,0,0,0,1,0,1,0,0,0,0,1,0,1,0,0,0,0,1,0,0,0,1
0,0,0,0,4,1,0,0,0,0,0,1,0,1,56.4,234.85,0,5344,46.97,0.010553892215568862,2,1,1,0,0,1,1,1,0,0,1,0,0,0,0,1,0,0,0,0,1,0,0,1
0,0,0,0,19,1,0,0,1,0,1,0,1,1,65.35,1231.85,0,2051,61.592499999999994,0.031862506094588,4,0,0,0,0,0,1,1,0,0,0,1,0,1,0,0,0,1,0,0,0,0,1,0
0,0,0,1,8,1,0,0,0,0,0,0,0,0,19.95,170.9,0,5919,18.98888888888889,0.003370501773948302,1,1,0,0,0,1,1,0,0,1,1,0,0,0,0,0,1,0,0,0,1,1,0,0
0,0,0,0,71,1,1,0,1,1,1,1,1,1,111.25,7984.15,0,4361,110.89097222222222,0.025510204081632654,7,0,1,1,0,0,1,0,1,0,0,0,1,0,0,1,0,0,0,1,0,0,0,1
0,1,0,0,15,1,1,0,1,0,0,1,0,0,89.0,1288.3,0,4452,80.51875,0.019991015274034143,4,1,0,1,1,1,1,0,1,0,1,0,0,0,1,0,0,1,0,0,0,0,0,1
0,0,1,1,72,1,1,1,0,1,0,1,1,1,106.1,7848.5,0,6283,107.51369863013699,0.016886837498010503,6,0,0,1,0,1,0,0,1,0,0,1,0,1,0,0,0,0,0,1,0,1,0,0
0,0,0,0,12,1,0,0,0,0,0,0,0,0,20.05,267.0,0,4018,20.53846153846154,0.0049900447984071675,1,0,0,0,0,1,1,0,0,1,0,1,0,0,1,0,0,0,0,0,1,0,0,1
0,0,1,1,72,1,1,0,0,0,0,0,0,1,25.2,1798.9,0,6499,24.64246575342466,0.003877519618402831,2,0,0,0,0,1,1,0,0,1,0,0,1,1,0,0,0,0,0,1,0,1,0,0
0,1,0,0,23,1,0,1,0,0,0,0,0,1,75.4,1643.55,0,2491,68.48125,0.030268968285828986,2,1,0,1,1,1,0,0,1,0,1,0,0,1,0,0,0,1,0,0,0,0,1,0
0,0,0,0,72,0,0,1,1,1,1,1,1,1,65.55,4807.45,0,4266,65.8554794520548,0.015365682137834036,6,0,0,0,0,0,0,1,0,0,0,0,1,1,0,0,0,0,0,1,0,0,0,1
0,0,0,0,26,1,1,0,0,1,0,0,0,1,80.7,2193.0,0,4501,81.22222222222223,0.017929349033548102,3,1,1,1,0,1,1,0,1,0,1,0,0,0,0,1,0,0,1,0,0,0,0,1
0,0,0,0,21,1,0,0,1,1,1,1,1,1,104.55,2239.4,0,3471,101.7909090909091,0.030121002592912706,6,0,0,1,0,0,1,0,1,0,0,1,0,0,0,0,1,1,0,0,0,0,0,1
0,0,1,0,60,1,1,0,0,0,0,0,0,0,24.15,1505.9,0,4501,24.686885245901642,0.005365474339035769,2,0,0,0,0,1,1,0,0,1,0,1,0,1,0,0,0,0,0,1,0,0,0,1
0,0,0,0,12,1,0,0,0,0,0,0,0,0,20.45,255.35,0,4883,19.642307692307693,0.004187999180831456,1,1,0,0,0,1,1,0,0,1,1,0,0,0,0,0,1,0,0,0,1,0,0,1
0,0,1,0,16,1,1,0,0,0,0,0,0,1,75.4,1189.4,0,5432,69.96470588235294,0.013880706921944036,2,1,1,1,0,1,1,0,1,0,1,0,0,0,0,1,0,1,0,0,0,1,0,0
0,0,1,0,63,1,1,1,1,0,0,1,1,1,79.7,4786.15,0,4010,74.78359375,0.019875311720698254,6,0,0,0,0,1,0,1,0,0,0,1,0,0,1,0,0,0,0,1,0,0,0,1
0,1,0,0,22,1,0,1,1,0,0,0,0,0,81.7,1820.9,0,5602,79.16956521739131,0.014584077115315959,3,1,1,1,1,1,0,0,1,0,1,0,0,0,0,1,0,1,0,0,0,1,0,0
0,0,1,1,32,1,0,1,1,1,1,0,1,0,76.3,2404.15,0,5324,72.85303030303031,0.014331329827197595,6,1,0,0,0,0,0,1,0,0,1,0,0,1,0,0,0,0,1,0,0,0,0,1
0,0,1,1,68,1,1,0,1,0,1,1,1,1,103.75,7039.45,0,4121,102.02101449275362,0.025175928172773598,6,0,0,1,0,0,1,0,1,0,0,0,1,0,1,0,0,0,0,1,0,0,0,1
0,0,1,1,30,1,0,0,0,1,0,0,1,0,86.45,2538.05,0,2923,81.87258064516129,0.029575778309955527,3,0,1,1,0,1,1,0,1,0,0,1,0,0,0,1,0,0,1,0,0,0,1,0
0,0,0,0,16,1,0,0,1,0,0,0,0,0,75.1,1212.85,0,5176,71.34411764705882,0.014509273570324574,2,1,0,1,0,1,1,0,1,0,1,0,0,1,0,0,0,1,0,0,0,0,0,1
0,0,0,0,33,1,0,0,1,0,1,0,0,0,80.6,2651.1,0,5542,77.9735294117647,0.014543486106098881,3,0,0,1,0,0,1,0,1,0,0,0,1,1,0,0,0,0,1,0,0,1,0,0
0,0,1,0,72,1,0,0,0,0,0,0,0,0,19.3,1304.8,0,4035,17.873972602739727,0.004783147459727385,1,0,0,0,0,1,1,0,0,1,0,0,1,0,1,0,0,0,0,1,0,0,0,1
0,0,0,0,12,0,0,1,0,0,1,0,0,1,33.6,435.45,0,2990,33.496153846153845,0.011237458193979933,2,0,0,0,0,0,0,1,0,0,0,1,0,0,0,0,1,0,0,0,1,0,1,0
0,1,1,0,4,1,1,0,0,0,0,1,0,1,83.25,308.05,0,5251,61.61,0.01585412302418587,3,1,1,1,1,1,1,0,1,0,1,0,0,0,0,1,0,0,0,0,1,0,0,1
0,0,1,0,0,1,0,1,1,1,0,1,1,0,80.85,0.0,0,2048,0.0,0.0394775390625,6,0,0,0,0,1,0,1,0,0,0,0,1,0,0,0,1,0,0,0,1,0,1,0
0,0,1,0,65,1,1,0,1,1,1,1,1,1,108.05,7118.9,0,6047,107.86212121212121,0.017868364478253677,7,0,0,1,0,0,1,0,1,0,0,1,0,0,1,0,0,0,0,1,0,1,0,0
0,0,0,0,15,1,0,0,0,0,0,0,0,0,19.9,320.45,0,3366,20.028125,0.005912061794414735,1,1,0,0,0,1,1,0,0,1,1,0,0,0,0,0,1,1,0,0,0,0,1,0
0,0,0,0,24,1,0,0,0,0,0,0,0,0,21.05,531.55,0,2050,21.261999999999997,0.01026829268292683,1,0,0,0,0,1,1,0,0,1,0,1,0,1,0,0,0,1,0,0,0,0,1,0
0,0,0,1,13,0,0,0,1,0,0,0,0,0,30.15,382.2,0,3540,27.3,0.008516949152542372,1,1,1,0,0,1,1,1,0,0,1,0,0,0,0,1,0,1,0,0,0,0,0,1
0,0,0,0,24,1,0,0,0,0,0,0,1,1,79.85,2001.0,0,5128,80.04,0.015571372854914195,2,1,0,1,0,1,1,0,1,0,1,0,0,0,1,0,0,1,0,0,0,0,0,1
0,0,1,0,72,0,0,1,1,1,1,1,1,0,65.5,4919.7,0,4119,67.3931506849315,0.015901917941247876,6,0,0,0,0,0,0,1,0,0,0,0,1,1,0,0,0,0,0,1,0,0,0,1
0,0,1,1,54,1,1,1,1,0,0,1,1,1,104.1,5645.8,0,5795,102.6509090909091,0.01796376186367558,6,1,0,1,0,1,0,0,1,0,1,0,0,1,0,0,0,0,0,1,0,1,0,0
0,0,1,1,4,1,0,0,0,0,0,0,0,1,20.5,77.6,0,5053,15.52,0.004056995844053037,1,1,0,0,0,1,1,0,0,1,1,0,0,0,0,0,1,0,0,0,1,0,0,1
0,1,1,1,32,1,1,0,0,1,0,1,0,1,91.35,2896.55,0,2965,87.77424242424243,0.030809443507588533,4,1,0,1,1,1,1,0,1,0,1,0,0,0,0,0,1,0,1,0,0,0,1,0
0,0,1,1,35,1,0,0,0,0,0,0,0,0,20.5,759.35,0,2009,21.093055555555555,0.01020408163265306,1,0,0,0,0,1,1,0,0,1,0,0,1,1,0,0,0,0,1,0,0,0,1,0
0,0,0,0,8,1,0,0,1,0,0,0,0,0,75.6,535.55,0,2934,59.50555555555555,0.02576687116564417,2,1,1,1,0,1,1,0,1,0,1,0,0,0,0,1,0,0,0,0,1,0,1,0
0,0,0,0,22,1,0,1,0,0,1,0,0,0,55.1,1253.15,0,2729,54.48478260869565,0.020190545987541223,3,1,0,0,0,0,0,1,0,0,1,0,0,0,0,0,1,1,0,0,0,0,1,0
0,0,0,0,15,1,0,1,0,1,1,0,0,0,58.95,955.15,0,4497,59.696875,0.013108739159439628,4,1,1,0,0,0,0,1,0,0,1,0,0,0,0,1,0,1,0,0,0,0,0,1
0,0,0,0,22,1,1,0,0,0,0,1,1,1,95.1,2162.6,0,3729,94.02608695652174,0.025502815768302493,4,1,1,1,0,1,1,0,1,0,1,0,0,0,0,1,0,1,0,0,0,0,0,1
0,0,1,1,71,1,1,0,0,0,0,0,0,0,25.45,1813.35,0,4993,25.185416666666665,0.005097135990386541,2,0,0,0,0,1,1,0,0,1,0,0,1,1,0,0,0,0,0,1,0,0,0,1
0,0,0,0,4,1,0,1,0,1,0,0,0,0,56.75,245.15,0,2401,49.03,0.023635985006247397,3,1,1,0,0,1,0,1,0,0,1,0,0,0,0,1,0,0,0,0,1,0,1,0
0,0,0,0,25,1,1,1,1,1,1,0,1,0,81.75,2028.8,0,5917,78.03076923076922,0.013816123035321953,7,1,0,0,0,0,0,1,0,0,1,0,0,1,0,0,0,0,1,0,0,1,0,0
0,0,1,1,32,1,0,0,1,0,0,1,0,1,86.1,2723.75,0,4970,82.53787878787878,0.01732394366197183,3,1,1,1,0,1,1,0,1,0,1,0,0,0,0,1,0,0,1,0,0,0,0,1
0,1,1,0,7,0,0,1,0,0,0,0,0,0,29.8,220.45,0,2587,27.55625,0.011519134132199458,1,1,0,0,1,1,0,1,0,0,1,0,0,1,0,0,0,0,0,0,1,0,1,0
0,0,0,0,17,1,0,0,0,0,0,0,0,1,20.5,365.8,0,2259,20.322222222222223,0.009074811863656485,1,0,0,0,0,1,1,0,0,1,0,1,0,0,0,0,1,1,0,0,0,0,1,0
0,1,1,0,8,1,0,1,0,0,0,1,0,0,60.9,551.95,0,2136,61.32777777777778,0.02851123595505618,3,1,0,0,1,1,0,1,0,0,1,0,0,1,0,0,0,0,0,0,1,0,1,0
0,1,0,0,56,1,1,1,0,1,1,0,1,0,73.25,4054.2,0,4011,71.12631578947368,0.018262278733482924,6,0,0,0,1,0,0,1,0,0,0,0,1,1,0,0,0,0,0,1,0,0,0,1
0,0,0,1,3,1,0,0,0,0,0,0,0,0,20.85,60.65,0,5868,15.1625,0.0035531697341513297,1,1,0,0,0,1,1,0,0,1,1,0,0,0,0,0,1,0,0,0,1,1,0,0
0,0,0,0,71,1,0,1,1,1,1,1,0,0,77.35,5550.1,0,4846,77.08472222222223,0.015961617829137433,6,0,0,0,0,0,0,1,0,0,0,0,1,0,1,0,0,0,0,1,0,0,0,1
0,0,1,0,49,1,1,1,1,0,0,1,0,1,93.85,4733.1,0,5698,94.662,0.01647069147069147,5,1,0,1,0,1,0,0,1,0,1,0,0,1,0,0,0,0,0,1,0,1,0,0
0,0,0,0,58,1,0,0,1,1,1,1,0,0,70.1,4048.95,0,4474,68.62627118644068,0.015668305766651763,5,0,0,0,0,0,1,1,0,0,0,0,1,1,0,0,0,0,0,1,0,0,0,1
0,0,1,0,59,1,0,0,1,0,1,1,1,1,75.95,4542.35,0,5446,75.70583333333335,0.013946015424164526,5,0,0,0,0,0,1,1,0,0,0,0,1,0,1,0,0,0,0,1,0,1,0,0
0,0,0,0,11,1,1,0,0,0,0,0,0,0,75.25,888.65,0,5902,74.05416666666666,0.012749915282954931,2,1,1,1,0,1,1,0,1,0,1,0,0,0,0,1,0,0,0,0,1,1,0,0
0,0,1,0,35,1,0,1,0,0,1,0,0,1,54.95,1916.0,0,4858,53.22222222222222,0.011311239193083574,3,0,0,0,0,0,0,1,0,0,0,1,0,1,0,0,0,0,1,0,0,0,0,1
0,0,0,0,20,1,0,0,0,0,0,0,0,1,19.5,413.0,0,5409,19.666666666666668,0.0036051026067665,1,1,0,0,0,1,1,0,0,1,1,0,0,1,0,0,0,1,0,0,0,1,0,0
0,0,1,1,40,1,0,0,0,0,0,0,0,0,19.6,808.95,0,2630,19.73048780487805,0.007452471482889735,1,0,0,0,0,1,1,0,0,1,0,0,1,0,0,0,1,0,1,0,0,0,1,0
0,0,0,0,39,1,0,1,0,0,0,0,0,1,47.85,1886.4,0,5531,47.160000000000004,0.008651238474055325,2,0,1,0,0,1,0,1,0,0,0,1,0,0,0,1,0,0,1,0,0,1,0,0
0,0,1,1,72,1,1,0,0,0,0,0,0,0,23.75,1679.25,0,4923,23.003424657534246,0.004824294129595775,2,0,0,0,0,1,1,0,0,1,0,0,1,1,0,0,0,0,0,1,0,0,0,1
0,0,0,0,12,1,0,0,0,0,0,0,0,0,43.8,540.95,0,5706,41.611538461538466,0.007676130389064143,1,1,0,0,0,1,1,1,0,0,1,0,0,1,0,0,0,0,0,0,1,1,0,0
0,0,0,0,1,1,0,0,0,0,0,0,0,0,19.75,19.75,0,3595,9.875,0.005493741307371349,1,1,0,0,0,1,1,0,0,1,1,0,0,1,0,0,0,0,0,0,1,0,0,1
0,0,0,1,27,1,0,0,0,0,0,0,0,0,19.15,537.35,0,4004,19.19107142857143,0.0047827172827172824,1,1,0,0,0,1,1,0,0,1,1,0,0,0,0,0,1,0,1,0,0,0,0,1
0,0,1,0,34,1,0,0,0,0,0,0,0,0,19.6,678.8,0,4669,19.39428571428571,0.004197901049475263,1,0,0,0,0,1,1,0,0,1,0,1,0,0,1,0,0,0,1,0,0,0,0,1
0,0,1,0,56,1,0,1,0,1,0,0,0,0,80.3,4513.65,0,6203,79.18684210526315,0.012945349024665483,3,0,0,1,0,1,0,0,1,0,0,0,1,1,0,0,0,0,0,1,0,1,0,0
0,0,0,0,58,1,1,0,0,0,0,0,0,0,24.35,1423.85,0,6190,24.133050847457625,0.003933764135702747,2,0,0,0,0,1,1,0,0,1,0,0,1,0,1,0,0,0,0,1,0,1,0,0
0,0,1,1,22,1,1,0,0,0,0,0,0,0,25.25,555.4,0,4386,24.14782608695652,0.005756953944368445,2,0,0,0,0,1,1,0,0,1,0,0,1,0,1,0,0,1,0,0,0,0,0,1
0,0,1,1,10,1,1,0,0,0,0,0,0,0,26.1,225.55,0,3179,20.504545454545454,0.008210128971374646,2,0,0,0,0,1,1,0,0,1,0,0,1,0,1,0,0,0,0,0,1,0,1,0
0,0,0,0,13,1,0,0,0,0,0,0,0,0,20.0,268.45,0,3037,19.175,0.006585446163977609,1,0,0,0,0,1,1,0,0,1,0,0,1,0,1,0,0,1,0,0,0,0,1,0
0,0,1,0,72,1,0,0,0,0,0,0,0,0,20.7,1492.1,0,6317,20.43972602739726,0.003276871932879531,1,0,0,0,0,1,1,0,0,1,0,0,1,1,0,0,0,0,0,1,0,1,0,0
0,0,0,0,2,1,0,0,0,0,1,1,1,0,70.3,132.4,0,4799,44.13333333333333,0.014648885184413419,4,1,1,0,0,0,1,1,0,0,1,0,0,0,0,1,0,0,0,0,1,0,0,1
0,0,1,1,4,1,0,0,0,0,0,0,0,1,69.55,284.9,0,3708,56.98,0.018756742179072274,1,1,0,1,0,1,1,0,1,0,1,0,0,0,0,0,1,0,0,0,1,0,0,1
0,0,0,0,37,1,0,0,0,0,0,0,0,0,19.85,784.25,0,3408,20.638157894736842,0.0058245305164319255,1,0,0,0,0,1,1,0,0,1,0,0,1,0,0,0,1,0,1,0,0,0,1,0
0,0,0,0,21,1,0,0,0,0,0,0,0,0,20.0,417.7,0,2366,18.986363636363635,0.0084530853761623,1,1,0,0,0,1,1,0,0,1,1,0,0,0,0,0,1,1,0,0,0,0,1,0
0,1,1,0,53,1,1,0,0,0,0,1,1,1,95.85,5016.25,0,5325,92.89351851851852,0.018,4,0,0,1,1,1,1,0,1,0,0,1,0,0,1,0,0,0,0,1,0,0,0,1
0,1,1,0,23,1,0,0,0,0,0,0,0,1,20.75,485.2,0,3418,20.216666666666665,0.006070801638385021,1,0,1,0,1,1,1,0,0,1,0,1,0,0,0,1,0,1,0,0,0,0,1,0
0,0,0,0,3,1,0,1,0,0,0,0,0,1,50.15,160.85,0,2085,40.2125,0.02405275779376499,2,1,0,0,0,1,0,1,0,0,1,0,0,0,0,0,1,0,0,0,1,0,1,0
0,0,1,0,71,0,0,1,1,0,1,1,1,0,58.65,4145.25,0,4151,57.572916666666664,0.014129125511924837,5,0,0,0,0,0,0,1,0,0,0,0,1,0,0,0,1,0,0,1,0,0,0,1
0,0,0,0,9,1,0,0,0,0,1,1,1,1,95.9,827.45,0,5017,82.745,0.01911500896950369,4,1,0,1,0,0,1,0,1,0,1,0,0,1,0,0,0,0,0,0,1,0,0,1
0,0,0,0,1,1,0,0,1,0,0,0,0,0,49.5,49.5,0,5262,24.75,0.009407069555302166,2,1,1,0,0,1,1,1,0,0,1,0,0,0,0,1,0,0,0,0,1,0,0,1
0,0,1,0,71,1,1,1,1,1,1,0,1,1,80.1,5585.4,0,6045,77.57499999999999,0.01325062034739454,7,0,0,0,0,0,0,1,0,0,0,0,1,0,0,0,1,0,0,1,0,1,0,0
0,0,0,0,64,1,1,0,0,0,0,0,0,1,24.4,1601.2,0,5887,24.633846153846154,0.004144725666723289,2,0,0,0,0,1,1,0,0,1,0,1,0,1,0,0,0,0,0,1,0,1,0,0
0,0,0,0,4,0,0,0,0,0,1,0,1,1,40.05,162.45,0,2664,32.489999999999995,0.015033783783783783,2,1,1,0,0,0,1,1,0,0,1,0,0,0,0,1,0,0,0,0,1,0,1,0
0,0,0,0,23,1,0,0,0,0,0,0,0,1,19.5,470.2,0,5652,19.591666666666665,0.0034501061571125266,1,1,0,0,0,1,1,0,0,1,1,0,0,0,0,0,1,1,0,0,0,1,0,0
0,0,1,1,39,1,0,1,0,0,0,0,0,0,51.05,2066.0,0,3154,51.65,0.0161857958148383,2,1,0,0,0,1,0,1,0,0,1,0,0,0,1,0,0,0,1,0,0,0,1,0
0,0,1,0,28,1,0,1,0,0,1,0,0,0,54.35,1426.45,0,5105,49.18793103448276,0.010646425073457396,3,0,0,0,0,0,0,1,0,0,0,1,0,0,0,0,1,0,1,0,0,0,0,1
0,1,0,0,5,1,0,0,1,0,0,1,0,1,84.7,392.5,0,2660,65.41666666666667,0.031842105263157894,3,1,1,1,1,1,1,0,1,0,1,0,0,0,0,1,0,0,0,0,1,0,1,0
0,1,1,0,45,1,0,0,0,1,0,0,1,1,86.1,3861.45,0,2701,83.9445652173913,0.03187708256201407,3,1,1,1,1,1,1,0,1,0,1,0,0,0,0,1,0,0,1,0,0,0,1,0
0,0,0,0,37,1,0,0,0,0,0,0,0,1,70.35,2552.9,0,5402,67.18157894736842,0.013022954461310625,1,1,0,1,0,1,1,0,1,0,1,0,0,0,0,0,1,0,1,0,0,1,0,0
0,1,1,0,60,1,0,1,1,1,1,1,1,1,110.0,6668.35,0,4953,109.31721311475411,0.022208762366242682,7,0,0,1,1,0,0,0,1,0,0,0,1,1,0,0,0,0,0,1,0,0,0,1
0,0,0,0,47,1,1,1,0,1,0,1,0,0,94.9,4615.25,0,4510,96.15104166666667,0.021042128603104213,5,0,0,1,0,1,0,0,1,0,0,1,0,0,1,0,0,0,1,0,0,0,0,1
0,0,1,1,50,1,0,0,0,0,0,0,0,1,69.75,3557.7,0,4539,69.75882352941176,0.015366820885657634,1,1,0,1,0,1,1,0,1,0,1,0,0,1,0,0,0,0,0,1,0,0,0,1
0,0,1,1,27,1,1,0,0,0,1,1,1,0,71.6,1957.1,0,3773,69.89642857142857,0.018976941425921018,5,1,0,0,0,0,1,1,0,0,1,0,0,1,0,0,0,0,1,0,0,0,0,1
0,0,1,0,62,1,1,0,0,0,0,0,0,0,23.65,1416.75,0,4671,22.488095238095237,0.005063155641190323,2,0,0,0,0,1,1,0,0,1,0,0,1,1,0,0,0,0,0,1,0,0,0,1
0,0,1,0,71,1,0,1,0,1,1,1,1,0,81.85,5924.4,0,4090,82.28333333333333,0.020012224938875306,6,0,0,0,0,0,0,1,0,0,0,0,1,1,0,0,0,0,0,1,0,0,0,1
0,0,0,0,66,1,1,0,0,0,0,0,0,0,25.1,1697.7,0,6025,25.338805970149256,0.00416597510373444,2,0,0,0,0,1,1,0,0,1,0,0,1,0,0,0,1,0,0,1,0,1,0,0
0,0,1,1,68,1,1,1,1,1,1,1,1,1,114.7,7849.85,0,5671,113.7659420289855,0.020225709751366602,8,0,0,1,0,0,0,0,1,0,0,0,1,1,0,0,0,0,0,1,0,1,0,0
0,0,0,0,13,0,0,0,0,1,0,1,1,0,49.15,649.4,0,3000,46.385714285714286,0.016383333333333333,3,1,1,0,0,1,1,1,0,0,1,0,0,0,0,1,0,1,0,0,0,0,1,0
0,0,1,0,56,1,0,0,0,0,0,0,1,1,80.9,4557.5,0,5344,79.95614035087719,0.015138473053892217,2,0,1,1,0,1,1,0,1,0,0,1,0,0,0,1,0,0,0,1,0,0,0,1
0,0,0,0,16,1,0,0,0,0,0,0,0,1,19.3,360.35,0,2870,21.197058823529414,0.006724738675958189,1,0,0,0,0,1,1,0,0,1,0,1,0,1,0,0,0,1,0,0,0,0,1,0
0,0,1,1,14,1,0,0,0,0,0,0,0,0,70.2,1046.5,0,5819,69.76666666666667,0.012063928510053274,1,1,1,1,0,1,1,0,1,0,1,0,0,0,0,1,0,1,0,0,0,1,0,0
0,0,0,0,8,1,0,1,0,0,1,0,0,0,54.25,447.75,0,2237,49.75,0.024251229324988823,3,0,0,0,0,0,0,1,0,0,0,1,0,1,0,0,0,0,0,0,1,0,1,0
0,0,1,1,43,1,1,0,0,1,0,1,1,1,99.3,4209.95,0,3280,95.68068181818181,0.030274390243902438,5,1,0,1,0,1,1,0,1,0,1,0,0,1,0,0,0,0,1,0,0,0,1,0
0,0,0,0,52,1,1,1,0,1,1,1,0,0,74.0,3877.65,0,5806,73.16320754716982,0.012745435756114365,6,0,0,0,0,0,0,1,0,0,0,1,0,0,1,0,0,0,0,1,0,1,0,0
0,0,0,0,3,1,0,0,0,0,1,0,0,1,50.25,152.3,0,2166,38.075,0.023199445983379502,2,1,0,0,0,0,1,1,0,0,1,0,0,0,0,0,1,0,0,0,1,0,1,0
0,0,0,0,29,1,0,0,0,0,0,0,0,1,19.8,572.2,0,5696,19.073333333333334,0.003476123595505618,1,0,0,0,0,1,1,0,0,1,0,1,0,0,0,0,1,0,1,0,0,1,0,0
0,0,1,1,16,0,0,0,0,0,0,0,1,1,35.5,552.7,0,2069,32.51176470588236,0.017158047365877234,1,1,0,0,0,1,1,1,0,0,1,0,0,0,1,0,0,1,0,0,0,0,1,0
0,0,0,0,40,1,1,0,0,1,1,1,1,1,80.75,3208.65,0,2047,78.25975609756098,0.039447972642892036,6,0,0,0,0,0,1,1,0,0,0,1,0,0,0,0,1,0,1,0,0,0,1,0
0,0,0,0,36,1,0,0,0,0,0,0,0,0,19.55,620.75,0,2691,16.777027027027028,0.007264957264957265,1,0,0,0,0,1,1,0,0,1,0,1,0,0,0,0,1,0,1,0,0,0,1,0
0,0,1,0,26,1,0,0,0,0,0,0,0,1,20.05,505.9,0,2403,18.737037037037037,0.00834373699542239,1,0,0,0,0,1,1,0,0,1,0,1,0,1,0,0,0,0,1,0,0,0,1,0
0,1,1,0,72,1,1,1,1,1,0,1,1,1,112.4,8046.85,0,6144,110.23082191780823,0.018294270833333334,7,0,1,1,1,1,0,0,1,0,0,0,1,0,0,1,0,0,0,1,0,1,0,0
0,0,1,0,34,1,0,0,0,0,1,0,0,0,50.2,1815.3,0,4352,51.86571428571428,0.011534926470588236,2,1,0,0,0,0,1,1,0,0,1,0,0,1,0,0,0,0,1,0,0,0,0,1
0,0,0,0,10,1,0,1,0,0,1,1,0,0,62.25,612.95,0,3415,55.722727272727276,0.018228404099560763,4,1,0,0,0,0,0,1,0,0,1,0,0,1,0,0,0,0,0,0,1,0,1,0
0,0,0,0,14,1,0,1,0,0,1,0,0,0,55.7,795.15,0,4978,53.01,0.011189232623543592,3,0,0,0,0,0,0,1,0,0,0,1,0,0,0,0,1,1,0,0,0,0,0,1
0,0,1,0,47,1,0,0,0,0,0,0,0,0,19.65,973.1,0,2021,20.272916666666667,0.009722909450766946,1,0,0,0,0,1,1,0,0,1,0,0,1,0,0,0,1,0,1,0,0,0,1,0
0,0,1,0,24,1,0,1,0,0,1,0,1,1,89.25,2210.2,0,5436,88.40799999999999,0.01641832229580574,4,1,1,1,0,0,0,0,1,0,1,0,0,0,0,1,0,1,0,0,0,1,0,0
0,1,0,0,20,1,0,1,0,0,1,0,0,0,54.0,1055.9,0,5090,50.280952380952385,0.010609037328094302,3,0,0,0,1,0,0,1,0,0,0,1,0,0,0,0,1,1,0,0,0,0,0,1
0,0,0,0,22,0,0,0,0,1,1,1,1,0,56.75,1304.85,0,4574,56.73260869565217,0.012407083515522518,4,0,0,0,0,0,1,1,0,0,0,0,1,1,0,0,0,1,0,0,0,0,0,1
0,0,0,0,1,1,0,0,0,0,0,0,0,0,21.1,21.1,0,2810,10.55,0.007508896797153025,1,1,0,0,0,1,1,0,0,1,1,0,0,0,0,0,1,0,0,0,1,0,1,0
0,0,1,1,59,1,1,0,1,0,1,0,1,1,96.65,5580.8,0,5266,93.01333333333334,0.01835358906190657,5,1,0,1,0,0,1,0,1,0,1,0,0,1,0,0,0,0,0,1,0,0,0,1
0,0,1,0,58,1,1,0,0,0,0,0,0,1,24.5,1497.9,0,4455,25.38813559322034,0.005499438832772166,2,0,0,0,0,1,1,0,0,1,0,1,0,0,1,0,0,0,0,1,0,0,0,1
0,1,0,0,59,1,1,0,1,0,0,0,0,1,79.2,4590.35,0,5400,76.50583333333334,0.014666666666666666,3,0,0,1,1,1,1,0,1,0,0,0,1,0,1,0,0,0,0,1,0,1,0,0
0,0,1,1,3,1,0,0,0,0,0,0,0,1,69.55,200.2,0,5998,50.05,0.011595531843947982,1,1,1,1,0,1,1,0,1,0,1,0,0,0,0,1,0,0,0,0,1,1,0,0
0,0,0,0,32,1,0,0,0,0,0,0,0,1,20.05,614.45,0,3398,18.61969696969697,0.005900529723366687,1,0,0,0,0,1,1,0,0,1,0,0,1,1,0,0,0,0,1,0,0,0,1,0
0,1,1,0,46,1,1,0,0,1,0,1,1,1,98.85,4564.9,0,2641,97.12553191489361,0.03742900416508898,5,1,1,1,1,1,1,0,1,0,1,0,0,0,0,1,0,0,1,0,0,0,1,0
0,0,1,1,0,1,1,0,0,0,0,0,0,0,25.75,0.0,0,4950,0.0,0.005202020202020202,2,0,0,0,0,1,1,0,0,1,0,0,1,0,0,0,1,0,0,0,1,0,0,1
0,0,1,0,52,1,0,0,0,0,0,0,0,0,19.6,1012.4,0,4848,19.10188679245283,0.004042904290429044,1,0,0,0,0,1,1,0,0,1,0,1,0,0,1,0,0,0,0,1,0,0,0,1
0,0,0,0,32,1,1,1,0,0,1,0,0,0,87.65,2766.4,0,2426,83.83030303030303,0.03612943116240726,4,1,0,1,0,0,0,0,1,0,1,0,0,1,0,0,0,0,1,0,0,0,1,0
0,0,0,0,16,1,1,0,0,0,0,0,0,1,74.75,1129.35,0,3574,66.43235294117646,0.02091494124230554,2,1,0,1,0,1,1,0,1,0,1,0,0,0,1,0,0,1,0,0,0,0,0,1
0,0,0,0,51,1,1,1,1,1,0,1,1,0,107.45,5680.9,0,5446,109.24807692307692,0.01973007712082262,7,0,0,1,0,1,0,0,1,0,0,1,0,1,0,0,0,0,0,1,0,1,0,0
0,0,0,0,29,1,0,0,0,1,1,1,1,1,75.35,2243.9,0,4422,74.79666666666667,0.017039800995024876,5,0,0,0,0,0,1,1,0,0,0,1,0,1,0,0,0,0,1,0,0,0,0,1
0,0,1,0,70,1,0,1,1,1,1,0,0,0,64.95,4523.25,0,5669,63.70774647887324,0.01145704709825366,5,0,0,0,0,0,0,1,0,0,0,0,1,0,1,0,0,0,0,1,0,1,0,0
0,0,1,1,71,1,1,1,0,1,1,0,1,0,100.45,7159.7,0,6171,99.44027777777778,0.01627775076972938,6,0,1,1,0,0,0,0,1,0,0,0,1,0,0,1,0,0,0,1,0,1,0,0
0,0,1,0,41,1,1,0,1,1,0,1,0,0,68.5,2839.95,0,3877,67.61785714285713,0.01766830023213825,5,0,0,0,0,1,1,1,0,0,0,1,0,1,0,0,0,0,1,0,0,0,0,1
0,0,0,0,1,1,0,0,0,0,0,1,0,1,80.55,80.55,0,3154,40.275,0.02553899809765377,2,1,1,1,0,1,1,0,1,0,1,0,0,0,0,1,0,0,0,0,1,0,1,0
0,0,1,0,7,1,0,1,0,1,1,1,1,0,81.25,580.1,0,5928,72.5125,0.013706140350877192,6,1,0,0,0,0,0,1,0,0,1,0,0,1,0,0,0,0,0,0,1,1,0,0
0,0,1,1,67,1,1,1,1,0,1,0,0,0,89.55,6038.55,0,6194,88.80220588235295,0.01445753955440749,5,0,1,1,0,0,0,0,1,0,0,1,0,0,0,1,0,0,0,1,0,1,0,0
0,0,1,1,5,1,1,0,0,0,1,0,0,1,55.7,259.4,0,3598,43.23333333333333,0.01548082267926626,3,1,0,0,0,0,1,1,0,0,1,0,0,0,0,0,1,0,0,0,1,0,0,1
0,0,0,1,15,1,1,0,0,0,0,0,0,1,24.8,324.15,0,3965,20.259375,0.006254728877679697,2,1,1,0,0,1,1,0,0,1,1,0,0,0,0,1,0,1,0,0,0,0,0,1
0,0,1,1,20,1,0,0,0,0,0,0,0,0,20.0,417.65,0,3402,19.888095238095236,0.005878894767783657,1,1,1,0,0,1,1,0,0,1,1,0,0,0,0,1,0,1,0,0,0,0,1,0
0,0,1,1,54,1,1,0,1,0,1,1,1,1,105.2,5637.85,0,5546,102.50636363636364,0.018968626036783266,6,0,1,1,0,0,1,0,1,0,0,1,0,0,0,1,0,0,0,1,0,1,0,0
0,0,0,0,42,1,0,0,0,0,0,0,0,1,19.55,839.4,0,5293,19.52093023255814,0.0036935575288116382,1,0,0,0,0,1,1,0,0,1,0,1,0,0,0,0,1,0,1,0,0,0,0,1
0,0,1,0,9,1,0,0,0,0,0,0,1,1,79.75,769.1,0,4654,76.91,0.017135797163730124,2,1,1,1,0,1,1,0,1,0,1,0,0,0,0,1,0,0,0,0,1,0,0,1
0,0,0,0,63,1,1,0,1,0,0,1,1,0,97.45,6253.0,0,4769,97.703125,0.020434053260641644,5,0,0,1,0,1,1,0,1,0,0,0,1,1,0,0,0,0,0,1,0,0,0,1
0,0,1,0,69,1,1,0,0,0,0,0,0,0,24.25,1641.8,0,4884,23.454285714285714,0.0049651924651924655,2,0,0,0,0,1,1,0,0,1,0,0,1,1,0,0,0,0,0,1,0,0,0,1
0,0,0,0,69,1,1,0,0,0,0,0,0,0,24.6,1678.05,0,5294,23.972142857142856,0.004646769928220627,2,0,0,0,0,1,1,0,0,1,0,0,1,0,1,0,0,0,0,1,0,0,0,1
0,0,1,0,40,1,0,0,1,0,0,0,0,1,50.15,2058.5,0,2454,50.207317073170735,0.0204360228198859,2,1,0,0,0,1,1,1,0,0,1,0,0,0,0,0,1,0,1,0,0,0,1,0
0,0,0,0,60,0,0,1,1,1,0,0,0,0,39.6,2424.5,0,5544,39.74590163934426,0.0071428571428571435,3,0,0,0,0,1,0,1,0,0,0,0,1,1,0,0,0,0,0,1,0,1,0,0
0,1,0,0,71,1,1,1,1,1,1,1,1,0,89.85,6293.45,0,4994,87.40902777777778,0.017991589907889467,8,0,0,0,1,0,0,1,0,0,0,0,1,0,0,0,1,0,0,1,0,0,0,1
0,0,1,0,32,1,1,0,1,0,0,1,1,1,98.85,3145.9,0,3981,95.33030303030303,0.024830444611906553,5,1,0,1,0,1,1,0,1,0,1,0,0,0,1,0,0,0,1,0,0,0,0,1
0,0,0,0,39,1,1,0,0,0,1,0,0,1,53.85,2200.7,0,2380,55.0175,0.02262605042016807,3,0,0,0,0,0,1,1,0,0,0,0,1,0,1,0,0,0,1,0,0,0,1,0
0,0,0,0,38,1,1,0,0,0,0,0,0,1,24.25,914.4,0,2997,23.446153846153845,0.008091424758091425,2,0,1,0,0,1,1,0,0,1,0,1,0,0,0,1,0,0,1,0,0,0,1,0
0,0,0,0,52,1,1,0,0,1,0,0,1,1,89.45,4577.75,0,5386,86.37264150943396,0.016607872261418494,4,0,0,1,0,1,1,0,1,0,0,0,1,0,1,0,0,0,0,1,0,1,0,0
0,0,1,1,48,1,1,1,1,0,0,1,1,1,105.25,4997.5,0,4275,101.98979591836735,0.024619883040935674,6,1,0,1,0,1,0,0,1,0,1,0,0,0,1,0,0,0,1,0,0,0,0,1
0,0,1,0,70,0,0,1,0,1,1,1,1,0,59.5,4144.8,0,4031,58.3774647887324,0.014760605308856364,5,0,0,0,0,0,0,1,0,0,0,0,1,1,0,0,0,0,0,1,0,0,0,1
0,0,0,0,20,1,0,0,0,0,0,0,0,0,70.55,1493.55,0,5790,71.12142857142857,0.012184801381692574,1,1,0,1,0,1,1,0,1,0,1,0,0,0,1,0,0,1,0,0,0,1,0,0
0,0,0,0,50,1,1,1,0,1,1,1,1,1,82.5,4179.1,0,5258,81.94313725490197,0.015690376569037656,7,0,0,0,0,0,0,1,0,0,0,1,0,0,1,0,0,0,0,1,0,0,0,1
0,0,1,0,25,1,0,1,1,1,0,0,0,1,61.6,1611.0,0,3807,61.96153846153846,0.016180719726819018,4,0,0,0,0,1,0,1,0,0,0,1,0,1,0,0,0,0,1,0,0,0,0,1
0,0,0,0,12,1,0,0,1,0,0,0,0,1,49.05,593.05,0,4244,45.61923076923077,0.011557492931196983,2,1,0,0,0,1,1,1,0,0,1,0,0,1,0,0,0,0,0,0,1,0,0,1
0,0,1,0,23,1,0,1,1,1,1,0,0,1,66.25,1533.8,0,2072,63.90833333333333,0.03197393822393822,5,0,0,0,0,0,0,1,0,0,0,1,0,0,0,0,1,1,0,0,0,0,1,0
0,0,0,0,27,1,0,0,0,0,0,0,0,1,19.4,529.8,0,3792,18.92142857142857,0.005116033755274261,1,1,1,0,0,1,1,0,0,1,1,0,0,0,0,1,0,0,1,0,0,0,0,1
0,1,0,0,47,1,1,0,0,0,0,1,0,1,86.05,3865.6,0,5527,80.53333333333333,0.015569024787407272,3,1,0,1,1,1,1,0,1,0,1,0,0,0,1,0,0,0,1,0,0,1,0,0
0,0,1,1,26,1,0,0,0,0,0,0,0,1,19.15,515.75,0,4347,19.10185185185185,0.004405337014032666,1,0,0,0,0,1,1,0,0,1,0,0,1,0,1,0,0,0,1,0,0,0,0,1
0,0,0,1,2,1,0,0,0,0,0,0,0,0,19.25,48.35,0,4725,16.116666666666667,0.004074074074074074,1,1,0,0,0,1,1,0,0,1,1,0,0,0,0,0,1,0,0,0,1,0,0,1
0,0,1,1,26,1,0,1,1,0,0,0,0,0,81.95,2070.05,0,2817,76.66851851851852,0.02909123180688676,3,1,1,1,0,1,0,0,1,0,1,0,0,0,0,1,0,0,1,0,0,0,1,0
0,1,1,0,72,1,1,1,1,1,1,1,1,1,114.65,8333.95,0,5408,114.16369863013699,0.02120007396449704,8,0,0,1,1,0,0,0,1,0,0,0,1,1,0,0,0,0,0,1,0,1,0,0
0,0,1,1,63,1,0,0,0,0,0,0,0,0,20.0,1209.25,0,5975,18.89453125,0.0033472803347280333,1,0,0,0,0,1,1,0,0,1,0,0,1,0,1,0,0,0,0,1,0,1,0,0
0,0,1,1,71,1,0,0,0,0,0,0,0,0,19.8,1396.25,0,5406,19.39236111111111,0.0036625971143174254,1,0,0,0,0,1,1,0,0,1,0,0,1,0,0,0,1,0,0,1,0,1,0,0
0,0,1,1,11,1,1,1,0,0,0,1,0,1,65.15,723.35,0,5942,60.27916666666667,0.010964321777179402,4,1,0,0,0,1,0,1,0,0,1,0,0,1,0,0,0,0,0,0,1,1,0,0
0,1,1,0,14,1,0,0,0,0,0,0,0,0,19.65,228.65,0,2962,15.243333333333334,0.00663403106009453,1,0,0,0,1,1,1,0,0,1,0,1,0,0,0,0,1,1,0,0,0,0,1,0
0,0,0,0,13,1,1,1,1,1,1,1,1,0,88.95,1161.75,0,5407,82.98214285714286,0.01645089698538931,8,0,0,0,0,0,0,1,0,0,0,0,1,0,1,0,0,1,0,0,0,1,0,0
0,0,0,1,6,1,0,0,0,0,0,0,0,1,20.2,98.35,0,3478,14.049999999999999,0.005807935595169638,1,1,0,0,0,1,1,0,0,1,1,0,0,0,0,0,1,0,0,0,1,0,0,1
0,1,1,1,11,1,1,0,0,0,0,0,0,1,75.2,775.3,0,5193,64.60833333333333,0.01448103215867514,2,1,0,1,1,1,1,0,1,0,1,0,0,0,1,0,0,0,0,0,1,0,0,1
0,0,1,0,18,1,1,0,1,0,0,0,0,0,56.8,1074.65,0,5558,56.56052631578948,0.01021950341849586,3,1,0,0,0,1,1,1,0,0,1,0,0,0,1,0,0,1,0,0,0,1,0,0
0,0,1,0,32,1,0,1,0,0,0,0,0,1,75.5,2324.7,0,3131,70.44545454545454,0.02411370169274992,2,1,0,1,0,1,0,0,1,0,1,0,0,1,0,0,0,0,1,0,0,0,1,0
0,0,0,0,29,0,0,1,0,0,1,0,0,0,35.6,1072.6,0,3898,35.75333333333333,0.00913288866085172,2,0,0,0,0,0,0,1,0,0,0,1,0,0,0,0,1,0,1,0,0,0,0,1
0,0,0,0,3,1,1,0,0,0,0,1,0,1,60.25,170.5,0,4830,42.625,0.012474120082815735,3,1,1,0,0,1,1,1,0,0,1,0,0,0,0,1,0,0,0,0,1,0,0,1
0,0,0,0,41,0,0,0,1,0,0,0,1,1,40.35,1677.85,0,2454,39.94880952380952,0.016442542787286064,2,1,1,0,0,1,1,1,0,0,1,0,0,0,0,1,0,0,1,0,0,0,1,0
0,0,0,0,1,1,0,0,0,0,0,0,0,0,18.85,18.85,0,5084,9.425,0.0037077104642014164,1,1,1,0,0,1,1,0,0,1,1,0,0,0,0,1,0,0,0,0,1,0,0,1
0,0,0,0,7,1,0,0,0,0,0,1,0,0,54.85,370.4,0,3481,46.3,0.015756966388968688,2,1,0,0,0,1,1,1,0,0,1,0,0,0,0,0,1,0,0,0,1,0,0,1
0,0,1,0,52,1,0,1,0,1,0,1,0,1,64.3,3410.6,0,4405,64.35094339622641,0.01459704880817253,4,0,0,0,0,1,0,1,0,0,0,1,0,0,0,0,1,0,0,1,0,0,0,1
0,0,1,1,45,1,1,0,0,0,0,0,0,1,24.65,1138.8,0,3043,24.756521739130434,0.008100558659217877,2,0,0,0,0,1,1,0,0,1,0,0,1,1,0,0,0,0,1,0,0,0,1,0
0,0,1,0,70,1,1,0,1,1,1,1,0,0,76.1,5264.25,0,5115,74.1443661971831,0.014877810361681329,6,0,0,0,0,0,1,1,0,0,0,0,1,0,1,0,0,0,0,1,0,0,0,1
0,0,0,0,53,1,0,0,0,0,0,0,0,0,18.7,1005.7,0,4116,18.624074074074073,0.004543245869776482,1,0,0,0,0,1,1,0,0,1,0,0,1,0,0,0,1,0,0,1,0,0,0,1
0,1,1,0,62,1,1,0,1,1,0,1,0,1,97.95,5936.55,0,5428,94.23095238095239,0.018045320560058954,5,0,0,1,1,1,1,0,1,0,0,1,0,0,1,0,0,0,0,1,0,1,0,0
0,0,1,0,60,1,1,1,1,0,0,0,1,1,94.1,5475.9,0,5267,89.76885245901639,0.017865957850768936,5,1,0,1,0,1,0,0,1,0,1,0,0,0,1,0,0,0,0,1,0,0,0,1
0,1,1,0,23,1,0,1,0,0,0,1,1,1,95.1,2326.05,0,4025,96.91875,0.023627329192546582,4,1,1,1,1,1,0,0,1,0,1,0,0,0,0,1,0,1,0,0,0,0,0,1
0,0,0,0,67,1,0,1,0,1,1,0,1,1,72.35,4991.5,0,4910,73.40441176470588,0.014735234215885946,5,0,0,0,0,0,0,1,0,0,0,1,0,1,0,0,0,0,0,1,0,0,0,1
0,1,1,0,71,1,1,1,1,1,1,0,1,1,82.7,5831.2,0,5089,80.98888888888888,0.01625073688347416,7,0,0,0,1,0,0,1,0,0,0,0,1,1,0,0,0,0,0,1,0,0,0,1
0,0,0,0,25,1,0,0,0,0,0,0,0,0,19.9,510.8,0,2130,19.646153846153847,0.009342723004694835,1,0,0,0,0,1,1,0,0,1,0,1,0,0,1,0,0,0,1,0,0,0,1,0
0,0,0,0,5,1,1,1,0,0,0,0,0,1,53.8,283.95,0,2182,47.324999999999996,0.02465627864344638,3,1,1,0,0,1,0,1,0,0,1,0,0,0,0,1,0,0,0,0,1,0,1,0
0,0,0,0,26,1,1,0,0,0,0,0,0,1,51.55,1295.4,0,3130,47.97777777777778,0.016469648562300317,2,0,0,0,0,1,1,1,0,0,0,1,0,0,1,0,0,0,1,0,0,0,1,0
0,0,1,0,1,1,0,0,0,0,0,0,0,0,19.65,19.65,0,2539,9.825,0.007739267428121307,1,0,0,0,0,1,1,0,0,1,0,1,0,0,0,0,1,0,0,0,1,0,1,0
0,1,0,0,70,0,0,0,1,1,0,1,0,1,44.05,3011.65,0,4022,42.417605633802815,0.010952262555942317,3,0,0,0,1,1,1,1,0,0,0,1,0,0,1,0,0,0,0,1,0,0,0,1
0,0,1,1,72,1,1,1,1,1,1,1,1,1,114.0,8093.15,0,4558,110.86506849315067,0.025010969723562967,8,0,1,1,0,0,0,0,1,0,0,0,1,0,0,1,0,0,0,1,0,0,0,1
0,1,1,1,32,1,1,0,1,0,0,1,1,1,100.4,3217.65,0,4848,97.50454545454545,0.020709570957095712,5,1,1,1,1,1,1,0,1,0,1,0,0,0,0,1,0,0,1,0,0,0,0,1
0,0,0,0,14,1,1,0,1,0,0,0,0,1,54.25,773.2,0,4423,51.54666666666667,0.012265430703142663,3,0,0,0,0,1,1,1,0,0,0,1,0,0,0,0,1,1,0,0,0,0,0,1
0,0,0,0,13,1,1,1,0,0,0,0,0,1,80.0,1029.35,0,5577,73.52499999999999,0.014344629729245113,3,1,0,1,0,1,0,0,1,0,1,0,0,0,1,0,0,1,0,0,0,1,0,0
0,0,0,0,46,1,1,1,0,1,0,1,1,0,79.2,3593.8,0,2007,76.46382978723405,0.03946188340807175,6,0,0,0,0,1,0,1,0,0,0,0,1,0,0,0,1,0,1,0,0,0,1,0
0,1,1,0,43,1,1,0,1,0,1,1,0,1,94.3,3953.15,0,2040,89.84431818181818,0.04622549019607843,5,1,1,1,1,0,1,0,1,0,1,0,0,0,0,1,0,0,1,0,0,0,1,0
0,0,0,0,39,1,0,0,0,0,1,0,0,1,49.8,1971.15,0,2202,49.27875,0.022615803814713894,2,0,0,0,0,0,1,1,0,0,0,0,1,1,0,0,0,0,1,0,0,0,1,0
0,0,0,0,57,0,0,1,0,1,0,1,1,1,53.75,3196.0,0,5594,55.10344827586207,0.009608509116910977,4,1,1,0,0,1,0,1,0,0,1,0,0,0,0,1,0,0,0,1,0,1,0,0
0,0,1,0,53,1,0,0,0,0,1,1,1,1,93.45,4872.2,0,4700,90.22592592592592,0.019882978723404256,4,0,1,1,0,0,1,0,1,0,0,1,0,0,0,1,0,0,0,1,0,0,0,1
0,0,1,1,18,1,0,1,0,1,0,1,0,1,87.9,1500.5,0,5192,78.97368421052632,0.01692989214175655,4,1,0,1,0,1,0,0,1,0,1,0,0,0,0,0,1,1,0,0,0,0,0,1
0,0,1,0,58,1,1,1,0,0,1,0,0,1,61.05,3478.75,0,4411,58.96186440677966,0.013840399002493765,4,0,0,0,0,0,0,1,0,0,0,1,0,1,0,0,0,0,0,1,0,0,0,1
0,1,0,0,71,1,1,0,0,1,0,1,1,0,104.05,7413.55,0,4113,102.96597222222222,0.025297836129345976,5,0,0,1,1,1,1,0,1,0,0,0,1,1,0,0,0,0,0,1,0,0,0,1
0,0,0,0,35,1,0,0,0,1,1,1,1,1,99.25,3532.0,0,3244,98.11111111111111,0.03059494451294698,5,0,1,1,0,0,1,0,1,0,0,1,0,0,0,1,0,0,1,0,0,0,1,0
0,0,0,0,3,1,0,0,0,1,0,0,1,0,85.7,256.75,0,5806,64.1875,0.014760592490527042,3,1,0,1,0,1,1,0,1,0,1,0,0,0,1,0,0,0,0,0,1,1,0,0
0,0,0,0,38,1,1,1,1,0,0,1,1,1,104.85,3887.25,0,2709,99.67307692307692,0.03870431893687708,6,0,1,1,0,1,0,0,1,0,0,1,0,0,0,1,0,0,1,0,0,0,1,0
0,0,1,0,35,1,1,1,1,1,1,0,0,1,69.15,2490.15,0,3945,69.17083333333333,0.01752851711026616,6,0,0,0,0,0,0,1,0,0,0,0,1,0,1,0,0,0,1,0,0,0,0,1
0,0,0,0,47,1,0,0,0,1,1,1,1,0,74.45,3510.3,0,3459,73.13125000000001,0.021523561723041342,5,0,0,0,0,0,1,1,0,0,0,0,1,0,0,0,1,0,1,0,0,0,1,0
0,0,0,0,14,1,0,0,1,0,0,0,0,0,50.45,765.45,0,3185,51.03,0.015839874411302985,2,1,1,0,0,1,1,1,0,0,1,0,0,0,0,1,0,1,0,0,0,0,1,0
0,1,1,0,20,1,0,0,1,0,0,0,1,1,60.0,1259.35,0,2399,59.969047619047615,0.02501042100875365,3,1,1,0,1,1,1,1,0,0,1,0,0,0,0,1,0,1,0,0,0,0,1,0
0,0,1,0,66,1,1,1,1,0,1,1,1,0,85.25,5538.35,0,5012,82.66194029850747,0.017009177972865122,7,0,1,0,0,0,0,1,0,0,0,0,1,0,0,1,0,0,0,1,0,0,0,1
0,0,1,0,15,1,0,0,0,0,0,0,0,1,19.45,340.85,0,2483,21.303125,0.007833266210229561,1,1,0,0,0,1,1,0,0,1,1,0,0,0,1,0,0,1,0,0,0,0,1,0
0,0,0,0,42,1,0,0,0,0,0,0,0,1,20.75,844.45,0,2574,19.638372093023257,0.008061383061383062,1,0,0,0,0,1,1,0,0,1,0,0,1,1,0,0,0,0,1,0,0,0,1,0
0,0,1,0,17,1,1,1,0,0,0,0,0,0,78.9,1348.95,0,2362,74.94166666666666,0.0334038950042337,3,1,1,1,0,1,0,0,1,0,1,0,0,0,0,1,0,1,0,0,0,0,1,0
0,0,0,0,37,1,1,0,1,0,1,1,1,1,104.5,3778.0,0,4812,99.42105263157895,0.021716541978387367,6,0,0,1,0,0,1,0,1,0,0,1,0,0,1,0,0,0,1,0,0,0,0,1
0,0,0,0,12,1,0,0,1,0,0,0,0,1,49.4,611.65,0,5007,47.05,0.009866187337727182,2,1,1,0,0,1,1,1,0,0,1,0,0,0,0,1,0,0,0,0,1,0,0,1
0,0,0,0,60,1,1,0,0,0,0,0,0,0,25.0,1505.05,0,6355,24.67295081967213,0.003933910306845004,2,0,0,0,0,1,1,0,0,1,0,0,1,0,0,0,1,0,0,1,0,1,0,0
0,0,1,1,18,0,0,0,0,0,0,0,0,0,25.55,467.85,0,4134,24.623684210526317,0.006180454765360426,0,1,0,0,0,1,1,1,0,0,1,0,0,0,1,0,0,1,0,0,0,0,0,1
0,0,0,0,3,1,0,0,0,0,0,0,0,1,70.15,194.2,0,2228,48.55,0.03148563734290844,1,1,1,1,0,1,1,0,1,0,1,0,0,0,0,1,0,0,0,0,1,0,1,0
0,0,0,1,9,1,0,0,0,0,1,1,1,1,69.4,571.45,0,5108,57.145,0.013586530931871576,4,1,0,0,0,0,1,1,0,0,1,0,0,0,1,0,0,0,0,0,1,0,0,1
0,0,1,0,56,1,1,1,1,1,0,0,0,1,93.15,5253.95,0,4778,92.17456140350878,0.019495604855588114,5,0,1,1,0,1,0,0,1,0,0,1,0,0,0,1,0,0,0,1,0,0,0,1
0,0,0,0,7,1,0,0,0,0,0,0,0,1,69.55,521.35,0,4704,65.16875,0.014785289115646258,1,1,1,1,0,1,1,0,1,0,1,0,0,0,0,1,0,0,0,0,1,0,0,1
0,0,1,1,69,1,0,0,0,0,0,0,0,0,20.2,1412.65,0,5267,20.180714285714288,0.0038352003037782417,1,0,0,0,0,1,1,0,0,1,0,0,1,1,0,0,0,0,0,1,0,0,0,1
0,0,1,1,54,1,0,0,0,0,0,0,0,0,20.4,1090.6,0,6393,19.829090909090908,0.0031909901454716095,1,0,0,0,0,1,1,0,0,1,0,0,1,0,1,0,0,0,0,1,0,1,0,0
0,0,1,0,62,1,1,0,0,0,0,0,0,1,23.75,1446.8,0,4811,22.965079365079365,0.004936603616711702,2,0,0,0,0,1,1,0,0,1,0,1,0,0,1,0,0,0,0,1,0,0,0,1
0,0,1,1,62,1,1,0,0,0,0,1,1,1,70.45,4300.45,0,5057,68.2611111111111,0.013931184496737196,4,1,0,0,0,1,1,1,0,0,1,0,0,0,1,0,0,0,0,1,0,0,0,1
0,0,0,0,17,1,1,1,0,0,0,0,1,0,65.75,1111.2,0,3921,61.733333333333334,0.016768681458811528,4,1,0,0,0,1,0,1,0,0,1,0,0,1,0,0,0,1,0,0,0,0,0,1
0,0,0,0,9,0,0,0,0,0,0,0,0,1,24.6,190.1,0,2323,19.009999999999998,0.010589754627636677,0,1,0,0,0,1,1,1,0,0,1,0,0,0,0,0,1,0,0,0,1,0,1,0
0,0,1,0,64,1,0,1,0,1,1,1,0,0,69.25,4447.75,0,4226,68.42692307692307,0.016386654046379553,5,0,0,0,0,0,0,1,0,0,0,0,1,0,0,0,1,0,0,1,0,0,0,1
0,0,1,0,72,1,1,0,0,0,0,0,0,0,24.65,1830.05,0,5065,25.06917808219178,0.004866732477788746,2,0,0,0,0,1,1,0,0,1,0,0,1,1,0,0,0,0,0,1,0,0,0,1
0,0,0,0,30,1,1,1,1,1,0,0,0,0,90.4,2820.65,0,3171,90.98870967741935,0.02850835698517818,5,0,0,1,0,1,0,0,1,0,0,1,0,1,0,0,0,0,1,0,0,0,1,0
0,0,1,0,49,1,1,1,0,0,0,1,1,1,100.85,4847.35,0,5417,96.947,0.018617315857485692,5,1,0,1,0,1,0,0,1,0,1,0,0,0,0,0,1,0,0,1,0,1,0,0
0,0,1,0,61,1,1,1,0,1,1,0,1,0,75.35,4729.3,0,6466,76.27903225806452,0.01165326322301268,6,0,0,0,0,0,0,1,0,0,0,0,1,0,1,0,0,0,0,1,0,1,0,0
0,0,1,1,47,1,1,0,1,0,0,1,0,0,87.2,4017.45,0,3760,83.69687499999999,0.02319148936170213,4,1,1,1,0,1,1,0,1,0,1,0,0,0,0,1,0,0,1,0,0,0,0,1
0,0,0,0,20,1,0,1,0,1,0,0,1,0,64.4,1398.6,0,2120,66.6,0.03037735849056604,4,1,0,0,0,1,0,1,0,0,1,0,0,0,1,0,0,1,0,0,0,0,1,0
0,0,1,1,70,1,1,0,0,0,0,0,0,0,24.7,1685.9,0,5907,23.745070422535214,0.0041814796004740135,2,0,0,0,0,1,1,0,0,1,0,0,1,1,0,0,0,0,0,1,0,1,0,0
0,0,0,1,54,1,0,1,1,0,1,1,1,1,105.85,5826.65,0,5915,105.93909090909091,0.017895181741335586,6,0,1,1,0,0,0,0,1,0,0,1,0,0,0,1,0,0,0,1,0,1,0,0
0,1,1,0,61,1,1,0,1,1,1,1,0,1,98.3,6066.55,0,5413,97.84758064516129,0.018159985220764827,6,0,0,1,1,0,1,0,1,0,0,1,0,0,0,0,1,0,0,1,0,1,0,0
0,0,0,0,13,1,0,0,0,0,0,0,0,0,19.45,270.2,0,3799,19.3,0.0051197683600947615,1,0,0,0,0,1,1,0,0,1,0,1,0,0,0,0,1,1,0,0,0,0,0,1
0,0,1,1,3,1,0,0,1,0,0,1,0,1,58.7,168.6,0,3654,42.15,0.016064586754241928,3,1,0,0,0,1,1,1,0,0,1,0,0,0,1,0,0,0,0,0,1,0,0,1
0,0,0,0,25,1,0,0,0,0,0,0,0,1,20.15,536.35,0,3848,20.628846153846155,0.005236486486486486,1,1,0,0,0,1,1,0,0,1,1,0,0,0,0,0,1,0,1,0,0,0,0,1
0,0,0,0,30,1,1,1,0,0,0,0,1,1,64.5,1888.45,0,5039,60.917741935483875,0.01280015876165906,4,1,0,0,0,1,0,1,0,0,1,0,0,0,0,0,1,0,1,0,0,0,0,1
0,0,1,0,21,0,0,1,0,0,0,0,0,0,28.5,629.35,0,3766,28.606818181818184,0.007567711099309612,1,1,1,0,0,1,0,1,0,0,1,0,0,0,0,1,0,1,0,0,0,0,0,1
0,1,1,0,23,1,0,0,0,0,0,1,1,1,90.45,2117.25,0,5272,88.21875,0.017156676783004553,3,1,1,1,1,1,1,0,1,0,1,0,0,0,0,1,0,1,0,0,0,0,0,1
0,0,1,1,45,1,1,1,1,0,0,1,1,1,105.15,4730.9,0,5915,102.84565217391304,0.017776838546069318,6,1,1,1,0,1,0,0,1,0,1,0,0,0,0,1,0,0,1,0,0,1,0,0
0,0,1,1,24,1,1,0,1,1,0,0,0,0,83.15,2033.05,0,2404,81.322,0.03458818635607321,4,0,0,1,0,1,1,0,1,0,0,1,0,1,0,0,0,1,0,0,0,0,1,0
0,0,1,0,56,1,1,0,0,1,1,1,1,0,103.2,5744.35,0,4534,100.7780701754386,0.022761358623731805,6,0,0,1,0,0,1,0,1,0,0,0,1,1,0,0,0,0,0,1,0,0,0,1
0,0,0,0,1,1,0,0,0,0,0,0,0,0,19.45,19.45,0,5820,9.725,0.0033419243986254296,1,1,1,0,0,1,1,0,0,1,1,0,0,0,0,1,0,0,0,0,1,1,0,0
0,1,1,0,55,1,0,0,0,1,1,1,0,0,88.8,4805.3,0,4291,85.80892857142858,0.02069447681193195,4,0,0,1,1,0,1,0,1,0,0,0,1,0,1,0,0,0,0,1,0,0,0,1
0,0,1,0,72,1,1,1,0,1,1,1,1,1,85.9,6110.75,0,6361,83.70890410958904,0.013504166011633392,7,0,0,0,0,0,0,1,0,0,0,0,1,0,1,0,0,0,0,1,0,1,0,0
0,1,0,0,45,0,0,0,0,0,0,0,1,0,34.2,1596.6,0,5715,34.70869565217391,0.005984251968503937,1,0,1,0,1,1,1,1,0,0,0,1,0,0,0,1,0,0,1,0,0,1,0,0
0,0,0,0,47,1,0,0,0,0,0,0,0,0,20.15,1046.2,0,2618,21.795833333333334,0.007696715049656226,1,0,0,0,0,1,1,0,0,1,0,0,1,0,0,0,1,0,1,0,0,0,1,0
0,0,0,0,2,1,0,0,1,0,0,0,0,1,50.3,92.75,0,5870,30.916666666666668,0.008568994889267462,2,1,0,0,0,1,1,1,0,0,1,0,0,0,0,0,1,0,0,0,1,1,0,0
0,0,1,0,2,1,0,1,0,0,1,0,0,1,80.15,194.55,0,5251,64.85000000000001,0.015263759283945915,3,1,1,1,0,0,0,0,1,0,1,0,0,0,0,1,0,0,0,0,1,0,0,1
0,0,1,0,12,1,0,0,1,0,0,0,0,1,51.25,612.1,0,3097,47.08461538461539,0.016548272521795287,2,1,1,0,0,1,1,1,0,0,1,0,0,0,0,1,0,0,0,0,1,0,1,0
0,0,1,1,69,1,0,0,0,0,1,1,1,1,95.2,6671.7,0,6166,95.31,0.01543950697372689,4,0,0,1,0,0,1,0,1,0,0,0,1,0,1,0,0,0,0,1,0,1,0,0
0,1,0,1,56,1,0,1,0,0,0,1,1,0,94.8,5264.3,0,5693,92.3561403508772,0.01665202880730722,4,0,0,1,1,1,0,0,1,0,0,1,0,0,1,0,0,0,0,1,0,1,0,0
0,1,0,0,4,1,1,1,0,0,0,0,0,1,80.25,303.7,0,3828,60.739999999999995,0.020963949843260186,3,1,1,1,1,1,0,0,1,0,1,0,0,0,0,1,0,0,0,0,1,0,0,1
0,0,1,0,64,1,1,0,1,1,1,1,0,1,76.1,4818.8,0,4222,74.13538461538462,0.018024632875414493,6,0,0,0,0,0,1,1,0,0,0,0,1,1,0,0,0,0,0,1,0,0,0,1
0,0,1,1,62,1,1,1,1,1,1,1,1,0,115.55,7159.05,0,6349,113.63571428571429,0.01819971649078595,8,0,0,1,0,0,0,0,1,0,0,0,1,1,0,0,0,0,0,1,0,1,0,0
0,0,1,1,63,1,1,0,0,0,0,0,0,0,24.65,1574.5,0,4392,24.6015625,0.00561247723132969,2,0,0,0,0,1,1,0,0,1,0,0,1,0,1,0,0,0,0,1,0,0,0,1
0,0,0,0,53,0,0,1,1,1,1,1,0,1,53.6,2879.2,0,5183,53.318518518518516,0.01034150106116149,5,0,1,0,0,0,0,1,0,0,0,1,0,0,0,1,0,0,0,1,0,0,0,1
0,0,1,1,5,1,0,0,0,0,0,0,0,0,19.45,86.05,0,4573,14.341666666666667,0.004253225453750273,1,1,0,0,0,1,1,0,0,1,1,0,0,0,0,0,1,0,0,0,1,0,0,1
0,1,1,0,49,1,1,1,1,1,0,0,0,1,88.2,4159.45,0,5987,83.189,0.014731919158176048,5,1,1,1,1,1,0,0,1,0,1,0,0,0,0,1,0,0,0,1,0,1,0,0
0,0,1,1,62,1,1,1,0,0,0,1,1,1,101.15,6638.35,0,5735,105.37063492063493,0.01763731473408893,5,0,0,1,0,1,0,0,1,0,0,0,1,1,0,0,0,0,0,1,0,1,0,0
0,0,1,0,55,1,0,1,1,0,1,0,0,0,56.8,3112.05,0,4702,55.572321428571435,0.01207996597192684,4,0,0,0,0,0,0,1,0,0,0,0,1,0,0,0,1,0,0,1,0,0,0,1
0,1,1,0,71,1,0,1,1,1,1,1,0,1,99.4,7168.25,0,4964,99.55902777777777,0.02002417405318292,6,0,1,1,1,0,0,0,1,0,0,0,1,0,0,1,0,0,0,1,0,0,0,1
0,0,1,1,72,1,0,0,0,0,0,0,0,1,20.1,1326.25,0,4603,18.16780821917808,0.004366717358244623,1,0,0,0,0,1,1,0,0,1,0,0,1,0,1,0,0,0,0,1,0,0,0,1
0,0,1,0,36,0,0,1,0,1,1,1,1,0,60.7,2234.55,0,3671,60.39324324324325,0.016535004086080086,5,0,0,0,0,0,0,1,0,0,0,1,0,0,1,0,0,0,1,0,0,0,0,1
0,0,1,0,25,1,0,0,0,0,0,0,0,1,20.95,495.15,0,5682,19.04423076923077,0.003687082013375572,1,0,0,0,0,1,1,0,0,1,0,1,0,1,0,0,0,0,1,0,0,1,0,0
0,1,1,0,72,1,1,1,1,1,1,1,1,1,114.85,8317.95,0,4796,113.94452054794522,0.023947039199332776,8,0,0,1,1,0,0,0,1,0,0,0,1,1,0,0,0,0,0,1,0,0,0,1
0,0,0,0,36,1,0,0,0,0,0,0,0,1,19.25,679.8,0,4904,18.37297297297297,0.0039253670473083195,1,0,0,0,0,1,1,0,0,1,0,1,0,1,0,0,0,0,1,0,0,0,0,1
0,0,0,0,1,1,0,0,0,0,0,1,1,1,62.8,62.8,0,2438,31.4,0.02575881870385562,3,1,0,0,0,1,1,1,0,0,1,0,0,0,0,0,1,0,0,0,1,0,1,0
0,0,1,0,72,1,1,1,0,1,0,1,1,1,105.5,7544.0,0,5551,103.34246575342466,0.01900558457935507,6,0,1,1,0,1,0,0,1,0,0,0,1,0,0,1,0,0,0,1,0,1,0,0
0,0,1,1,59,1,0,0,0,0,0,0,0,0,19.85,1188.25,0,6144,19.804166666666667,0.0032307942708333336,1,0,0,0,0,1,1,0,0,1,0,0,1,0,0,0,1,0,0,1,0,1,0,0
0,0,0,0,1,1,0,0,0,1,1,1,1,0,74.1,74.1,0,2900,37.05,0.025551724137931033,5,0,0,0,0,0,1,1,0,0,0,1,0,0,1,0,0,0,0,0,1,0,1,0
0,0,1,1,30,1,1,0,1,1,1,1,1,1,107.5,3242.5,0,3094,104.59677419354838,0.034744667097608276,7,1,1,1,0,0,1,0,1,0,1,0,0,0,0,1,0,0,1,0,0,0,1,0
0,0,0,0,64,1,0,0,0,0,0,0,0,0,19.55,1240.15,0,6036,19.079230769230772,0.003238899933730948,1,0,0,0,0,1,1,0,0,1,0,0,1,0,0,0,1,0,0,1,0,1,0,0
0,0,0,0,63,1,1,1,1,1,1,0,0,0,68.8,4111.35,0,5082,64.23984375,0.01353797717434081,6,0,0,0,0,0,0,1,0,0,0,1,0,1,0,0,0,0,0,1,0,0,0,1
0,1,1,0,72,1,1,1,1,1,0,1,1,0,84.45,5899.85,0,5856,80.81986301369864,0.01442110655737705,7,0,0,0,1,1,0,1,0,0,0,0,1,0,1,0,0,0,0,1,0,1,0,0
0,0,0,0,62,1,1,0,1,1,1,1,1,0,84.5,5193.2,0,5466,82.43174603174603,0.015459202341748994,7,0,0,0,0,0,1,1,0,0,0,0,1,1,0,0,0,0,0,1,0,1,0,0
0,0,1,1,67,1,1,0,1,1,1,1,1,1,111.2,7530.8,0,6060,110.74705882352941,0.01834983498349835,7,0,0,1,0,0,1,0,1,0,0,0,1,1,0,0,0,0,0,1,0,1,0,0
0,0,1,0,70,1,1,1,0,0,1,1,1,1,80.6,5460.2,0,5880,76.90422535211268,0.013707482993197278,6,0,0,0,0,0,0,1,0,0,0,0,1,1,0,0,0,0,0,1,0,1,0,0
0,1,0,0,20,1,0,0,0,0,0,1,0,0,80.7,1614.2,0,3111,76.86666666666667,0.025940212150433944,2,1,0,1,1,1,1,0,1,0,1,0,0,1,0,0,0,1,0,0,0,0,1,0
0,0,0,0,5,1,1,0,0,0,0,0,0,0,75.6,402.5,0,3469,67.08333333333333,0.021793023926203515,2,1,1,1,0,1,1,0,1,0,1,0,0,0,0,1,0,0,0,0,1,0,1,0
0,0,1,0,24,0,0,1,1,1,0,1,1,0,57.6,1367.75,0,5623,54.71,0.010243642183887606,5,0,1,0,0,1,0,1,0,0,0,1,0,0,0,1,0,1,0,0,0,1,0,0
0,0,1,0,72,1,1,0,1,1,1,1,1,1,110.6,7962.2,0,5444,109.07123287671233,0.02031594415870683,7,0,0,1,0,0,1,0,1,0,0,0,1,0,1,0,0,0,0,1,0,1,0,0
0,0,1,0,66,1,0,1,1,0,1,0,0,1,58.2,3810.8,0,5313,56.87761194029851,0.010954263128176172,4,0,0,0,0,0,0,1,0,0,0,0,1,0,1,0,0,0,0,1,0,0,0,1
0,0,1,0,45,1,0,1,0,1,1,1,1,1,81.0,3533.6,0,2934,76.81739130434782,0.027607361963190184,6,0,0,0,0,0,0,1,0,0,0,0,1,0,0,0,1,0,1,0,0,0,1,0
0,0,1,1,69,1,0,0,0,0,0,0,0,0,19.7,1396.9,0,4131,19.955714285714286,0.0047688211086903895,1,0,0,0,0,1,1,0,0,1,0,0,1,1,0,0,0,0,0,1,0,0,0,1
0,0,0,0,28,1,0,0,0,1,0,1,0,1,59.55,1646.45,0,3354,56.77413793103448,0.017754919499105546,3,1,0,0,0,1,1,1,0,0,1,0,0,1,0,0,0,0,1,0,0,0,1,0
0,0,0,0,36,1,0,1,1,1,1,0,1,1,75.55,2680.15,0,3235,72.43648648648649,0.023353941267387945,6,0,0,0,0,0,0,1,0,0,0,1,0,0,0,0,1,0,1,0,0,0,1,0
0,0,1,0,42,0,0,0,1,1,0,0,1,1,45.1,2049.05,0,3844,47.65232558139535,0.011732570239334028,3,0,0,0,0,1,1,1,0,0,0,1,0,0,1,0,0,0,1,0,0,0,0,1
0,0,0,0,48,1,1,1,0,0,1,0,1,1,70.95,3629.2,0,2667,74.06530612244897,0.0266029246344207,5,0,0,0,0,0,0,1,0,0,0,1,0,1,0,0,0,0,1,0,0,0,1,0
0,0,1,1,11,1,0,0,0,0,0,0,0,0,20.9,202.3,0,5359,16.858333333333334,0.003899981339802202,1,0,0,0,0,1,1,0,0,1,0,0,1,0,1,0,0,0,0,0,1,0,0,1
0,0,0,0,7,1,0,0,0,0,0,0,0,1,19.95,147.5,0,3331,18.4375,0.0059891924347042925,1,1,0,0,0,1,1,0,0,1,1,0,0,0,0,0,1,0,0,0,1,0,1,0
0,0,0,0,3,1,1,0,0,0,0,0,0,0,24.6,86.35,0,5756,21.5875,0.004273801250868659,2,1,0,0,0,1,1,0,0,1,1,0,0,0,0,0,1,0,0,0,1,1,0,0
0,0,0,0,8,1,0,1,0,1,0,0,1,1,66.7,579.0,0,4490,64.33333333333333,0.014855233853006682,4,1,1,0,0,1,0,1,0,0,1,0,0,0,0,1,0,0,0,0,1,0,0,1
0,0,1,1,32,1,0,1,1,1,0,0,1,0,94.8,3131.55,0,5288,94.89545454545456,0.01792738275340393,5,0,0,1,0,1,0,0,1,0,0,1,0,0,0,0,1,0,1,0,0,0,0,1
0,0,1,0,60,1,0,1,1,1,1,0,0,1,65.85,3928.3,0,4053,64.3983606557377,0.01624722427831236,5,0,0,0,0,0,0,1,0,0,0,1,0,1,0,0,0,0,0,1,0,0,0,1
0,0,1,0,10,1,0,0,0,0,0,0,0,1,19.95,187.75,0,3831,17.068181818181817,0.005207517619420517,1,1,0,0,0,1,1,0,0,1,1,0,0,1,0,0,0,0,0,0,1,0,0,1
0,0,1,0,71,1,1,0,0,0,0,0,0,1,24.65,1710.15,0,4015,23.752083333333335,0.006139476961394769,2,0,0,0,0,1,1,0,0,1,0,0,1,1,0,0,0,0,0,1,0,0,0,1
0,0,1,0,43,0,0,1,1,0,1,1,0,1,51.25,2151.6,0,5656,48.9,0.009061173974540312,4,0,0,0,0,0,0,1,0,0,0,1,0,1,0,0,0,0,1,0,0,1,0,0
0,0,1,0,23,1,0,0,0,1,1,0,0,0,54.25,1221.55,0,5140,50.89791666666667,0.010554474708171207,3,1,1,0,0,0,1,1,0,0,1,0,0,0,0,1,0,1,0,0,0,0,0,1
0,0,1,0,72,1,0,0,0,0,0,0,0,0,19.4,1496.45,0,5398,20.49931506849315,0.0035939236754353463,1,0,0,0,0,1,1,0,0,1,0,0,1,1,0,0,0,0,0,1,0,1,0,0
0,0,1,0,22,1,0,1,0,0,1,0,0,1,56.25,1292.2,0,3733,56.18260869565218,0.015068309670506295,3,0,0,0,0,0,0,1,0,0,0,1,0,0,1,0,0,1,0,0,0,0,0,1
0,0,0,0,1,0,0,0,0,0,0,0,0,1,25.15,25.15,0,3513,12.575,0.007159123256475946,0,1,0,0,0,1,1,1,0,0,1,0,0,0,0,0,1,0,0,0,1,0,0,1
0,0,0,0,69,1,1,0,0,0,0,0,0,0,23.95,1713.1,0,6059,24.47285714285714,0.0039527974913352035,2,0,0,0,0,1,1,0,0,1,0,0,1,1,0,0,0,0,0,1,0,1,0,0
0,0,0,0,50,0,0,1,0,0,1,0,0,1,35.4,1748.9,0,5052,34.2921568627451,0.007007125890736342,2,0,0,0,0,0,0,1,0,0,0,1,0,0,0,0,1,0,0,1,0,0,0,1
0,0,1,0,15,1,0,0,1,0,0,0,0,0,75.35,1114.55,0,4891,69.659375,0.015405847474953997,2,1,0,1,0,1,1,0,1,0,1,0,0,1,0,0,0,1,0,0,0,0,0,1
0,0,0,0,31,1,0,0,0,0,0,0,0,0,20.4,609.1,0,5363,19.034375,0.003803841133693828,1,0,0,0,0,1,1,0,0,1,0,0,1,1,0,0,0,0,1,0,0,0,0,1
0,0,1,0,0,0,0,1,1,1,1,1,0,0,56.05,0.0,0,4740,0.0,0.011824894514767932,5,0,0,0,0,0,0,1,0,0,0,0,1,0,1,0,0,0,0,0,1,0,0,1
0,0,0,0,8,1,0,0,0,0,0,0,0,0,20.0,141.6,0,3087,15.733333333333333,0.00647878198898607,1,0,0,0,0,1,1,0,0,1,0,0,1,0,0,0,1,0,0,0,1,0,1,0
0,0,1,0,64,1,0,1,0,1,0,1,1,1,73.05,4688.65,0,4515,72.13307692307691,0.01617940199335548,5,0,0,0,0,1,0,1,0,0,0,1,0,0,1,0,0,0,0,1,0,0,0,1
0,0,1,0,28,1,0,0,0,0,0,0,0,0,20.5,563.05,0,5145,19.41551724137931,0.003984450923226433,1,1,0,0,0,1,1,0,0,1,1,0,0,0,0,0,1,0,1,0,0,0,0,1
0,0,1,0,57,1,1,0,0,1,0,1,1,1,100.75,5985.0,0,6354,103.1896551724138,0.015856153604028957,5,0,0,1,0,1,1,0,1,0,0,1,0,0,1,0,0,0,0,1,0,1,0,0
0,0,0,0,19,1,0,0,0,0,0,0,0,1,19.95,373.5,0,2831,18.675,0.007046979865771812,1,0,0,0,0,1,1,0,0,1,0,0,1,0,0,0,1,1,0,0,0,0,1,0
0,0,1,0,51,0,0,0,1,0,0,1,1,1,49.65,2553.35,0,5528,49.10288461538461,0.008981548480463097,3,1,1,0,0,1,1,1,0,0,1,0,0,0,0,1,0,0,0,1,0,1,0,0
0,0,1,0,67,1,1,1,1,1,0,0,0,0,65.65,4322.85,0,5441,63.57132352941177,0.012065796728542548,5,0,0,0,0,1,0,1,0,0,0,0,1,0,0,0,1,0,0,1,0,1,0,0
0,0,1,1,11,1,0,0,0,0,0,0,0,1,20.45,250.8,0,2606,20.900000000000002,0.007847275518035303,1,1,1,0,0,1,1,0,0,1,1,0,0,0,0,1,0,0,0,0,1,0,1,0
0,0,1,0,72,0,0,1,0,1,1,1,1,0,60.95,4549.05,0,4147,62.31575342465754,0.01469737159392332,5,0,0,0,0,0,0,1,0,0,0,0,1,1,0,0,0,0,0,1,0,0,0,1
0,0,1,0,66,1,0,0,0,0,0,0,0,1,20.35,1359.5,0,4845,20.291044776119403,0.004200206398348814,1,0,1,0,0,1,1,0,0,1,0,1,0,0,0,1,0,0,0,1,0,0,0,1
0,0,0,0,9,1,0,0,0,0,0,0,0,1,19.5,178.85,0,4283,17.884999999999998,0.0045528834928788234,1,1,1,0,0,1,1,0,0,1,1,0,0,0,0,1,0,0,0,0,1,0,0,1
0,0,0,0,9,1,1,0,0,0,0,0,0,1,75.2,633.85,0,5841,63.385000000000005,0.012874507789762027,2,1,0,1,0,1,1,0,1,0,1,0,0,0,1,0,0,0,0,0,1,1,0,0
0,0,1,0,48,1,1,1,1,1,0,1,1,1,111.45,5315.1,0,2319,108.47142857142858,0.0480595084087969,7,1,0,1,0,1,0,0,1,0,1,0,0,1,0,0,0,0,1,0,0,0,1,0
0,0,0,0,10,1,0,0,0,0,0,0,0,0,70.15,735.5,0,3963,66.86363636363636,0.017701236437042647,1,1,0,1,0,1,1,0,1,0,1,0,0,0,0,0,1,0,0,0,1,0,0,1
0,0,1,0,72,1,1,1,1,1,1,1,1,0,92.0,6474.4,0,6434,88.69041095890411,0.014299036369288157,8,0,0,0,0,0,0,1,0,0,0,0,1,1,0,0,0,0,0,1,0,1,0,0
0,0,1,0,51,1,0,1,1,1,1,1,1,0,85.5,4421.95,0,6261,85.0375,0.013655965500718735,7,0,0,0,0,0,0,1,0,0,0,0,1,0,1,0,0,0,0,1,0,1,0,0
0,1,1,0,61,1,1,0,1,0,0,0,0,1,82.15,4904.85,0,4250,79.11048387096774,0.019329411764705883,3,1,1,1,1,1,1,0,1,0,1,0,0,0,0,1,0,0,0,1,0,0,0,1
0,0,0,0,54,1,0,1,0,1,1,0,0,0,84.4,4484.05,0,4154,81.52818181818182,0.020317766008666346,4,0,1,1,0,0,0,0,1,0,0,1,0,0,0,1,0,0,0,1,0,0,0,1
0,0,0,0,33,1,1,1,1,0,0,0,0,1,60.9,2033.85,0,3009,59.81911764705882,0.02023928215353938,4,1,0,0,0,1,0,1,0,0,1,0,0,0,0,0,1,0,1,0,0,0,1,0
0,0,0,0,27,1,0,0,0,0,0,0,0,1,20.25,538.2,0,5250,19.22142857142857,0.003857142857142857,1,0,0,0,0,1,1,0,0,1,0,0,1,1,0,0,0,0,1,0,0,0,0,1
0,0,0,0,23,1,0,0,1,0,0,1,1,0,95.3,2192.9,0,5029,91.37083333333334,0.01895008948101014,4,1,0,1,0,1,1,0,1,0,1,0,0,0,0,0,1,1,0,0,0,0,0,1
0,0,0,1,1,1,0,0,0,0,0,0,0,0,19.85,19.85,0,4840,9.925,0.004101239669421488,1,1,0,0,0,1,1,0,0,1,1,0,0,0,0,0,1,0,0,0,1,0,0,1
0,0,1,0,45,1,0,1,1,1,1,1,1,1,84.35,3858.05,0,3403,83.87065217391304,0.024786952688803994,7,0,0,0,0,0,0,1,0,0,0,0,1,0,0,0,1,0,1,0,0,0,1,0
0,0,1,1,39,1,0,0,0,0,0,0,0,1,19.85,854.8,0,3032,21.369999999999997,0.006546833773087072,1,0,0,0,0,1,1,0,0,1,0,0,1,1,0,0,0,0,1,0,0,0,1,0
0,0,1,0,72,1,1,1,1,1,1,1,0,0,82.3,5815.15,0,4162,79.65958904109588,0.019774147044690053,7,0,0,0,0,0,0,1,0,0,0,0,1,1,0,0,0,0,0,1,0,0,0,1
0,0,1,1,58,1,1,0,1,0,0,1,0,1,66.8,3970.4,0,6433,67.2949152542373,0.010383957718016477,4,1,0,0,0,1,1,1,0,0,1,0,0,1,0,0,0,0,0,1,0,1,0,0
0,0,0,0,70,0,0,1,1,1,1,0,0,1,44.6,3058.15,0,4442,43.072535211267606,0.010040522287257993,4,0,0,0,0,0,0,1,0,0,0,0,1,1,0,0,0,0,0,1,0,0,0,1
0,0,1,1,61,1,0,0,1,0,1,1,1,1,98.45,6145.2,0,4000,99.11612903225806,0.024612500000000002,5,0,0,1,0,0,1,0,1,0,0,1,0,1,0,0,0,0,0,1,0,0,0,1
0,0,0,0,2,1,0,0,0,0,0,0,0,0,70.7,129.2,0,2388,43.06666666666666,0.02960636515912898,1,1,0,1,0,1,1,0,1,0,1,0,0,0,0,0,1,0,0,0,1,0,1,0
0,0,1,0,46,1,1,0,0,0,0,0,0,0,24.95,1165.9,0,3979,24.806382978723406,0.006270419703443076,2,0,0,0,0,1,1,0,0,1,0,1,0,0,0,0,1,0,1,0,0,0,0,1
0,0,0,0,48,1,0,1,0,1,1,1,1,1,102.5,4904.25,0,3262,100.08673469387755,0.031422440220723484,6,0,0,1,0,0,0,0,1,0,0,0,1,0,1,0,0,0,1,0,0,0,1,0
0,0,0,0,64,1,1,0,1,1,1,1,1,0,86.55,5632.55,0,4934,86.65461538461538,0.01754154843940008,7,0,0,0,0,0,1,1,0,0,0,0,1,0,1,0,0,0,0,1,0,0,0,1
0,0,1,1,72,1,1,0,0,0,0,0,0,0,24.3,1643.25,0,5160,22.51027397260274,0.0047093023255813955,2,0,0,0,0,1,1,0,0,1,0,0,1,1,0,0,0,0,0,1,0,0,0,1
0,0,1,1,12,1,0,0,0,1,0,1,0,1,58.35,740.55,0,5068,56.965384615384615,0.011513417521704815,3,1,0,0,0,1,1,1,0,0,1,0,0,0,1,0,0,0,0,0,1,0,0,1
0,0,1,0,72,1,0,1,1,1,0,0,1,0,68.75,4888.2,0,4505,66.96164383561644,0.015260821309655937,5,0,0,0,0,1,0,1,0,0,0,0,1,0,1,0,0,0,0,1,0,0,0,1
0,0,1,0,29,1,1,0,1,1,0,0,0,1,85.8,2440.25,0,2568,81.34166666666667,0.033411214953271026,4,1,1,1,0,1,1,0,1,0,1,0,0,0,0,1,0,0,1,0,0,0,1,0
0,0,1,0,33,1,0,0,0,0,0,0,0,0,20.1,620.55,0,3636,18.251470588235293,0.005528052805280528,1,0,0,0,0,1,1,0,0,1,0,1,0,0,1,0,0,0,1,0,0,0,0,1
0,0,0,0,1,1,0,0,0,0,0,0,0,0,20.35,20.35,0,5774,10.175,0.0035244198129546246,1,1,0,0,0,1,1,0,0,1,1,0,0,0,0,0,1,0,0,0,1,1,0,0
0,0,1,1,62,1,1,0,1,1,1,1,1,1,110.8,6840.95,0,4306,108.58650793650793,0.025731537389688804,7,0,1,1,0,0,1,0,1,0,0,1,0,0,0,1,0,0,0,1,0,0,0,1
0,0,0,0,4,1,0,0,0,1,0,0,1,1,82.85,319.6,0,3154,63.92,0.026268230818008876,3,1,0,1,0,1,1,0,1,0,1,0,0,0,1,0,0,0,0,0,1,0,1,0
0,0,0,0,24,1,1,1,0,0,1,0,0,1,84.35,1938.05,0,2198,77.52199999999999,0.03837579617834395,4,1,1,1,0,0,0,0,1,0,1,0,0,0,0,1,0,1,0,0,0,0,1,0
0,0,1,0,14,1,0,0,0,0,0,0,0,0,19.55,294.5,0,5620,19.633333333333333,0.0034786476868327405,1,0,0,0,0,1,1,0,0,1,0,1,0,0,0,0,1,1,0,0,0,1,0,0
0,0,0,1,3,1,0,0,0,0,0,0,0,0,19.95,58.3,0,4430,14.575,0.004503386004514672,1,1,0,0,0,1,1,0,0,1,1,0,0,0,0,0,1,0,0,0,1,0,0,1
0,0,0,0,8,1,0,0,0,0,0,1,1,1,66.25,546.45,0,3026,60.71666666666667,0.02189358889623265,3,1,1,0,0,1,1,1,0,0,1,0,0,0,0,1,0,0,0,0,1,0,1,0
0,0,0,0,35,1,1,0,0,0,0,0,0,0,23.3,797.1,0,2416,22.141666666666666,0.009644039735099337,2,0,0,0,0,1,1,0,0,1,0,0,1,1,0,0,0,0,1,0,0,0,1,0
0,0,0,1,66,1,1,0,0,0,0,0,0,1,25.3,1673.8,0,6019,24.982089552238804,0.004203356039209171,2,0,0,0,0,1,1,0,0,1,0,0,1,0,1,0,0,0,0,1,0,1,0,0
0,0,0,0,8,0,0,1,0,0,1,0,1,1,44.55,343.45,0,5489,38.16111111111111,0.00811623246492986,3,0,0,0,0,0,0,1,0,0,0,0,1,0,0,0,1,0,0,0,1,1,0,0
0,0,1,0,71,1,1,1,0,1,0,1,1,1,104.1,7412.25,0,4695,102.94791666666667,0.02217252396166134,6,0,0,1,0,1,0,0,1,0,0,1,0,0,1,0,0,0,0,1,0,0,0,1
0,0,1,1,43,1,1,0,0,1,0,0,1,1,92.55,4039.0,0,3853,91.79545454545455,0.02402024396574098,4,1,0,1,0,1,1,0,1,0,1,0,0,1,0,0,0,0,1,0,0,0,0,1
0,1,0,0,29,1,0,0,1,1,0,1,1,1,101.45,2948.6,0,5285,98.28666666666666,0.019195837275307475,5,1,0,1,1,1,1,0,1,0,1,0,0,1,0,0,0,0,1,0,0,0,0,1
0,0,1,1,65,1,1,1,1,1,1,0,0,0,94.55,6078.75,0,4603,92.10227272727273,0.020540951553334783,6,0,0,1,0,0,0,0,1,0,0,0,1,0,1,0,0,0,0,1,0,0,0,1
0,0,0,0,35,1,1,0,0,1,1,1,0,0,95.5,3418.2,0,3715,94.94999999999999,0.025706594885598923,5,1,1,1,0,0,1,0,1,0,1,0,0,0,0,1,0,0,1,0,0,0,0,1
0,0,0,0,64,1,0,1,1,0,0,1,1,1,100.3,6603.8,0,4986,101.59692307692308,0.020116325711993583,5,0,0,1,0,1,0,0,1,0,0,1,0,0,1,0,0,0,0,1,0,0,0,1
0,0,1,0,58,0,0,0,0,1,1,1,1,1,55.5,3166.9,0,4080,53.67627118644068,0.013602941176470588,4,0,0,0,0,0,1,1,0,0,0,0,1,0,1,0,0,0,0,1,0,0,0,1
0,1,0,0,18,1,0,0,1,0,0,0,0,1,49.85,865.75,0,3283,45.56578947368421,0.015184282668291197,2,1,0,0,1,1,1,1,0,0,1,0,0,0,1,0,0,1,0,0,0,0,1,0
0,0,1,1,67,1,1,0,1,0,0,0,1,1,89.55,6373.1,0,6111,93.72205882352942,0.014653902798232695,4,1,0,1,0,1,1,0,1,0,1,0,0,1,0,0,0,0,0,1,0,1,0,0
0,0,1,1,63,1,0,0,0,0,0,0,0,1,19.15,1177.05,0,6373,18.39140625,0.003004864271143888,1,0,0,0,0,1,1,0,0,1,0,0,1,0,0,0,1,0,0,1,0,1,0,0
0,0,1,0,60,1,1,0,1,0,0,1,1,1,99.8,5985.75,0,6213,98.12704918032787,0.016063093513600513,5,1,1,1,0,1,1,0,1,0,1,0,0,0,0,1,0,0,0,1,0,1,0,0
0,0,1,1,70,1,1,1,1,1,1,1,1,1,113.05,7869.05,0,4203,110.83169014084507,0.026897454199381395,8,0,0,1,0,0,0,0,1,0,0,0,1,0,1,0,0,0,0,1,0,0,0,1
0,0,0,0,48,1,0,0,0,0,0,0,0,0,19.95,936.7,0,3396,19.116326530612245,0.005874558303886925,1,0,0,0,0,1,1,0,0,1,0,1,0,0,0,0,1,0,1,0,0,0,1,0
0,0,1,0,12,1,0,0,0,1,1,1,1,1,74.15,741.4,0,5426,57.03076923076923,0.01366568374493181,5,1,1,0,0,0,1,1,0,0,1,0,0,0,0,1,0,0,0,0,1,1,0,0
0,1,1,0,71,1,1,1,1,1,1,0,0,1,92.0,6585.2,0,4322,91.46111111111111,0.02128644146228598,6,0,1,1,1,0,0,0,1,0,0,1,0,0,0,1,0,0,0,1,0,0,0,1
0,1,0,0,44,1,0,0,0,1,0,0,0,0,73.85,3122.4,0,4374,69.38666666666667,0.016883859167809784,2,1,1,1,1,1,1,0,1,0,1,0,0,0,0,1,0,0,1,0,0,0,0,1
0,0,1,1,45,1,1,0,0,0,0,0,0,0,24.45,1088.25,0,3586,23.657608695652176,0.006818181818181818,2,0,0,0,0,1,1,0,0,1,0,0,1,0,0,0,1,0,1,0,0,0,0,1
0,0,0,0,23,1,1,0,0,0,0,0,0,0,24.8,615.35,0,4402,25.639583333333334,0.005633802816901409,2,0,0,0,0,1,1,0,0,1,0,1,0,0,1,0,0,1,0,0,0,0,0,1
0,0,1,0,43,1,1,0,0,0,1,1,0,1,64.85,2908.2,0,4000,66.09545454545454,0.016212499999999998,4,0,0,0,0,0,1,1,0,0,0,1,0,1,0,0,0,0,1,0,0,0,0,1
0,0,0,0,35,1,0,0,0,0,0,0,0,0,20.75,739.9,0,5876,20.552777777777777,0.0035313138189244386,1,1,0,0,0,1,1,0,0,1,1,0,0,1,0,0,0,0,1,0,0,1,0,0
0,0,1,0,9,1,0,1,1,0,1,1,0,1,68.95,593.85,0,2452,59.385000000000005,0.02811990212071778,5,1,0,0,0,0,0,1,0,0,1,0,0,0,0,0,1,0,0,0,1,0,1,0
0,1,1,0,65,1,1,1,1,1,0,1,1,1,109.4,7227.45,0,4452,109.50681818181818,0.024573225516621746,7,1,0,1,1,1,0,0,1,0,1,0,0,0,1,0,0,0,0,1,0,0,0,1
0,0,0,0,27,1,1,0,0,0,0,0,0,0,49.0,1291.35,0,5428,46.11964285714286,0.009027266028002948,2,1,0,0,0,1,1,1,0,0,1,0,0,0,0,0,1,0,1,0,0,1,0,0
0,0,0,0,40,1,0,0,0,1,0,0,0,1,50.25,2023.55,0,2449,49.354878048780485,0.020518579011841568,2,0,0,0,0,1,1,1,0,0,0,1,0,0,0,0,1,0,1,0,0,0,1,0
0,0,1,0,8,1,0,0,0,0,0,0,0,0,19.9,153.95,0,3152,17.105555555555554,0.006313451776649746,1,0,0,0,0,1,1,0,0,1,0,1,0,0,1,0,0,0,0,0,1,0,1,0
0,1,1,0,58,1,1,0,1,0,0,1,1,1,97.8,5458.8,0,6019,92.52203389830508,0.01624854627014454,5,0,0,1,1,1,1,0,1,0,0,1,0,1,0,0,0,0,0,1,0,1,0,0
0,0,1,1,52,1,0,1,0,1,0,1,1,0,100.3,5244.45,0,4811,98.95188679245283,0.020848056537102474,5,0,1,1,0,1,0,0,1,0,0,1,0,0,0,1,0,0,0,1,0,0,0,1
0,0,1,0,3,1,0,0,0,1,1,0,0,1,55.8,154.55,0,2662,38.6375,0.02096168294515402,3,1,0,0,0,0,1,1,0,0,1,0,0,0,0,0,1,0,0,0,1,0,1,0
0,0,0,1,41,1,0,1,1,1,1,1,1,1,111.15,4507.15,0,5038,107.31309523809523,0.022062326319968243,7,0,1,1,0,0,0,0,1,0,0,0,1,0,0,1,0,0,1,0,0,0,0,1
0,0,0,0,20,1,1,0,0,0,1,1,1,1,98.55,2031.95,0,3300,96.75952380952381,0.029863636363636363,5,1,0,1,0,0,1,0,1,0,1,0,0,0,0,0,1,1,0,0,0,0,1,0
0,0,0,1,1,1,1,0,0,0,0,0,0,1,50.05,50.05,0,5523,25.025,0.00906210392902408,2,1,1,0,0,1,1,1,0,0,1,0,0,0,0,1,0,0,0,0,1,1,0,0
0,0,0,0,23,1,0,0,0,0,0,0,0,0,20.85,473.9,0,4263,19.745833333333334,0.004890921885995778,1,1,1,0,0,1,1,0,0,1,1,0,0,0,0,1,0,1,0,0,0,0,0,1
0,1,0,0,6,1,0,0,0,0,0,0,0,0,19.5,106.8,0,3288,15.257142857142856,0.005930656934306569,1,1,0,0,1,1,1,0,0,1,1,0,0,1,0,0,0,0,0,0,1,0,1,0
0,0,1,1,8,1,0,0,0,0,0,0,0,1,19.35,152.6,0,5416,16.955555555555556,0.00357274741506647,1,1,0,0,0,1,1,0,0,1,1,0,0,0,0,0,1,0,0,0,1,1,0,0
0,0,0,0,18,1,1,1,0,1,0,1,0,0,69.5,1199.4,0,4466,63.126315789473686,0.015562024182713838,5,1,0,0,0,1,0,1,0,0,1,0,0,0,0,0,1,1,0,0,0,0,0,1
0,1,0,0,52,0,0,1,0,0,0,1,1,1,48.8,2555.05,0,4865,48.20849056603774,0.010030832476875641,3,1,0,0,1,1,0,1,0,0,1,0,0,0,1,0,0,0,0,1,0,0,0,1
0,0,0,0,31,1,0,0,1,0,0,1,1,1,94.5,2979.2,0,3949,93.1,0.023930108888326158,4,1,1,1,0,1,1,0,1,0,1,0,0,0,0,1,0,0,1,0,0,0,0,1
0,0,1,1,29,1,0,0,0,0,0,0,0,1,20.65,654.85,0,4667,21.828333333333333,0.004424683951146346,1,1,0,0,0,1,1,0,0,1,1,0,0,0,0,0,1,0,1,0,0,0,0,1
0,0,1,0,36,1,1,1,1,1,1,0,1,1,106.05,3834.4,0,4505,103.63243243243244,0.02354051054384018,7,0,0,1,0,0,0,0,1,0,0,0,1,0,1,0,0,0,1,0,0,0,0,1
0,0,1,0,42,1,1,0,0,1,1,1,1,1,108.3,4586.15,0,5106,106.65465116279069,0.021210340775558167,6,0,1,1,0,0,1,0,1,0,0,1,0,0,0,1,0,0,1,0,0,0,0,1
0,0,0,0,60,1,0,0,1,1,0,1,1,1,99.65,5941.05,0,4616,97.39426229508197,0.021587954939341424,5,0,1,1,0,1,1,0,1,0,0,0,1,0,0,1,0,0,0,1,0,0,0,1
0,0,1,0,22,1,1,1,0,0,1,1,0,0,95.9,2234.95,0,3207,97.17173913043477,0.02990333645151232,5,1,0,1,0,0,0,0,1,0,1,0,0,0,1,0,0,1,0,0,0,0,1,0
0,0,1,0,36,1,0,0,0,0,0,0,0,0,20.0,666.75,0,4175,18.02027027027027,0.004790419161676647,1,0,0,0,0,1,1,0,0,1,0,1,0,0,0,0,1,0,1,0,0,0,0,1
0,0,0,0,9,1,0,1,0,0,1,0,1,0,64.95,547.8,0,3013,54.779999999999994,0.021556588118154665,4,1,0,0,0,0,0,1,0,0,1,0,0,0,0,0,1,0,0,0,1,0,1,0
0,0,1,1,1,1,0,0,1,0,0,0,0,0,74.6,74.6,0,5494,37.3,0.013578449217327994,2,1,0,1,0,1,1,0,1,0,1,0,0,0,1,0,0,0,0,0,1,1,0,0
0,0,1,1,12,1,0,1,0,0,0,0,0,1,49.2,571.15,0,3582,43.934615384615384,0.01373534338358459,2,1,1,0,0,1,0,1,0,0,1,0,0,0,0,1,0,0,0,0,1,0,0,1
0,0,0,0,23,1,1,0,0,0,1,1,1,1,73.75,1756.6,0,3483,73.19166666666666,0.02117427505024404,5,0,0,0,0,0,1,1,0,0,0,1,0,0,0,0,1,1,0,0,0,0,0,1
0,0,0,0,62,1,1,1,1,0,0,0,1,1,92.3,5731.45,0,6468,90.97539682539683,0.014270253555967841,5,0,0,1,0,1,0,0,1,0,0,1,0,1,0,0,0,0,0,1,0,1,0,0
0,0,0,0,8,1,0,0,0,0,0,0,0,0,19.2,156.85,0,2879,17.427777777777777,0.006668982285515804,1,1,0,0,0,1,1,0,0,1,1,0,0,0,0,0,1,0,0,0,1,0,1,0
0,0,1,0,31,1,1,0,0,1,0,1,0,0,88.65,2683.2,0,4821,83.85,0.01838830118232732,4,1,0,1,0,1,1,0,1,0,1,0,0,0,1,0,0,0,1,0,0,0,0,1
0,0,1,1,45,1,1,0,1,1,0,0,1,1,95.95,4456.65,0,5322,96.8836956521739,0.01802893649004134,5,1,0,1,0,1,1,0,1,0,1,0,0,1,0,0,0,0,1,0,0,0,0,1
0,1,1,0,69,1,1,0,1,0,1,1,1,0,105.4,6998.95,0,5467,99.985,0.019279312237058716,6,0,0,1,1,0,1,0,1,0,0,0,1,0,1,0,0,0,0,1,0,1,0,0
0,0,0,0,2,1,0,0,0,0,0,0,0,0,20.25,36.8,0,5736,12.266666666666666,0.003530334728033473,1,1,0,0,0,1,1,0,0,1,1,0,0,0,0,0,1,0,0,0,1,1,0,0
0,0,0,0,44,0,0,0,0,1,0,1,1,1,49.05,2265.0,0,3910,50.333333333333336,0.012544757033248082,3,0,1,0,0,1,1,1,0,0,0,1,0,0,0,1,0,0,1,0,0,0,0,1
0,0,0,0,39,0,0,0,0,1,1,0,0,0,35.55,1309.15,0,3752,32.728750000000005,0.009474946695095948,2,0,0,0,0,0,1,1,0,0,0,1,0,0,0,0,1,0,1,0,0,0,0,1
0,0,1,0,72,0,0,1,1,1,1,1,1,1,65.1,4754.3,0,4969,65.12739726027398,0.013101227611189373,6,0,0,0,0,0,0,1,0,0,0,0,1,0,1,0,0,0,0,1,0,0,0,1
0,1,0,0,13,1,0,0,0,1,0,1,1,1,96.85,1235.55,0,3098,88.25357142857142,0.031262104583602325,4,1,1,1,1,1,1,0,1,0,1,0,0,0,0,1,0,1,0,0,0,0,1,0
0,0,1,0,51,1,0,1,1,0,1,0,1,1,69.75,3562.5,0,5628,68.50961538461539,0.012393390191897655,5,0,0,0,0,0,0,1,0,0,0,1,0,0,1,0,0,0,0,1,0,1,0,0
0,1,1,0,71,1,0,0,1,1,0,1,1,1,99.2,7213.75,0,4951,100.19097222222223,0.02003635629165825,5,0,1,1,1,1,1,0,1,0,0,0,1,0,0,1,0,0,0,1,0,0,0,1
0,0,0,0,56,1,1,0,1,1,0,1,1,1,106.8,5914.4,0,6161,103.76140350877192,0.017334848238922253,6,0,1,1,0,1,1,0,1,0,0,1,0,0,0,1,0,0,0,1,0,1,0,0
0,0,0,0,1,1,0,1,0,0,0,0,0,0,51.25,51.25,0,4483,25.625,0.01143207673432969,2,1,0,0,0,1,0,1,0,0,1,0,0,0,0,0,1,0,0,0,1,0,0,1
0,0,1,0,23,1,0,1,1,0,1,0,0,1,57.75,1282.85,0,3794,53.45208333333333,0.01522140221402214,4,0,0,0,0,0,0,1,0,0,0,1,0,0,0,0,1,1,0,0,0,0,0,1
0,1,1,0,66,1,1,0,1,1,0,1,0,1,70.85,4738.85,0,5572,70.72910447761194,0.012715362526920316,5,0,0,0,1,1,1,1,0,0,0,1,0,1,0,0,0,0,0,1,0,1,0,0
0,0,0,0,1,1,0,0,0,0,0,0,0,0,19.55,19.55,0,5750,9.775,0.0034000000000000002,1,1,0,0,0,1,1,0,0,1,1,0,0,0,0,0,1,0,0,0,1,1,0,0
0,0,0,0,11,1,0,1,0,1,0,0,0,1,79.5,795.65,0,2278,66.30416666666666,0.0348990342405619,3,1,0,1,0,1,0,0,1,0,1,0,0,1,0,0,0,0,0,0,1,0,1,0
0,0,1,1,52,1,1,1,1,1,0,0,1,0,98.15,4993.4,0,5123,94.21509433962264,0.019158696076517667,6,1,0,1,0,1,0,0,1,0,1,0,0,1,0,0,0,0,0,1,0,0,0,1
0,0,0,0,3,1,0,0,0,0,0,0,0,1,20.25,61.45,0,4050,15.3625,0.005,1,1,1,0,0,1,1,0,0,1,1,0,0,0,0,1,0,0,0,0,1,0,0,1
0,0,1,1,51,1,0,1,1,0,0,0,0,1,79.15,4018.55,0,6321,77.2798076923077,0.012521752887201393,3,1,0,1,0,1,0,0,1,0,1,0,0,1,0,0,0,0,0,1,0,1,0,0
0,1,1,0,64,1,1,0,1,1,0,0,1,1,94.25,6081.4,0,6020,93.55999999999999,0.015656146179401993,5,1,1,1,1,1,1,0,1,0,1,0,0,0,0,1,0,0,0,1,0,1,0,0
0,0,0,0,37,0,0,0,0,1,0,0,1,1,40.2,1478.85,0,5924,38.91710526315789,0.006785955435516544,2,1,0,0,0,1,1,1,0,0,1,0,0,0,1,0,0,0,1,0,0,1,0,0
0,0,0,0,13,1,0,0,0,0,0,0,0,0,19.95,243.65,0,2884,17.40357142857143,0.006917475728155339,1,0,0,0,0,1,1,0,0,1,0,0,1,0,0,0,1,1,0,0,0,0,1,0
0,0,1,0,49,1,1,1,0,0,0,0,0,1,55.35,2633.95,0,5601,52.678999999999995,0.009882163899303697,3,0,1,0,0,1,0,1,0,0,0,1,0,0,0,1,0,0,0,1,0,1,0,0
0,1,0,0,45,1,1,0,0,1,0,1,1,1,102.15,4735.35,0,5391,102.94239130434784,0.018948247078464108,5,0,0,1,1,1,1,0,1,0,0,1,0,1,0,0,0,0,1,0,0,1,0,0
0,0,0,0,18,1,0,0,0,0,0,0,0,1,71.1,1247.75,0,4911,65.67105263157895,0.0144777031154551,1,1,1,1,0,1,1,0,1,0,1,0,0,0,0,1,0,1,0,0,0,0,0,1
0,0,1,0,68,0,0,1,0,1,0,1,1,1,54.1,3794.5,0,4601,54.992753623188406,0.011758313410128233,4,0,0,0,0,1,0,1,0,0,0,0,1,1,0,0,0,0,0,1,0,0,0,1
0,0,0,0,54,1,0,0,0,0,0,0,0,0,19.65,1008.7,0,5708,18.34,0.003442536790469516,1,0,0,0,0,1,1,0,0,1,0,0,1,0,1,0,0,0,0,1,0,1,0,0
0,1,1,1,23,1,0,0,1,1,0,0,1,1,88.45,2130.55,0,3937,88.77291666666667,0.022466344932689866,4,1,0,1,1,1,1,0,1,0,1,0,0,1,0,0,0,1,0,0,0,0,0,1
0,0,1,0,71,1,1,1,1,1,1,0,1,0,80.4,5727.15,0,5228,79.54374999999999,0.015378729915837797,7,0,0,0,0,0,0,1,0,0,0,0,1,0,1,0,0,0,0,1,0,0,0,1
0,0,1,1,67,1,0,0,0,0,0,0,0,1,19.25,1372.9,0,5154,20.189705882352943,0.003734963135428793,1,0,0,0,0,1,1,0,0,1,0,0,1,1,0,0,0,0,0,1,0,0,0,1
0,0,1,1,14,1,1,0,0,0,0,1,0,1,84.8,1203.9,0,2452,80.26,0.03458401305057096,3,1,1,1,0,1,1,0,1,0,1,0,0,0,0,1,0,1,0,0,0,0,1,0
0,0,0,1,63,1,0,0,0,0,0,0,0,0,19.5,1215.1,0,4370,18.9859375,0.004462242562929062,1,0,0,0,0,1,1,0,0,1,0,0,1,0,1,0,0,0,0,1,0,0,0,1
0,0,0,0,41,1,1,0,0,1,1,0,1,1,68.6,2877.05,0,4572,68.50119047619049,0.01500437445319335,5,0,1,0,0,0,1,1,0,0,0,1,0,0,0,1,0,0,1,0,0,0,0,1
0,0,1,0,17,1,1,0,0,0,0,1,1,0,92.6,1579.7,0,4756,87.76111111111112,0.01947014297729184,4,1,1,1,0,1,1,0,1,0,1,0,0,0,0,1,0,1,0,0,0,0,0,1
0,0,1,0,56,1,1,1,0,0,0,1,1,1,100.55,5514.95,0,4847,96.75350877192982,0.020744790592118836,5,0,1,1,0,1,0,0,1,0,0,1,0,0,0,1,0,0,0,1,0,0,0,1
0,0,0,0,5,1,0,0,0,0,0,0,0,0,20.55,96.1,0,5967,16.016666666666666,0.003443941679235797,1,1,0,0,0,1,1,0,0,1,1,0,0,0,1,0,0,0,0,0,1,1,0,0
0,0,1,0,3,1,0,0,0,0,0,0,0,1,19.6,55.25,0,2941,13.8125,0.00666439986399184,1,1,0,0,0,1,1,0,0,1,1,0,0,0,0,0,1,0,0,0,1,0,1,0
0,0,0,0,37,1,1,1,1,1,1,0,0,0,67.45,2443.3,0,5042,64.29736842105264,0.013377627925426419,6,0,1,0,0,0,0,1,0,0,0,1,0,0,0,1,0,0,1,0,0,0,0,1
0,0,0,0,8,1,0,0,0,0,0,0,0,0,43.55,335.4,0,3266,37.266666666666666,0.01333435394978567,1,1,0,0,0,1,1,1,0,0,1,0,0,0,0,0,1,0,0,0,1,0,1,0
0,0,0,0,63,1,1,0,1,1,1,1,1,1,109.85,7002.95,0,5775,109.42109375,0.01902164502164502,7,1,0,1,0,0,1,0,1,0,1,0,0,0,1,0,0,0,0,1,0,1,0,0
0,0,1,1,7,1,0,0,0,0,0,0,0,0,20.65,158.95,0,4058,19.86875,0.005088713652045342,1,1,0,0,0,1,1,0,0,1,1,0,0,0,0,0,1,0,0,0,1,0,0,1
0,0,0,0,3,1,0,0,1,0,0,1,1,0,95.4,293.15,0,2813,73.2875,0.03391397084962673,4,1,1,1,0,1,1,0,1,0,1,0,0,0,0,1,0,0,0,0,1,0,1,0
0,0,1,1,72,1,0,0,0,0,0,0,0,0,21.0,1493.75,0,4974,20.46232876712329,0.004221954161640531,1,0,0,0,0,1,1,0,0,1,0,0,1,1,0,0,0,0,0,1,0,0,0,1
0,0,0,0,19,1,0,0,0,0,0,0,1,1,56.2,1093.4,0,3384,54.67,0.01660756501182033,2,1,1,0,0,1,1,1,0,0,1,0,0,0,0,1,0,1,0,0,0,0,1,0
0,0,1,0,59,1,0,0,0,0,0,0,0,0,18.4,1057.85,0,4375,17.63083333333333,0.004205714285714286,1,0,0,0,0,1,1,0,0,1,0,0,1,1,0,0,0,0,0,1,0,0,0,1
0,0,1,1,35,1,1,0,0,0,0,0,0,1,25.75,882.55,0,4194,24.515277777777776,0.006139723414401526,2,1,1,0,0,1,1,0,0,1,1,0,0,0,0,1,0,0,1,0,0,0,0,1
0,0,0,0,14,1,0,0,0,0,0,0,0,0,19.6,300.4,0,2847,20.026666666666664,0.00688443976115209,1,1,0,0,0,1,1,0,0,1,1,0,0,0,1,0,0,1,0,0,0,0,1,0
0,0,1,1,69,1,0,0,0,0,0,0,0,0,19.8,1436.95,0,5423,20.527857142857144,0.0036511156186612576,1,0,0,0,0,1,1,0,0,1,0,0,1,0,1,0,0,0,0,1,0,1,0,0
0,1,1,0,7,1,1,1,1,0,1,0,0,0,64.2,475.0,0,5116,59.375,0.01254886630179828,5,1,1,0,1,0,0,1,0,0,1,0,0,0,0,1,0,0,0,0,1,0,0,1
0,0,1,0,69,1,0,1,1,1,1,1,0,1,75.75,5388.15,0,5839,76.97357142857142,0.012973111834218188,6,0,0,0,0,0,0,1,0,0,0,0,1,1,0,0,0,0,0,1,0,1,0,0
0,0,1,0,72,1,1,0,1,0,1,1,1,1,78.95,5730.15,0,5050,78.49520547945205,0.015633663366336634,6,0,1,0,0,0,1,1,0,0,0,0,1,0,0,1,0,0,0,1,0,0,0,1
0,0,1,1,4,1,0,1,0,0,0,0,0,0,50.3,217.1,0,3147,43.42,0.01598347632666031,2,1,1,0,0,1,0,1,0,0,1,0,0,0,0,1,0,0,0,0,1,0,1,0
0,0,1,1,63,1,0,0,1,1,0,0,0,1,80.3,4896.35,0,5157,76.50546875,0.015571068450649601,3,1,0,1,0,1,1,0,1,0,1,0,0,0,1,0,0,0,0,1,0,0,0,1
0,0,0,0,72,1,0,0,0,0,0,0,0,0,19.85,1434.1,0,4790,19.645205479452052,0.004144050104384134,1,0,0,0,0,1,1,0,0,1,0,0,1,1,0,0,0,0,0,1,0,0,0,1
0,0,0,0,46,1,0,0,0,0,0,0,0,1,21.1,937.1,0,4791,19.938297872340424,0.004404091003965769,1,0,1,0,0,1,1,0,0,1,0,0,1,0,0,1,0,0,1,0,0,0,0,1
0,0,1,0,30,1,0,0,0,1,0,0,0,1,50.0,1474.9,0,4715,47.57741935483871,0.010604453870625663,2,1,0,0,0,1,1,1,0,0,1,0,0,0,0,0,1,0,1,0,0,0,0,1
0,0,0,0,63,1,1,0,1,1,0,1,1,1,104.75,6536.5,0,5882,102.1328125,0.017808568514110848,6,0,0,1,0,1,1,0,1,0,0,0,1,1,0,0,0,0,0,1,0,1,0,0
0,0,0,0,60,1,0,0,0,0,0,0,0,0,19.85,1128.1,0,6213,18.49344262295082,0.0031949138902301628,1,0,0,0,0,1,1,0,0,1,0,0,1,1,0,0,0,0,0,1,0,1,0,0
0,0,1,1,25,1,0,0,0,0,1,1,0,0,85.9,2199.05,0,3153,84.57884615384616,0.027243894703457026,3,1,1,1,0,0,1,0,1,0,1,0,0,0,0,1,0,0,1,0,0,0,1,0
0,1,1,0,6,1,1,0,0,1,0,0,0,1,80.8,457.1,0,5611,65.3,0.014400285154161469,3,1,1,1,1,1,1,0,1,0,1,0,0,0,0,1,0,0,0,0,1,1,0,0
0,0,0,0,22,1,1,0,0,0,0,0,0,0,25.25,566.5,0,3403,24.630434782608695,0.00741992359682633,2,0,0,0,0,1,1,0,0,1,0,0,1,0,0,0,1,1,0,0,0,0,1,0
0,0,1,0,31,1,1,0,1,0,1,1,1,0,80.55,2471.6,0,3491,77.2375,0.023073617874534515,6,0,0,0,0,0,1,1,0,0,0,0,1,1,0,0,0,0,1,0,0,0,0,1
0,0,1,1,39,1,0,0,0,1,1,0,0,1,81.5,3107.3,0,2042,77.6825,0.039911851126346716,3,1,0,1,0,0,1,0,1,0,1,0,0,1,0,0,0,0,1,0,0,0,1,0
0,0,0,0,26,1,0,0,0,0,0,0,0,0,20.9,518.3,0,5895,19.196296296296296,0.0035453774385072094,1,1,0,0,0,1,1,0,0,1,1,0,0,0,0,0,1,0,1,0,0,1,0,0
0,0,0,0,12,1,1,1,1,0,1,0,0,1,67.25,832.3,0,4334,64.02307692307691,0.015516843562528842,5,1,1,0,0,0,0,1,0,0,1,0,0,0,0,1,0,0,0,0,1,0,0,1
0,0,0,0,2,1,0,0,0,0,0,0,0,0,20.35,45.3,0,5994,15.1,0.003395061728395062,1,1,0,0,0,1,1,0,0,1,1,0,0,0,0,0,1,0,0,0,1,1,0,0
0,0,0,0,39,0,0,1,0,0,1,1,0,0,45.05,1790.6,0,4003,44.765,0.011254059455408442,3,0,0,0,0,0,0,1,0,0,0,1,0,1,0,0,0,0,1,0,0,0,0,1
0,0,1,1,7,0,0,1,0,0,1,0,0,0,34.65,246.6,0,5996,30.825,0.005778852568378919,2,1,0,0,0,0,0,1,0,0,1,0,0,0,0,0,1,0,0,0,1,1,0,0
0,1,0,0,4,1,0,0,0,0,0,0,0,0,69.35,261.65,0,4140,52.33,0.016751207729468597,1,1,1,1,1,1,1,0,1,0,1,0,0,0,0,1,0,0,0,0,1,0,0,1
0,0,0,0,55,1,0,0,1,1,0,0,0,1,81.55,4509.5,0,5167,80.52678571428571,0.015782852719179407,3,1,1,1,0,1,1,0,1,0,1,0,0,0,0,1,0,0,0,1,0,0,0,1
0,0,1,0,72,1,0,0,1,1,0,1,1,1,75.4,5480.25,0,4171,75.07191780821918,0.01807719971229921,5,0,0,0,0,1,1,1,0,0,0,0,1,1,0,0,0,0,0,1,0,0,0,1
0,0,1,0,10,1,0,0,0,1,0,1,1,1,67.8,653.15,0,2709,59.377272727272725,0.025027685492801773,4,1,0,0,0,1,1,1,0,0,1,0,0,0,1,0,0,0,0,0,1,0,1,0
0,1,0,0,11,1,1,0,1,1,1,1,1,1,111.4,1183.05,0,3175,98.58749999999999,0.03508661417322835,7,1,1,1,1,0,1,0,1,0,1,0,0,0,0,1,0,0,0,0,1,0,1,0
0,0,1,1,15,1,0,0,0,0,0,0,0,0,46.3,639.45,0,3103,39.965625,0.014921044150821785,1,1,1,0,0,1,1,1,0,0,1,0,0,0,0,1,0,1,0,0,0,0,1,0
0,0,1,1,23,1,0,0,0,0,0,0,0,0,20.4,478.75,0,4698,19.947916666666668,0.004342273307790549,1,0,0,0,0,1,1,0,0,1,0,0,1,1,0,0,0,1,0,0,0,0,0,1
0,0,0,1,1,1,0,0,0,0,0,0,0,0,20.05,20.05,0,4221,10.025,0.004750059227671168,1,1,0,0,0,1,1,0,0,1,1,0,0,0,0,0,1,0,0,0,1,0,0,1
0,0,1,1,47,1,0,1,1,1,0,0,1,1,96.1,4391.45,0,5793,91.48854166666666,0.016588986708095978,5,0,1,1,0,1,0,0,1,0,0,1,0,0,0,1,0,0,1,0,0,1,0,0
0,0,0,0,15,1,0,0,0,0,0,0,0,0,19.65,270.6,0,4818,16.9125,0.0040784557907845576,1,0,0,0,0,1,1,0,0,1,0,1,0,0,0,0,1,1,0,0,0,0,0,1
0,1,1,0,68,1,0,0,1,1,1,0,0,1,60.65,3975.9,0,6418,57.62173913043478,0.009449984418822062,4,0,0,0,1,0,1,1,0,0,0,1,0,1,0,0,0,0,0,1,0,1,0,0
0,1,1,0,21,1,1,0,1,1,0,0,1,0,71.7,1497.05,0,2784,68.04772727272727,0.025754310344827586,5,0,0,0,1,1,1,1,0,0,0,1,0,1,0,0,0,1,0,0,0,0,1,0
0,0,0,0,21,0,0,0,1,0,1,0,0,1,36.0,780.15,0,3378,35.461363636363636,0.010657193605683837,2,1,0,0,0,0,1,1,0,0,1,0,0,0,0,0,1,1,0,0,0,0,1,0
0,0,1,0,56,1,1,1,0,0,0,1,0,0,65.2,3512.15,0,4775,61.61666666666667,0.013654450261780105,4,0,0,0,0,1,0,1,0,0,0,1,0,1,0,0,0,0,0,1,0,0,0,1
0,0,1,1,6,1,1,0,0,0,0,0,0,1,48.95,273.25,0,3061,39.035714285714285,0.015991506043776544,2,1,0,0,0,1,1,1,0,0,1,0,0,0,1,0,0,0,0,0,1,0,1,0
0,1,0,0,65,0,0,0,1,1,0,1,1,1,53.5,3517.9,0,5693,53.301515151515154,0.00939750570876515,4,0,0,0,1,1,1,1,0,0,0,0,1,1,0,0,0,0,0,1,0,1,0,0
0,0,1,0,42,1,1,1,0,0,1,1,1,0,80.45,3375.9,0,4397,78.5093023255814,0.01829656584034569,6,0,0,0,0,0,0,1,0,0,0,1,0,0,1,0,0,0,1,0,0,0,0,1
0,0,1,1,68,1,1,1,0,1,1,1,1,1,109.05,7508.55,0,6391,108.8195652173913,0.017063057424503206,7,0,0,1,0,0,0,0,1,0,0,0,1,1,0,0,0,0,0,1,0,1,0,0
0,0,1,1,48,1,1,0,0,0,0,0,0,0,26.3,1245.05,0,2111,25.409183673469386,0.012458550450023686,2,0,0,0,0,1,1,0,0,1,0,0,1,1,0,0,0,0,1,0,0,0,1,0
0,1,0,0,50,1,1,0,1,0,1,1,1,1,106.8,5347.95,0,5746,104.86176470588235,0.01858684302123216,6,0,1,1,1,0,1,0,1,0,0,1,0,0,0,1,0,0,0,1,0,1,0,0
0,1,0,0,7,1,0,0,1,1,0,1,0,1,64.95,493.65,0,4615,61.70625,0.014073672806067174,4,1,1,0,1,1,1,1,0,0,1,0,0,0,0,1,0,0,0,0,1,0,0,1
0,0,1,1,63,1,0,0,0,0,0,0,0,0,19.35,1263.85,0,4566,19.74765625,0.00423784494086728,1,0,1,0,0,1,1,0,0,1,0,0,1,0,0,1,0,0,0,1,0,0,0,1
0,0,0,0,17,1,0,0,0,0,0,0,0,0,21.1,385.55,0,2842,21.419444444444444,0.007424349049964814,1,1,0,0,0,1,1,0,0,1,1,0,0,0,1,0,0,1,0,0,0,0,1,0
0,0,1,1,4,1,0,0,0,0,0,0,0,0,18.85,84.2,0,5279,16.84,0.003570752036370525,1,1,0,0,0,1,1,0,0,1,1,0,0,0,0,0,1,0,0,0,1,0,0,1
0,0,0,1,62,1,1,0,0,0,0,0,0,0,26.0,1638.7,0,4535,26.011111111111113,0.005733186328555678,2,0,0,0,0,1,1,0,0,1,0,0,1,1,0,0,0,0,0,1,0,0,0,1
0,0,1,0,2,1,0,0,0,0,0,0,0,1,70.35,120.25,0,4917,40.083333333333336,0.014307504575960951,1,1,1,1,0,1,1,0,1,0,1,0,0,0,0,1,0,0,0,0,1,0,0,1
0,0,1,0,48,1,1,1,1,1,0,1,0,1,96.9,4473.45,0,2613,91.29489795918367,0.037083811710677386,6,0,0,1,0,1,0,0,1,0,0,0,1,1,0,0,0,0,1,0,0,0,1,0
0,0,1,0,27,1,0,0,0,0,0,0,0,0,19.55,520.55,0,4430,18.59107142857143,0.004413092550790068,1,0,0,0,0,1,1,0,0,1,0,0,1,1,0,0,0,0,1,0,0,0,0,1
0,0,1,0,70,1,0,0,1,1,1,1,1,1,80.4,5717.85,0,6367,80.5330985915493,0.012627611119836658,6,0,0,0,0,0,1,1,0,0,0,0,1,1,0,0,0,0,0,1,0,1,0,0
0,0,1,0,46,1,1,0,1,1,0,1,0,1,94.65,4312.5,0,4120,91.75531914893617,0.022973300970873786,5,0,1,1,0,1,1,0,1,0,0,1,0,0,0,1,0,0,1,0,0,0,0,1
0,0,1,1,69,1,1,0,1,1,0,1,0,0,95.75,6511.25,0,5561,93.01785714285714,0.017218126236288437,5,0,0,1,0,1,1,0,1,0,0,1,0,0,1,0,0,0,0,1,0,1,0,0
0,0,0,0,65,1,0,0,0,0,0,0,0,1,19.55,1218.65,0,4309,18.46439393939394,0.0045370155488512415,1,0,0,0,0,1,1,0,0,1,0,0,1,0,1,0,0,0,0,1,0,0,0,1
0,1,1,1,72,1,0,1,0,1,1,1,1,1,104.1,7447.7,0,5092,102.02328767123288,0.020443833464257658,6,0,0,1,1,0,0,0,1,0,0,0,1,0,1,0,0,0,0,1,0,0,0,1
0,0,0,0,17,1,0,0,0,0,0,0,0,1,20.1,279.5,0,2185,15.527777777777779,0.00919908466819222,1,0,0,0,0,1,1,0,0,1,0,1,0,0,0,0,1,1,0,0,0,0,1,0
0,0,1,0,51,1,1,1,0,1,1,1,1,1,111.55,5720.35,0,4053,110.00673076923077,0.02752282260054281,7,0,1,1,0,0,0,0,1,0,0,1,0,0,0,1,0,0,0,1,0,0,0,1
0,0,1,0,51,1,0,1,1,0,1,0,0,0,60.5,3121.45,0,4994,60.027884615384615,0.012114537444933921,4,0,0,0,0,0,0,1,0,0,0,0,1,0,1,0,0,0,0,1,0,0,0,1
0,0,1,0,72,1,1,1,1,1,1,1,1,1,90.95,6468.6,0,6091,88.6109589041096,0.014931866688556887,8,0,0,0,0,0,0,1,0,0,0,0,1,1,0,0,0,0,0,1,0,1,0,0
0,0,0,0,34,1,0,0,0,0,0,0,0,0,19.7,675.6,0,4136,19.302857142857142,0.004763056092843327,1,1,0,0,0,1,1,0,0,1,1,0,0,0,0,0,1,0,1,0,0,0,0,1
0,0,1,0,67,0,0,1,1,0,1,0,1,1,50.95,3521.7,0,6395,51.78970588235294,0.007967161845191556,4,0,0,0,0,0,0,1,0,0,0,0,1,1,0,0,0,0,0,1,0,1,0,0
0,0,1,0,49,1,0,0,0,0,0,0,0,1,20.05,923.1,0,5579,18.462,0.0035938340204337694,1,0,0,0,0,1,1,0,0,1,0,1,0,1,0,0,0,0,0,1,0,1,0,0
0,0,1,1,53,1,0,0,0,0,0,0,0,1,19.4,1110.35,0,4497,20.562037037037037,0.004313987102512786,1,0,0,0,0,1,1,0,0,1,0,0,1,0,0,0,1,0,0,1,0,0,0,1
0,0,0,0,27,1,1,0,0,1,1,0,0,0,59.45,1611.65,0,4818,57.558928571428574,0.01233914487339145,4,1,1,0,0,0,1,1,0,0,1,0,0,0,0,1,0,0,1,0,0,0,0,1
0,0,0,0,69,1,1,1,1,1,1,0,1,1,81.5,5553.25,0,5286,79.33214285714286,0.015418085508891411,7,0,0,0,0,0,0,1,0,0,0,0,1,0,1,0,0,0,0,1,0,0,0,1
0,0,1,1,2,0,0,0,0,0,1,0,0,0,29.05,44.75,0,4998,14.916666666666666,0.005812324929971989,1,1,0,0,0,0,1,1,0,0,1,0,0,1,0,0,0,0,0,0,1,0,0,1
0,0,1,0,46,1,0,1,1,0,1,0,1,0,70.6,3231.05,0,5433,68.74574468085106,0.012994662249217743,5,0,0,0,0,0,0,1,0,0,0,1,0,0,0,0,1,0,1,0,0,1,0,0
0,0,0,0,54,1,1,0,1,0,0,1,1,1,97.2,5129.45,0,4971,93.26272727272728,0.01955340977670489,5,0,0,1,0,1,1,0,1,0,0,0,1,1,0,0,0,0,0,1,0,0,0,1
0,0,0,0,20,1,1,1,0,0,1,0,0,0,59.2,1191.2,0,5924,56.72380952380953,0.0099932478055368,4,1,0,0,0,0,0,1,0,0,1,0,0,1,0,0,0,1,0,0,0,1,0,0
0,0,0,0,11,1,0,0,1,0,0,0,0,1,75.9,866.4,0,4278,72.2,0.017741935483870968,2,1,0,1,0,1,1,0,1,0,1,0,0,0,0,0,1,0,0,0,1,0,0,1
0,1,1,0,30,1,1,0,1,0,0,1,0,1,90.05,2627.2,0,3792,84.74838709677418,0.02374736286919831,4,1,1,1,1,1,1,0,1,0,1,0,0,0,0,1,0,0,1,0,0,0,0,1
0,0,1,0,68,1,0,1,1,1,0,0,1,0,70.95,4741.45,0,5036,68.71666666666667,0.01408856235107228,5,0,0,0,0,1,0,1,0,0,0,0,1,1,0,0,0,0,0,1,0,0,0,1
0,1,1,0,38,1,1,0,1,1,0,1,1,1,102.6,4009.2,0,5469,102.8,0.018760285244103125,6,1,1,1,1,1,1,0,1,0,1,0,0,0,0,1,0,0,1,0,0,1,0,0
0,0,0,0,1,1,0,0,0,0,0,0,0,0,43.8,43.8,0,4633,21.9,0.009453917548025038,1,1,1,0,0,1,1,1,0,0,1,0,0,0,0,1,0,0,0,0,1,0,0,1
0,0,1,0,63,0,0,1,1,1,0,1,1,0,59.0,3707.6,0,5639,57.93125,0.01046284802269906,5,0,1,0,0,1,0,1,0,0,0,0,1,0,0,1,0,0,0,1,0,1,0,0
0,0,0,0,3,1,0,0,0,1,0,1,1,1,69.95,220.45,0,2754,55.1125,0.02539941902687001,4,0,1,0,0,1,1,1,0,0,0,1,0,0,0,1,0,0,0,0,1,0,1,0
0,0,0,0,48,1,1,0,0,0,0,0,0,0,24.35,1133.7,0,4200,23.136734693877553,0.005797619047619048,2,0,0,0,0,1,1,0,0,1,0,1,0,1,0,0,0,0,1,0,0,0,0,1
0,0,0,0,66,0,0,0,0,0,1,0,0,0,29.45,1983.15,0,5112,29.599253731343286,0.00576095461658842,1,0,0,0,0,0,1,1,0,0,0,1,0,0,1,0,0,0,0,1,0,0,0,1
0,0,1,1,68,1,1,0,1,1,0,0,0,1,84.4,5746.75,0,5045,83.28623188405797,0.016729435084241826,4,0,0,1,0,1,1,0,1,0,0,0,1,0,1,0,0,0,0,1,0,0,0,1
0,0,1,0,7,1,0,0,0,0,0,0,0,0,20.65,134.05,0,3575,16.75625,0.005776223776223776,1,0,0,0,0,1,1,0,0,1,0,1,0,0,0,0,1,0,0,0,1,0,0,1
0,0,1,0,72,1,1,1,1,1,1,1,1,1,87.1,6230.1,0,5993,85.34383561643835,0.014533622559652928,8,0,0,0,0,0,0,1,0,0,0,0,1,1,0,0,0,0,0,1,0,1,0,0
0,0,1,0,29,1,0,0,0,0,0,0,0,0,19.85,573.05,0,2712,19.101666666666667,0.007319321533923304,1,1,0,0,0,1,1,0,0,1,1,0,0,0,0,0,1,0,1,0,0,0,1,0
0,0,1,0,37,1,0,0,0,1,1,0,1,1,90.35,3419.3,0,3347,89.98157894736842,0.026994323274574242,4,1,1,1,0,0,1,0,1,0,1,0,0,0,0,1,0,0,1,0,0,0,1,0
0,0,1,0,59,1,1,1,1,0,1,0,0,0,65.5,3801.3,0,5631,63.355000000000004,0.011632036938376842,5,0,0,0,0,0,0,1,0,0,0,1,0,0,0,0,1,0,0,1,0,1,0,0
0,1,1,1,60,1,1,1,0,0,0,0,0,1,80.95,4859.1,0,6214,79.65737704918034,0.013027035725780496,3,1,1,1,1,1,0,0,1,0,1,0,0,0,0,1,0,0,0,1,0,1,0,0
0,0,0,0,27,1,0,0,1,0,1,0,0,1,56.15,1439.35,0,3056,51.40535714285714,0.01837369109947644,3,1,0,0,0,0,1,1,0,0,1,0,0,0,0,0,1,0,1,0,0,0,1,0
0,0,1,0,17,0,0,1,0,1,0,0,0,0,34.4,592.75,0,4207,32.93055555555556,0.00817684811029237,2,1,0,0,0,1,0,1,0,0,1,0,0,0,0,0,1,1,0,0,0,0,0,1
0,0,1,0,58,1,0,0,0,0,0,0,0,0,20.75,1185.95,0,4927,20.10084745762712,0.004211487720722549,1,0,0,0,0,1,1,0,0,1,0,0,1,0,0,0,1,0,0,1,0,0,0,1
0,0,1,0,1,1,0,0,0,0,0,0,0,0,18.8,18.8,0,5160,9.4,0.0036434108527131784,1,0,0,0,0,1,1,0,0,1,0,1,0,0,0,0,1,0,0,0,1,0,0,1
0,0,0,0,53,1,1,1,1,1,0,0,0,0,90.8,4921.2,0,5249,91.13333333333333,0.01729853305391503,5,1,1,1,0,1,0,0,1,0,1,0,0,0,0,1,0,0,0,1,0,0,0,1
0,0,0,0,35,1,1,0,0,0,0,0,0,1,25.6,901.25,0,2980,25.03472222222222,0.008590604026845639,2,1,1,0,0,1,1,0,0,1,1,0,0,0,0,1,0,0,1,0,0,0,1,0
0,0,1,0,68,1,1,0,1,0,1,0,1,0,70.8,4859.95,0,5540,70.4340579710145,0.012779783393501805,5,0,0,0,0,0,1,1,0,0,0,0,1,0,1,0,0,0,0,1,0,1,0,0
0,0,1,0,47,1,1,0,0,0,0,0,0,0,25.4,1139.2,0,3159,23.733333333333334,0.008040519151630262,2,1,1,0,0,1,1,0,0,1,1,0,0,0,0,1,0,0,1,0,0,0,1,0
0,1,1,0,65,1,1,0,1,1,0,1,1,1,108.8,7082.45,0,5225,107.30984848484849,0.02082296650717703,6,1,0,1,1,1,1,0,1,0,1,0,0,1,0,0,0,0,0,1,0,0,0,1
0,0,0,0,9,1,1,0,0,0,0,0,0,1,76.85,663.55,0,4834,66.35499999999999,0.015897807199007033,2,1,1,1,0,1,1,0,1,0,1,0,0,0,0,1,0,0,0,0,1,0,0,1
0,0,0,0,8,1,0,0,0,0,0,0,0,0,20.25,174.65,0,2653,19.405555555555555,0.007632868450810403,1,0,0,0,0,1,1,0,0,1,0,0,1,0,0,0,1,0,0,0,1,0,1,0
0,0,0,0,14,1,1,0,0,0,0,0,0,1,24.8,321.7,0,4527,21.446666666666665,0.005478241661144246,2,0,0,0,0,1,1,0,0,1,0,1,0,0,1,0,0,1,0,0,0,0,0,1
0,0,0,0,45,1,1,1,1,1,1,1,1,1,115.65,5125.5,0,3974,111.42391304347827,0.029101660795168596,8,1,1,1,0,0,0,0,1,0,1,0,0,0,0,1,0,0,1,0,0,0,0,1
0,0,0,0,8,1,1,0,0,0,0,0,0,1,74.6,548.9,0,2142,60.98888888888889,0.03482726423902894,2,1,0,1,0,1,1,0,1,0,1,0,0,0,1,0,0,0,0,0,1,0,1,0
0,0,1,1,66,1,0,1,1,1,0,1,1,1,103.15,7031.3,0,4663,104.94477611940299,0.022120952176710274,6,0,0,1,0,1,0,0,1,0,0,1,0,1,0,0,0,0,0,1,0,0,0,1
0,0,1,0,72,1,1,1,1,1,1,0,0,0,72.1,5016.65,0,4658,68.72123287671232,0.015478746243022755,6,0,0,0,0,0,0,1,0,0,0,0,1,0,1,0,0,0,0,1,0,0,0,1
0,0,1,1,23,1,1,0,0,0,0,0,0,0,25.1,611.45,0,2267,25.477083333333336,0.011071901191001324,2,0,0,0,0,1,1,0,0,1,0,0,1,0,0,0,1,1,0,0,0,0,1,0
0,0,0,0,4,1,1,1,0,0,0,0,0,1,80.15,319.85,0,2841,63.970000000000006,0.028211897219288986,3,1,1,1,0,1,0,0,1,0,1,0,0,0,0,1,0,0,0,0,1,0,1,0
0,0,1,1,6,1,1,0,0,0,0,0,0,0,25.4,153.3,0,2882,21.900000000000002,0.008813324080499653,2,0,0,0,0,1,1,0,0,1,0,0,1,0,0,0,1,0,0,0,1,0,1,0
0,1,1,0,67,1,1,1,1,1,1,0,1,1,105.4,7035.6,0,5703,103.46470588235294,0.0184815009644047,7,0,0,1,1,0,0,0,1,0,0,1,0,0,1,0,0,0,0,1,0,1,0,0
0,1,0,1,7,1,0,0,0,0,0,0,0,1,45.75,344.2,0,3779,43.025,0.012106377348504895,1,1,0,0,1,1,1,1,0,0,1,0,0,0,0,0,1,0,0,0,1,0,0,1
0,0,1,0,56,1,1,0,0,0,0,0,0,1,24.45,1431.65,0,5623,25.116666666666667,0.004348212697848124,2,0,0,0,0,1,1,0,0,1,0,1,0,0,0,0,1,0,0,1,0,1,0,0
0,0,1,0,72,1,1,0,0,0,0,0,0,0,25.0,1849.2,0,6126,25.33150684931507,0.004080966372837088,2,0,0,0,0,1,1,0,0,1,0,0,1,0,1,0,0,0,0,1,0,1,0,0
0,0,1,0,72,1,1,1,1,1,0,1,1,1,85.25,6083.1,0,6275,83.33013698630137,0.013585657370517928,7,0,1,0,0,1,0,1,0,0,0,0,1,0,0,1,0,0,0,1,0,1,0,0
0,0,1,1,23,1,0,0,0,0,0,0,0,0,19.6,426.65,0,4617,17.777083333333334,0.0042451808533679886,1,0,0,0,0,1,1,0,0,1,0,0,1,0,1,0,0,1,0,0,0,0,0,1
0,0,0,1,35,1,1,0,0,0,0,0,0,0,50.15,1655.35,0,5879,45.981944444444444,0.008530362306514713,2,1,0,0,0,1,1,1,0,0,1,0,0,0,0,0,1,0,1,0,0,1,0,0
0,1,1,0,27,1,0,0,0,0,0,0,0,1,70.55,1943.9,0,2534,69.425,0.027841357537490133,1,1,1,1,1,1,1,0,1,0,1,0,0,0,0,1,0,0,1,0,0,0,1,0
0,0,1,0,12,1,1,0,0,0,0,0,0,0,26.4,314.95,0,3277,24.226923076923075,0.008056148916692096,2,0,0,0,0,1,1,0,0,1,0,1,0,0,0,0,1,0,0,0,1,0,1,0
0,0,0,0,40,1,0,0,0,0,0,0,0,0,20.15,804.85,0,3915,19.63048780487805,0.005146871008939974,1,0,0,0,0,1,1,0,0,1,0,0,1,0,0,0,1,0,1,0,0,0,0,1
0,0,1,1,7,0,0,1,1,1,0,1,1,0,58.85,465.7,0,3332,58.2125,0.01766206482593037,5,1,0,0,0,1,0,1,0,0,1,0,0,0,0,0,1,0,0,0,1,0,1,0
0,0,1,1,70,1,1,1,1,0,0,1,0,1,97.55,6669.05,0,4551,93.93028169014084,0.021434849483629972,5,1,0,1,0,1,0,0,1,0,1,0,0,0,1,0,0,0,0,1,0,0,0,1
0,0,1,1,60,1,0,0,0,0,0,0,0,0,19.65,1161.75,0,6315,19.045081967213115,0.0031116389548693584,1,0,0,0,0,1,1,0,0,1,0,0,1,0,1,0,0,0,0,1,0,1,0,0
0,0,1,0,39,0,0,0,0,0,0,0,0,1,25.25,947.75,0,4259,23.69375,0.0059286217421930035,0,0,0,0,0,1,1,1,0,0,0,1,0,0,1,0,0,0,1,0,0,0,0,1
0,0,1,0,72,1,1,1,1,1,1,1,1,0,114.45,8375.05,0,6274,114.7267123287671,0.018241950908511318,8,0,0,1,0,0,0,0,1,0,0,0,1,0,1,0,0,0,0,1,0,1,0,0
0,0,1,0,54,1,1,0,1,0,1,1,0,1,70.7,3770.0,0,5276,68.54545454545455,0.01340030326004549,5,0,1,0,0,0,1,1,0,0,0,1,0,0,0,1,0,0,0,1,0,0,0,1
0,0,1,0,63,1,0,1,1,1,1,1,0,0,75.55,4707.85,0,4626,73.56015625,0.016331603977518375,6,0,0,0,0,0,0,1,0,0,0,0,1,0,1,0,0,0,0,1,0,0,0,1
0,0,1,1,71,1,1,0,1,0,1,0,0,1,84.8,6152.4,0,5952,85.44999999999999,0.014247311827956988,4,0,1,1,0,0,1,0,1,0,0,0,1,0,0,1,0,0,0,1,0,1,0,0
0,0,0,0,42,1,0,0,0,0,0,0,0,1,20.65,958.1,0,5956,22.28139534883721,0.0034670920080591,1,0,0,0,0,1,1,0,0,1,0,1,0,0,0,0,1,0,1,0,0,1,0,0
0,0,0,0,47,1,0,0,0,0,0,0,0,0,20.45,943.0,0,4342,19.645833333333332,0.004709811146936895,1,0,0,0,0,1,1,0,0,1,0,0,1,1,0,0,0,0,1,0,0,0,0,1
0,0,0,0,11,0,0,0,1,0,1,0,0,1,35.65,425.1,0,4986,35.425000000000004,0.00715002005615724,2,1,1,0,0,0,1,1,0,0,1,0,0,0,0,1,0,0,0,0,1,0,0,1
0,1,1,0,55,1,1,0,1,1,1,0,0,0,90.45,5044.8,0,5140,90.08571428571429,0.01759727626459144,5,1,1,1,1,0,1,0,1,0,1,0,0,0,0,1,0,0,0,1,0,0,0,1
0,0,0,0,69,1,1,0,1,1,1,1,0,1,97.65,6743.55,0,5709,96.33642857142857,0.017104571728849185,6,0,0,1,0,0,1,0,1,0,0,0,1,0,1,0,0,0,0,1,0,1,0,0
0,1,0,0,3,1,0,0,0,1,0,0,0,0,73.85,196.4,0,2868,49.1,0.02574965132496513,2,1,1,1,1,1,1,0,1,0,1,0,0,0,0,1,0,0,0,0,1,0,1,0
0,1,0,0,30,1,1,0,0,1,1,1,0,1,69.1,2093.9,0,3415,67.54516129032258,0.02023426061493411,5,0,0,0,1,0,1,1,0,0,0,0,1,0,1,0,0,0,1,0,0,0,1,0
0,0,0,0,5,1,1,0,0,1,1,0,0,1,82.75,417.75,0,5269,69.625,0.015705067375213513,4,1,1,1,0,0,1,0,1,0,1,0,0,0,0,1,0,0,0,0,1,0,0,1
0,0,1,0,71,1,1,0,0,0,0,0,0,1,24.4,1725.4,0,4412,23.96388888888889,0.0055303717135086125,2,0,0,0,0,1,1,0,0,1,0,0,1,0,1,0,0,0,0,1,0,0,0,1
0,0,0,0,29,1,1,0,1,0,0,0,0,1,55.25,1620.2,0,5481,54.00666666666667,0.010080277321656632,3,0,1,0,0,1,1,1,0,0,0,1,0,0,0,1,0,0,1,0,0,1,0,0
0,0,1,0,52,1,1,0,1,0,1,0,0,0,61.35,3169.55,0,4729,59.80283018867925,0.012973144427997463,4,1,0,0,0,0,1,1,0,0,1,0,0,1,0,0,0,0,0,1,0,0,0,1
0,0,0,0,68,1,1,1,1,1,0,0,1,0,76.75,5233.25,0,5395,75.84420289855072,0.01422613531047266,6,0,0,0,0,1,0,1,0,0,0,1,0,0,1,0,0,0,0,1,0,1,0,0
0,0,1,1,46,1,0,0,0,0,0,0,0,0,19.4,967.85,0,2320,20.592553191489362,0.008362068965517241,1,0,0,0,0,1,1,0,0,1,0,0,1,0,0,0,1,0,1,0,0,0,1,0
0,0,0,0,8,1,0,0,0,0,0,0,1,1,54.75,438.05,0,5317,48.672222222222224,0.010297160052661274,2,1,0,0,0,1,1,1,0,0,1,0,0,0,1,0,0,0,0,0,1,0,0,1
0,0,1,0,72,1,0,0,0,0,0,0,0,0,19.7,1421.9,0,6436,19.478082191780825,0.0030609073958980733,1,0,0,0,0,1,1,0,0,1,0,0,1,0,1,0,0,0,0,1,0,1,0,0
0,0,0,0,17,1,0,0,0,0,0,0,0,0,19.9,323.15,0,2093,17.952777777777776,0.0095078834209269,1,0,0,0,0,1,1,0,0,1,0,1,0,1,0,0,0,1,0,0,0,0,1,0
0,0,0,0,3,1,0,0,1,1,1,1,1,1,107.95,318.6,0,5653,79.65,0.019096055191933487,6,1,1,1,0,0,1,0,1,0,1,0,0,0,0,1,0,0,0,0,1,1,0,0
0,1,0,0,2,1,0,0,1,0,0,1,0,1,83.8,163.7,0,2885,54.56666666666666,0.02904679376083189,3,1,0,1,1,1,1,0,1,0,1,0,0,1,0,0,0,0,0,0,1,0,1,0
0,0,0,0,51,0,0,0,1,1,0,1,1,1,56.4,2928.5,0,4380,56.31730769230769,0.012876712328767123,4,0,0,0,0,1,1,1,0,0,0,1,0,0,1,0,0,0,0,1,0,0,0,1
0,0,1,1,6,1,0,0,0,0,0,0,0,0,20.1,100.35,0,5874,14.335714285714285,0.0034218590398365683,1,0,0,0,0,1,1,0,0,1,0,0,1,0,0,0,1,0,0,0,1,1,0,0
0,0,1,0,3,1,1,0,0,0,0,1,1,0,94.9,273.2,0,2330,68.3,0.04072961373390558,4,1,1,1,0,1,1,0,1,0,1,0,0,0,0,1,0,0,0,0,1,0,1,0
0,1,0,0,17,1,1,0,0,0,0,1,1,1,94.2,1608.15,0,4425,89.34166666666667,0.02128813559322034,4,1,1,1,1,1,1,0,1,0,1,0,0,0,0,1,0,1,0,0,0,0,0,1
0,0,1,0,30,1,1,0,0,0,0,0,0,0,49.9,1441.95,0,3712,46.51451612903226,0.013442887931034483,2,1,1,0,0,1,1,1,0,0,1,0,0,0,0,1,0,0,1,0,0,0,0,1
0,0,0,0,31,1,1,0,1,0,1,1,0,1,71.05,2168.15,0,4443,67.7546875,0.01599144722034661,5,1,1,0,0,0,1,1,0,0,1,0,0,0,0,1,0,0,1,0,0,0,0,1
0,0,0,0,45,1,0,1,0,1,1,1,1,0,81.65,3618.7,0,5937,78.66739130434782,0.013752737072595589,6,0,0,0,0,0,0,1,0,0,0,0,1,1,0,0,0,0,1,0,0,1,0,0
0,0,1,0,64,1,1,1,1,1,0,0,0,0,89.45,5692.65,0,5519,87.57923076923076,0.016207646312737814,5,0,0,1,0,1,0,0,1,0,0,1,0,1,0,0,0,0,0,1,0,1,0,0
0,1,1,1,61,1,1,0,1,0,0,1,1,0,99.0,5969.3,0,5177,96.27903225806452,0.01912304423411242,5,0,1,1,1,1,1,0,1,0,0,1,0,0,0,1,0,0,0,1,0,0,0,1
0,0,0,0,1,1,0,0,0,0,0,0,0,0,19.05,19.05,0,5279,9.525,0.0036086379996211407,1,1,0,0,0,1,1,0,0,1,1,0,0,0,0,0,1,0,0,0,1,0,0,1
0,0,1,1,72,1,1,1,1,1,1,1,1,0,114.45,8100.55,0,4700,110.96643835616439,0.024351063829787235,8,0,0,1,0,0,0,0,1,0,0,0,1,1,0,0,0,0,0,1,0,0,0,1
0,0,1,0,7,1,0,0,0,0,0,0,0,1,44.25,313.45,0,5014,39.18125,0.008825289190267252,1,1,0,0,0,1,1,1,0,0,1,0,0,0,0,0,1,0,0,0,1,0,0,1
0,0,1,0,66,1,1,0,1,1,1,0,0,1,90.55,6130.95,0,4958,91.50671641791044,0.01826341266639774,5,0,0,1,0,0,1,0,1,0,0,1,0,1,0,0,0,0,0,1,0,0,0,1
0,0,1,1,40,1,0,0,0,0,0,0,0,1,20.4,745.3,0,5918,18.178048780487803,0.003447110510307536,1,1,0,0,0,1,1,0,0,1,1,0,0,1,0,0,0,0,1,0,0,1,0,0
0,0,0,0,16,1,1,0,1,1,0,0,1,1,71.4,1212.1,0,3360,71.3,0.02125,5,1,0,0,0,1,1,1,0,0,1,0,0,1,0,0,0,1,0,0,0,0,1,0
0,0,1,0,67,1,1,0,0,0,0,0,0,0,24.85,1583.5,0,4833,23.28676470588235,0.005141733912683633,2,0,0,0,0,1,1,0,0,1,0,0,1,0,1,0,0,0,0,1,0,0,0,1
0,0,1,0,41,1,0,1,1,1,0,1,1,1,104.45,4162.05,0,2719,99.09642857142858,0.038414858403824935,6,0,0,1,0,1,0,0,1,0,0,1,0,1,0,0,0,0,1,0,0,0,1,0
0,0,1,1,56,1,0,0,0,0,0,0,0,1,19.8,1119.9,0,4681,19.647368421052633,0.004229865413373211,1,0,0,0,0,1,1,0,0,1,0,0,1,0,1,0,0,0,0,1,0,0,0,1
0,0,0,0,72,1,1,1,1,1,1,1,1,1,116.45,8013.55,0,5567,109.77465753424657,0.020917909107239088,8,0,0,1,0,0,0,0,1,0,0,0,1,1,0,0,0,0,0,1,0,1,0,0
0,0,1,0,54,1,0,0,0,0,0,0,0,0,20.05,1102.4,0,4212,20.043636363636367,0.004760208926875594,1,0,0,0,0,1,1,0,0,1,0,0,1,0,1,0,0,0,0,1,0,0,0,1
0,1,0,0,52,1,1,0,1,1,1,1,1,1,110.75,5832.0,0,4993,110.0377358490566,0.02218105347486481,7,1,1,1,1,0,1,0,1,0,1,0,0,0,0,1,0,0,0,1,0,0,0,1
0,0,0,0,50,1,0,0,0,1,1,0,1,1,89.7,4304.5,0,5306,84.40196078431373,0.016905390124387486,4,0,0,1,0,0,1,0,1,0,0,0,1,1,0,0,0,0,0,1,0,0,0,1
0,0,1,0,27,1,0,1,0,0,0,0,0,0,48.7,1421.75,0,3560,50.776785714285715,0.013679775280898877,2,0,0,0,0,1,0,1,0,0,0,1,0,0,1,0,0,0,1,0,0,0,0,1
0,1,1,0,72,1,1,1,1,1,1,0,0,1,96.6,6827.5,0,5153,93.52739726027397,0.018746361342907043,6,0,0,1,1,0,0,0,1,0,0,0,1,1,0,0,0,0,0,1,0,0,0,1
0,0,0,0,62,1,0,1,1,0,0,1,1,1,74.3,4698.05,0,5974,74.57222222222222,0.012437227987947773,5,0,0,0,0,1,0,1,0,0,0,1,0,0,1,0,0,0,0,1,0,1,0,0
0,0,0,0,12,1,0,0,1,0,1,0,0,1,54.3,654.5,0,3854,50.34615384615385,0.014089257913855733,3,1,1,0,0,0,1,1,0,0,1,0,0,0,0,1,0,0,0,0,1,0,0,1
0,1,0,0,44,1,0,0,0,1,1,1,1,0,74.85,3268.05,0,3253,72.62333333333333,0.023009529664924682,5,0,0,0,1,0,1,1,0,0,0,1,0,1,0,0,0,0,1,0,0,0,1,0
0,0,1,1,54,1,0,0,1,0,1,0,0,1,79.95,4362.05,0,4387,79.31,0.01822429906542056,3,0,0,1,0,0,1,0,1,0,0,0,1,1,0,0,0,0,0,1,0,0,0,1
0,0,0,0,68,1,0,0,0,0,0,0,0,0,20.05,1386.9,0,5740,20.1,0.0034930313588850174,1,0,0,0,0,1,1,0,0,1,0,0,1,1,0,0,0,0,0,1,0,1,0,0
0,0,0,0,20,1,0,0,0,0,0,0,0,0,19.4,415.4,0,4958,19.780952380952378,0.003912868091972569,1,1,0,0,0,1,1,0,0,1,1,0,0,0,0,0,1,1,0,0,0,0,0,1
0,0,1,0,50,1,1,0,0,1,0,0,0,0,54.9,2614.1,0,4322,51.25686274509804,0.012702452568255437,3,0,0,0,0,1,1,1,0,0,0,1,0,1,0,0,0,0,0,1,0,0,0,1
0,0,0,0,58,1,1,0,0,0,0,0,0,1,24.45,1513.6,0,6490,25.65423728813559,0.0037673343605546996,2,0,0,0,0,1,1,0,0,1,0,0,1,0,1,0,0,0,0,1,0,1,0,0
0,0,1,1,35,1,1,0,1,0,0,1,0,1,89.65,3161.6,0,2622,87.82222222222222,0.03419145690312739,4,1,0,1,0,1,1,0,1,0,1,0,0,1,0,0,0,0,1,0,0,0,1,0
0,0,0,0,2,1,0,0,0,0,0,0,0,1,45.4,80.95,0,4964,26.983333333333334,0.009145850120870266,1,1,1,0,0,1,1,1,0,0,1,0,0,0,0,1,0,0,0,0,1,0,0,1
0,0,1,0,63,1,1,1,0,1,1,0,1,0,75.7,4676.7,0,5113,73.0734375,0.014805398005085077,6,0,0,0,0,0,0,1,0,0,0,0,1,0,0,0,1,0,0,1,0,0,0,1
0,0,1,0,58,1,1,1,1,1,0,1,1,1,110.65,6526.65,0,4761,110.62118644067796,0.023240915773997062,7,0,0,1,0,1,0,0,1,0,0,1,0,0,1,0,0,0,0,1,0,0,0,1
0,0,1,0,27,1,0,0,0,0,0,0,0,1,20.55,583.3,0,2269,20.832142857142856,0.009056853239312473,1,0,0,0,0,1,1,0,0,1,0,1,0,0,0,0,1,0,1,0,0,0,1,0
0,0,1,0,71,1,1,1,1,1,1,1,1,1,115.15,8078.1,0,4144,112.19583333333334,0.027787162162162163,8,0,0,1,0,0,0,0,1,0,0,0,1,0,1,0,0,0,0,1,0,0,0,1
0,0,0,0,63,1,0,0,0,1,0,0,1,0,58.55,3503.5,0,6312,54.7421875,0.009275982256020278,3,0,0,0,0,1,1,1,0,0,0,1,0,0,1,0,0,0,0,1,0,1,0,0
0,0,1,0,71,1,1,0,1,1,0,0,1,1,93.25,6669.45,0,6035,92.63125,0.015451532725766362,5,1,0,1,0,1,1,0,1,0,1,0,0,1,0,0,0,0,0,1,0,1,0,0
0,0,1,1,68,1,0,0,0,0,0,0,0,1,19.35,1292.65,0,6303,18.734057971014494,0.003069966682532128,1,0,0,0,0,1,1,0,0,1,0,0,1,1,0,0,0,0,0,1,0,1,0,0
0,0,1,1,1,1,0,1,0,0,0,0,0,1,48.75,48.75,0,5068,24.375,0.009619179163378058,2,1,0,0,0,1,0,1,0,0,1,0,0,0,0,0,1,0,0,0,1,0,0,1
0,1,0,0,65,1,1,1,0,1,1,1,1,1,109.05,7108.2,0,5692,107.7,0.019158468025298664,7,0,1,1,1,0,0,0,1,0,0,0,1,0,0,1,0,0,0,1,0,1,0,0
0,1,1,0,72,1,1,0,0,0,0,0,0,1,25.0,1802.55,0,4055,24.692465753424656,0.006165228113440197,2,0,0,0,1,1,1,0,0,1,0,0,1,1,0,0,0,0,0,1,0,0,0,1
0,0,0,0,28,1,1,0,0,0,1,0,0,1,54.9,1505.15,0,2885,51.90172413793104,0.01902946273830156,3,1,0,0,0,0,1,1,0,0,1,0,0,0,1,0,0,0,1,0,0,0,1,0
0,0,1,1,72,1,1,0,0,0,0,0,0,0,24.75,1859.1,0,4185,25.46712328767123,0.005913978494623656,2,0,0,0,0,1,1,0,0,1,0,0,1,0,1,0,0,0,0,1,0,0,0,1
0,0,0,0,2,1,0,1,1,0,0,1,0,1,91.15,168.5,0,2686,56.166666666666664,0.03393521965748325,4,1,1,1,0,1,0,0,1,0,1,0,0,0,0,1,0,0,0,0,1,0,1,0
0,1,1,0,60,1,1,0,1,1,0,1,1,1,104.35,6339.45,0,4040,103.92540983606557,0.025829207920792078,6,0,1,1,1,1,1,0,1,0,0,1,0,0,0,1,0,0,0,1,0,0,0,1
0,1,0,0,26,1,1,0,0,0,1,0,1,1,66.05,1652.4,0,3225,61.2,0.020480620155038758,4,1,1,0,1,0,1,1,0,0,1,0,0,0,0,1,0,0,1,0,0,0,1,0
0,0,1,0,68,1,1,1,1,1,1,1,1,1,92.2,6392.85,0,4451,92.65,0.020714446191866995,8,0,0,0,0,0,0,1,0,0,0,0,1,0,1,0,0,0,0,1,0,0,0,1
0,1,1,0,42,1,1,1,0,1,0,1,1,1,105.2,4599.15,0,5573,106.95697674418604,0.018876727076978288,6,0,0,1,1,1,0,0,1,0,0,1,0,1,0,0,0,0,1,0,0,1,0,0
0,0,1,0,57,1,0,0,0,0,0,0,0,1,19.6,1134.25,0,6064,19.55603448275862,0.003232189973614776,1,0,0,0,0,1,1,0,0,1,0,0,1,1,0,0,0,0,0,1,0,1,0,0
0,0,1,0,54,0,0,0,1,0,0,0,0,0,30.4,1621.35,0,4778,29.479090909090907,0.006362494767685223,1,1,1,0,0,1,1,1,0,0,1,0,0,0,0,1,0,0,0,1,0,0,0,1
0,0,1,0,44,1,0,1,1,1,0,0,0,1,61.5,2722.2,0,2059,60.49333333333333,0.029868868382710054,4,0,0,0,0,1,0,1,0,0,0,1,0,0,0,0,1,0,1,0,0,0,1,0
0,0,1,1,42,1,1,1,1,0,0,1,0,1,69.4,3058.3,0,4701,71.12325581395349,0.014762816422037866,5,1,0,0,0,1,0,1,0,0,1,0,0,1,0,0,0,0,1,0,0,0,0,1
0,0,1,1,72,1,1,0,0,0,0,0,0,0,24.75,1769.6,0,6232,24.241095890410957,0.003971437740693196,2,0,0,0,0,1,1,0,0,1,0,0,1,1,0,0,0,0,0,1,0,1,0,0
0,0,1,0,71,1,1,1,1,1,1,1,1,0,91.05,6293.75,0,4644,87.41319444444444,0.01960594315245478,8,0,0,0,0,0,0,1,0,0,0,0,1,0,0,0,1,0,0,1,0,0,0,1
0,0,1,0,23,1,1,0,0,0,1,1,1,1,73.65,1642.75,0,2590,68.44791666666667,0.028436293436293437,5,1,0,0,0,0,1,1,0,0,1,0,0,0,1,0,0,1,0,0,0,0,1,0
0,0,0,0,30,1,0,0,0,0,0,0,0,0,19.4,578.5,0,3986,18.661290322580644,0.004867034621174109,1,0,0,0,0,1,1,0,0,1,0,0,1,0,1,0,0,0,1,0,0,0,0,1
0,0,0,0,35,1,1,0,0,0,0,0,0,0,26.2,954.9,0,4419,26.525,0.005928943199818963,2,0,0,0,0,1,1,0,0,1,0,1,0,1,0,0,0,0,1,0,0,0,0,1
0,0,0,0,1,1,0,0,0,0,0,0,0,1,43.85,43.85,0,5913,21.925,0.007415863351936411,1,1,0,0,0,1,1,1,0,0,1,0,0,1,0,0,0,0,0,0,1,1,0,0
0,0,0,0,22,1,0,0,0,0,0,0,0,1,69.7,1490.4,0,4838,64.8,0.01440677966101695,1,1,0,1,0,1,1,0,1,0,1,0,0,0,0,0,1,1,0,0,0,0,0,1
0,0,1,0,7,0,0,1,1,1,0,0,0,0,38.55,280.0,0,3345,35.0,0.011524663677130044,3,0,0,0,0,1,0,1,0,0,0,0,1,0,0,0,1,0,0,0,1,0,1,0
0,0,0,0,36,0,0,1,1,1,1,0,1,1,53.1,1901.25,0,2751,51.38513513513514,0.0193020719738277,5,0,0,0,0,0,0,1,0,0,0,0,1,0,0,0,1,0,1,0,0,0,1,0
0,0,1,1,34,1,0,0,0,0,0,0,0,0,20.65,716.4,0,5099,20.468571428571426,0.004049813688958619,1,1,0,0,0,1,1,0,0,1,1,0,0,0,0,0,1,0,1,0,0,0,0,1
0,0,1,0,72,1,1,1,1,1,0,0,0,0,64.45,4720.0,0,6330,64.65753424657534,0.010181674565560822,5,0,0,0,0,1,0,1,0,0,0,0,1,0,1,0,0,0,0,1,0,1,0,0
0,0,1,1,36,1,1,0,0,0,0,0,0,0,25.1,930.95,0,3040,25.160810810810812,0.008256578947368422,2,0,0,0,0,1,1,0,0,1,0,0,1,0,1,0,0,0,1,0,0,0,1,0
0,0,1,1,71,1,1,1,1,1,1,0,0,1,95.15,6770.85,0,5647,94.03958333333334,0.016849654683902957,6,0,0,1,0,0,0,0,1,0,0,1,0,0,1,0,0,0,0,1,0,1,0,0
0,1,0,0,23,1,1,0,0,1,0,0,0,1,79.35,1835.3,0,3558,76.47083333333333,0.02230185497470489,3,1,0,1,1,1,1,0,1,0,1,0,0,0,0,0,1,1,0,0,0,0,0,1
0,0,1,0,17,1,0,0,0,1,0,1,1,1,96.65,1588.25,0,5228,88.23611111111111,0.01848699311400153,4,0,0,1,0,1,1,0,1,0,0,1,0,1,0,0,0,1,0,0,0,0,0,1
0,0,0,0,1,1,0,0,0,1,1,1,1,1,75.5,75.5,0,2954,37.75,0.025558564658090723,5,1,1,0,0,0,1,1,0,0,1,0,0,0,0,1,0,0,0,0,1,0,1,0
0,0,1,1,12,1,0,0,0,0,0,0,0,0,19.7,258.35,0,5104,19.873076923076926,0.0038597178683385577,1,0,0,0,0,1,1,0,0,1,0,0,1,0,0,0,1,0,0,0,1,0,0,1
0,0,1,0,72,1,0,0,0,0,0,0,0,0,20.5,1502.25,0,6302,20.578767123287673,0.003252935576007617,1,0,0,0,0,1,1,0,0,1,0,0,1,0,1,0,0,0,0,1,0,1,0,0
0,0,0,0,1,1,0,0,0,0,0,0,0,0,19.2,19.2,0,4629,9.6,0.004147764095917044,1,1,0,0,0,1,1,0,0,1,1,0,0,0,0,0,1,0,0,0,1,0,0,1
0,1,1,0,72,1,1,0,1,0,0,1,1,0,98.35,6929.4,0,6120,94.92328767123287,0.016070261437908497,5,0,0,1,1,1,1,0,1,0,0,0,1,1,0,0,0,0,0,1,0,1,0,0
0,0,1,1,60,1,1,0,0,0,0,0,0,0,74.35,4453.3,0,5100,73.00491803278689,0.014578431372549019,2,1,0,1,0,1,1,0,1,0,1,0,0,1,0,0,0,0,0,1,0,0,0,1
0,0,1,0,61,0,0,0,1,1,1,1,0,0,51.35,3244.4,0,4159,52.329032258064515,0.01234671796104833,4,0,0,0,0,0,1,1,0,0,0,0,1,0,1,0,0,0,0,1,0,0,0,1
0,0,1,0,6,1,0,0,0,0,0,0,0,0,45.65,323.45,0,4227,46.207142857142856,0.01079962148095576,1,1,0,0,0,1,1,1,0,0,1,0,0,0,0,0,1,0,0,0,1,0,0,1
0,0,1,1,72,1,0,0,0,0,0,0,0,0,20.3,1401.15,0,5265,19.193835616438356,0.003855650522317189,1,0,0,0,0,1,1,0,0,1,0,0,1,1,0,0,0,0,0,1,0,0,0,1
0,0,0,0,32,1,1,0,1,0,0,0,0,1,54.2,1739.6,0,4454,52.71515151515151,0.012168837000449035,3,1,1,0,0,1,1,1,0,0,1,0,0,0,0,1,0,0,1,0,0,0,0,1
0,0,1,0,65,1,1,0,1,0,0,0,1,1,90.65,5931.0,0,6358,89.86363636363636,0.014257628184963827,4,1,1,1,0,1,1,0,1,0,1,0,0,0,0,1,0,0,0,1,0,1,0,0
0,0,1,1,45,0,0,1,0,0,0,1,1,1,50.9,2333.85,0,3937,50.73586956521739,0.012928625857251715,3,1,0,0,0,1,0,1,0,0,1,0,0,1,0,0,0,0,1,0,0,0,0,1
0,0,0,0,42,1,1,0,0,0,0,0,0,0,25.05,949.85,0,3756,22.08953488372093,0.006669329073482428,2,0,1,0,0,1,1,0,0,1,0,1,0,0,0,1,0,0,1,0,0,0,0,1
0,0,0,0,8,1,1,0,0,0,0,0,0,1,74.85,572.45,0,5514,63.60555555555556,0.013574537540805223,2,1,1,1,0,1,1,0,1,0,1,0,0,0,0,1,0,0,0,0,1,1,0,0
0,0,0,1,32,1,0,0,0,0,0,0,0,0,20.5,696.8,0,3114,21.115151515151513,0.006583172768143866,1,0,0,0,0,1,1,0,0,1,0,0,1,0,0,0,1,0,1,0,0,0,1,0
0,1,1,0,22,1,1,1,1,0,1,0,0,1,63.55,1381.8,0,2136,60.07826086956521,0.02975187265917603,5,1,0,0,1,0,0,1,0,0,1,0,0,0,0,0,1,1,0,0,0,0,1,0
0,0,0,0,1,1,0,1,0,0,0,0,0,0,47.95,47.95,0,5092,23.975,0.009416732128829538,2,1,1,0,0,1,0,1,0,0,1,0,0,0,0,1,0,0,0,0,1,0,0,1
0,0,1,0,1,1,0,0,0,0,0,0,0,1,45.0,45.0,0,5669,22.5,0.007937907920268125,1,1,1,0,0,1,1,1,0,0,1,0,0,0,0,1,0,0,0,0,1,1,0,0
0,1,0,0,54,1,1,0,1,0,0,0,1,1,90.05,4931.8,0,5232,89.66909090909091,0.01721139143730887,4,1,1,1,1,1,1,0,1,0,1,0,0,0,0,1,0,0,0,1,0,0,0,1
0,0,0,0,4,1,1,0,0,0,0,0,0,1,25.3,116.95,0,3808,23.39,0.00664390756302521,2,0,0,0,0,1,1,0,0,1,0,0,1,0,1,0,0,0,0,0,1,0,0,1
0,0,1,0,56,1,1,0,0,0,0,0,0,0,24.3,1261.7,0,5052,22.135087719298248,0.004809976247030879,2,0,1,0,0,1,1,0,0,1,0,1,0,0,0,1,0,0,0,1,0,0,0,1
0,0,0,0,45,1,0,1,0,1,0,1,1,1,75.95,3273.8,0,2185,71.16956521739131,0.034759725400457665,5,1,1,0,0,1,0,1,0,0,1,0,0,0,0,1,0,0,1,0,0,0,1,0
0,0,1,1,71,1,0,0,0,0,0,0,0,0,19.7,1415.85,0,5921,19.664583333333333,0.003327140685694984,1,0,0,0,0,1,1,0,0,1,0,0,1,0,1,0,0,0,0,1,0,1,0,0
0,0,1,0,59,1,0,1,1,1,0,1,0,0,66.4,3958.2,0,6432,65.97,0.010323383084577115,5,0,0,0,0,1,0,1,0,0,0,1,0,0,1,0,0,0,0,1,0,1,0,0
0,0,0,0,69,0,0,0,1,1,0,0,0,1,35.75,2492.25,0,4043,35.60357142857143,0.008842443729903537,2,0,0,0,0,1,1,1,0,0,0,1,0,1,0,0,0,0,0,1,0,0,0,1
0,0,0,0,19,1,0,0,0,0,0,0,0,0,18.8,279.2,0,2916,13.959999999999999,0.0064471879286694105,1,0,0,0,0,1,1,0,0,1,0,1,0,0,0,0,1,1,0,0,0,0,1,0
0,0,1,1,55,1,0,0,0,0,0,0,0,0,19.4,1083.0,0,5366,19.339285714285715,0.003615355944837868,1,0,0,0,0,1,1,0,0,1,0,0,1,0,1,0,0,0,0,1,0,0,0,1
0,0,0,0,38,1,0,0,0,0,0,0,0,0,19.3,755.5,0,4705,19.371794871794872,0.00410201912858661,1,0,0,0,0,1,1,0,0,1,0,1,0,0,0,0,1,0,1,0,0,0,0,1
0,1,1,0,47,1,1,1,1,1,0,0,0,1,67.45,3252.0,0,4074,67.75,0.016556210112911144,5,1,0,0,1,1,0,1,0,0,1,0,0,0,1,0,0,0,1,0,0,0,0,1
0,0,1,1,46,1,0,0,0,0,0,0,0,1,20.1,936.85,0,3392,19.932978723404254,0.005925707547169812,1,0,0,0,0,1,1,0,0,1,0,0,1,0,0,0,1,0,1,0,0,0,1,0
0,0,1,0,65,1,0,1,0,1,1,0,0,0,58.9,3857.1,0,5657,58.44090909090909,0.010411879087855755,4,0,0,0,0,0,0,1,0,0,0,0,1,0,1,0,0,0,0,1,0,1,0,0
0,0,1,1,71,1,0,0,0,0,0,0,0,0,19.45,1378.45,0,5497,19.14513888888889,0.0035382936146989264,1,0,0,0,0,1,1,0,0,1,0,0,1,0,0,0,1,0,0,1,0,1,0,0
0,1,0,0,52,0,0,0,1,1,1,1,0,1,50.5,2566.3,0,5185,48.420754716981136,0.009739633558341369,4,1,1,0,1,0,1,1,0,0,1,0,0,0,0,1,0,0,0,1,0,0,0,1
0,0,1,0,6,1,1,0,0,0,0,0,0,0,25.1,171.0,0,5161,24.428571428571427,0.004863398566169347,2,0,0,0,0,1,1,0,0,1,0,1,0,0,0,0,1,0,0,0,1,0,0,1
0,1,1,0,26,1,0,0,0,1,0,0,1,0,60.7,1597.4,0,2502,59.162962962962965,0.024260591526778577,3,0,0,0,1,1,1,1,0,0,0,1,0,0,0,0,1,0,1,0,0,0,1,0
0,1,0,0,48,1,1,0,1,0,0,1,1,1,99.0,4744.35,0,3061,96.82346938775511,0.03234237177393009,5,0,1,1,1,1,1,0,1,0,0,1,0,0,0,1,0,0,1,0,0,0,1,0
0,0,1,1,64,1,1,1,0,0,1,1,1,1,104.4,6721.6,0,5133,103.40923076923077,0.02033898305084746,6,0,0,1,0,0,0,0,1,0,0,1,0,1,0,0,0,0,0,1,0,0,0,1
0,0,0,0,1,1,0,0,0,0,0,0,0,1,44.05,44.05,0,5925,22.025,0.007434599156118143,1,1,0,0,0,1,1,1,0,0,1,0,0,1,0,0,0,0,0,0,1,1,0,0
0,0,1,1,72,1,1,0,0,0,0,0,0,0,24.1,1734.65,0,4264,23.76232876712329,0.005651969981238274,2,0,0,0,0,1,1,0,0,1,0,0,1,0,1,0,0,0,0,1,0,0,0,1
0,0,0,0,1,1,0,0,0,0,0,0,0,1,45.55,45.55,0,3173,22.775,0.014355499527261267,1,1,0,0,0,1,1,1,0,0,1,0,0,0,0,0,1,0,0,0,1,0,1,0
0,0,1,1,51,1,1,1,1,0,0,0,1,1,93.8,4539.35,0,5457,87.29519230769232,0.017188931647425326,5,1,1,1,0,1,0,0,1,0,1,0,0,0,0,1,0,0,0,1,0,1,0,0
0,0,1,1,41,1,0,0,0,0,0,0,0,0,19.7,804.25,0,2902,19.148809523809526,0.00678842177808408,1,0,0,0,0,1,1,0,0,1,0,0,1,1,0,0,0,0,1,0,0,0,1,0
0,0,1,0,72,1,0,1,1,1,0,1,0,1,70.65,5011.15,0,5176,68.6458904109589,0.013649536321483772,5,0,0,0,0,1,0,1,0,0,0,0,1,0,1,0,0,0,0,1,0,0,0,1
0,0,1,0,43,1,1,1,1,0,1,1,1,0,86.45,3574.5,0,3110,81.23863636363636,0.02779742765273312,7,0,0,0,0,0,0,1,0,0,0,0,1,0,1,0,0,0,1,0,0,0,1,0
0,0,1,0,72,1,1,1,1,1,1,1,1,1,114.1,8086.4,0,4965,110.77260273972603,0.022980866062437058,8,0,0,1,0,0,0,0,1,0,0,0,1,0,1,0,0,0,0,1,0,0,0,1
0,0,1,0,47,1,1,0,0,0,0,1,1,1,95.2,4563.0,0,4977,95.0625,0.019127988748241915,4,0,0,1,0,1,1,0,1,0,0,1,0,0,1,0,0,0,1,0,0,0,0,1
0,0,0,0,72,1,1,1,1,1,1,1,1,0,88.55,6362.35,0,6468,87.1554794520548,0.01369047619047619,8,0,0,0,0,0,0,1,0,0,0,0,1,0,1,0,0,0,0,1,0,1,0,0
0,0,0,0,3,1,0,0,0,0,0,0,0,1,20.75,67.1,0,2406,16.775,0.008624272651704073,1,1,0,0,0,1,1,0,0,1,1,0,0,0,1,0,0,0,0,0,1,0,1,0
0,0,0,0,26,0,0,1,1,0,0,0,1,1,44.65,1156.55,0,4512,42.83518518518518,0.009895833333333333,3,1,0,0,0,1,0,1,0,0,1,0,0,1,0,0,0,0,1,0,0,0,0,1
0,0,1,1,29,1,0,1,0,0,0,0,1,1,60.2,1834.15,0,5517,61.138333333333335,0.01091172738807323,3,1,0,0,0,1,0,1,0,0,1,0,0,0,0,0,1,0,1,0,0,1,0,0
0,0,0,0,27,1,0,1,1,0,0,0,0,0,55.45,1477.65,0,3616,52.77321428571429,0.015334623893805311,3,0,0,0,0,1,0,1,0,0,0,1,0,1,0,0,0,0,1,0,0,0,0,1
0,0,1,1,24,1,0,1,1,0,1,0,1,1,70.3,1706.45,0,3359,68.258,0.020928847871390294,5,1,0,0,0,0,0,1,0,0,1,0,0,0,1,0,0,1,0,0,0,0,1,0
0,0,1,0,67,1,0,1,0,1,1,0,0,1,60.4,3953.7,0,5356,58.14264705882353,0.011277072442120985,4,0,0,0,0,0,0,1,0,0,0,0,1,1,0,0,0,0,0,1,0,0,0,1
0,0,0,0,23,1,0,0,1,1,0,0,0,0,55.8,1327.85,0,2499,55.32708333333333,0.02232893157262905,3,0,0,0,0,1,1,1,0,0,0,1,0,1,0,0,0,1,0,0,0,0,1,0
0,0,0,0,14,0,0,0,1,0,0,0,0,1,31.1,419.7,0,3448,27.98,0.009019721577726219,1,1,0,0,0,1,1,1,0,0,1,0,0,0,0,0,1,1,0,0,0,0,1,0
0,1,0,0,4,0,0,0,1,0,0,1,1,1,50.95,207.35,0,2104,41.47,0.02421577946768061,3,1,0,0,1,1,1,1,0,0,1,0,0,0,1,0,0,0,0,0,1,0,1,0
0,0,0,1,16,1,1,1,1,0,0,0,1,1,69.1,1083.7,0,5172,63.747058823529414,0.013360402165506572,5,1,1,0,0,1,0,1,0,0,1,0,0,0,0,1,0,1,0,0,0,0,0,1
0,0,1,0,46,0,0,0,0,0,0,1,1,1,43.95,2007.85,0,4818,42.72021276595744,0.009122042341220424,2,1,1,0,0,1,1,1,0,0,1,0,0,0,0,1,0,0,1,0,0,0,0,1
0,0,0,0,68,1,1,1,1,0,1,1,1,1,86.5,5882.75,0,4280,85.2572463768116,0.020210280373831775,7,0,0,0,0,0,0,1,0,0,0,0,1,1,0,0,0,0,0,1,0,0,0,1
0,0,0,0,38,1,1,1,1,1,1,0,0,0,69.95,2657.55,0,5858,68.1423076923077,0.011940935472857631,6,1,1,0,0,0,0,1,0,0,1,0,0,0,0,1,0,0,1,0,0,1,0,0
0,0,0,0,17,1,0,0,1,1,0,0,1,1,90.95,1612.2,0,5687,89.56666666666666,0.01599261473536135,4,1,0,1,0,1,1,0,1,0,1,0,0,0,1,0,0,1,0,0,0,1,0,0
0,0,1,1,4,1,0,0,0,0,0,0,0,0,19.9,76.65,0,2347,15.330000000000002,0.00847890924584576,1,0,0,0,0,1,1,0,0,1,0,0,1,0,0,0,1,0,0,0,1,0,1,0
0,0,0,0,12,1,0,0,0,0,0,0,0,0,20.15,260.7,0,4628,20.053846153846152,0.004353932584269663,1,0,1,0,0,1,1,0,0,1,0,1,0,0,0,1,0,0,0,0,1,0,0,1
0,0,1,0,72,1,1,1,1,1,1,1,1,1,90.6,6441.85,0,4528,88.24452054794521,0.020008833922261483,8,0,0,0,0,0,0,1,0,0,0,0,1,0,1,0,0,0,0,1,0,0,0,1
0,0,0,0,3,1,0,0,0,0,0,1,1,1,92.0,266.8,0,4345,66.7,0.021173762945914845,3,1,1,1,0,1,1,0,1,0,1,0,0,0,0,1,0,0,0,0,1,0,0,1
0,0,0,0,41,1,1,0,0,0,0,0,0,1,24.85,962.25,0,3089,22.910714285714285,0.008044674651990937,2,0,0,0,0,1,1,0,0,1,0,1,0,0,0,0,1,0,1,0,0,0,1,0
0,0,0,0,40,0,0,0,1,0,1,0,0,0,36.0,1382.9,0,5323,33.72926829268293,0.006763103513056547,2,0,0,0,0,0,1,1,0,0,0,1,0,0,1,0,0,0,1,0,0,0,0,1
0,0,0,0,7,1,0,1,1,0,1,1,1,1,78.5,571.05,0,3601,71.38125,0.02179950013885032,6,1,1,0,0,0,0,1,0,0,1,0,0,0,0,1,0,0,0,0,1,0,0,1
0,0,0,0,69,1,0,0,0,0,0,0,0,0,19.95,1399.35,0,4328,19.990714285714283,0.004609519408502773,1,0,0,0,0,1,1,0,0,1,0,0,1,0,1,0,0,0,0,1,0,0,0,1
0,0,1,0,7,1,0,0,0,0,0,0,0,0,20.65,150.0,0,2874,18.75,0.007185107863604732,1,0,0,0,0,1,1,0,0,1,0,1,0,0,0,0,1,0,0,0,1,0,1,0
0,0,1,1,5,0,0,0,1,0,0,0,0,1,30.5,167.2,0,5973,27.866666666666664,0.00510631173614599,1,1,1,0,0,1,1,1,0,0,1,0,0,0,0,1,0,0,0,0,1,1,0,0
0,0,1,1,72,1,1,1,1,1,1,1,0,0,106.1,7657.4,0,5146,104.8958904109589,0.020617955693742713,7,0,0,1,0,0,0,0,1,0,0,0,1,0,1,0,0,0,0,1,0,0,0,1
0,0,1,0,44,1,0,0,0,0,0,0,0,1,20.5,865.05,0,3093,19.223333333333333,0.00662786938247656,1,0,0,0,0,1,1,0,0,1,0,1,0,1,0,0,0,0,1,0,0,0,1,0
0,0,0,0,65,1,1,0,1,1,0,1,0,1,95.5,6153.85,0,6153,93.24015151515152,0.015520884121566715,5,0,1,1,0,1,1,0,1,0,0,1,0,0,0,1,0,0,0,1,0,1,0,0
0,0,0,0,3,1,1,0,0,0,1,1,0,0,64.6,174.2,0,5277,43.55,0.01224180405533447,4,1,1,0,0,0,1,1,0,0,1,0,0,0,0,1,0,0,0,0,1,0,0,1
0,0,0,0,24,1,0,0,0,0,1,0,0,1,51.1,1269.6,0,2515,50.784,0.020318091451292247,2,1,0,0,0,0,1,1,0,0,1,0,0,0,1,0,0,1,0,0,0,0,1,0
0,1,1,0,72,1,1,1,1,1,1,1,1,0,89.1,6352.4,0,4627,87.01917808219177,0.019256537713421222,8,0,0,0,1,0,0,1,0,0,0,0,1,0,1,0,0,0,0,1,0,0,0,1
0,0,0,0,24,1,0,1,0,0,1,0,0,0,54.95,1348.5,0,3407,53.94,0.01612855884942765,3,1,1,0,0,0,0,1,0,0,1,0,0,0,0,1,0,1,0,0,0,0,1,0
0,0,1,0,22,1,0,0,0,0,0,0,0,1,20.45,471.55,0,3727,20.502173913043478,0.0054869868526965385,1,1,0,0,0,1,1,0,0,1,1,0,0,1,0,0,0,1,0,0,0,0,0,1
0,0,1,0,70,1,1,0,1,1,1,1,1,1,85.95,5931.75,0,6354,83.54577464788733,0.013526912181303117,7,0,0,0,0,0,1,1,0,0,0,0,1,0,1,0,0,0,0,1,0,1,0,0
0,0,1,1,25,1,1,0,0,0,0,1,0,0,60.35,1404.65,0,3192,54.025000000000006,0.018906641604010024,3,1,1,0,0,1,1,1,0,0,1,0,0,0,0,1,0,0,1,0,0,0,1,0
0,0,1,1,37,1,0,0,0,0,0,0,0,0,19.8,726.1,0,2745,19.107894736842105,0.007213114754098361,1,0,0,0,0,1,1,0,0,1,0,0,1,1,0,0,0,0,1,0,0,0,1,0
0,1,1,1,22,1,1,0,0,0,0,1,0,0,85.35,1961.6,0,2656,85.28695652173913,0.03213478915662651,3,1,0,1,1,1,1,0,1,0,1,0,0,1,0,0,0,1,0,0,0,0,1,0
0,0,1,0,59,1,1,0,0,1,1,1,0,1,72.1,4194.85,0,6225,69.91416666666667,0.011582329317269076,5,0,0,0,0,0,1,1,0,0,0,0,1,1,0,0,0,0,0,1,0,1,0,0
0,0,1,1,1,1,0,0,0,0,0,0,1,1,81.05,81.05,0,4396,40.525,0.018437215650591445,2,1,1,1,0,1,1,0,1,0,1,0,0,0,0,1,0,0,0,0,1,0,0,1
0,0,0,0,3,1,0,0,0,0,0,0,0,1,20.5,76.95,0,5296,19.2375,0.003870845921450151,1,1,1,0,0,1,1,0,0,1,1,0,0,0,0,1,0,0,0,0,1,0,0,1
0,0,1,0,53,1,1,0,1,1,1,1,1,1,111.8,5809.75,0,5713,107.58796296296296,0.01956940311570103,7,0,0,1,0,0,1,0,1,0,0,1,0,1,0,0,0,0,0,1,0,1,0,0
0,0,0,0,1,1,0,0,0,0,0,0,0,0,20.2,20.2,0,3586,10.1,0.005633017289459007,1,1,0,0,0,1,1,0,0,1,1,0,0,0,0,0,1,0,0,0,1,0,0,1
0,0,0,0,20,1,0,0,0,0,0,0,0,1,19.7,415.9,0,2860,19.804761904761904,0.0068881118881118876,1,0,0,0,0,1,1,0,0,1,0,1,0,0,0,0,1,1,0,0,0,0,1,0
0,0,0,0,51,1,0,0,0,0,0,0,0,1,19.85,996.95,0,5089,19.172115384615385,0.003900569856553351,1,0,0,0,0,1,1,0,0,1,0,1,0,1,0,0,0,0,0,1,0,0,0,1
0,0,1,0,51,1,0,1,1,0,1,0,0,1,60.5,3145.15,0,4207,60.48365384615385,0.014380793914903732,4,0,0,0,0,0,0,1,0,0,0,1,0,1,0,0,0,0,0,1,0,0,0,1
0,0,1,1,13,1,0,0,0,0,0,0,0,0,19.55,265.3,0,2816,18.95,0.006942471590909091,1,0,0,0,0,1,1,0,0,1,0,0,1,0,0,0,1,1,0,0,0,0,1,0
0,0,0,0,1,1,0,0,0,0,0,0,0,0,20.9,20.9,0,3901,10.45,0.005357600615226865,1,1,0,0,0,1,1,0,0,1,1,0,0,0,0,0,1,0,0,0,1,0,0,1
0,0,0,1,1,1,0,0,0,0,0,0,0,1,21.05,21.05,0,3389,10.525,0.006211271761581588,1,1,0,0,0,1,1,0,0,1,1,0,0,0,0,0,1,0,0,0,1,0,1,0
0,0,0,0,63,1,1,1,1,1,1,0,0,0,71.5,4576.3,0,5342,71.5046875,0.013384500187195806,6,0,1,0,0,0,0,1,0,0,0,1,0,0,0,1,0,0,0,1,0,0,0,1
0,0,0,0,3,1,0,0,0,0,0,0,1,0,54.65,189.1,0,2168,47.275,0.025207564575645755,2,1,0,0,0,1,1,1,0,0,1,0,0,0,0,0,1,0,0,0,1,0,1,0
0,0,0,0,46,1,0,0,0,0,0,0,0,0,19.2,908.15,0,2776,19.322340425531916,0.0069164265129683,1,0,0,0,0,1,1,0,0,1,0,0,1,0,1,0,0,0,1,0,0,0,1,0
0,0,0,0,1,1,1,0,0,0,0,0,0,1,49.8,49.8,0,4796,24.9,0.010383653044203502,2,1,0,0,0,1,1,1,0,0,1,0,0,0,1,0,0,0,0,0,1,0,0,1
0,0,1,1,71,1,0,0,0,0,0,0,0,0,20.5,1500.95,0,4941,20.84652777777778,0.004148957700870269,1,0,0,0,0,1,1,0,0,1,0,0,1,1,0,0,0,0,0,1,0,0,0,1
0,0,1,1,55,1,1,0,0,1,0,1,0,1,90.4,5099.15,0,4603,91.05624999999999,0.019639365631110146,4,1,0,1,0,1,1,0,1,0,1,0,0,0,1,0,0,0,0,1,0,0,0,1
0,0,0,0,70,1,1,0,1,1,1,0,0,1,90.25,6385.95,0,5327,89.94295774647887,0.016941993617420686,5,0,0,1,0,0,1,0,1,0,0,1,0,1,0,0,0,0,0,1,0,0,0,1
0,0,1,1,67,1,1,1,0,0,1,1,1,0,104.6,6885.75,0,4743,101.26102941176471,0.022053552603837234,6,0,0,1,0,0,0,0,1,0,0,0,1,1,0,0,0,0,0,1,0,0,0,1
0,0,1,0,14,1,0,0,0,1,0,0,0,0,50.2,668.85,0,4253,44.59,0.011803432870914649,2,1,0,0,0,1,1,1,0,0,1,0,0,0,1,0,0,1,0,0,0,0,0,1
0,0,1,1,20,1,1,0,0,1,1,0,1,1,95.5,1916.2,0,3186,91.24761904761905,0.02997489014438167,5,1,0,1,0,0,1,0,1,0,1,0,0,1,0,0,0,1,0,0,0,0,1,0
0,0,1,1,49,1,1,0,0,0,0,1,1,1,95.4,4613.95,0,6136,92.279,0.015547588005215125,4,1,0,1,0,1,1,0,1,0,1,0,0,1,0,0,0,0,0,1,0,1,0,0
0,0,0,0,72,1,1,1,1,1,0,1,0,1,101.3,7261.25,0,5513,99.46917808219177,0.01837475058951569,6,0,0,1,0,1,0,0,1,0,0,0,1,1,0,0,0,0,0,1,0,1,0,0
0,0,1,0,46,1,1,1,0,0,0,0,0,0,53.1,2459.8,0,3358,52.336170212765964,0.015812983918999404,3,1,1,0,0,1,0,1,0,0,1,0,0,0,0,1,0,0,1,0,0,0,1,0
0,0,0,0,24,1,1,0,1,1,0,0,0,1,84.85,2048.8,0,2941,81.95200000000001,0.02885073104386263,4,1,0,1,0,1,1,0,1,0,1,0,0,1,0,0,0,1,0,0,0,0,1,0
0,0,1,1,5,0,0,0,1,0,1,0,0,0,34.25,163.55,0,5100,27.258333333333336,0.006715686274509804,2,1,1,0,0,0,1,1,0,0,1,0,0,0,0,1,0,0,0,0,1,0,0,1
0,0,1,1,33,1,1,0,1,1,1,0,0,0,88.6,2888.7,0,3648,84.96176470588235,0.024287280701754385,5,1,0,1,0,0,1,0,1,0,1,0,0,0,1,0,0,0,1,0,0,0,0,1
0,0,0,0,42,1,1,1,1,0,0,0,0,1,60.15,2421.6,0,5988,56.31627906976744,0.01004509018036072,4,0,0,0,0,1,0,1,0,0,0,1,0,1,0,0,0,0,1,0,0,1,0,0
0,0,0,0,23,1,0,1,0,1,0,1,1,1,99.95,2292.75,0,3515,95.53125,0.028435277382645806,5,0,0,1,0,1,0,0,1,0,0,1,0,0,1,0,0,1,0,0,0,0,0,1
0,0,0,0,8,1,0,0,0,0,0,0,0,0,70.7,553.4,0,4946,61.48888888888889,0.014294379296401132,1,1,0,1,0,1,1,0,1,0,1,0,0,1,0,0,0,0,0,0,1,0,0,1
0,0,0,0,66,1,0,1,1,0,0,0,0,1,54.8,3465.7,0,4621,51.72686567164179,0.011858904998917983,3,0,0,0,0,1,0,1,0,0,0,1,0,0,0,0,1,0,0,1,0,0,0,1
0,1,0,0,24,1,1,0,1,0,0,0,0,0,54.8,1291.3,0,4330,51.652,0.012655889145496535,3,1,0,0,1,1,1,1,0,0,1,0,0,0,1,0,0,1,0,0,0,0,0,1
0,0,0,0,53,1,0,0,1,1,0,1,1,1,100.3,5200.8,0,5377,96.31111111111112,0.018653524270039055,5,0,0,1,0,1,1,0,1,0,0,1,0,0,0,0,1,0,0,1,0,0,0,1
0,0,0,0,60,0,0,1,0,1,0,1,1,0,53.6,3237.05,0,4173,53.06639344262295,0.012844476395878265,4,0,1,0,0,1,0,1,0,0,0,0,1,0,0,1,0,0,0,1,0,0,0,1
0,0,0,0,20,1,0,0,0,0,0,0,0,1,19.35,433.75,0,5811,20.654761904761905,0.0033298915849251424,1,0,0,0,0,1,1,0,0,1,0,1,0,0,1,0,0,1,0,0,0,1,0,0
0,0,1,1,23,1,1,0,0,0,0,0,1,0,85.6,1868.4,0,3513,77.85000000000001,0.024366638200967832,3,1,1,1,0,1,1,0,1,0,1,0,0,0,0,1,0,1,0,0,0,0,0,1
0,0,1,0,72,1,0,1,0,1,1,1,1,1,80.8,5728.55,0,4689,78.47328767123288,0.017231819151204947,6,0,1,0,0,0,0,1,0,0,0,0,1,0,0,1,0,0,0,1,0,0,0,1
0,0,0,0,21,1,0,0,0,0,0,0,0,0,19.6,390.4,0,4562,17.745454545454546,0.004296361245067953,1,0,0,0,0,1,1,0,0,1,0,0,1,0,0,0,1,1,0,0,0,0,0,1
0,1,0,0,31,1,1,0,1,0,0,1,0,1,90.7,2845.15,0,3493,88.9109375,0.02596621815058689,4,1,1,1,1,1,1,0,1,0,1,0,0,0,0,1,0,0,1,0,0,0,0,1
0,0,0,0,57,1,0,0,1,1,1,1,0,0,69.75,3894.4,0,4487,67.1448275862069,0.015544907510586138,5,0,0,0,0,0,1,1,0,0,0,0,1,0,0,0,1,0,0,1,0,0,0,1
0,0,1,1,45,1,0,0,0,0,0,0,0,1,20.0,886.4,0,5169,19.269565217391303,0.003869220352099052,1,0,0,0,0,1,1,0,0,1,0,0,1,1,0,0,0,0,1,0,0,0,0,1
0,0,0,0,10,1,1,0,1,1,0,0,1,1,95.25,1021.55,0,4810,92.86818181818181,0.019802494802494804,5,1,1,1,0,1,1,0,1,0,1,0,0,0,0,1,0,0,0,0,1,0,0,1
0,0,0,1,14,1,0,0,0,0,0,0,0,0,19.95,268.4,0,5770,17.89333333333333,0.0034575389948006932,1,1,0,0,0,1,1,0,0,1,1,0,0,0,0,0,1,1,0,0,0,1,0,0
0,0,1,0,27,1,1,1,0,0,1,1,1,0,80.85,2204.35,0,4732,78.72678571428571,0.017085798816568045,6,0,0,0,0,0,0,1,0,0,0,1,0,0,0,0,1,0,1,0,0,0,0,1
0,0,1,1,69,1,1,0,1,0,1,0,1,1,93.3,6398.05,0,5205,91.40071428571429,0.01792507204610951,5,0,0,1,0,0,1,0,1,0,0,0,1,1,0,0,0,0,0,1,0,0,0,1
0,0,1,0,35,0,0,1,0,0,1,1,0,1,46.35,1662.05,0,4577,46.168055555555554,0.010126720559318332,3,0,0,0,0,0,0,1,0,0,0,0,1,0,1,0,0,0,1,0,0,0,0,1
0,0,1,0,45,1,1,0,1,1,0,1,1,0,78.75,3600.65,0,2595,78.275,0.030346820809248554,6,0,0,0,0,1,1,1,0,0,0,1,0,0,1,0,0,0,1,0,0,0,1,0
0,0,0,0,17,1,0,0,1,0,0,1,0,1,83.55,1329.15,0,5564,73.84166666666667,0.015016175413371675,3,1,1,1,0,1,1,0,1,0,1,0,0,0,0,1,0,1,0,0,0,1,0,0
0,0,0,0,22,1,0,0,0,0,0,0,0,0,19.6,422.5,0,2203,18.369565217391305,0.008896958692691784,1,0,0,0,0,1,1,0,0,1,0,1,0,0,0,0,1,1,0,0,0,0,1,0
0,0,1,0,67,1,0,1,0,1,1,0,1,0,67.85,4627.65,0,4792,68.05367647058823,0.014159015025041735,5,0,0,0,0,0,0,1,0,0,0,0,1,0,0,0,1,0,0,1,0,0,0,1
0,0,1,1,67,1,1,0,0,1,1,1,1,1,105.65,6717.9,0,6383,98.79264705882352,0.016551778160739467,6,0,0,1,0,0,1,0,1,0,0,0,1,1,0,0,0,0,0,1,0,1,0,0
0,1,0,0,9,1,0,0,0,1,0,0,0,0,75.5,637.4,0,3021,63.739999999999995,0.02499172459450513,2,1,0,1,1,1,1,0,1,0,1,0,0,0,1,0,0,0,0,0,1,0,1,0
0,0,0,0,5,1,0,0,0,0,0,0,0,0,20.15,117.95,0,5020,19.658333333333335,0.004013944223107569,1,1,0,0,0,1,1,0,0,1,1,0,0,0,0,0,1,0,0,0,1,0,0,1
0,0,0,0,54,0,0,1,0,0,1,1,0,0,45.2,2460.55,0,5435,44.73727272727273,0.008316467341306349,3,0,0,0,0,0,0,1,0,0,0,0,1,0,1,0,0,0,0,1,0,1,0,0
0,0,1,0,70,1,1,1,1,1,1,1,0,1,79.25,5731.85,0,5085,80.73028169014086,0.015585054080629301,7,0,0,0,0,0,0,1,0,0,0,0,1,1,0,0,0,0,0,1,0,0,0,1
0,0,1,1,53,1,1,1,0,1,1,1,1,0,85.7,4616.1,0,5957,85.48333333333333,0.014386436125566561,7,1,1,0,0,0,0,1,0,0,1,0,0,0,0,1,0,0,0,1,0,1,0,0
0,0,0,0,31,1,0,0,0,0,0,0,0,0,20.1,589.25,0,3086,18.4140625,0.006513285806869735,1,0,0,0,0,1,1,0,0,1,0,1,0,0,1,0,0,0,1,0,0,0,1,0
0,0,1,1,13,1,0,0,1,1,1,0,0,0,61.8,750.1,0,4749,53.57857142857143,0.013013265950726468,4,1,0,0,0,0,1,1,0,0,1,0,0,1,0,0,0,1,0,0,0,0,0,1
0,0,1,1,28,1,1,0,0,0,0,0,0,0,49.9,1410.25,0,5250,48.62931034482759,0.009504761904761905,2,1,0,0,0,1,1,1,0,0,1,0,0,0,0,0,1,0,1,0,0,0,0,1
0,0,1,0,38,1,0,0,0,0,0,0,0,0,20.4,743.5,0,3756,19.064102564102566,0.005431309904153354,1,0,0,0,0,1,1,0,0,1,0,0,1,1,0,0,0,0,1,0,0,0,0,1
0,0,1,0,52,1,0,1,1,0,0,1,1,1,75.4,3865.45,0,5211,72.93301886792453,0.014469391671464212,5,0,0,0,0,1,0,1,0,0,0,1,0,0,0,0,1,0,0,1,0,0,0,1
0,0,1,1,62,1,0,1,1,1,1,1,1,0,108.15,6825.65,0,5298,108.34365079365078,0.020413363533408835,7,0,0,1,0,0,0,0,1,0,0,0,1,0,0,0,1,0,0,1,0,0,0,1
0,0,0,0,16,1,0,0,1,0,0,0,1,1,86.25,1340.1,0,3511,78.82941176470588,0.02456565081173455,3,1,1,1,0,1,1,0,1,0,1,0,0,0,0,1,0,1,0,0,0,0,0,1
0,0,0,0,12,1,0,0,0,1,0,1,1,0,95.7,1184.0,0,5527,91.07692307692308,0.0173149990953501,4,0,1,1,0,1,1,0,1,0,0,1,0,0,0,1,0,0,0,0,1,1,0,0
0,0,1,1,72,1,1,1,1,1,1,1,1,1,116.85,8477.7,0,4055,116.13287671232878,0.02881627620221948,8,0,0,1,0,0,0,0,1,0,0,0,1,1,0,0,0,0,0,1,0,0,0,1
0,1,0,0,71,1,1,0,1,0,1,1,1,0,105.75,7382.85,0,4921,102.53958333333334,0.021489534647429386,6,0,0,1,1,0,1,0,1,0,0,1,0,1,0,0,0,0,0,1,0,0,0,1
0,0,1,0,24,1,0,0,0,0,0,0,0,0,20.15,456.85,0,3573,18.274,0.005639518611810803,1,0,0,0,0,1,1,0,0,1,0,1,0,0,0,0,1,1,0,0,0,0,0,1
0,0,0,0,15,1,0,0,0,0,0,0,0,0,19.6,331.6,0,2722,20.725,0.007200587803085967,1,0,0,0,0,1,1,0,0,1,0,0,1,0,0,0,1,1,0,0,0,0,1,0
0,0,0,1,2,1,1,1,1,0,0,0,0,0,60.95,134.6,0,3172,44.86666666666667,0.01921500630517024,4,1,0,0,0,1,0,1,0,0,1,0,0,1,0,0,0,0,0,0,1,0,1,0
0,0,1,1,5,0,0,0,0,0,0,0,0,0,25.05,125.5,0,2071,20.916666666666668,0.012095605987445678,0,1,0,0,0,1,1,1,0,0,1,0,0,0,0,0,1,0,0,0,1,0,1,0
0,0,1,0,41,1,0,1,1,1,0,0,0,1,60.3,2511.3,0,4565,59.792857142857144,0.0132092004381161,4,0,0,0,0,1,0,1,0,0,0,1,0,1,0,0,0,0,1,0,0,0,0,1
0,0,0,1,43,1,0,1,1,0,0,0,1,1,63.95,2737.05,0,4205,62.20568181818182,0.015208085612366232,4,1,1,0,0,1,0,1,0,0,1,0,0,0,0,1,0,0,1,0,0,0,0,1
0,1,1,0,1,1,1,0,0,0,0,0,0,0,74.3,74.3,0,2968,37.15,0.025033692722371968,2,1,1,1,1,1,1,0,1,0,1,0,0,0,0,1,0,0,0,0,1,0,1,0
0,1,0,0,1,1,0,0,0,0,0,0,0,1,70.6,70.6,0,2576,35.3,0.027406832298136643,1,1,0,1,1,1,1,0,1,0,1,0,0,0,0,0,1,0,0,0,1,0,1,0
0,0,1,0,71,1,1,1,1,1,1,1,1,0,90.55,6404.0,0,5007,88.94444444444444,0.018084681445975633,8,0,0,0,0,0,0,1,0,0,0,0,1,1,0,0,0,0,0,1,0,0,0,1
0,0,0,0,7,1,0,0,0,0,0,0,0,0,19.45,165.35,0,2600,20.66875,0.00748076923076923,1,0,0,0,0,1,1,0,0,1,0,0,1,0,0,0,1,0,0,0,1,0,1,0
0,1,0,0,28,1,1,0,1,1,1,0,0,0,64.45,1867.6,0,3820,64.39999999999999,0.0168717277486911,5,1,0,0,1,0,1,1,0,0,1,0,0,1,0,0,0,0,1,0,0,0,0,1
0,1,0,0,16,1,0,0,0,0,0,0,0,0,69.65,1043.3,0,5610,61.370588235294115,0.012415329768270946,1,1,1,1,1,1,1,0,1,0,1,0,0,0,0,1,0,1,0,0,0,1,0,0
0,0,0,0,7,1,0,0,0,0,0,0,0,0,19.5,128.6,0,4271,16.075,0.004565675485834699,1,0,0,0,0,1,1,0,0,1,0,1,0,0,0,0,1,0,0,0,1,0,0,1
0,0,0,0,69,1,1,0,1,1,1,1,1,1,110.5,7455.45,0,4803,106.50642857142857,0.023006454299396212,7,0,0,1,0,0,1,0,1,0,0,0,1,1,0,0,0,0,0,1,0,0,0,1
0,0,0,1,1,0,0,0,0,0,0,0,0,0,24.7,24.7,0,3065,12.35,0.008058727569331159,0,1,0,0,0,1,1,1,0,0,1,0,0,0,0,0,1,0,0,0,1,0,1,0
0,0,0,0,3,1,0,1,0,1,0,1,1,1,77.4,206.15,0,5528,51.5375,0.014001447178002896,5,1,1,0,0,1,0,1,0,0,1,0,0,0,0,1,0,0,0,0,1,1,0,0
0,0,1,0,69,1,1,0,1,1,0,0,0,1,85.4,5869.4,0,5976,83.84857142857142,0.014290495314591702,4,1,0,1,0,1,1,0,1,0,1,0,0,1,0,0,0,0,0,1,0,1,0,0
0,0,1,0,71,0,0,1,1,1,1,0,0,1,47.6,3377.8,0,4795,46.91388888888889,0.009927007299270074,4,0,0,0,0,0,0,1,0,0,0,0,1,1,0,0,0,0,0,1,0,0,0,1
0,0,1,1,69,1,0,0,0,0,0,0,0,0,19.4,1346.2,0,6408,19.231428571428573,0.003027465667915106,1,0,0,0,0,1,1,0,0,1,0,0,1,0,0,0,1,0,0,1,0,1,0,0
0,0,0,0,48,1,1,0,0,1,1,1,1,1,103.85,4946.05,0,4304,100.93979591836735,0.02412871747211896,6,1,1,1,0,0,1,0,1,0,1,0,0,0,0,1,0,0,1,0,0,0,0,1
0,0,0,0,45,1,1,1,0,1,1,1,1,1,108.45,4964.7,0,5093,107.92826086956521,0.021293932849008445,7,1,0,1,0,0,0,0,1,0,1,0,0,0,1,0,0,0,1,0,0,0,0,1
0,0,0,0,51,1,1,0,1,0,0,0,0,0,81.0,4085.75,0,4121,78.57211538461539,0.0196554234409124,3,1,0,1,0,1,1,0,1,0,1,0,0,1,0,0,0,0,0,1,0,0,0,1
0,0,0,0,72,1,1,1,1,1,1,1,1,0,86.65,6224.8,0,4621,85.27123287671233,0.01875135252109933,8,0,0,0,0,0,0,1,0,0,0,0,1,1,0,0,0,0,0,1,0,0,0,1
0,0,1,1,37,1,1,0,1,1,0,1,0,1,92.95,3415.25,0,3462,89.875,0.026848642403235125,5,1,1,1,0,1,1,0,1,0,1,0,0,0,0,1,0,0,1,0,0,0,1,0
0,0,1,0,71,1,1,1,1,1,1,1,1,0,90.35,6325.25,0,6483,87.85069444444444,0.013936449174764769,8,0,1,0,0,0,0,1,0,0,0,0,1,0,0,1,0,0,0,1,0,1,0,0
0,0,0,0,66,1,1,0,0,0,0,0,0,1,25.15,1683.6,0,6141,25.128358208955223,0.0040954241980133525,2,0,0,0,0,1,1,0,0,1,0,0,1,0,1,0,0,0,0,1,0,1,0,0
0,0,1,0,51,1,0,1,0,0,1,1,1,1,76.4,3966.3,0,6385,76.275,0.011965544244322631,5,0,0,0,0,0,0,1,0,0,0,1,0,1,0,0,0,0,0,1,0,1,0,0
0,0,1,0,30,1,0,0,0,0,0,0,0,0,19.55,608.5,0,5203,19.629032258064516,0.0037574476263694022,1,0,0,0,0,1,1,0,0,1,0,1,0,1,0,0,0,0,1,0,0,0,0,1
0,0,0,0,34,1,1,0,0,0,0,1,0,0,85.35,2896.6,0,3818,82.75999999999999,0.022354635935044526,3,1,1,1,0,1,1,0,1,0,1,0,0,0,0,1,0,0,1,0,0,0,0,1
0,0,1,1,64,1,1,0,0,0,0,0,0,1,24.8,1514.85,0,6281,23.305384615384614,0.003948415857347556,2,0,0,0,0,1,1,0,0,1,0,0,1,0,0,0,1,0,0,1,0,1,0,0
0,1,1,0,65,1,1,0,1,1,0,1,1,1,103.15,6792.45,0,6441,102.91590909090908,0.01601459400714175,6,0,0,1,1,1,1,0,1,0,0,1,0,1,0,0,0,0,0,1,0,1,0,0
0,0,0,0,47,1,1,1,1,0,1,1,0,0,100.75,4669.2,0,2508,97.27499999999999,0.04017145135566188,6,1,0,1,0,0,0,0,1,0,1,0,0,0,0,0,1,0,1,0,0,0,1,0
0,0,1,1,67,1,1,0,1,0,1,1,0,0,94.1,6302.8,0,4803,92.68823529411765,0.01959192171559442,5,0,0,1,0,0,1,0,1,0,0,0,1,0,1,0,0,0,0,1,0,0,0,1
0,0,0,0,39,1,0,0,0,0,0,0,0,0,19.35,779.2,0,2607,19.48,0.007422324510932107,1,0,0,0,0,1,1,0,0,1,0,1,0,1,0,0,0,0,1,0,0,0,1,0
0,0,0,0,14,1,0,0,0,0,0,0,0,0,19.9,283.75,0,3854,18.916666666666668,0.0051634665282823036,1,1,0,0,0,1,1,0,0,1,1,0,0,0,0,0,1,1,0,0,0,0,0,1
0,1,0,0,56,1,1,0,0,1,0,1,1,1,101.05,5594.0,0,5514,98.14035087719299,0.01832607907145448,5,1,1,1,1,1,1,0,1,0,1,0,0,0,0,1,0,0,0,1,0,1,0,0
0,0,0,0,14,1,0,0,0,0,1,0,1,0,59.1,772.85,0,5718,51.52333333333333,0.010335781741867786,3,0,0,0,0,0,1,1,0,0,0,1,0,0,1,0,0,1,0,0,0,1,0,0
0,0,1,0,16,1,0,1,1,0,0,0,0,1,55.85,857.8,0,2464,50.45882352941176,0.022666396103896105,3,0,0,0,0,1,0,1,0,0,0,1,0,0,0,0,1,1,0,0,0,0,1,0
0,0,1,1,70,1,1,1,1,0,0,1,1,1,106.05,7554.05,0,4583,106.39507042253521,0.023139864717433994,6,1,1,1,0,1,0,0,1,0,1,0,0,0,0,1,0,0,0,1,0,0,0,1
0,1,1,0,72,1,1,1,1,1,0,1,1,1,84.1,5981.65,0,4671,81.94041095890411,0.018004709912224363,7,0,0,0,1,1,0,1,0,0,0,0,1,0,1,0,0,0,0,1,0,0,0,1
0,0,1,1,23,1,0,0,0,1,0,0,0,1,75.3,1702.9,0,5903,70.95416666666667,0.012756225647975605,2,1,0,1,0,1,1,0,1,0,1,0,0,0,1,0,0,1,0,0,0,1,0,0
0,0,0,1,21,1,1,0,0,0,0,0,0,0,24.7,467.15,0,5403,21.23409090909091,0.004571534332778086,2,1,0,0,0,1,1,0,0,1,1,0,0,0,0,0,1,1,0,0,0,1,0,0
0,0,0,0,36,1,1,0,0,1,0,0,0,0,55.8,1941.5,0,4770,52.472972972972975,0.01169811320754717,3,0,1,0,0,1,1,1,0,0,0,1,0,0,0,1,0,0,1,0,0,0,0,1
0,0,0,0,50,0,0,0,1,1,1,0,0,0,39.7,1932.75,0,5174,37.89705882352941,0.007672980286045613,3,0,0,0,0,0,1,1,0,0,0,0,1,0,1,0,0,0,0,1,0,0,0,1
0,0,1,1,48,0,0,0,0,0,1,0,0,1,29.5,1423.05,0,3194,29.041836734693877,0.009236067626800251,1,1,0,0,0,0,1,1,0,0,1,0,0,0,1,0,0,0,1,0,0,0,1,0
0,0,0,1,50,1,0,0,0,0,0,0,0,0,20.15,970.85,0,4263,19.03627450980392,0.004726718273516303,1,0,0,0,0,1,1,0,0,1,0,0,1,0,1,0,0,0,0,1,0,0,0,1
0,0,1,0,72,1,1,1,1,1,1,0,1,0,79.55,5810.9,0,4766,79.60136986301369,0.016691145614771297,7,0,0,0,0,0,0,1,0,0,0,0,1,0,1,0,0,0,0,1,0,0,0,1
0,0,0,1,10,1,1,0,0,0,0,0,0,0,24.8,223.9,0,5212,20.354545454545455,0.004758250191864927,2,1,0,0,0,1,1,0,0,1,1,0,0,0,1,0,0,0,0,0,1,0,0,1
0,0,0,0,18,1,0,0,0,0,0,0,0,0,19.65,391.7,0,4333,20.61578947368421,0.00453496422801754,1,1,0,0,0,1,1,0,0,1,1,0,0,0,0,0,1,1,0,0,0,0,0,1
0,0,0,0,9,1,0,0,0,1,0,1,1,1,94.05,811.65,0,3475,81.16499999999999,0.027064748201438848,4,1,1,1,0,1,1,0,1,0,1,0,0,0,0,1,0,0,0,0,1,0,0,1
0,0,0,0,2,1,1,1,0,0,0,0,1,0,90.75,174.75,0,4766,58.25,0.01904112463281578,4,1,0,1,0,1,0,0,1,0,1,0,0,0,0,0,1,0,0,0,1,0,0,1
0,0,1,0,40,1,1,0,0,0,1,0,0,1,78.85,3126.85,0,5257,76.26463414634146,0.01499904888719802,3,1,0,1,0,0,1,0,1,0,1,0,0,0,1,0,0,0,1,0,0,0,0,1
0,0,1,0,69,1,1,0,0,1,0,1,1,0,99.5,6841.45,0,4237,97.735,0.02348359688458815,5,0,0,1,0,1,1,0,1,0,0,1,0,1,0,0,0,0,0,1,0,0,0,1
0,0,0,1,18,1,1,0,0,1,0,0,0,1,80.55,1406.65,0,5334,74.03421052631579,0.015101237345331833,3,1,0,1,0,1,1,0,1,0,1,0,0,0,1,0,0,1,0,0,0,0,0,1
0,1,1,0,11,1,0,0,0,0,0,0,0,1,70.2,834.7,0,2848,69.55833333333334,0.024648876404494383,1,1,1,1,1,1,1,0,1,0,1,0,0,0,0,1,0,0,0,0,1,0,1,0
0,0,1,0,55,1,0,1,0,0,0,0,1,0,59.45,3157.0,0,5712,56.375,0.010407913165266108,3,0,0,0,0,1,0,1,0,0,0,1,0,0,1,0,0,0,0,1,0,1,0,0
0,0,1,0,33,1,1,0,1,1,0,0,1,1,93.35,3092.0,0,3348,90.94117647058823,0.027882317801672638,5,1,1,1,0,1,1,0,1,0,1,0,0,0,0,1,0,0,1,0,0,0,1,0
0,0,0,0,46,1,0,0,0,0,0,0,0,0,44.95,2168.9,0,2626,46.1468085106383,0.01711728865194212,1,1,0,0,0,1,1,1,0,0,1,0,0,1,0,0,0,0,1,0,0,0,1,0
0,0,0,0,34,1,1,0,0,0,0,0,0,0,26.1,980.35,0,2026,28.01,0.012882527147087859,2,0,0,0,0,1,1,0,0,1,0,0,1,1,0,0,0,0,1,0,0,0,1,0
0,0,0,0,3,1,0,0,0,0,0,0,0,0,20.2,65.95,0,4369,16.4875,0.004623483634699016,1,1,1,0,0,1,1,0,0,1,1,0,0,0,0,1,0,0,0,0,1,0,0,1
0,0,1,1,30,1,0,0,0,0,0,0,0,0,21.25,711.9,0,3047,22.96451612903226,0.006974072858549393,1,0,0,0,0,1,1,0,0,1,0,0,1,0,0,0,1,0,1,0,0,0,1,0
0,0,0,0,33,1,1,1,0,0,1,0,0,0,59.4,1952.8,0,2853,57.43529411764706,0.02082018927444795,4,0,1,0,0,0,0,1,0,0,0,1,0,0,0,1,0,0,1,0,0,0,1,0
0,0,1,1,45,1,1,0,1,1,0,0,1,1,95.0,4368.85,0,2719,94.97500000000001,0.03493931592497242,5,0,0,1,0,1,1,0,1,0,0,1,0,0,1,0,0,0,1,0,0,0,1,0
0,0,0,0,40,1,0,1,1,0,1,0,0,1,61.9,2647.1,0,2520,64.56341463414634,0.02456349206349206,4,1,0,0,0,0,0,1,0,0,1,0,0,0,0,0,1,0,1,0,0,0,1,0
0,0,0,0,71,1,1,1,1,1,1,1,1,1,118.65,8477.6,0,4296,117.74444444444445,0.027618715083798883,8,0,1,1,0,0,0,0,1,0,0,0,1,0,0,1,0,0,0,1,0,0,0,1
0,0,1,0,72,0,0,1,1,1,1,1,1,0,64.45,4528.0,0,5265,62.02739726027397,0.012241215574548908,6,0,0,0,0,0,0,1,0,0,0,0,1,1,0,0,0,0,0,1,0,0,0,1
0,0,1,1,22,1,0,0,0,0,0,0,1,1,80.15,1790.65,0,4732,77.85434782608696,0.01693786982248521,2,1,1,1,0,1,1,0,1,0,1,0,0,0,0,1,0,1,0,0,0,0,0,1
0,0,1,0,46,1,0,0,0,0,0,0,0,1,20.2,845.6,0,2325,17.99148936170213,0.008688172043010752,1,0,0,0,0,1,1,0,0,1,0,1,0,1,0,0,0,0,1,0,0,0,1,0
0,0,1,1,55,1,0,0,0,0,0,0,0,0,21.0,1210.3,0,5046,21.6125,0.004161712247324614,1,0,0,0,0,1,1,0,0,1,0,0,1,0,0,0,1,0,0,1,0,0,0,1
0,0,0,0,1,1,0,0,0,0,0,0,0,0,20.45,20.45,0,4845,10.225,0.004220846233230134,1,1,0,0,0,1,1,0,0,1,1,0,0,0,0,0,1,0,0,0,1,0,0,1
0,0,0,0,12,1,1,0,0,0,1,1,1,1,75.85,854.45,0,5942,65.72692307692309,0.01276506226859643,5,0,0,0,0,0,1,1,0,0,0,1,0,0,0,0,1,0,0,0,1,1,0,0
0,0,0,0,31,1,1,0,1,0,0,0,0,1,80.45,2429.1,0,4684,75.909375,0.017175491033304867,3,1,1,1,0,1,1,0,1,0,1,0,0,0,0,1,0,0,1,0,0,0,0,1
0,0,1,0,67,1,1,1,0,0,0,1,1,1,75.5,5229.45,0,5420,76.90367647058824,0.01392988929889299,5,0,1,0,0,1,0,1,0,0,0,0,1,0,0,1,0,0,0,1,0,1,0,0
0,0,0,0,1,1,0,0,0,0,0,0,0,0,44.45,44.45,0,3498,22.225,0.012707261292166953,1,1,0,0,0,1,1,1,0,0,1,0,0,0,0,0,1,0,0,0,1,0,0,1
0,0,1,1,41,1,1,1,1,1,0,1,0,1,74.55,3023.55,0,2748,71.98928571428571,0.02712882096069869,6,1,0,0,0,1,0,1,0,0,1,0,0,0,1,0,0,0,1,0,0,0,1,0
0,0,1,0,42,0,0,1,0,1,1,1,0,0,48.15,2032.3,0,2673,47.26279069767442,0.018013468013468013,4,0,0,0,0,0,0,1,0,0,0,0,1,0,1,0,0,0,1,0,0,0,1,0
0,0,1,0,23,1,0,0,0,0,0,0,0,0,19.65,436.9,0,5460,18.204166666666666,0.0035989010989010985,1,0,0,0,0,1,1,0,0,1,0,1,0,0,0,0,1,1,0,0,0,1,0,0
0,0,0,0,1,1,0,0,0,0,0,0,0,0,20.15,20.15,0,3167,10.075,0.0063624881591411424,1,1,0,0,0,1,1,0,0,1,1,0,0,0,0,0,1,0,0,0,1,0,1,0
0,0,0,0,56,1,1,1,1,0,0,1,1,1,106.6,5893.95,0,5056,103.40263157894736,0.02108386075949367,6,1,0,1,0,1,0,0,1,0,1,0,0,0,1,0,0,0,0,1,0,0,0,1
0,0,0,1,15,1,1,0,1,0,0,1,0,1,91.0,1430.05,0,4602,89.378125,0.01977401129943503,4,1,1,1,0,1,1,0,1,0,1,0,0,0,0,1,0,1,0,0,0,0,0,1
0,0,1,1,12,1,1,0,0,0,0,0,0,1,25.4,313.0,0,2219,24.076923076923077,0.011446597566471383,2,0,0,0,0,1,1,0,0,1,0,0,1,1,0,0,0,0,0,0,1,0,1,0
0,0,1,0,54,1,0,1,0,1,1,0,1,0,69.95,3871.85,0,5077,70.39727272727272,0.013777821548158362,5,0,0,0,0,0,0,1,0,0,0,0,1,1,0,0,0,0,0,1,0,0,0,1
0,0,0,0,7,1,0,0,0,0,0,1,1,1,66.85,458.1,0,4858,57.2625,0.013760806916426511,3,1,1,0,0,1,1,1,0,0,1,0,0,0,0,1,0,0,0,0,1,0,0,1
0,0,1,1,16,1,0,0,0,0,0,0,0,0,20.15,341.35,0,5271,20.079411764705885,0.003822804022007209,1,1,1,0,0,1,1,0,0,1,1,0,0,0,0,1,0,1,0,0,0,0,0,1
0,0,0,0,21,1,0,1,0,1,0,0,1,0,64.85,1336.8,0,3302,60.76363636363636,0.01963961235614779,4,0,0,0,0,1,0,1,0,0,0,1,0,0,0,0,1,1,0,0,0,0,1,0
0,1,1,0,30,1,1,0,0,1,0,1,1,0,74.85,2181.75,0,5610,70.37903225806451,0.013342245989304813,5,0,1,0,1,1,1,1,0,0,0,0,1,0,0,1,0,0,1,0,0,1,0,0
0,0,0,0,3,1,0,0,0,0,1,0,0,1,50.5,147.75,0,5258,36.9375,0.009604412324077596,2,1,0,0,0,0,1,1,0,0,1,0,0,0,0,0,1,0,0,0,1,0,0,1
0,0,0,0,11,1,0,0,0,1,0,0,0,0,72.9,818.45,0,3042,68.20416666666667,0.02396449704142012,2,1,1,1,0,1,1,0,1,0,1,0,0,0,0,1,0,0,0,0,1,0,1,0
0,0,0,0,62,1,1,1,1,1,1,1,1,1,115.05,7133.45,0,6494,113.22936507936508,0.01771635355712966,8,0,0,1,0,0,0,0,1,0,0,1,0,0,1,0,0,0,0,1,0,1,0,0
0,0,0,0,18,1,0,0,0,0,0,0,0,0,19.0,348.8,0,5379,18.357894736842105,0.0035322550659973974,1,1,1,0,0,1,1,0,0,1,1,0,0,0,0,1,0,1,0,0,0,0,0,1
0,0,0,1,6,1,0,0,0,0,0,0,0,0,19.55,128.6,0,2309,18.37142857142857,0.008466868774361196,1,1,0,0,0,1,1,0,0,1,1,0,0,0,0,0,1,0,0,0,1,0,1,0
0,0,0,0,46,1,1,0,0,1,0,1,1,1,101.1,4674.4,0,4883,99.45531914893617,0.020704484947778004,5,0,1,1,0,1,1,0,1,0,0,1,0,0,0,1,0,0,1,0,0,0,0,1
0,0,0,0,21,1,1,0,0,0,0,0,1,1,84.1,1737.45,0,4649,78.97500000000001,0.01808991180899118,3,1,1,1,0,1,1,0,1,0,1,0,0,0,0,1,0,1,0,0,0,0,0,1
0,0,0,0,68,1,1,0,0,0,0,0,0,1,24.15,1498.85,0,5987,21.72246376811594,0.0040337397695005845,2,0,0,0,0,1,1,0,0,1,0,0,1,1,0,0,0,0,0,1,0,1,0,0
0,0,0,0,1,1,1,0,0,0,0,0,0,1,50.1,50.1,0,5617,25.05,0.0089193519672423,2,1,1,0,0,1,1,1,0,0,1,0,0,0,0,1,0,0,0,0,1,1,0,0
0,0,1,0,25,1,0,0,0,1,0,0,0,1,74.6,1797.75,0,4591,69.14423076923077,0.016249183184491395,2,1,1,1,0,1,1,0,1,0,1,0,0,0,0,1,0,0,1,0,0,0,0,1
0,0,0,1,24,1,0,0,0,0,0,0,0,0,19.75,498.1,0,2639,19.924,0.007483895414929898,1,0,0,0,0,1,1,0,0,1,0,0,1,0,0,0,1,1,0,0,0,0,1,0
0,0,1,0,51,1,1,0,1,1,0,1,1,1,106.8,5498.8,0,4640,105.74615384615385,0.023017241379310344,6,0,0,1,0,1,1,0,1,0,0,1,0,1,0,0,0,0,0,1,0,0,0,1
0,0,1,0,57,1,1,1,0,1,1,1,1,1,84.5,4845.4,0,5928,83.54137931034482,0.01425438596491228,7,0,1,0,0,0,0,1,0,0,0,0,1,0,0,1,0,0,0,1,0,1,0,0
0,0,0,0,15,1,1,0,0,0,0,0,0,0,25.05,369.1,0,5218,23.06875,0.004800689919509391,2,0,0,0,0,1,1,0,0,1,0,0,1,1,0,0,0,1,0,0,0,0,0,1
0,0,1,0,72,1,0,1,1,1,1,1,1,1,83.7,6096.9,0,4592,83.51917808219177,0.018227351916376307,7,0,0,0,0,0,0,1,0,0,0,0,1,1,0,0,0,0,0,1,0,0,0,1
0,0,1,0,28,1,1,0,1,1,0,1,0,0,96.6,2684.35,0,5530,92.56379310344828,0.017468354430379744,5,1,0,1,0,1,1,0,1,0,1,0,0,0,1,0,0,0,1,0,0,1,0,0
0,0,1,1,70,1,0,1,1,1,1,1,0,1,101.1,6994.8,0,4226,98.51830985915493,0.023923331755797445,6,0,0,1,0,0,0,0,1,0,0,0,1,0,1,0,0,0,0,1,0,0,0,1
0,0,0,0,13,1,0,0,0,0,0,0,0,0,20.2,273.25,0,2953,19.517857142857142,0.006840501185235354,1,0,0,0,0,1,1,0,0,1,0,1,0,0,0,0,1,1,0,0,0,0,1,0
0,1,1,0,59,1,1,1,1,1,1,0,0,1,94.05,5483.9,0,5061,91.39833333333333,0.01858328393598103,6,0,1,1,1,0,0,0,1,0,0,1,0,0,0,1,0,0,0,1,0,0,0,1
0,0,1,0,62,1,0,1,0,1,1,1,1,0,81.0,4985.9,0,4684,79.14126984126983,0.017292912040990607,6,0,0,0,0,0,0,1,0,0,0,0,1,0,0,0,1,0,0,1,0,0,0,1
0,0,0,0,21,1,0,1,0,1,1,0,0,1,60.25,1258.35,0,4870,57.19772727272727,0.012371663244353183,4,0,1,0,0,0,0,1,0,0,0,1,0,0,0,1,0,1,0,0,0,0,0,1
0,0,0,0,2,1,0,0,0,1,0,0,1,0,60.85,111.4,0,3796,37.13333333333333,0.016030031612223394,3,1,1,0,0,1,1,1,0,0,1,0,0,0,0,1,0,0,0,0,1,0,0,1
0,0,0,0,1,1,0,0,0,0,0,0,0,0,43.95,43.95,0,5684,21.975,0.007732230823363829,1,1,0,0,0,1,1,1,0,0,1,0,0,0,1,0,0,0,0,0,1,1,0,0
0,0,0,0,4,1,0,0,0,1,0,0,1,0,86.05,308.1,0,3653,61.620000000000005,0.023555981385162877,3,1,1,1,0,1,1,0,1,0,1,0,0,0,0,1,0,0,0,0,1,0,0,1
0,0,0,0,19,1,0,0,0,0,0,0,0,0,20.25,383.65,0,5586,19.182499999999997,0.0036251342642320086,1,0,0,0,0,1,1,0,0,1,0,1,0,0,1,0,0,1,0,0,0,1,0,0
0,0,1,1,67,1,0,0,0,0,0,0,0,1,19.4,1284.2,0,4890,18.88529411764706,0.003967280163599182,1,0,0,0,0,1,1,0,0,1,0,0,1,0,1,0,0,0,0,1,0,0,0,1
0,1,1,0,72,1,1,1,1,1,0,0,1,1,102.65,7550.3,0,4680,103.42876712328767,0.021933760683760684,6,0,0,1,1,1,0,0,1,0,0,0,1,0,1,0,0,0,0,1,0,0,0,1
0,0,1,0,53,1,0,0,0,0,0,0,0,0,19.9,1110.05,0,4157,20.55648148148148,0.004787106086119797,1,0,0,0,0,1,1,0,0,1,0,0,1,0,1,0,0,0,0,1,0,0,0,1
0,0,0,0,5,1,0,0,0,0,0,0,0,0,19.55,99.6,0,2575,16.599999999999998,0.0075922330097087385,1,0,1,0,0,1,1,0,0,1,0,1,0,0,0,1,0,0,0,0,1,0,1,0
0,1,1,0,71,1,0,0,1,1,1,0,1,1,95.5,6707.15,0,6412,93.1548611111111,0.01489394884591391,5,0,0,1,1,0,1,0,1,0,0,0,1,0,1,0,0,0,0,1,0,1,0,0
0,0,1,0,50,1,1,0,1,1,1,1,1,1,84.15,4164.4,0,4625,81.6549019607843,0.018194594594594597,7,0,0,0,0,0,1,1,0,0,0,1,0,0,1,0,0,0,0,1,0,0,0,1
0,0,1,1,56,1,1,0,0,1,1,1,1,1,103.2,5873.75,0,4478,103.04824561403508,0.023046002679767755,6,0,1,1,0,0,1,0,1,0,0,0,1,0,0,1,0,0,0,1,0,0,0,1
0,0,0,0,2,1,0,0,0,0,1,0,0,1,50.2,109.25,0,4697,36.416666666666664,0.01068767298275495,2,1,0,0,0,0,1,1,0,0,1,0,0,0,1,0,0,0,0,0,1,0,0,1
0,0,1,1,46,1,0,0,0,0,0,0,0,0,19.95,862.4,0,3574,18.348936170212767,0.005581980973698937,1,0,0,0,0,1,1,0,0,1,0,0,1,0,1,0,0,0,1,0,0,0,0,1
0,0,1,0,71,1,1,1,1,1,1,1,1,1,116.25,8564.75,0,6124,118.95486111111111,0.01898269105160026,8,0,1,1,0,0,0,0,1,0,0,0,1,0,0,1,0,0,0,1,0,1,0,0
0,0,0,0,29,0,0,0,0,0,1,0,0,1,31.2,926.2,0,4761,30.873333333333335,0.006553245116572149,1,1,1,0,0,0,1,1,0,0,1,0,0,0,0,1,0,0,1,0,0,0,0,1
0,0,1,1,69,1,1,0,0,0,0,0,0,0,24.45,1718.2,0,5295,24.545714285714286,0.004617563739376771,2,0,0,0,0,1,1,0,0,1,0,0,1,1,0,0,0,0,0,1,0,0,0,1
0,0,1,0,71,1,1,0,1,1,1,1,1,0,84.2,5956.85,0,4753,82.73402777777778,0.017715127288028615,7,0,0,0,0,0,1,1,0,0,0,0,1,0,1,0,0,0,0,1,0,0,0,1
0,1,1,0,56,1,0,1,1,1,1,1,1,1,85.65,4824.45,0,6500,84.63947368421053,0.013176923076923077,7,0,0,0,1,0,0,1,0,0,0,0,1,1,0,0,0,0,0,1,0,1,0,0
0,0,0,0,56,1,0,0,0,0,0,0,0,1,21.2,1238.65,0,6473,21.730701754385965,0.0032751429012822493,1,0,0,0,0,1,1,0,0,1,0,1,0,0,0,0,1,0,0,1,0,1,0,0
0,0,1,0,28,1,1,0,0,0,0,0,0,0,25.55,672.2,0,3493,23.179310344827588,0.007314629258517035,2,0,0,0,0,1,1,0,0,1,0,1,0,0,0,0,1,0,1,0,0,0,0,1
0,0,1,1,19,1,0,0,0,0,0,0,0,0,20.2,382.2,0,3636,19.11,0.005555555555555556,1,1,0,0,0,1,1,0,0,1,1,0,0,0,0,0,1,1,0,0,0,0,0,1
0,0,1,0,66,1,1,0,0,0,1,0,1,0,63.85,4264.6,0,5956,63.650746268656725,0.01072028206850235,4,1,1,0,0,0,1,1,0,0,1,0,0,0,0,1,0,0,0,1,0,1,0,0
0,0,1,0,17,1,1,0,0,1,1,0,0,1,61.95,1070.7,0,4759,59.483333333333334,0.013017440638789662,4,0,0,0,0,0,1,1,0,0,0,1,0,0,0,0,1,1,0,0,0,0,0,1
0,0,1,1,52,1,1,0,0,0,0,0,0,0,25.75,1345.85,0,4676,25.393396226415092,0.005506843455945252,2,0,0,0,0,1,1,0,0,1,0,0,1,0,0,0,1,0,0,1,0,0,0,1
0,0,0,0,19,1,0,0,1,0,0,1,0,0,58.2,1045.25,0,4033,52.2625,0.014430944706174065,3,0,1,0,0,1,1,1,0,0,0,1,0,0,0,1,0,1,0,0,0,0,0,1
0,0,0,0,36,1,0,1,1,1,1,1,1,0,85.85,3003.55,0,4898,81.17702702702704,0.017527562270314413,7,0,0,0,0,0,0,1,0,0,0,1,0,1,0,0,0,0,1,0,0,0,0,1
0,0,1,1,72,1,1,1,1,1,1,0,1,1,104.9,7537.5,0,4927,103.25342465753425,0.021290846356809418,7,0,0,1,0,0,0,0,1,0,0,1,0,0,1,0,0,0,0,1,0,0,0,1
0,1,0,0,34,1,0,0,1,1,0,1,1,1,99.85,3343.15,0,5626,95.51857142857143,0.01774795591894774,5,0,1,1,1,1,1,0,1,0,0,1,0,0,0,1,0,0,1,0,0,1,0,0
0,0,1,0,8,1,0,0,0,0,0,0,0,1,19.55,161.15,0,4909,17.905555555555555,0.003982481157058464,1,1,0,0,0,1,1,0,0,1,1,0,0,1,0,0,0,0,0,0,1,0,0,1
0,0,0,0,69,1,1,0,0,1,1,1,1,0,104.0,7028.5,0,5902,100.40714285714286,0.01762114537444934,6,0,1,1,0,0,1,0,1,0,0,0,1,0,0,1,0,0,0,1,0,1,0,0
0,0,1,0,50,1,1,1,0,1,0,1,1,1,104.4,5232.9,0,6100,102.60588235294117,0.017114754098360656,6,0,0,1,0,1,0,0,1,0,0,1,0,0,0,0,1,0,0,1,0,1,0,0
0,0,0,0,10,1,0,0,0,0,0,0,0,0,19.5,225.85,0,5039,20.53181818181818,0.0038698154395713437,1,0,0,0,0,1,1,0,0,1,0,1,0,0,0,0,1,0,0,0,1,0,0,1
0,0,1,1,12,1,1,0,0,0,0,0,0,0,25.25,274.7,0,2646,21.13076923076923,0.009542705971277399,2,0,0,0,0,1,1,0,0,1,0,0,1,0,1,0,0,0,0,0,1,0,1,0
0,0,1,0,70,0,0,1,0,1,1,0,1,1,49.85,3370.2,0,5460,47.46760563380281,0.00913003663003663,4,0,0,0,0,0,0,1,0,0,0,0,1,1,0,0,0,0,0,1,0,1,0,0
0,1,0,0,64,1,1,1,0,1,1,1,1,1,108.95,7111.3,0,5780,109.40461538461538,0.01884948096885813,7,1,0,1,1,0,0,0,1,0,1,0,0,1,0,0,0,0,0,1,0,1,0,0
0,0,1,0,66,1,1,1,1,1,1,1,1,0,89.9,5958.85,0,4082,88.93805970149255,0.022023517883390496,8,0,0,0,0,0,0,1,0,0,0,0,1,0,1,0,0,0,0,1,0,0,0,1
0,0,1,0,71,1,0,1,0,1,1,1,1,1,82.0,5999.85,0,5770,83.33125000000001,0.014211438474870018,6,0,0,0,0,0,0,1,0,0,0,0,1,0,1,0,0,0,0,1,0,1,0,0
0,1,0,0,20,1,0,0,0,0,0,1,1,0,89.95,1648.45,0,4812,78.49761904761905,0.018692851205320035,3,1,1,1,1,1,1,0,1,0,1,0,0,0,0,1,0,1,0,0,0,0,0,1
0,0,1,0,72,1,0,1,1,0,1,1,1,1,79.35,5753.25,0,4278,78.81164383561644,0.018548387096774192,6,0,0,0,0,0,0,1,0,0,0,0,1,1,0,0,0,0,0,1,0,0,0,1
0,0,1,0,71,1,0,1,1,1,1,0,0,0,64.05,4492.9,0,4374,62.40138888888888,0.014643347050754457,5,0,0,0,0,0,0,1,0,0,0,0,1,0,1,0,0,0,0,1,0,0,0,1
0,0,1,1,38,1,1,0,0,1,0,1,1,1,101.15,3956.7,0,3738,101.45384615384614,0.02705992509363296,5,1,0,1,0,1,1,0,1,0,1,0,0,0,1,0,0,0,1,0,0,0,0,1
0,0,0,0,33,0,0,0,1,0,0,1,0,1,39.1,1309.0,0,2855,38.5,0.013695271453590193,2,0,1,0,0,1,1,1,0,0,0,1,0,0,0,1,0,0,1,0,0,0,1,0
0,0,1,0,23,0,0,1,0,0,1,0,0,0,34.6,813.45,0,4445,33.893750000000004,0.007784026996625422,2,0,0,0,0,0,0,1,0,0,0,0,1,0,0,0,1,1,0,0,0,0,0,1
0,0,1,0,58,1,0,0,0,0,0,0,0,1,19.55,1108.8,0,4801,18.79322033898305,0.004072068319100188,1,0,1,0,0,1,1,0,0,1,0,1,0,0,0,1,0,0,0,1,0,0,0,1
0,1,1,0,70,1,1,0,1,0,1,1,1,1,104.45,7349.35,0,5004,103.51197183098591,0.020873301358912872,6,0,0,1,1,0,1,0,1,0,0,0,1,1,0,0,0,0,0,1,0,0,0,1
0,0,1,0,4,1,0,0,0,0,0,0,0,0,70.5,294.2,0,2896,58.839999999999996,0.024343922651933702,1,1,1,1,0,1,1,0,1,0,1,0,0,0,0,1,0,0,0,0,1,0,1,0
0,0,1,1,45,1,0,0,0,0,0,0,0,0,20.35,929.2,0,4210,20.2,0.004833729216152019,1,0,0,0,0,1,1,0,0,1,0,0,1,0,0,0,1,0,1,0,0,0,0,1
0,0,1,1,36,1,0,0,0,0,0,0,0,0,19.45,754.5,0,5745,20.39189189189189,0.003385552654482158,1,0,0,0,0,1,1,0,0,1,0,0,1,0,1,0,0,0,1,0,0,1,0,0
0,0,0,0,54,1,0,1,1,0,1,1,0,1,69.9,3883.3,0,6092,70.60545454545455,0.011474064346684177,5,1,0,0,0,0,0,1,0,0,1,0,0,0,0,0,1,0,0,1,0,1,0,0
0,0,1,0,23,1,1,0,1,0,1,0,0,0,59.7,1414.2,0,3464,58.925000000000004,0.017234411085450346,4,0,0,0,0,0,1,1,0,0,0,0,1,0,0,0,1,1,0,0,0,0,1,0
0,0,1,0,41,1,1,1,1,1,0,1,0,1,78.35,3211.2,0,2894,76.45714285714286,0.027073255010366275,6,0,0,0,0,1,0,1,0,0,0,1,0,0,1,0,0,0,1,0,0,0,1,0
0,1,0,0,5,1,0,0,0,0,0,0,0,1,71.45,371.6,0,5171,61.93333333333334,0.013817443434538775,1,1,0,1,1,1,1,0,1,0,1,0,0,0,0,0,1,0,0,0,1,0,0,1
0,0,1,0,27,0,0,0,1,1,0,0,1,1,45.85,1246.4,0,2068,44.51428571428572,0.022171179883945843,3,0,0,0,0,1,1,1,0,0,0,1,0,0,1,0,0,0,1,0,0,0,1,0
0,0,0,0,1,1,0,0,0,0,1,1,1,1,95.85,95.85,0,3270,47.925,0.029311926605504586,4,1,1,1,0,0,1,0,1,0,1,0,0,0,0,1,0,0,0,0,1,0,1,0
0,0,1,0,67,0,0,1,0,0,1,0,0,0,35.7,2545.7,0,5655,37.436764705882354,0.006312997347480106,2,0,0,0,0,0,0,1,0,0,0,0,1,0,1,0,0,0,0,1,0,1,0,0
0,1,1,0,72,1,1,1,1,1,1,1,1,1,89.55,6448.85,0,4993,88.34041095890412,0.01793510915281394,8,0,0,0,1,0,0,1,0,0,0,0,1,0,1,0,0,0,0,1,0,0,0,1
0,0,1,1,56,1,1,0,0,0,0,0,0,1,24.95,1468.9,0,5243,25.770175438596493,0.004758725920274652,2,0,0,0,0,1,1,0,0,1,0,0,1,0,1,0,0,0,0,1,0,0,0,1
0,0,1,0,44,1,1,0,0,0,0,0,0,0,24.85,1013.6,0,5331,22.524444444444445,0.004661414368786344,2,0,1,0,0,1,1,0,0,1,0,1,0,0,0,1,0,0,1,0,0,0,0,1
0,1,1,0,66,1,1,0,1,0,0,1,1,1,100.8,6690.75,0,5469,99.86194029850746,0.01843115743280307,5,1,1,1,1,1,1,0,1,0,1,0,0,0,0,1,0,0,0,1,0,1,0,0
0,0,1,0,69,1,1,0,0,1,1,1,1,0,105.35,7240.65,0,5268,103.43785714285714,0.019998101746393316,6,0,0,1,0,0,1,0,1,0,0,0,1,1,0,0,0,0,0,1,0,0,0,1
0,0,0,0,40,1,0,0,0,0,0,0,0,0,19.65,830.25,0,3878,20.25,0.005067044868488912,1,0,0,0,0,1,1,0,0,1,0,0,1,0,1,0,0,0,1,0,0,0,0,1
0,0,1,1,30,1,1,1,0,0,0,0,0,1,54.45,1588.7,0,2613,51.248387096774195,0.020838117106773826,3,1,0,0,0,1,0,1,0,0,1,0,0,1,0,0,0,0,1,0,0,0,1,0
0,0,0,0,11,1,0,0,0,0,1,1,1,0,70.5,829.3,0,5541,69.10833333333333,0.012723335138061722,4,1,0,0,0,0,1,1,0,0,1,0,0,0,0,0,1,0,0,0,1,1,0,0
0,0,0,0,15,1,0,0,0,0,0,0,0,0,20.1,302.45,0,4359,18.903125,0.004611149346180317,1,0,0,0,0,1,1,0,0,1,0,1,0,0,1,0,0,1,0,0,0,0,0,1
0,0,0,0,11,1,0,0,0,1,0,1,1,1,69.35,712.25,0,2288,59.354166666666664,0.03031031468531468,4,1,1,0,0,1,1,1,0,0,1,0,0,0,0,1,0,0,0,0,1,0,1,0
0,0,1,0,64,1,0,0,0,0,0,0,0,0,19.8,1336.65,0,5384,20.563846153846157,0.003677563150074294,1,0,0,0,0,1,1,0,0,1,0,1,0,1,0,0,0,0,0,1,0,1,0,0
0,1,1,0,72,1,0,1,1,1,1,1,0,0,74.4,5360.75,0,5590,73.43493150684931,0.013309481216457962,6,0,0,0,1,0,0,1,0,0,0,0,1,1,0,0,0,0,0,1,0,1,0,0
0,1,1,0,72,1,1,1,1,1,1,0,0,1,93.05,6735.05,0,4988,92.26095890410959,0.01865477145148356,6,0,0,1,1,0,0,0,1,0,0,0,1,1,0,0,0,0,0,1,0,0,0,1
0,0,0,1,1,1,0,1,0,0,0,0,0,0,51.2,51.2,0,3699,25.6,0.013841578805082456,2,1,0,0,0,1,0,1,0,0,1,0,0,0,0,0,1,0,0,0,1,0,0,1
0,0,0,0,15,1,0,1,1,1,1,0,0,0,65.6,1010.0,0,2976,63.125,0.02204301075268817,5,0,0,0,0,0,0,1,0,0,0,1,0,0,1,0,0,1,0,0,0,0,1,0
0,0,0,0,60,1,1,0,0,1,1,1,1,0,80.55,4847.05,0,4159,79.45983606557377,0.019367636451069967,6,0,0,0,0,0,1,1,0,0,0,1,0,0,1,0,0,0,0,1,0,0,0,1
0,0,0,0,56,1,0,1,0,1,0,0,0,0,52.7,3019.7,0,4753,52.97719298245614,0.011087734062697245,3,0,0,0,0,1,0,1,0,0,0,1,0,0,0,0,1,0,0,1,0,0,0,1
0,0,0,0,8,1,0,0,0,0,0,0,0,0,20.85,161.65,0,4249,17.961111111111112,0.004907036949870558,1,0,0,0,0,1,1,0,0,1,0,0,1,0,0,0,1,0,0,0,1,0,0,1
0,0,1,0,49,1,1,0,0,0,0,0,0,1,52.15,2583.75,0,5224,51.675,0.009982771822358346,2,1,0,0,0,1,1,1,0,0,1,0,0,0,1,0,0,0,0,1,0,0,0,1
0,0,0,0,70,1,1,1,1,1,1,1,1,1,114.95,7711.25,0,4511,108.60915492957747,0.025482154732875194,8,0,0,1,0,0,0,0,1,0,0,0,1,1,0,0,0,0,0,1,0,0,0,1
0,1,1,0,52,1,0,1,0,1,1,1,1,1,104.45,5481.25,0,5490,103.41981132075472,0.019025500910746812,6,0,0,1,1,0,0,0,1,0,0,1,0,1,0,0,0,0,0,1,0,1,0,0
0,0,1,0,72,1,1,1,1,1,1,1,1,1,113.65,8124.2,0,6469,111.2904109589041,0.017568403153501316,8,0,0,1,0,0,0,0,1,0,0,0,1,0,1,0,0,0,0,1,0,1,0,0
0,0,0,0,40,1,0,0,0,0,0,0,0,1,20.6,827.3,0,3091,20.178048780487803,0.0066645098673568425,1,0,0,0,0,1,1,0,0,1,0,0,1,1,0,0,0,0,1,0,0,0,1,0
0,1,0,0,40,1,0,0,0,0,0,1,1,1,91.55,3673.6,0,5742,89.6,0.015943921978404735,3,1,1,1,1,1,1,0,1,0,1,0,0,0,0,1,0,0,1,0,0,1,0,0
0,0,0,1,1,1,0,0,0,1,0,0,0,1,49.85,49.85,0,5323,24.925,0.00936501972571858,2,1,1,0,0,1,1,1,0,0,1,0,0,0,0,1,0,0,0,0,1,0,0,1
0,0,1,0,30,1,0,0,0,0,0,0,0,0,19.8,576.65,0,4006,18.601612903225806,0.004942586120818772,1,0,0,0,0,1,1,0,0,1,0,1,0,0,1,0,0,0,1,0,0,0,0,1
0,1,1,0,44,1,1,0,0,1,1,1,1,0,104.15,4495.65,0,2944,99.90333333333332,0.03537703804347826,6,1,1,1,1,0,1,0,1,0,1,0,0,0,0,1,0,0,1,0,0,0,1,0
0,1,0,0,7,1,0,1,0,0,0,0,0,1,48.2,340.35,0,5525,42.54375,0.008723981900452489,2,1,1,0,1,1,0,1,0,0,1,0,0,0,0,1,0,0,0,0,1,1,0,0
0,1,0,0,72,1,1,0,0,0,0,0,0,1,25.1,1789.9,0,5751,24.519178082191782,0.0043644583550686835,2,0,0,0,1,1,1,0,0,1,0,0,1,0,1,0,0,0,0,1,0,1,0,0
0,1,0,0,8,1,1,0,0,0,1,1,1,1,100.15,908.55,0,5157,100.94999999999999,0.019420205545859996,5,1,0,1,1,0,1,0,1,0,1,0,0,0,1,0,0,0,0,0,1,0,0,1
0,0,0,1,3,1,0,1,0,1,0,0,0,0,55.9,157.55,0,4648,39.3875,0.012026678141135972,3,1,0,0,0,1,0,1,0,0,1,0,0,0,0,0,1,0,0,0,1,0,0,1
0,1,1,0,8,1,0,0,0,1,1,0,1,1,64.4,581.7,0,4537,64.63333333333334,0.01419440158695173,4,1,0,0,1,0,1,1,0,0,1,0,0,0,1,0,0,0,0,0,1,0,0,1
0,0,0,0,5,1,0,0,1,0,0,1,0,1,85.3,420.45,0,2689,70.075,0.03172182967645965,3,1,0,1,0,1,1,0,1,0,1,0,0,0,0,0,1,0,0,0,1,0,1,0
0,0,1,1,72,1,1,1,0,1,1,1,1,0,107.45,7576.7,0,5246,103.7904109589041,0.020482272207396113,7,0,0,1,0,0,0,0,1,0,0,0,1,0,0,0,1,0,0,1,0,0,0,1
0,0,1,0,54,1,1,1,1,1,1,1,1,0,91.3,4965.0,0,5907,90.27272727272727,0.015456238361266294,8,0,0,0,0,0,0,1,0,0,0,0,1,0,1,0,0,0,0,1,0,1,0,0
0,0,1,0,72,1,1,0,1,1,1,1,1,0,85.95,6151.9,0,6450,84.27260273972603,0.013325581395348838,7,0,0,0,0,0,1,1,0,0,0,0,1,1,0,0,0,0,0,1,0,1,0,0
0,1,0,0,1,1,0,0,0,0,0,0,0,0,45.2,45.2,0,4576,22.6,0.009877622377622379,1,1,1,0,1,1,1,1,0,0,1,0,0,0,0,1,0,0,0,0,1,0,0,1
0,0,1,1,69,1,1,0,0,1,0,0,0,1,79.2,5420.65,0,4072,77.43785714285714,0.01944990176817289,3,0,0,1,0,1,1,0,1,0,0,0,1,0,1,0,0,0,0,1,0,0,0,1
0,0,0,0,48,1,0,1,1,0,0,0,0,0,55.5,2627.35,0,4975,53.61938775510204,0.011155778894472362,3,0,0,0,0,1,0,1,0,0,0,0,1,0,1,0,0,0,1,0,0,0,0,1
0,0,1,0,8,1,1,0,0,0,1,0,1,1,90.25,743.75,0,4969,82.63888888888889,0.01816260817065808,4,1,1,1,0,0,1,0,1,0,1,0,0,0,0,1,0,0,0,0,1,0,0,1
0,0,1,0,71,1,1,1,1,1,1,1,1,1,91.25,6589.6,0,5529,91.52222222222223,0.016503888587448,8,0,0,0,0,0,0,1,0,0,0,0,1,0,0,0,1,0,0,1,0,1,0,0
0,0,1,0,67,1,0,1,1,0,0,1,1,1,100.9,6733.15,0,4078,99.01691176470588,0.02474252084355076,5,0,0,1,0,1,0,0,1,0,0,1,0,0,1,0,0,0,0,1,0,0,0,1
0,0,1,1,34,1,1,0,1,0,0,1,1,1,97.7,3410.0,0,5789,97.42857142857143,0.01687683537743997,5,1,0,1,0,1,1,0,1,0,1,0,0,1,0,0,0,0,1,0,0,1,0,0
0,0,0,0,3,1,0,0,0,0,0,0,0,1,69.85,199.85,0,4764,49.9625,0.014662048698572627,1,1,1,1,0,1,1,0,1,0,1,0,0,0,0,1,0,0,0,0,1,0,0,1
0,0,1,0,9,1,0,0,1,0,1,1,0,1,65.6,593.3,0,2205,59.33,0.029750566893424035,4,0,0,0,0,0,1,1,0,0,0,1,0,0,0,0,1,0,0,0,1,0,1,0
0,0,1,1,71,1,0,1,1,1,0,1,1,1,104.65,7288.4,0,6101,101.22777777777777,0.01715292574987707,6,0,0,1,0,1,0,0,1,0,0,1,0,1,0,0,0,0,0,1,0,1,0,0
0,0,0,0,57,1,1,0,0,0,1,1,0,1,90.45,5229.8,0,5076,90.16896551724139,0.017819148936170214,4,0,0,1,0,0,1,0,1,0,0,0,1,0,1,0,0,0,0,1,0,0,0,1
0,0,0,0,72,0,0,1,1,1,1,1,1,1,63.7,4464.8,0,4921,61.16164383561644,0.012944523470839261,6,0,0,0,0,0,0,1,0,0,0,0,1,1,0,0,0,0,0,1,0,0,0,1
0,1,1,1,48,1,0,1,0,1,1,1,1,1,104.5,5068.05,0,3847,103.4295918367347,0.027164023914738756,6,1,1,1,1,0,0,0,1,0,1,0,0,0,0,1,0,0,1,0,0,0,0,1
0,0,0,0,18,1,0,0,0,0,0,0,0,0,20.1,401.85,0,5586,21.150000000000002,0.0035982814178302904,1,0,0,0,0,1,1,0,0,1,0,1,0,0,0,0,1,1,0,0,0,1,0,0
0,0,1,1,43,1,1,0,0,1,1,1,1,1,104.3,4451.85,0,3927,101.1784090909091,0.02655971479500891,6,0,0,1,0,0,1,0,1,0,0,1,0,0,1,0,0,0,1,0,0,0,0,1
0,0,1,0,72,1,1,1,1,1,1,1,1,1,93.25,6688.95,0,5197,91.62945205479451,0.01794304406388301,8,0,0,0,0,0,0,1,0,0,0,0,1,1,0,0,0,0,0,1,0,0,0,1
0,0,1,0,35,1,1,0,0,0,1,1,1,1,73.45,2661.1,0,4719,73.91944444444444,0.01556473829201102,5,0,0,0,0,0,1,1,0,0,0,1,0,1,0,0,0,0,1,0,0,0,0,1
0,0,0,0,4,1,0,0,0,0,0,0,0,0,20.7,73.05,0,4676,14.61,0.004426860564585115,1,1,0,0,0,1,1,0,0,1,1,0,0,0,0,0,1,0,0,0,1,0,0,1
0,0,1,1,49,1,1,0,0,0,0,0,0,0,25.25,1211.65,0,5616,24.233,0.004496082621082621,2,0,0,0,0,1,1,0,0,1,0,0,1,0,0,0,1,0,0,1,0,1,0,0
0,0,1,1,71,1,1,1,1,1,0,1,0,0,100.5,7030.65,0,4080,97.64791666666666,0.02463235294117647,6,0,0,1,0,1,0,0,1,0,0,0,1,1,0,0,0,0,0,1,0,0,0,1
0,0,1,1,11,1,0,0,0,0,0,1,1,0,90.6,1020.2,0,2004,85.01666666666667,0.04520958083832335,3,1,1,1,0,1,1,0,1,0,1,0,0,0,0,1,0,0,0,0,1,0,1,0
0,0,1,0,63,1,1,1,1,1,1,1,1,1,89.4,5597.65,0,5004,87.46328125,0.01786570743405276,8,0,0,0,0,0,0,1,0,0,0,0,1,0,1,0,0,0,0,1,0,0,0,1
0,1,0,0,65,1,1,0,1,1,0,1,0,1,95.45,6223.3,0,4168,94.29242424242425,0.022900671785028793,5,1,0,1,1,1,1,0,1,0,1,0,0,1,0,0,0,0,0,1,0,0,0,1
0,0,0,1,49,1,0,0,0,0,0,0,0,0,20.45,1024.65,0,4784,20.493000000000002,0.004274665551839465,1,0,0,0,0,1,1,0,0,1,0,0,1,0,1,0,0,0,0,1,0,0,0,1
0,0,1,1,4,1,0,0,0,0,0,0,0,1,19.95,82.9,0,2951,16.580000000000002,0.006760420196543544,1,1,1,0,0,1,1,0,0,1,1,0,0,0,0,1,0,0,0,0,1,0,1,0
0,0,1,0,72,1,1,0,1,1,1,1,1,0,109.15,7789.6,0,4807,106.7068493150685,0.02270646973164136,7,0,0,1,0,0,1,0,1,0,0,1,0,0,1,0,0,0,0,1,0,0,0,1
0,1,1,0,26,1,0,0,0,1,0,1,0,1,85.7,2067.0,0,3935,76.55555555555556,0.021778907242693775,3,1,0,1,1,1,1,0,1,0,1,0,0,0,1,0,0,0,1,0,0,0,0,1
0,1,1,0,35,1,1,0,0,1,0,1,1,0,102.05,3452.55,0,3199,95.90416666666667,0.031900593935604876,5,1,0,1,1,1,1,0,1,0,1,0,0,1,0,0,0,0,1,0,0,0,1,0
0,0,0,0,57,1,1,0,1,0,1,0,1,0,94.7,5468.95,0,4507,94.29224137931034,0.021011759485245175,5,0,1,1,0,0,1,0,1,0,0,1,0,0,0,1,0,0,0,1,0,0,0,1
0,0,1,1,28,1,1,0,1,0,0,0,1,0,64.4,1802.15,0,2434,62.143103448275866,0.02645850451930978,4,1,1,0,0,1,1,1,0,0,1,0,0,0,0,1,0,0,1,0,0,0,1,0
0,0,1,0,25,1,1,0,0,0,0,0,0,1,26.8,733.55,0,3428,28.213461538461537,0.00781796966161027,2,0,0,0,0,1,1,0,0,1,0,1,0,0,0,0,1,0,1,0,0,0,1,0
0,0,1,0,47,1,0,1,0,1,0,1,0,1,66.05,3021.45,0,3404,62.946875,0.01940364277320799,4,0,0,0,0,1,0,1,0,0,0,1,0,0,1,0,0,0,1,0,0,0,1,0
0,0,1,1,57,1,1,1,1,0,1,0,0,0,65.2,3687.85,0,4491,63.58362068965517,0.01451792473836562,5,1,0,0,0,0,0,1,0,0,1,0,0,1,0,0,0,0,0,1,0,0,0,1
0,1,1,0,16,1,1,0,0,0,0,1,0,1,85.05,1391.15,0,3739,81.83235294117648,0.022746723722920567,3,1,0,1,1,1,1,0,1,0,1,0,0,0,1,0,0,1,0,0,0,0,0,1
0,0,0,0,5,1,0,1,0,1,0,0,0,1,55.8,274.35,0,2612,45.725,0.021362940275650843,3,1,0,0,0,1,0,1,0,0,1,0,0,0,0,0,1,0,0,0,1,0,1,0
0,0,1,1,72,1,0,0,0,0,0,0,0,0,19.95,1322.85,0,5092,18.121232876712327,0.003917910447761194,1,0,0,0,0,1,1,0,0,1,0,0,1,1,0,0,0,0,0,1,0,0,0,1
0,0,1,1,48,0,0,1,0,1,0,0,1,0,45.0,2196.3,0,5269,44.82244897959184,0.00854052002277472,3,0,0,0,0,1,0,1,0,0,0,1,0,0,1,0,0,0,1,0,0,0,0,1
0,0,1,0,68,1,1,1,1,1,1,1,1,0,114.9,7843.55,0,5782,113.67463768115942,0.019872016603251472,8,0,0,1,0,0,0,0,1,0,0,0,1,1,0,0,0,0,0,1,0,1,0,0
0,0,0,0,30,1,1,1,0,0,1,1,1,0,106.4,3211.9,0,5503,103.60967741935484,0.019334908231873525,6,1,0,1,0,0,0,0,1,0,1,0,0,1,0,0,0,0,1,0,0,1,0,0
0,0,1,0,3,1,0,0,0,0,0,0,0,1,46.1,130.15,0,4047,32.5375,0.011391153941191006,1,1,0,0,0,1,1,1,0,0,1,0,0,0,0,0,1,0,0,0,1,0,0,1
0,1,0,0,14,0,0,1,0,1,1,0,0,0,39.7,692.35,0,3162,46.156666666666666,0.012555344718532575,3,0,0,0,1,0,0,1,0,0,0,0,1,0,0,0,1,1,0,0,0,0,1,0
0,0,0,1,4,1,0,0,0,0,0,0,0,1,20.05,85.5,0,4462,17.1,0.00449350067234424,1,1,0,0,0,1,1,0,0,1,1,0,0,1,0,0,0,0,0,0,1,0,0,1
0,0,1,1,71,1,1,0,1,1,0,0,1,1,95.75,6849.4,0,4865,95.13055555555555,0.019681397738951695,5,0,0,1,0,1,1,0,1,0,0,0,1,0,1,0,0,0,0,1,0,0,0,1
0,0,1,0,8,1,1,0,0,0,0,0,0,0,24.4,203.95,0,2028,22.66111111111111,0.012031558185404339,2,0,0,0,0,1,1,0,0,1,0,1,0,0,0,0,1,0,0,0,1,0,1,0
0,0,1,1,61,0,0,1,0,1,0,0,0,0,33.6,2117.2,0,6495,34.148387096774194,0.005173210161662818,2,1,0,0,0,1,0,1,0,0,1,0,0,1,0,0,0,0,0,1,0,1,0,0
0,0,1,1,72,1,1,0,1,1,1,0,0,0,90.45,6565.85,0,4461,89.94315068493151,0.02027572293207801,5,0,0,1,0,0,1,0,1,0,0,0,1,1,0,0,0,0,0,1,0,0,0,1
0,0,0,0,5,1,1,0,0,0,0,1,0,1,84.0,424.75,0,4456,70.79166666666667,0.018850987432675045,3,1,1,1,0,1,1,0,1,0,1,0,0,0,0,1,0,0,0,0,1,0,0,1
0,0,0,0,49,1,0,1,1,1,1,0,0,0,67.4,3306.85,0,5075,66.137,0.013280788177339903,5,0,0,0,0,0,0,1,0,0,0,0,1,1,0,0,0,0,0,1,0,0,0,1
0,0,0,0,8,1,0,0,0,0,0,0,0,1,19.7,168.9,0,5498,18.766666666666666,0.0035831211349581665,1,1,0,0,0,1,1,0,0,1,1,0,0,1,0,0,0,0,0,0,1,1,0,0
0,0,0,0,3,1,0,0,0,0,0,0,1,1,80.35,253.8,0,4203,63.45,0.01911729716868903,2,1,1,1,0,1,1,0,1,0,1,0,0,0,0,1,0,0,0,0,1,0,0,1
0,0,1,1,9,1,0,0,0,0,0,0,0,0,19.6,197.4,0,4406,19.740000000000002,0.004448479346345892,1,0,0,0,0,1,1,0,0,1,0,0,1,0,0,0,1,0,0,0,1,0,0,1
0,0,1,1,67,1,0,1,1,0,0,0,0,1,54.2,3838.2,0,6005,56.44411764705882,0.009025811823480433,3,0,0,0,0,1,0,1,0,0,0,0,1,1,0,0,0,0,0,1,0,1,0,0
0,0,0,0,46,1,0,0,0,0,0,0,0,1,45.2,2065.15,0,3150,43.93936170212766,0.01434920634920635,1,1,0,0,0,1,1,1,0,0,1,0,0,0,1,0,0,0,1,0,0,0,1,0
0,0,1,0,67,1,1,1,1,1,0,0,1,0,75.1,5064.45,0,4931,74.47720588235293,0.015230176434800242,6,0,0,0,0,1,0,1,0,0,0,1,0,0,0,0,1,0,0,1,0,0,0,1
0,0,1,0,55,1,0,0,0,0,0,0,0,0,19.7,1140.05,0,4888,20.358035714285712,0.004030278232405892,1,0,1,0,0,1,1,0,0,1,0,1,0,0,0,1,0,0,0,1,0,0,0,1
0,0,1,0,33,1,1,1,1,1,0,1,0,1,72.75,2447.45,0,4959,71.98382352941177,0.014670296430732003,6,1,0,0,0,1,0,1,0,0,1,0,0,1,0,0,0,0,1,0,0,0,0,1
0,0,1,1,62,1,0,0,0,0,0,0,0,0,20.05,1263.9,0,6444,20.061904761904763,0.0031114214773432652,1,0,0,0,0,1,1,0,0,1,0,0,1,0,1,0,0,0,0,1,0,1,0,0
0,0,1,1,49,0,0,1,0,0,0,0,1,1,39.2,1838.15,0,4810,36.763000000000005,0.00814968814968815,2,1,1,0,0,1,0,1,0,0,1,0,0,0,0,1,0,0,0,1,0,0,0,1
0,0,0,0,1,1,0,0,0,0,0,0,0,1,44.75,44.75,0,5479,22.375,0.008167548822777879,1,1,1,0,0,1,1,1,0,0,1,0,0,0,0,1,0,0,0,0,1,1,0,0
0,0,1,0,14,1,1,0,1,1,0,0,0,1,82.65,1185.0,0,4965,79.0,0.01664652567975831,4,1,1,1,0,1,1,0,1,0,1,0,0,0,0,1,0,1,0,0,0,0,0,1
0,1,0,0,18,1,1,0,0,1,1,1,0,0,93.9,1743.9,0,3728,91.78421052631579,0.02518776824034335,5,1,0,1,1,0,1,0,1,0,1,0,0,1,0,0,0,1,0,0,0,0,0,1
0,0,1,0,72,1,1,1,1,1,1,1,1,1,117.15,8529.5,0,4743,116.84246575342466,0.02469955724225174,8,0,0,1,0,0,0,0,1,0,0,0,1,0,1,0,0,0,0,1,0,0,0,1
0,0,0,0,64,1,1,1,0,1,1,0,1,0,99.25,6549.45,0,5213,100.76076923076923,0.019038941108766545,6,0,0,1,0,0,0,0,1,0,0,0,1,0,1,0,0,0,0,1,0,0,0,1
0,0,1,0,69,1,1,1,1,1,1,1,1,1,112.55,7806.5,0,5532,111.52142857142857,0.02034526391901663,8,0,0,1,0,0,0,0,1,0,0,0,1,1,0,0,0,0,0,1,0,1,0,0
0,0,0,0,1,1,1,0,0,0,0,0,0,1,25.7,25.7,0,5249,12.85,0.004896170699180797,2,1,1,0,0,1,1,0,0,1,1,0,0,0,0,1,0,0,0,0,1,0,0,1
0,0,1,1,71,1,1,1,1,1,1,1,1,0,90.3,6287.3,0,6291,87.32361111111112,0.01435383881735813,8,0,0,0,0,0,0,1,0,0,0,0,1,0,1,0,0,0,0,1,0,1,0,0
0,0,1,1,66,1,0,0,0,0,1,0,0,1,49.4,3251.85,0,5232,48.53507462686567,0.009441896024464831,2,0,0,0,0,0,1,1,0,0,0,1,0,0,1,0,0,0,0,1,0,0,0,1
0,0,0,0,2,1,0,0,0,0,0,0,0,0,19.4,50.6,0,3954,16.866666666666667,0.00490642387455741,1,1,0,0,0,1,1,0,0,1,1,0,0,0,0,0,1,0,0,0,1,0,0,1
0,1,1,0,71,1,0,1,1,1,1,1,1,1,109.7,7904.25,0,5011,109.78125,0.02189183795649571,7,0,0,1,1,0,0,0,1,0,0,0,1,1,0,0,0,0,0,1,0,0,0,1
0,0,0,0,11,1,0,0,1,0,0,1,0,1,61.25,729.95,0,2738,60.82916666666667,0.022370343316289263,3,0,1,0,0,1,1,1,0,0,0,1,0,0,0,1,0,0,0,0,1,0,1,0
0,0,0,1,47,1,0,1,1,0,0,0,0,1,55.3,2654.05,0,5491,55.29270833333334,0.010071025314150427,3,1,1,0,0,1,0,1,0,0,1,0,0,0,0,1,0,0,1,0,0,1,0,0
0,0,1,1,60,1,1,0,1,0,1,1,1,1,103.75,5969.95,0,6237,97.86803278688524,0.016634599967933303,6,1,0,1,0,0,1,0,1,0,1,0,0,1,0,0,0,0,0,1,0,1,0,0
0,0,0,0,11,1,0,0,0,0,0,0,0,0,19.5,226.8,0,5825,18.900000000000002,0.0033476394849785407,1,0,0,0,0,1,1,0,0,1,0,1,0,0,0,0,1,0,0,0,1,1,0,0
0,0,0,0,29,0,0,1,1,0,1,0,0,0,39.5,1082.75,0,5103,36.09166666666667,0.007740544777581814,3,0,0,0,0,0,0,1,0,0,0,1,0,0,1,0,0,0,1,0,0,0,0,1
0,0,1,1,21,0,0,0,0,0,0,0,0,1,26.05,565.75,0,4302,25.71590909090909,0.006055323105532311,0,1,1,0,0,1,1,1,0,0,1,0,0,0,0,1,0,1,0,0,0,0,0,1
0,1,1,0,48,1,1,0,0,1,0,0,1,1,91.05,4370.75,0,3594,89.19897959183673,0.0253338898163606,4,1,0,1,1,1,1,0,1,0,1,0,0,0,1,0,0,0,1,0,0,0,0,1
0,0,0,1,3,0,0,0,1,0,0,0,0,0,29.65,90.05,0,5880,22.5125,0.0050425170068027205,1,1,0,0,0,1,1,1,0,0,1,0,0,0,0,0,1,0,0,0,1,1,0,0
0,0,1,1,43,1,0,0,1,0,0,0,0,0,50.2,2169.4,0,5284,49.304545454545455,0.009500378501135503,2,1,0,0,0,1,1,1,0,0,1,0,0,0,0,0,1,0,1,0,0,0,0,1
0,0,0,0,5,1,1,0,1,1,0,1,1,0,105.3,550.6,0,4024,91.76666666666667,0.026167992047713716,6,1,1,1,0,1,1,0,1,0,1,0,0,0,0,1,0,0,0,0,1,0,0,1
0,0,0,0,1,1,0,0,0,0,0,0,1,1,55.45,55.45,0,5286,27.725,0.010489973514945138,2,1,1,0,0,1,1,1,0,0,1,0,0,0,0,1,0,0,0,0,1,0,0,1
0,0,1,1,71,1,1,1,0,1,1,1,1,0,85.45,6300.85,0,5280,87.51180555555555,0.016183712121212123,7,0,1,0,0,0,0,1,0,0,0,1,0,0,0,1,0,0,0,1,0,0,0,1
0,0,1,0,8,1,0,0,0,0,0,0,0,0,19.8,160.05,0,5698,17.783333333333335,0.003474903474903475,1,0,1,0,0,1,1,0,0,1,0,1,0,0,0,1,0,0,0,0,1,1,0,0
0,0,0,0,8,1,1,0,0,0,0,1,0,1,59.25,436.6,0,3003,48.51111111111111,0.019730269730269732,3,1,1,0,0,1,1,1,0,0,1,0,0,0,0,1,0,0,0,0,1,0,1,0
0,0,0,0,20,1,1,0,0,1,0,1,0,1,90.7,1781.35,0,2927,84.82619047619048,0.030987359070720876,4,1,0,1,0,1,1,0,1,0,1,0,0,0,1,0,0,1,0,0,0,0,1,0
0,0,0,0,71,1,1,0,1,0,0,0,0,1,79.05,5552.5,0,5466,77.11805555555556,0.014462129527991217,3,0,0,1,0,1,1,0,1,0,0,1,0,0,1,0,0,0,0,1,0,1,0,0
0,1,1,0,31,1,1,0,0,1,0,1,0,1,90.7,2835.5,0,2364,88.609375,0.038367174280879865,4,0,1,1,1,1,1,0,1,0,0,1,0,0,0,1,0,0,1,0,0,0,1,0
0,1,1,0,38,1,1,1,1,0,0,0,1,0,95.0,3591.25,0,5148,92.08333333333333,0.018453768453768452,5,0,0,1,1,1,0,0,1,0,0,1,0,0,1,0,0,0,1,0,0,0,0,1
0,0,1,1,2,0,0,0,1,0,0,0,0,1,30.25,63.75,0,4387,21.25,0.006895372692044677,1,1,0,0,0,1,1,1,0,0,1,0,0,0,0,0,1,0,0,0,1,0,0,1
0,0,1,0,12,0,0,0,0,1,0,1,1,1,49.85,617.15,0,2873,47.473076923076924,0.01735120083536373,3,1,0,0,0,1,1,1,0,0,1,0,0,1,0,0,0,0,0,0,1,0,1,0
0,0,0,1,9,1,0,1,0,1,1,0,1,0,93.0,870.25,0,2267,87.025,0.04102337891486546,5,1,0,1,0,0,0,0,1,0,1,0,0,1,0,0,0,0,0,0,1,0,1,0
0,1,0,1,11,1,0,0,1,0,1,0,0,1,54.55,601.25,0,4143,50.104166666666664,0.013166787352160269,3,1,1,0,1,0,1,1,0,0,1,0,0,0,0,1,0,0,0,0,1,0,0,1
0,0,0,1,6,1,0,0,0,0,0,0,0,0,19.7,111.65,0,2276,15.950000000000001,0.008655536028119507,1,1,0,0,0,1,1,0,0,1,1,0,0,0,0,0,1,0,0,0,1,0,1,0
0,0,1,0,71,1,0,1,1,1,1,1,1,1,84.8,6046.1,0,5643,83.97361111111111,0.015027467659046606,7,0,0,0,0,0,0,1,0,0,0,1,0,1,0,0,0,0,0,1,0,1,0,0
0,0,1,1,42,1,1,1,1,0,0,1,0,1,94.45,3923.8,0,5643,91.25116279069768,0.016737550948077263,5,0,0,1,0,1,0,0,1,0,0,1,0,0,1,0,0,0,1,0,0,1,0,0
0,0,1,1,45,1,0,0,0,0,0,0,0,0,20.85,892.15,0,2844,19.394565217391303,0.0073312236286919834,1,0,0,0,0,1,1,0,0,1,0,0,1,0,0,0,1,0,1,0,0,0,1,0
0,0,1,1,28,0,0,0,1,1,1,1,1,1,60.0,1682.05,0,2797,58.001724137931035,0.021451555237754737,5,0,0,0,0,0,1,1,0,0,0,1,0,0,1,0,0,0,1,0,0,0,1,0
0,0,1,0,43,1,1,0,1,0,0,0,0,0,80.45,3398.9,0,5357,77.24772727272727,0.015017733806234834,3,1,1,1,0,1,1,0,1,0,1,0,0,0,0,1,0,0,1,0,0,0,0,1
0,0,0,1,60,1,1,1,0,1,1,1,1,1,84.95,4984.85,0,4104,81.7188524590164,0.020699317738791422,7,0,1,0,0,0,0,1,0,0,0,0,1,0,0,1,0,0,0,1,0,0,0,1
0,0,1,1,7,0,0,1,0,1,1,0,1,0,49.65,305.55,0,2750,38.19375,0.018054545454545455,4,0,0,0,0,0,0,1,0,0,0,0,1,0,1,0,0,0,0,0,1,0,1,0
0,0,1,0,25,1,0,0,0,0,0,0,0,1,20.2,507.9,0,4129,19.534615384615385,0.0048922257205134415,1,0,0,0,0,1,1,0,0,1,0,1,0,1,0,0,0,0,1,0,0,0,0,1
0,0,0,0,27,1,1,0,0,1,0,1,1,1,100.5,2673.45,0,5939,95.48035714285713,0.016922040747600606,5,0,0,1,0,1,1,0,1,0,0,1,0,1,0,0,0,0,1,0,0,1,0,0
0,0,0,0,10,0,0,0,1,0,1,0,0,0,35.75,389.8,0,2263,35.43636363636364,0.015797613787008394,2,1,1,0,0,0,1,1,0,0,1,0,0,0,0,1,0,0,0,0,1,0,1,0
0,1,0,0,27,1,1,0,1,1,0,0,0,1,86.45,2401.05,0,5990,85.75178571428572,0.014432387312186979,4,1,0,1,1,1,1,0,1,0,1,0,0,1,0,0,0,0,1,0,0,1,0,0
0,0,0,0,11,1,0,0,0,1,1,0,0,0,53.8,651.55,0,5899,54.29583333333333,0.009120189862688591,3,0,0,0,0,0,1,1,0,0,0,1,0,1,0,0,0,0,0,0,1,1,0,0
0,0,1,1,4,0,0,1,0,0,0,1,0,0,38.55,156.1,0,3824,31.22,0.010081066945606693,2,1,0,0,0,1,0,1,0,0,1,0,0,0,1,0,0,0,0,0,1,0,0,1
0,0,0,0,68,0,0,0,0,1,0,0,1,1,39.9,2796.35,0,6270,40.5268115942029,0.006363636363636363,2,1,0,0,0,1,1,1,0,0,1,0,0,1,0,0,0,0,0,1,0,1,0,0
0,1,0,0,1,1,0,0,0,0,0,0,0,1,70.05,70.05,0,2469,35.025,0.028371810449574725,1,1,1,1,1,1,1,0,1,0,1,0,0,0,0,1,0,0,0,0,1,0,1,0
0,0,0,0,18,1,0,0,0,0,0,0,0,0,20.1,407.05,0,2910,21.423684210526318,0.006907216494845362,1,0,0,0,0,1,1,0,0,1,0,1,0,0,0,0,1,1,0,0,0,0,1,0
0,0,0,0,26,1,0,0,0,0,0,0,0,1,20.3,511.25,0,5712,18.935185185185187,0.003553921568627451,1,1,1,0,0,1,1,0,0,1,1,0,0,0,0,1,0,0,1,0,0,1,0,0
0,0,1,0,17,0,0,0,1,1,0,0,0,1,35.65,646.05,0,5977,35.891666666666666,0.005964530701020578,2,1,0,0,0,1,1,1,0,0,1,0,0,0,1,0,0,1,0,0,0,1,0,0
0,1,1,0,59,1,0,1,1,1,0,0,0,1,82.95,4903.15,0,5295,81.71916666666667,0.0156657223796034,4,0,0,1,1,1,0,0,1,0,0,1,0,0,1,0,0,0,0,1,0,0,0,1
0,0,0,0,30,1,0,1,0,1,0,0,0,1,55.65,1653.85,0,5445,53.349999999999994,0.010220385674931129,3,0,0,0,0,1,0,1,0,0,0,0,1,0,0,0,1,0,1,0,0,1,0,0
0,1,1,0,50,1,1,0,0,0,0,0,0,0,25.2,1306.3,0,4015,25.613725490196078,0.0062764632627646325,2,0,1,0,1,1,1,0,0,1,0,1,0,0,0,1,0,0,0,1,0,0,0,1
0,0,0,0,9,0,0,1,0,1,1,0,1,0,50.8,463.6,0,5535,46.36,0.009177958446251128,4,0,0,0,0,0,0,1,0,0,0,1,0,0,0,0,1,0,0,0,1,1,0,0
0,0,1,1,3,1,0,0,0,0,0,0,0,0,19.65,60.65,0,4943,15.1625,0.003975318632409468,1,1,0,0,0,1,1,0,0,1,1,0,0,0,0,0,1,0,0,0,1,0,0,1
0,0,0,1,14,1,0,0,0,1,0,1,0,1,59.8,824.85,0,5962,54.99,0.010030191211003018,3,1,0,0,0,1,1,1,0,0,1,0,0,0,1,0,0,1,0,0,0,1,0,0
0,1,0,0,31,1,0,1,0,0,0,0,0,1,73.55,2094.65,0,2057,65.4578125,0.035755955274671854,2,1,0,1,1,1,0,0,1,0,1,0,0,0,1,0,0,0,1,0,0,0,1,0
0,0,0,0,7,1,0,1,1,1,0,0,0,0,61.4,438.9,0,2845,54.8625,0.0215817223198594,4,1,1,0,0,1,0,1,0,0,1,0,0,0,0,1,0,0,0,0,1,0,1,0
0,0,1,0,17,1,0,0,0,0,0,0,0,0,19.9,329.75,0,3526,18.319444444444443,0.005643788996029494,1,0,0,0,0,1,1,0,0,1,0,1,0,1,0,0,0,1,0,0,0,0,0,1
0,0,1,1,32,1,0,0,0,0,0,0,0,1,19.45,674.55,0,4363,20.440909090909088,0.004457941783176713,1,1,0,0,0,1,1,0,0,1,1,0,0,0,1,0,0,0,1,0,0,0,0,1
0,1,0,0,2,1,0,0,0,0,0,1,0,0,81.5,162.55,0,4267,54.18333333333334,0.019100070307007264,2,1,0,1,1,1,1,0,1,0,1,0,0,0,0,0,1,0,0,0,1,0,0,1
0,0,1,1,72,1,1,1,1,1,0,1,1,0,109.55,7887.25,0,5723,108.04452054794521,0.019142058360999477,7,0,0,1,0,1,0,0,1,0,0,0,1,0,1,0,0,0,0,1,0,1,0,0
0,0,1,1,27,1,0,1,0,0,0,0,0,0,74.4,1972.35,0,4331,70.44107142857142,0.0171784807203879,2,1,0,1,0,1,0,0,1,0,1,0,0,0,0,0,1,0,1,0,0,0,0,1
0,0,0,0,7,1,0,0,0,1,0,0,0,1,74.9,490.55,0,5335,61.31875,0.014039362699156515,2,1,1,1,0,1,1,0,1,0,1,0,0,0,0,1,0,0,0,0,1,0,0,1
0,0,1,1,11,1,0,0,0,1,0,1,0,1,59.65,683.25,0,2136,56.9375,0.027926029962546815,3,1,0,0,0,1,1,1,0,0,1,0,0,1,0,0,0,0,0,0,1,0,1,0
0,0,1,1,72,1,1,1,0,1,1,1,1,1,110.45,8058.85,0,4754,110.39520547945206,0.023233066891039125,7,0,0,1,0,0,0,0,1,0,0,0,1,1,0,0,0,0,0,1,0,0,0,1
0,1,0,0,4,1,1,0,0,0,0,0,0,1,74.45,294.45,0,4093,58.89,0.018189591986318105,2,1,1,1,1,1,1,0,1,0,1,0,0,0,0,1,0,0,0,0,1,0,0,1
0,0,0,0,71,1,1,0,0,0,0,0,0,0,24.55,1719.15,0,4555,23.877083333333335,0.005389681668496158,2,0,1,0,0,1,1,0,0,1,0,0,1,0,0,1,0,0,0,1,0,0,0,1
0,0,1,1,47,1,1,0,0,0,0,0,0,0,24.55,1160.45,0,3629,24.176041666666666,0.006764949021769082,2,0,0,0,0,1,1,0,0,1,0,0,1,0,0,0,1,0,1,0,0,0,0,1
0,1,1,0,57,1,0,0,1,1,0,1,0,1,90.65,5199.8,0,5636,89.65172413793104,0.016084102200141944,4,0,1,1,1,1,1,0,1,0,0,1,0,0,0,1,0,0,0,1,0,1,0,0
0,1,1,0,50,1,1,1,0,1,0,1,1,1,105.05,5163.3,0,5324,101.24117647058824,0.019731404958677687,6,0,0,1,1,1,0,0,1,0,0,0,1,0,1,0,0,0,0,1,0,0,0,1
0,0,0,0,8,1,0,0,0,0,0,0,0,1,20.45,162.3,0,5624,18.033333333333335,0.003636201991465149,1,1,0,0,0,1,1,0,0,1,1,0,0,0,1,0,0,0,0,0,1,1,0,0
0,0,1,1,48,1,0,0,0,0,0,0,0,0,19.55,883.35,0,5461,18.027551020408165,0.003579930415674785,1,0,0,0,0,1,1,0,0,1,0,0,1,0,0,0,1,0,1,0,0,1,0,0
0,0,0,0,70,1,0,0,0,0,0,0,0,0,19.7,1341.5,0,6072,18.8943661971831,0.0032444005270092224,1,0,0,0,0,1,1,0,0,1,0,1,0,1,0,0,0,0,0,1,0,1,0,0
0,0,0,1,1,1,0,1,1,0,1,0,1,1,70.45,70.45,0,2706,35.225,0.026034737620103474,5,1,0,0,0,0,0,1,0,0,1,0,0,1,0,0,0,0,0,0,1,0,1,0
0,0,1,0,8,1,1,0,0,0,0,0,1,1,85.65,659.45,0,2512,73.27222222222223,0.03409633757961784,3,1,0,1,0,1,1,0,1,0,1,0,0,1,0,0,0,0,0,0,1,0,1,0
0,0,1,1,60,1,0,0,0,0,0,0,0,0,20.55,1205.05,0,4020,19.754918032786886,0.005111940298507463,1,0,0,0,0,1,1,0,0,1,0,0,1,0,0,0,1,0,0,1,0,0,0,1
0,0,1,1,49,1,1,0,0,0,1,1,1,1,97.95,4917.9,0,4301,98.35799999999999,0.02277377354103697,5,0,1,1,0,0,1,0,1,0,0,1,0,0,0,1,0,0,0,1,0,0,0,1
0,0,0,0,29,1,0,0,0,0,0,0,0,0,20.0,599.3,0,4128,19.976666666666667,0.0048449612403100775,1,0,0,0,0,1,1,0,0,1,0,1,0,0,0,0,1,0,1,0,0,0,0,1
0,0,1,0,67,1,1,0,0,0,0,0,0,1,25.25,1733.15,0,5887,25.4875,0.004289111601834551,2,0,0,0,0,1,1,0,0,1,0,0,1,0,1,0,0,0,0,1,0,1,0,0
0,0,1,0,67,1,1,1,1,1,1,0,0,0,70.9,4677.1,0,4361,68.78088235294118,0.016257739050676453,6,0,0,0,0,0,0,1,0,0,0,0,1,0,1,0,0,0,0,1,0,0,0,1
0,0,1,1,6,1,0,0,0,0,0,0,0,0,19.85,119.3,0,5060,17.04285714285714,0.003922924901185771,1,1,0,0,0,1,1,0,0,1,1,0,0,0,0,0,1,0,0,0,1,0,0,1
0,0,0,0,47,1,1,0,1,1,0,1,1,1,106.35,4849.1,0,3723,101.02291666666667,0.028565672844480257,6,1,1,1,0,1,1,0,1,0,1,0,0,0,0,1,0,0,1,0,0,0,0,1
0,0,0,0,53,1,0,1,1,1,1,0,1,0,99.5,5424.25,0,4754,100.44907407407408,0.02092974337400084,6,0,0,1,0,0,0,0,1,0,0,0,1,0,0,0,1,0,0,1,0,0,0,1
0,0,1,0,69,1,0,1,1,1,1,1,1,1,84.7,5878.9,0,5345,83.9842857142857,0.015846585594013095,7,0,0,0,0,0,0,1,0,0,0,0,1,0,0,0,1,0,0,1,0,0,0,1
0,0,0,0,3,1,0,1,0,0,0,0,1,1,86.05,244.85,0,2500,61.2125,0.03442,3,1,0,1,0,1,0,0,1,0,1,0,0,0,0,0,1,0,0,0,1,0,1,0
0,0,0,0,4,1,0,0,0,0,0,0,0,0,44.55,220.75,0,2124,44.15,0.02097457627118644,1,1,0,0,0,1,1,1,0,0,1,0,0,0,0,0,1,0,0,0,1,0,1,0
0,0,1,1,56,1,1,1,1,0,1,0,1,1,75.85,4261.2,0,5314,74.7578947368421,0.014273616861121564,6,0,0,0,0,0,0,1,0,0,0,0,1,0,1,0,0,0,0,1,0,0,0,1
0,1,1,0,61,1,1,0,0,0,0,0,0,0,25.0,1501.75,0,6421,24.221774193548388,0.00389347453667653,2,0,0,0,1,1,1,0,0,1,0,0,1,1,0,0,0,0,0,1,0,1,0,0
0,0,1,0,2,1,0,0,0,0,0,0,0,1,45.0,89.75,0,5225,29.916666666666668,0.00861244019138756,1,1,1,0,0,1,1,1,0,0,1,0,0,0,0,1,0,0,0,0,1,0,0,1
0,0,1,1,12,1,0,0,0,0,0,0,0,0,20.5,255.5,0,2891,19.653846153846153,0.007090971982013144,1,1,0,0,0,1,1,0,0,1,1,0,0,0,0,0,1,0,0,0,1,0,1,0
0,0,1,1,28,1,1,0,0,0,1,0,1,1,90.45,2509.25,0,5823,86.52586206896552,0.015533230293663061,4,0,1,1,0,0,1,0,1,0,0,1,0,0,0,1,0,0,1,0,0,1,0,0
0,0,0,0,24,1,0,1,1,0,1,0,0,0,60.45,1440.75,0,5095,57.63,0.011864573110893032,4,1,0,0,0,0,0,1,0,0,1,0,0,1,0,0,0,1,0,0,0,0,0,1
0,0,1,1,68,1,1,1,1,1,1,0,1,1,78.45,5333.35,0,5071,77.2949275362319,0.015470321435614278,7,0,1,0,0,0,0,1,0,0,0,1,0,0,0,1,0,0,0,1,0,0,0,1
0,0,0,1,39,1,1,0,0,0,1,1,1,0,100.55,3895.35,0,3124,97.38374999999999,0.03218629961587708,5,0,0,1,0,0,1,0,1,0,0,0,1,0,0,0,1,0,1,0,0,0,1,0
0,0,1,0,42,1,0,0,0,0,0,0,0,0,20.35,869.9,0,2127,20.230232558139534,0.009567465914433476,1,1,0,0,0,1,1,0,0,1,1,0,0,0,1,0,0,0,1,0,0,0,1,0
0,0,1,0,6,1,1,0,1,0,0,0,1,1,90.75,512.25,0,4297,73.17857142857143,0.021119385617872934,4,1,1,1,0,1,1,0,1,0,1,0,0,0,0,1,0,0,0,0,1,0,0,1
0,0,1,0,38,1,0,0,0,0,0,0,0,1,20.25,814.75,0,4411,20.891025641025642,0.004590795737927907,1,0,0,0,0,1,1,0,0,1,0,1,0,0,1,0,0,0,1,0,0,0,0,1
0,0,0,0,18,1,0,0,0,0,0,0,0,0,20.05,388.6,0,2782,20.45263157894737,0.007207045291157441,1,0,0,0,0,1,1,0,0,1,0,0,1,0,1,0,0,1,0,0,0,0,1,0
0,0,1,0,4,1,0,0,0,0,0,0,0,0,19.6,93.45,0,4580,18.69,0.004279475982532752,1,1,0,0,0,1,1,0,0,1,1,0,0,0,0,0,1,0,0,0,1,0,0,1
0,0,1,0,27,1,0,0,1,0,1,0,0,1,53.8,1389.85,0,2563,49.637499999999996,0.020991026141240734,3,1,1,0,0,0,1,1,0,0,1,0,0,0,0,1,0,0,1,0,0,0,1,0
0,0,0,1,41,1,0,1,1,1,0,1,0,0,70.2,2894.55,0,5365,68.91785714285714,0.013084808946877913,5,0,0,0,0,1,0,1,0,0,0,1,0,0,0,0,1,0,1,0,0,0,0,1
0,0,1,1,50,1,0,1,0,0,1,1,1,0,75.5,4025.6,0,5141,78.93333333333334,0.014685858782338067,5,0,1,0,0,0,0,1,0,0,0,1,0,0,0,1,0,0,0,1,0,0,0,1
0,0,1,1,72,1,0,0,0,0,0,0,0,0,20.35,1354.4,0,4949,18.553424657534247,0.004111941806425541,1,0,1,0,0,1,1,0,0,1,0,0,1,0,0,1,0,0,0,1,0,0,0,1
0,0,0,0,70,1,1,0,0,0,0,0,0,0,26.05,1856.4,0,4467,26.146478873239438,0.005831654354152675,2,0,0,0,0,1,1,0,0,1,0,1,0,0,1,0,0,0,0,1,0,0,0,1
0,0,1,1,44,1,0,0,0,0,0,0,0,0,20.6,926.0,0,2471,20.57777777777778,0.008336705787130716,1,0,0,0,0,1,1,0,0,1,0,1,0,1,0,0,0,0,1,0,0,0,1,0
0,0,1,1,34,1,0,0,0,0,0,0,0,1,20.1,682.1,0,2272,19.48857142857143,0.008846830985915493,1,0,0,0,0,1,1,0,0,1,0,1,0,1,0,0,0,0,1,0,0,0,1,0
0,1,1,0,72,1,1,0,0,0,0,0,0,0,24.3,1778.7,0,4397,24.365753424657534,0.005526495337730271,2,0,0,0,1,1,1,0,0,1,0,0,1,1,0,0,0,0,0,1,0,0,0,1
0,0,1,0,71,1,1,0,0,0,0,0,0,1,24.5,1816.2,0,4058,25.225,0.006037456875308034,2,0,1,0,0,1,1,0,0,1,0,0,1,0,0,1,0,0,0,1,0,0,0,1
0,0,0,0,64,1,1,0,1,1,1,1,1,1,110.5,7069.25,0,5718,108.75769230769231,0.01932493878978664,7,0,0,1,0,0,1,0,1,0,0,0,1,0,1,0,0,0,0,1,0,1,0,0
0,0,1,0,72,1,1,0,0,0,0,0,0,1,25.25,1841.2,0,4551,25.221917808219178,0.005548231157987256,2,0,0,0,0,1,1,0,0,1,0,0,1,1,0,0,0,0,0,1,0,0,0,1
0,1,1,0,29,1,0,1,0,1,0,0,1,0,90.1,2656.7,0,3553,88.55666666666666,0.025358851674641147,4,0,0,1,1,1,0,0,1,0,0,1,0,1,0,0,0,0,1,0,0,0,0,1
0,0,1,0,23,1,0,1,0,1,1,0,1,1,68.75,1689.45,0,3519,70.39375,0.019536800227337312,5,0,0,0,0,0,0,1,0,0,0,1,0,1,0,0,0,1,0,0,0,0,0,1
0,0,1,1,52,1,0,0,0,0,0,0,0,0,19.2,1054.75,0,4203,19.900943396226417,0.004568165596002855,1,0,0,0,0,1,1,0,0,1,0,0,1,0,0,0,1,0,0,1,0,0,0,1
0,0,0,0,64,1,1,1,1,1,1,1,1,1,115.1,7334.05,0,5213,112.83153846153846,0.022079416842509112,8,0,0,1,0,0,0,0,1,0,0,0,1,1,0,0,0,0,0,1,0,0,0,1
0,0,0,0,24,1,1,0,1,0,0,1,1,1,99.65,2404.85,0,5207,96.194,0.01913769925100826,5,1,0,1,0,1,1,0,1,0,1,0,0,1,0,0,0,1,0,0,0,0,0,1
0,0,1,0,2,1,1,0,0,1,0,1,0,1,91.45,171.45,0,4889,57.15,0.018705256698711394,4,1,1,1,0,1,1,0,1,0,1,0,0,0,0,1,0,0,0,0,1,0,0,1
0,0,1,1,34,1,0,1,1,1,1,1,1,0,84.75,2839.45,0,2020,81.12714285714286,0.04195544554455446,7,0,0,0,0,0,0,1,0,0,0,0,1,0,0,0,1,0,1,0,0,0,1,0
0,0,1,1,53,1,1,0,0,1,1,1,1,1,78.75,3942.45,0,5052,73.00833333333333,0.015587885985748218,6,0,0,0,0,0,1,1,0,0,0,1,0,0,0,0,1,0,0,1,0,0,0,1
0,0,1,1,47,1,0,0,0,0,0,0,0,0,20.25,873.4,0,2070,18.195833333333333,0.009782608695652175,1,0,0,0,0,1,1,0,0,1,0,0,1,0,1,0,0,0,1,0,0,0,1,0
0,0,0,1,72,1,0,0,0,0,0,0,0,0,19.9,1529.65,0,5730,20.954109589041096,0.0034729493891797556,1,0,0,0,0,1,1,0,0,1,0,0,1,0,1,0,0,0,0,1,0,1,0,0
0,0,1,1,72,1,1,1,1,0,1,0,1,1,97.75,6991.6,0,4054,95.77534246575343,0.02411198815984213,6,0,0,1,0,0,0,0,1,0,0,0,1,0,1,0,0,0,0,1,0,0,0,1
0,0,0,0,7,1,0,0,0,1,1,1,1,1,100.4,715.0,0,5041,89.375,0.01991668319777822,5,1,1,1,0,0,1,0,1,0,1,0,0,0,0,1,0,0,0,0,1,0,0,1
0,0,1,0,71,1,1,0,0,0,0,0,0,1,24.45,1681.6,0,4742,23.355555555555554,0.005156052298608182,2,0,0,0,0,1,1,0,0,1,0,0,1,0,1,0,0,0,0,1,0,0,0,1
0,1,0,0,41,1,0,0,0,1,1,1,1,1,101.1,4016.2,0,2227,95.62380952380951,0.045397395599461154,5,0,0,1,1,0,1,0,1,0,0,1,0,1,0,0,0,0,1,0,0,0,1,0
0,0,1,1,67,0,0,1,0,0,0,1,1,0,50.9,3281.65,0,5281,48.25955882352941,0.009638326074607082,3,0,0,0,0,1,0,1,0,0,0,0,1,0,1,0,0,0,0,1,0,0,0,1
0,0,1,0,69,1,1,1,1,1,1,0,1,1,107.2,7317.1,0,5935,104.53,0.01806234203875316,7,0,0,1,0,0,0,0,1,0,0,1,0,0,1,0,0,0,0,1,0,1,0,0
0,1,1,0,70,1,1,1,1,1,1,1,1,1,92.2,6474.45,0,5264,91.18943661971831,0.017515197568389058,8,0,0,0,1,0,0,1,0,0,0,0,1,1,0,0,0,0,0,1,0,0,0,1
0,0,0,0,72,1,1,1,1,1,1,1,1,0,113.4,8164.1,0,6347,111.83698630136986,0.01786670868126674,8,0,0,1,0,0,0,0,1,0,0,0,1,1,0,0,0,0,0,1,0,1,0,0
0,0,1,1,34,0,0,0,0,0,1,1,0,1,40.55,1325.85,0,3897,37.88142857142857,0.010405440082114446,2,0,1,0,0,0,1,1,0,0,0,0,1,0,0,1,0,0,1,0,0,0,0,1
0,0,1,1,65,1,1,0,0,0,0,0,0,0,26.0,1654.85,0,5352,25.073484848484846,0.004857997010463378,2,0,0,0,0,1,1,0,0,1,0,0,1,0,1,0,0,0,0,1,0,0,0,1
0,0,0,0,70,1,1,1,1,1,1,1,1,1,111.95,7795.95,0,4182,109.80211267605634,0.026769488283118127,8,0,0,1,0,0,0,0,1,0,0,0,1,0,1,0,0,0,0,1,0,0,0,1
0,0,1,1,72,0,0,1,0,1,0,1,1,1,53.8,3952.45,0,4954,54.143150684931506,0.010859911182882518,4,0,0,0,0,1,0,1,0,0,0,0,1,0,1,0,0,0,0,1,0,0,0,1
0,0,0,1,35,1,0,0,0,0,1,1,1,1,72.1,2495.15,0,5510,69.30972222222222,0.013085299455535389,4,0,0,0,0,0,1,1,0,0,0,1,0,0,0,0,1,0,1,0,0,1,0,0
0,0,1,0,12,1,1,1,0,1,0,1,1,0,78.85,876.75,0,2495,67.4423076923077,0.03160320641282565,6,0,1,0,0,1,0,1,0,0,0,1,0,0,0,1,0,0,0,0,1,0,1,0
0,0,1,1,62,1,0,1,0,1,1,1,0,1,70.75,4263.45,0,4133,67.67380952380952,0.01711831599322526,5,0,0,0,0,0,0,1,0,0,0,1,0,1,0,0,0,0,0,1,0,0,0,1
0,0,0,0,25,1,0,1,0,0,1,1,1,1,76.15,1992.95,0,3955,76.65192307692308,0.019254108723135273,5,1,0,0,0,0,0,1,0,0,1,0,0,0,1,0,0,0,1,0,0,0,0,1
0,0,0,0,52,0,0,1,1,0,1,0,0,0,39.1,1982.1,0,4247,37.39811320754717,0.009206498704968213,3,0,0,0,0,0,0,1,0,0,0,0,1,0,0,0,1,0,0,1,0,0,0,1
0,1,0,0,8,1,0,0,0,0,0,0,0,1,69.95,562.7,0,2939,62.522222222222226,0.02380061245321538,1,1,0,1,1,1,1,0,1,0,1,0,0,0,1,0,0,0,0,0,1,0,1,0
0,0,0,0,2,1,0,0,0,0,0,0,0,0,20.05,33.7,0,4978,11.233333333333334,0.004027721976697469,1,1,0,0,0,1,1,0,0,1,1,0,0,0,0,0,1,0,0,0,1,0,0,1
0,0,1,1,56,1,0,0,0,0,0,0,0,0,20.05,1090.1,0,5172,19.12456140350877,0.003876643464810518,1,0,0,0,0,1,1,0,0,1,0,0,1,0,0,0,1,0,0,1,0,0,0,1
0,0,0,0,12,1,0,0,0,0,0,0,0,0,19.45,227.45,0,4862,17.496153846153845,0.004000411353352529,1,1,0,0,0,1,1,0,0,1,1,0,0,1,0,0,0,0,0,0,1,0,0,1
0,0,1,0,47,1,1,0,0,0,0,0,0,0,26.9,1250.85,0,2382,26.059375,0.011293031066330814,2,0,1,0,0,1,1,0,0,1,0,1,0,0,0,1,0,0,1,0,0,0,1,0
0,1,0,0,2,1,0,0,0,0,0,0,0,0,19.2,37.2,0,4577,12.4,0.004194887480882674,1,1,1,0,1,1,1,0,0,1,1,0,0,0,0,1,0,0,0,0,1,0,0,1
0,0,0,0,18,1,0,0,0,1,0,0,0,1,50.0,892.7,0,4952,46.98421052631579,0.010096930533117932,2,1,0,0,0,1,1,1,0,0,1,0,0,0,0,0,1,1,0,0,0,0,0,1
0,0,0,0,8,1,0,1,0,0,0,1,0,1,60.0,487.75,0,5862,54.19444444444444,0.01023541453428864,3,1,1,0,0,1,0,1,0,0,1,0,0,0,0,1,0,0,0,0,1,1,0,0
0,0,1,0,45,1,1,1,0,1,0,0,0,1,84.55,3713.95,0,3289,80.73804347826086,0.025706901793858313,4,1,0,1,0,1,0,0,1,0,1,0,0,0,0,0,1,0,1,0,0,0,1,0
0,0,0,0,3,1,0,0,0,0,0,0,0,0,45.45,141.7,0,3666,35.425,0.01239770867430442,1,1,0,0,0,1,1,1,0,0,1,0,0,0,0,0,1,0,0,0,1,0,0,1
0,0,0,0,38,1,0,0,0,0,0,0,0,0,20.05,678.2,0,4539,17.389743589743592,0.0044172725269883235,1,0,0,0,0,1,1,0,0,1,0,1,0,0,0,0,1,0,1,0,0,0,0,1
0,0,1,0,72,1,1,1,1,1,1,1,1,1,115.55,8425.3,0,5890,115.41506849315067,0.01961799660441426,8,0,1,1,0,0,0,0,1,0,0,0,1,0,0,1,0,0,0,1,0,1,0,0
0,0,1,1,71,1,1,1,1,1,0,1,0,1,99.0,7061.65,0,4305,98.07847222222222,0.022996515679442508,6,0,0,1,0,1,0,0,1,0,0,0,1,0,1,0,0,0,0,1,0,0,0,1
0,0,1,1,66,0,0,0,0,0,1,1,1,0,50.55,3364.55,0,4652,50.21716417910448,0.010866294067067928,3,0,0,0,0,0,1,1,0,0,0,0,1,1,0,0,0,0,0,1,0,0,0,1
0,0,1,1,13,1,1,0,0,0,0,0,0,1,25.0,332.5,0,4734,23.75,0.005280946345585129,2,0,0,0,0,1,1,0,0,1,0,0,1,1,0,0,0,1,0,0,0,0,0,1
0,0,1,1,65,1,1,1,1,1,1,1,1,0,91.55,5963.95,0,4921,90.36287878787878,0.018603942288152812,8,0,0,0,0,0,0,1,0,0,0,0,1,1,0,0,0,0,0,1,0,0,0,1
0,0,1,1,15,1,0,0,0,0,0,0,0,0,19.35,278.85,0,2742,17.428125,0.007056892778993436,1,0,0,0,0,1,1,0,0,1,0,0,1,0,0,0,1,1,0,0,0,0,1,0
0,0,1,0,72,1,1,0,0,0,0,0,0,0,24.85,1871.85,0,4067,25.641780821917806,0.006110154905335629,2,0,0,0,0,1,1,0,0,1,0,0,1,0,1,0,0,0,0,1,0,0,0,1
0,0,1,1,42,1,0,0,0,1,1,1,1,1,100.4,4303.65,0,3265,100.08488372093022,0.030750382848392037,5,0,1,1,0,0,1,0,1,0,0,0,1,0,0,1,0,0,1,0,0,0,1,0
0,0,1,0,71,1,1,0,0,0,0,0,0,0,25.0,1753.0,0,4066,24.34722222222222,0.006148548942449582,2,0,0,0,0,1,1,0,0,1,0,0,1,1,0,0,0,0,0,1,0,0,0,1
0,0,0,0,35,1,0,0,0,0,0,0,0,0,19.25,617.65,0,4988,17.156944444444445,0.003859262229350441,1,1,0,0,0,1,1,0,0,1,1,0,0,1,0,0,0,0,1,0,0,0,0,1
0,0,1,1,53,1,0,0,1,1,1,1,1,1,108.25,5935.1,0,5989,109.90925925925927,0.018074803806979463,6,1,0,1,0,0,1,0,1,0,1,0,0,1,0,0,0,0,0,1,0,1,0,0
0,0,0,0,48,1,0,0,0,0,0,0,0,0,20.15,982.95,0,4399,20.060204081632655,0.004580586496931121,1,0,0,0,0,1,1,0,0,1,0,0,1,0,1,0,0,0,1,0,0,0,0,1
0,1,0,1,30,1,1,0,0,0,1,1,1,1,101.3,2974.5,0,2440,95.95161290322581,0.04151639344262295,5,1,1,1,1,0,1,0,1,0,1,0,0,0,0,1,0,0,1,0,0,0,1,0
0,0,0,0,10,1,0,0,0,0,0,0,0,0,20.0,198.7,0,2411,18.063636363636363,0.00829531314807134,1,1,0,0,0,1,1,0,0,1,1,0,0,0,1,0,0,0,0,0,1,0,1,0
0,0,0,1,12,1,1,0,1,1,0,1,1,1,105.3,1275.65,0,5913,98.12692307692308,0.01780821917808219,6,1,1,1,0,1,1,0,1,0,1,0,0,0,0,1,0,0,0,0,1,1,0,0
0,1,0,0,57,1,0,1,0,1,1,1,0,0,69.85,4003.0,0,4759,69.01724137931035,0.014677453246480352,5,0,0,0,1,0,0,1,0,0,0,0,1,1,0,0,0,0,0,1,0,0,0,1
0,0,1,0,58,1,0,1,1,0,0,1,0,1,65.25,3791.6,0,5912,64.26440677966102,0.011036874154262516,4,1,0,0,0,1,0,1,0,0,1,0,0,0,1,0,0,0,0,1,0,1,0,0
0,0,0,0,37,1,0,0,0,0,0,0,0,0,19.8,813.3,0,5336,21.402631578947368,0.0037106446776611697,1,0,0,0,0,1,1,0,0,1,0,0,1,0,0,0,1,0,1,0,0,0,0,1
0,0,1,1,44,1,0,0,0,0,0,0,0,0,19.6,780.25,0,5584,17.33888888888889,0.003510028653295129,1,1,0,0,0,1,1,0,0,1,1,0,0,0,0,0,1,0,1,0,0,1,0,0
0,0,0,1,27,1,0,0,0,0,0,0,0,0,20.05,552.9,0,2400,19.74642857142857,0.008354166666666668,1,0,0,0,0,1,1,0,0,1,0,1,0,0,1,0,0,0,1,0,0,0,1,0
0,0,0,0,8,1,0,0,0,0,1,0,0,0,49.4,408.25,0,2907,45.361111111111114,0.01699346405228758,2,1,1,0,0,0,1,1,0,0,1,0,0,0,0,1,0,0,0,0,1,0,1,0
0,1,1,0,25,1,0,0,1,1,0,0,1,0,88.4,2191.15,0,4849,84.275,0.018230563002680965,4,1,0,1,1,1,1,0,1,0,1,0,0,1,0,0,0,0,1,0,0,0,0,1
0,0,1,1,57,1,1,0,1,0,0,1,1,1,100.6,5611.7,0,6351,96.75344827586207,0.01584002519288301,5,1,1,1,0,1,1,0,1,0,1,0,0,0,0,1,0,0,0,1,0,1,0,0
0,0,0,0,12,1,0,0,0,0,0,0,0,0,19.45,246.25,0,4788,18.942307692307693,0.004062238930659983,1,1,0,0,0,1,1,0,0,1,1,0,0,0,0,0,1,0,0,0,1,0,0,1
0,0,1,1,62,1,0,0,0,0,0,0,0,0,20.3,1296.15,0,4574,20.573809523809526,0.004438128552689113,1,0,0,0,0,1,1,0,0,1,0,0,1,1,0,0,0,0,0,1,0,0,0,1
0,0,1,0,65,1,1,0,1,1,1,1,1,1,107.65,7082.85,0,4193,107.3159090909091,0.0256737419508705,7,0,0,1,0,0,1,0,1,0,0,0,1,1,0,0,0,0,0,1,0,0,0,1
0,0,1,0,71,1,1,0,0,1,1,1,1,1,80.45,5662.25,0,4518,78.64236111111111,0.017806551571491813,6,0,0,0,0,0,1,1,0,0,0,0,1,1,0,0,0,0,0,1,0,0,0,1
0,0,1,1,21,1,0,0,1,0,0,1,0,1,58.85,1215.45,0,2845,55.247727272727275,0.020685413005272407,3,0,0,0,0,1,1,1,0,0,0,1,0,0,1,0,0,1,0,0,0,0,1,0
0,0,1,0,71,1,1,1,1,1,0,1,1,1,109.6,7854.15,0,4564,109.08541666666666,0.02401402278702892,7,0,1,1,0,1,0,0,1,0,0,1,0,0,0,1,0,0,0,1,0,0,0,1
0,0,0,0,7,1,0,0,0,1,0,0,0,1,75.15,525.0,0,4216,65.625,0.01782495256166983,2,1,1,1,0,1,1,0,1,0,1,0,0,0,0,1,0,0,0,0,1,0,0,1
0,0,0,0,72,1,0,1,1,1,1,0,1,1,73.0,5265.2,0,5127,72.12602739726027,0.014238346011312658,6,0,0,0,0,0,0,1,0,0,0,0,1,0,1,0,0,0,0,1,0,0,0,1
0,0,0,0,1,1,0,0,0,0,0,0,0,0,70.1,70.1,0,2475,35.05,0.02832323232323232,1,1,1,1,0,1,1,0,1,0,1,0,0,0,0,1,0,0,0,0,1,0,1,0
0,0,1,1,72,1,1,0,1,1,1,0,1,1,98.65,7129.45,0,4616,97.66369863013698,0.021371317157712306,6,0,0,1,0,0,1,0,1,0,0,0,1,1,0,0,0,0,0,1,0,0,0,1
0,0,1,1,64,1,1,0,1,1,1,1,1,1,111.45,7266.95,0,5129,111.79923076923076,0.0217293819457984,7,0,1,1,0,0,1,0,1,0,0,1,0,0,0,1,0,0,0,1,0,0,0,1
0,0,0,0,72,1,1,1,1,1,1,1,1,1,114.9,8496.7,0,4589,116.39315068493151,0.025038134669862717,8,0,1,1,0,0,0,0,1,0,0,0,1,0,0,1,0,0,0,1,0,0,0,1
0,0,0,0,29,1,1,0,0,1,0,1,1,0,100.55,2878.75,0,4847,95.95833333333333,0.020744790592118836,5,1,0,1,0,1,1,0,1,0,1,0,0,1,0,0,0,0,1,0,0,0,0,1
0,0,0,0,13,1,0,0,0,0,0,0,0,1,20.4,261.3,0,4883,18.664285714285715,0.004177759574032357,1,0,0,0,0,1,1,0,0,1,0,0,1,0,0,0,1,1,0,0,0,0,0,1
0,0,0,0,31,1,1,1,1,0,0,1,1,0,104.35,3205.6,0,5320,100.175,0.019614661654135338,6,1,1,1,0,1,0,0,1,0,1,0,0,0,0,1,0,0,1,0,0,0,0,1
0,0,1,1,14,1,1,0,1,0,1,1,1,0,80.45,1137.05,0,5772,75.80333333333333,0.01393797643797644,6,1,0,0,0,0,1,1,0,0,1,0,0,0,1,0,0,1,0,0,0,1,0,0
0,0,0,0,72,1,1,1,1,1,1,1,1,1,91.35,6697.2,0,5378,91.74246575342465,0.016985868352547416,8,0,0,0,0,0,0,1,0,0,0,0,1,1,0,0,0,0,0,1,0,0,0,1
0,0,1,1,25,1,0,0,0,0,0,0,0,0,19.9,505.45,0,4134,19.440384615384616,0.004813739719400097,1,0,1,0,0,1,1,0,0,1,0,1,0,0,0,1,0,0,1,0,0,0,0,1
0,0,0,0,18,1,0,1,0,1,1,1,0,1,68.35,1299.8,0,5993,68.41052631578947,0.011404972467879191,5,1,1,0,0,0,0,1,0,0,1,0,0,0,0,1,0,1,0,0,0,1,0,0
0,0,1,0,71,1,0,0,1,1,1,1,1,1,79.1,5564.85,0,5872,77.28958333333334,0.013470708446866484,6,0,0,0,0,0,1,1,0,0,0,0,1,0,1,0,0,0,0,1,0,1,0,0
0,1,1,1,28,1,1,0,0,0,0,0,0,1,51.0,1381.8,0,5195,47.648275862068964,0.009817131857555342,2,0,1,0,1,1,1,1,0,0,0,1,0,0,0,1,0,0,1,0,0,0,0,1
0,0,0,1,2,1,1,1,0,0,0,0,0,0,80.55,188.1,0,5346,62.699999999999996,0.015067340067340066,3,1,0,1,0,1,0,0,1,0,1,0,0,0,1,0,0,0,0,0,1,0,0,1
0,0,1,1,17,1,1,0,1,1,1,0,0,1,66.7,1077.05,0,2814,59.83611111111111,0.023702914001421466,5,1,0,0,0,0,1,1,0,0,1,0,0,0,0,0,1,1,0,0,0,0,1,0
0,0,0,0,56,1,1,1,1,0,0,0,0,1,86.4,4922.4,0,4449,86.3578947368421,0.019420094403236682,4,1,1,1,0,1,0,0,1,0,1,0,0,0,0,1,0,0,0,1,0,0,0,1
0,0,1,0,60,0,0,1,1,1,0,0,1,0,50.05,2911.5,0,5493,47.72950819672131,0.009111596577462223,4,0,1,0,0,1,0,1,0,0,0,1,0,0,0,1,0,0,0,1,0,1,0,0
0,0,0,0,33,1,1,0,0,0,0,0,0,0,25.7,826.1,0,3378,24.29705882352941,0.007608052101835405,2,0,0,0,0,1,1,0,0,1,0,0,1,0,1,0,0,0,1,0,0,0,1,0
0,0,0,0,1,1,0,1,1,0,1,0,0,1,83.4,83.4,0,5960,41.7,0.013993288590604027,4,1,0,1,0,0,0,0,1,0,1,0,0,0,0,0,1,0,0,0,1,1,0,0
0,0,1,0,63,1,1,1,0,0,1,0,0,1,84.65,5377.8,0,4604,84.028125,0.018386185925282364,4,0,0,1,0,0,0,0,1,0,0,0,1,0,1,0,0,0,0,1,0,0,0,1
0,0,0,0,55,1,0,0,1,1,0,0,1,1,64.75,3617.1,0,4634,64.59107142857142,0.013972809667673716,4,0,0,0,0,1,1,1,0,0,0,0,1,0,0,0,1,0,0,1,0,0,0,1
0,0,1,0,65,1,1,1,1,0,1,1,0,1,100.15,6643.5,0,4915,100.6590909090909,0.020376398779247202,6,0,0,1,0,0,0,0,1,0,0,1,0,1,0,0,0,0,0,1,0,0,0,1
0,0,0,0,63,1,1,0,0,0,0,0,0,0,25.25,1559.3,0,4530,24.3640625,0.005573951434878587,2,0,0,0,0,1,1,0,0,1,0,0,1,0,0,0,1,0,0,1,0,0,0,1
0,1,1,0,70,1,1,1,1,1,1,1,1,1,113.0,7987.6,0,4588,112.50140845070423,0.024629468177855274,8,0,0,1,1,0,0,0,1,0,0,0,1,0,1,0,0,0,0,1,0,0,0,1
0,0,1,1,36,0,0,1,0,1,1,0,0,0,40.65,1547.35,0,2564,41.82027027027027,0.015854134165366615,3,0,0,0,0,0,0,1,0,0,0,0,1,0,1,0,0,0,1,0,0,0,1,0
0,0,0,0,22,1,0,0,1,1,1,0,1,1,94.95,2142.8,0,4242,93.16521739130435,0.022383309759547384,5,1,0,1,0,0,1,0,1,0,1,0,0,1,0,0,0,1,0,0,0,0,0,1
0,1,0,0,5,1,0,1,1,0,1,0,0,0,59.9,287.85,0,3662,47.975,0.016357181867831784,4,1,0,0,1,0,0,1,0,0,1,0,0,0,1,0,0,0,0,0,1,0,0,1
0,0,0,0,1,1,0,0,0,0,0,0,0,0,19.8,19.8,0,3129,9.9,0.0063279002876318316,1,1,0,0,0,1,1,0,0,1,1,0,0,0,1,0,0,0,0,0,1,0,1,0
0,0,0,0,56,1,0,0,1,1,1,1,1,1,81.8,4534.45,0,4399,79.55175438596491,0.018595135258013182,6,0,0,0,0,0,1,1,0,0,0,0,1,0,1,0,0,0,0,1,0,0,0,1
0,0,0,0,2,1,0,0,0,0,0,0,0,1,20.0,40.9,0,2237,13.633333333333333,0.008940545373267769,1,1,0,0,0,1,1,0,0,1,1,0,0,0,0,0,1,0,0,0,1,0,1,0
0,0,0,0,35,1,1,1,0,1,0,0,0,1,59.6,2094.9,0,2187,58.19166666666667,0.027251943301326017,4,1,1,0,0,1,0,1,0,0,1,0,0,0,0,1,0,0,1,0,0,0,1,0
0,0,1,0,64,1,1,0,0,0,0,0,0,0,25.0,1584.8,0,5538,24.38153846153846,0.00451426507764536,2,0,0,0,0,1,1,0,0,1,0,0,1,0,1,0,0,0,0,1,0,1,0,0
0,0,0,0,15,1,1,1,0,1,0,0,0,1,84.35,1302.65,0,3314,81.415625,0.02545262522631261,4,1,0,1,0,1,0,0,1,0,1,0,0,0,1,0,0,1,0,0,0,0,1,0
0,0,0,0,1,1,0,0,0,0,0,0,1,0,55.55,55.55,0,2207,27.775,0.025169913910285453,2,1,0,0,0,1,1,1,0,0,1,0,0,0,0,0,1,0,0,0,1,0,1,0
0,0,1,1,70,1,0,1,0,0,1,1,1,0,75.35,5437.75,0,6477,76.58802816901408,0.011633472286552416,5,0,0,0,0,0,0,1,0,0,0,0,1,0,1,0,0,0,0,1,0,1,0,0
0,0,0,0,39,1,0,0,0,0,1,0,1,0,59.3,2209.15,0,5843,55.228750000000005,0.010148896115009413,3,0,1,0,0,0,1,1,0,0,0,1,0,0,0,1,0,0,1,0,0,1,0,0
0,0,0,0,29,1,1,1,0,0,0,0,1,1,66.1,1912.15,0,5590,63.73833333333334,0.01182468694096601,4,1,1,0,0,1,0,1,0,0,1,0,0,0,0,1,0,0,1,0,0,1,0,0
0,0,1,1,14,1,0,0,0,0,0,0,0,0,18.8,255.55,0,5751,17.03666666666667,0.0032689966962267435,1,0,0,0,0,1,1,0,0,1,0,0,1,0,0,0,1,1,0,0,0,1,0,0
0,0,0,0,61,1,1,1,0,1,1,1,1,0,86.45,5175.3,0,4471,83.47258064516129,0.01933571907850593,7,0,0,0,0,0,0,1,0,0,0,0,1,0,1,0,0,0,0,1,0,0,0,1
0,0,0,1,13,1,0,1,0,0,0,0,0,1,52.1,670.65,0,4929,47.903571428571425,0.010570095354027186,2,1,0,0,0,1,0,1,0,0,1,0,0,0,1,0,0,1,0,0,0,0,0,1
0,0,0,0,66,0,0,1,1,1,1,0,0,1,47.4,3177.25,0,6435,47.42164179104478,0.007365967365967366,4,0,0,0,0,0,0,1,0,0,0,0,1,0,0,0,1,0,0,1,0,1,0,0
0,0,1,0,59,1,1,1,1,1,0,1,1,1,109.15,6557.75,0,5186,109.29583333333333,0.021047049749325107,7,0,0,1,0,1,0,0,1,0,0,1,0,0,1,0,0,0,0,1,0,0,0,1
0,0,1,1,62,1,1,1,1,0,0,1,0,1,94.95,5791.85,0,4262,91.93412698412699,0.022278273111215392,5,0,0,1,0,1,0,0,1,0,0,1,0,0,1,0,0,0,0,1,0,0,0,1
0,1,1,0,33,1,0,1,1,0,1,0,1,1,93.55,3055.5,0,4414,89.86764705882354,0.021193928409605798,5,0,1,1,1,0,0,0,1,0,0,1,0,0,0,1,0,0,1,0,0,0,0,1
0,0,0,1,66,1,0,0,1,1,1,1,1,1,79.5,5196.1,0,4285,77.55373134328359,0.01855309218203034,6,0,0,0,0,0,1,1,0,0,0,0,1,0,1,0,0,0,0,1,0,0,0,1
0,0,0,0,72,1,1,1,1,1,1,1,1,0,115.05,8405.0,0,5905,115.13698630136986,0.019483488569009312,8,0,0,1,0,0,0,0,1,0,0,0,1,0,1,0,0,0,0,1,0,1,0,0
0,0,1,1,51,1,1,1,0,0,1,1,0,1,95.15,5000.05,0,6492,96.1548076923077,0.014656500308071474,5,0,0,1,0,0,0,0,1,0,0,1,0,0,0,0,1,0,0,1,0,1,0,0
0,0,0,0,63,1,1,0,1,0,1,1,1,0,105.4,6713.2,0,4551,104.89375,0.023159745110964625,6,1,1,1,0,0,1,0,1,0,1,0,0,0,0,1,0,0,0,1,0,0,0,1
0,0,0,0,27,1,0,0,0,0,0,0,0,0,20.1,562.6,0,3428,20.092857142857145,0.0058634772462077015,1,0,0,0,0,1,1,0,0,1,0,1,0,1,0,0,0,0,1,0,0,0,1,0
0,1,0,0,4,1,0,0,0,0,0,0,0,0,20.05,91.45,0,3460,18.29,0.005794797687861272,1,1,0,0,1,1,1,0,0,1,1,0,0,0,0,0,1,0,0,0,1,0,1,0
0,0,1,1,42,1,0,0,0,0,0,0,0,0,20.7,828.85,0,5320,19.275581395348837,0.0038909774436090222,1,0,0,0,0,1,1,0,0,1,0,0,1,0,0,0,1,0,1,0,0,0,0,1
0,0,0,0,29,1,0,0,0,0,0,0,0,0,20.35,617.35,0,4840,20.578333333333333,0.004204545454545455,1,0,0,0,0,1,1,0,0,1,0,1,0,0,0,0,1,0,1,0,0,0,0,1
0,0,0,0,30,1,0,0,0,0,0,0,0,0,19.7,625.05,0,3302,20.16290322580645,0.005966081162931556,1,0,0,0,0,1,1,0,0,1,0,1,0,0,0,0,1,0,1,0,0,0,1,0
0,0,1,1,71,1,0,1,1,1,1,1,1,0,85.45,6029.9,0,5394,83.7486111111111,0.015841675936225437,7,0,0,0,0,0,0,1,0,0,0,0,1,1,0,0,0,0,0,1,0,1,0,0
0,0,1,0,46,0,0,1,0,1,1,0,0,0,40.4,1842.7,0,2519,39.206382978723404,0.016038110361254465,3,0,0,0,0,0,0,1,0,0,0,0,1,0,1,0,0,0,1,0,0,0,1,0
0,0,0,0,69,1,1,0,1,0,1,1,1,1,105.2,7386.05,0,6247,105.515,0.01684008323995518,6,0,0,1,0,0,1,0,1,0,0,1,0,1,0,0,0,0,0,1,0,1,0,0
0,0,1,0,72,1,1,1,1,1,0,1,0,0,100.65,7334.05,0,6380,100.46643835616439,0.01577586206896552,6,0,0,1,0,1,0,0,1,0,0,0,1,1,0,0,0,0,0,1,0,1,0,0
0,0,0,0,28,1,0,0,0,1,1,0,1,0,91.0,2626.15,0,2448,90.55689655172414,0.037173202614379085,4,1,1,1,0,0,1,0,1,0,1,0,0,0,0,1,0,0,1,0,0,0,1,0
0,1,1,0,72,1,1,1,1,1,1,1,1,1,116.75,8277.05,0,5098,113.38424657534246,0.02290113770105924,8,0,0,1,1,0,0,0,1,0,0,0,1,0,1,0,0,0,0,1,0,0,0,1
0,0,0,0,7,1,0,1,0,0,0,0,1,1,59.1,369.25,0,4770,46.15625,0.01238993710691824,3,0,1,0,0,1,0,1,0,0,0,1,0,0,0,1,0,0,0,0,1,0,0,1
0,0,0,0,22,1,0,1,0,0,0,0,0,1,49.8,1049.05,0,4667,45.61086956521739,0.010670666380972787,2,1,1,0,0,1,0,1,0,0,1,0,0,0,0,1,0,1,0,0,0,0,0,1
0,0,0,0,72,1,0,0,0,0,0,0,0,0,19.3,1414.8,0,4722,19.38082191780822,0.004087251164760695,1,0,0,0,0,1,1,0,0,1,0,0,1,1,0,0,0,0,0,1,0,0,0,1
0,0,1,1,8,1,0,0,0,0,0,0,0,0,19.65,169.75,0,4535,18.86111111111111,0.004332965821389195,1,1,0,0,0,1,1,0,0,1,1,0,0,0,1,0,0,0,0,0,1,0,0,1
0,0,1,0,52,1,1,1,1,1,1,0,1,1,81.4,4354.45,0,4628,82.15943396226415,0.017588591184096804,7,0,0,0,0,0,0,1,0,0,0,1,0,0,1,0,0,0,0,1,0,0,0,1
0,0,0,0,68,0,0,1,0,1,1,0,0,0,38.9,2719.2,0,5278,39.40869565217391,0.007370215990905646,3,0,0,0,0,0,0,1,0,0,0,0,1,0,0,0,1,0,0,1,0,0,0,1
0,0,1,0,71,1,1,1,1,1,1,1,1,0,87.95,6365.35,0,4278,88.4076388888889,0.020558672276764844,8,0,0,0,0,0,0,1,0,0,0,0,1,1,0,0,0,0,0,1,0,0,0,1
0,0,0,0,2,1,0,0,0,0,0,0,0,0,19.85,51.6,0,3300,17.2,0.006015151515151516,1,1,0,0,0,1,1,0,0,1,1,0,0,0,0,0,1,0,0,0,1,0,1,0
0,1,0,0,34,1,1,0,1,0,1,1,0,1,96.35,3190.25,0,5425,91.15,0.01776036866359447,5,1,1,1,1,0,1,0,1,0,1,0,0,0,0,1,0,0,1,0,0,1,0,0
0,0,0,0,35,0,0,0,0,0,0,0,0,0,24.15,812.5,0,5097,22.569444444444443,0.004738081224249558,0,1,1,0,0,1,1,1,0,0,1,0,0,0,0,1,0,0,1,0,0,0,0,1
0,0,1,1,61,1,0,0,0,0,0,0,0,0,19.1,1143.8,0,4376,18.448387096774194,0.004364716636197441,1,0,0,0,0,1,1,0,0,1,0,1,0,0,1,0,0,0,0,1,0,0,0,1
0,0,0,0,1,1,0,0,0,0,0,0,0,0,44.0,44.0,0,2785,22.0,0.015798922800718134,1,1,1,0,0,1,1,1,0,0,1,0,0,0,0,1,0,0,0,0,1,0,1,0
0,0,1,1,53,1,0,0,0,1,0,0,1,0,60.6,3297.0,0,4854,61.05555555555556,0.012484548825710755,3,0,0,0,0,1,1,1,0,0,0,1,0,0,1,0,0,0,0,1,0,0,0,1
0,0,1,0,72,1,1,0,0,0,0,0,0,0,25.65,1887.0,0,5613,25.84931506849315,0.004569748797434527,2,0,0,0,0,1,1,0,0,1,0,0,1,1,0,0,0,0,0,1,0,1,0,0
0,1,1,0,41,0,0,0,1,1,0,1,1,1,53.95,2215.4,0,3920,52.74761904761905,0.013762755102040817,4,1,1,0,1,1,1,1,0,0,1,0,0,0,0,1,0,0,1,0,0,0,0,1
0,0,1,0,24,1,0,0,0,0,0,0,0,0,20.4,482.8,0,3071,19.312,0.006642787365678931,1,0,0,0,0,1,1,0,0,1,0,1,0,0,1,0,0,1,0,0,0,0,1,0
0,0,0,0,8,0,0,1,0,0,0,0,0,0,29.35,216.45,0,5369,24.049999999999997,0.005466567330974111,1,1,0,0,0,1,0,1,0,0,1,0,0,0,0,0,1,0,0,0,1,0,0,1
0,0,0,0,1,1,0,0,0,0,0,0,0,1,20.45,20.45,0,2184,10.225,0.009363553113553113,1,1,0,0,0,1,1,0,0,1,1,0,0,0,0,0,1,0,0,0,1,0,1,0
0,0,0,0,54,1,1,0,0,1,1,0,1,1,95.1,5064.85,0,4825,92.08818181818182,0.01970984455958549,5,0,0,1,0,0,1,0,1,0,0,0,1,1,0,0,0,0,0,1,0,0,0,1
0,0,0,0,41,1,1,0,0,0,0,0,0,1,25.25,996.45,0,3461,23.725,0.007295579312337474,2,1,0,0,0,1,1,0,0,1,1,0,0,1,0,0,0,0,1,0,0,0,1,0
0,0,1,0,19,1,0,0,0,0,0,0,0,0,44.9,839.65,0,5842,41.9825,0.007685724067100308,1,1,0,0,0,1,1,1,0,0,1,0,0,0,0,0,1,1,0,0,0,1,0,0
0,0,1,1,72,1,1,1,1,1,1,1,1,0,92.65,6733.0,0,6342,92.23287671232876,0.014608956165247556,8,0,0,0,0,0,0,1,0,0,0,0,1,1,0,0,0,0,0,1,0,1,0,0
0,0,0,0,62,0,0,1,1,1,1,0,0,1,43.7,2618.3,0,5254,41.560317460317464,0.008317472401979446,4,0,0,0,0,0,0,1,0,0,0,0,1,1,0,0,0,0,0,1,0,0,0,1
0,1,1,1,56,1,0,1,0,0,1,1,1,1,72.6,4084.35,0,6357,71.65526315789474,0.011420481359131665,5,0,0,0,1,0,0,1,0,0,0,0,1,0,1,0,0,0,0,1,0,1,0,0
0,0,1,1,32,1,0,0,0,0,0,0,0,0,18.95,613.95,0,4735,18.604545454545455,0.004002111932418163,1,0,0,0,0,1,1,0,0,1,0,0,1,0,0,0,1,0,1,0,0,0,0,1
0,0,0,0,21,1,0,0,0,0,0,0,0,0,20.5,402.85,0,5654,18.311363636363637,0.003625751680226388,1,1,0,0,0,1,1,0,0,1,1,0,0,0,1,0,0,1,0,0,0,1,0,0
0,0,1,1,62,1,0,0,0,0,0,0,0,0,19.95,1244.8,0,4803,19.75873015873016,0.004153653966271081,1,0,0,0,0,1,1,0,0,1,0,1,0,1,0,0,0,0,0,1,0,0,0,1
0,0,0,0,2,0,0,0,0,0,0,0,0,0,24.5,46.4,0,5786,15.466666666666667,0.00423435879709644,0,1,1,0,0,1,1,1,0,0,1,0,0,0,0,1,0,0,0,0,1,1,0,0
0,0,0,1,27,1,0,0,0,0,0,0,0,0,20.6,581.85,0,2924,20.780357142857145,0.00704514363885089,1,0,0,0,0,1,1,0,0,1,0,0,1,0,0,0,1,0,1,0,0,0,1,0
0,0,0,0,25,0,0,1,1,1,0,1,1,0,61.05,1540.2,0,3695,59.23846153846154,0.01652232746955345,5,0,1,0,0,1,0,1,0,0,0,1,0,0,0,1,0,0,1,0,0,0,0,1
0,0,0,0,49,1,1,0,1,0,1,1,1,1,106.65,5168.1,0,5154,103.36200000000001,0.020692665890570432,6,0,0,1,0,0,1,0,1,0,0,1,0,1,0,0,0,0,0,1,0,0,0,1
0,0,0,0,63,1,1,1,1,1,0,1,1,0,108.25,6780.1,0,5331,105.9390625,0.02030575876946164,7,1,0,1,0,1,0,0,1,0,1,0,0,0,1,0,0,0,0,1,0,0,0,1
0,0,0,1,4,1,0,0,0,0,0,0,0,0,20.4,94.5,0,4929,18.9,0.004138770541692026,1,1,0,0,0,1,1,0,0,1,1,0,0,0,1,0,0,0,0,0,1,0,0,1
0,0,1,0,1,1,0,0,0,0,0,1,0,1,55.3,55.3,0,2849,27.65,0.01941031941031941,2,1,0,0,0,1,1,1,0,0,1,0,0,0,0,0,1,0,0,0,1,0,1,0
0,0,0,0,11,1,0,0,0,0,0,0,0,0,20.25,208.0,0,4032,17.333333333333332,0.005022321428571429,1,1,0,0,0,1,1,0,0,1,1,0,0,0,0,0,1,0,0,0,1,0,0,1
0,1,0,0,52,1,1,0,0,0,0,0,0,1,72.95,3829.75,0,4368,72.25943396226415,0.016701007326007326,2,1,0,1,1,1,1,0,1,0,1,0,0,1,0,0,0,0,0,1,0,0,0,1
0,1,1,0,60,1,1,0,1,0,0,0,1,0,89.45,5294.6,0,4340,86.79672131147541,0.020610599078341015,4,1,1,1,1,1,1,0,1,0,1,0,0,0,0,1,0,0,0,1,0,0,0,1
0,0,0,0,64,1,1,0,0,1,1,1,1,1,104.65,6889.8,0,6443,105.99692307692308,0.01624243364892131,6,0,0,1,0,0,1,0,1,0,0,1,0,0,1,0,0,0,0,1,0,1,0,0
0,0,1,1,43,1,0,1,0,1,0,1,1,0,75.2,3254.35,0,3976,73.96249999999999,0.018913480885311872,5,0,0,0,0,1,0,1,0,0,0,0,1,1,0,0,0,0,1,0,0,0,0,1
0,0,1,0,61,1,1,0,0,0,1,1,1,0,101.15,6383.9,0,5177,102.96612903225805,0.019538342669499713,5,0,0,1,0,0,1,0,1,0,0,1,0,1,0,0,0,0,0,1,0,0,0,1
0,0,0,0,66,1,1,1,1,1,1,0,0,0,68.75,4447.55,0,5454,66.3813432835821,0.012605427209387605,6,0,0,0,0,0,0,1,0,0,0,0,1,1,0,0,0,0,0,1,0,1,0,0
0,0,1,0,67,1,0,1,1,1,1,1,1,1,111.05,7321.05,0,6103,107.66250000000001,0.018195969195477633,7,0,1,1,0,0,0,0,1,0,0,0,1,0,0,1,0,0,0,1,0,1,0,0
0,0,1,0,42,1,0,0,0,1,1,1,1,1,99.0,4135.0,0,4545,96.16279069767442,0.02178217821782178,5,0,0,1,0,0,1,0,1,0,0,0,1,0,1,0,0,0,1,0,0,0,0,1
0,0,1,1,31,1,0,0,0,0,0,0,0,0,21.0,697.7,0,5225,21.803125,0.0040191387559808615,1,0,0,0,0,1,1,0,0,1,0,0,1,0,0,0,1,0,1,0,0,0,0,1
0,0,0,0,7,1,0,0,0,0,0,0,0,1,19.4,168.65,0,5873,21.08125,0.003303252170951813,1,1,0,0,0,1,1,0,0,1,1,0,0,0,0,0,1,0,0,0,1,1,0,0
0,0,1,1,34,1,1,0,0,1,0,1,1,0,77.2,2753.8,0,3997,78.68,0.0193144858643983,5,0,0,0,0,1,1,1,0,0,0,1,0,1,0,0,0,0,1,0,0,0,0,1
0,0,0,0,3,1,0,0,0,0,0,0,0,1,19.45,69.25,0,2787,17.3125,0.006978830283458916,1,0,0,0,0,1,1,0,0,1,0,1,0,0,0,0,1,0,0,0,1,0,1,0
0,0,1,1,19,0,0,0,0,0,0,0,0,1,24.85,434.8,0,2958,21.740000000000002,0.008400946585530764,0,1,0,0,0,1,1,1,0,0,1,0,0,0,0,0,1,1,0,0,0,0,1,0
0,0,0,0,3,0,0,1,0,1,1,0,0,0,41.35,107.25,0,5534,26.8125,0.007471991326346223,3,1,0,0,0,0,0,1,0,0,1,0,0,0,0,0,1,0,0,0,1,1,0,0
0,0,1,0,46,1,0,0,0,0,0,0,0,0,19.6,851.2,0,5092,18.11063829787234,0.00384917517674784,1,1,1,0,0,1,1,0,0,1,1,0,0,0,0,1,0,0,1,0,0,0,0,1
0,0,1,1,69,1,1,1,0,1,0,0,0,0,84.45,5848.6,0,5629,83.55142857142857,0.01500266477171789,4,0,0,1,0,1,0,0,1,0,0,1,0,1,0,0,0,0,0,1,0,1,0,0
0,0,0,0,5,1,0,0,0,0,0,0,0,0,20.25,109.8,0,5064,18.3,0.003998815165876777,1,1,0,0,0,1,1,0,0,1,1,0,0,0,0,0,1,0,0,0,1,0,0,1
0,0,0,0,1,1,0,0,0,0,0,0,0,0,19.65,19.65,0,3625,9.825,0.005420689655172413,1,1,0,0,0,1,1,0,0,1,1,0,0,1,0,0,0,0,0,0,1,0,0,1
0,0,0,0,26,1,0,0,0,0,0,0,0,1,20.65,595.5,0,2194,22.055555555555557,0.009412032816773016,1,0,0,0,0,1,1,0,0,1,0,1,0,0,1,0,0,0,1,0,0,0,1,0
0,0,0,0,25,1,0,0,0,1,1,1,1,0,99.3,2513.5,0,3847,96.67307692307692,0.02581232128931635,5,0,0,1,0,0,1,0,1,0,0,0,1,1,0,0,0,0,1,0,0,0,0,1
0,0,1,1,64,1,0,1,1,0,0,0,0,0,81.05,5135.35,0,5168,79.00538461538463,0.015683049535603715,3,1,1,1,0,1,0,0,1,0,1,0,0,0,0,1,0,0,0,1,0,0,0,1
0,0,1,1,30,1,1,1,1,1,1,0,0,0,67.6,2000.2,0,4104,64.5225806451613,0.016471734892787523,6,1,1,0,0,0,0,1,0,0,1,0,0,0,0,1,0,0,1,0,0,0,0,1
0,0,0,0,13,1,0,0,0,0,0,0,0,1,70.15,931.75,0,4599,66.55357142857143,0.015253315938247447,1,1,1,1,0,1,1,0,1,0,1,0,0,0,0,1,0,1,0,0,0,0,0,1
0,0,1,0,64,1,1,1,1,1,1,1,1,1,115.0,7396.15,0,5189,113.78692307692307,0.02216226633262671,8,0,1,1,0,0,0,0,1,0,0,1,0,0,0,1,0,0,0,1,0,0,0,1
0,0,0,1,46,1,1,0,0,1,1,0,0,1,84.8,3958.85,0,5756,84.23085106382979,0.014732453092425294,4,1,0,1,0,0,1,0,1,0,1,0,0,1,0,0,0,0,1,0,0,1,0,0
0,0,0,0,12,1,0,0,0,0,0,0,0,0,19.7,260.9,0,3423,20.069230769230767,0.005755185509786737,1,0,0,0,0,1,1,0,0,1,0,1,0,0,0,0,1,0,0,0,1,0,1,0
0,0,1,1,13,1,0,1,0,1,0,0,1,1,63.15,816.8,0,5916,58.34285714285714,0.01067444219066937,4,1,0,0,0,1,0,1,0,0,1,0,0,0,0,0,1,1,0,0,0,1,0,0
0,0,1,1,67,1,1,1,1,0,1,1,0,0,74.0,4868.4,0,4188,71.59411764705882,0.01766953199617956,6,0,0,0,0,0,0,1,0,0,0,0,1,0,1,0,0,0,0,1,0,0,0,1
0,0,1,0,24,0,0,0,0,1,0,0,0,0,29.1,688.0,0,4636,27.52,0.006276962899050906,1,1,1,0,0,1,1,1,0,0,1,0,0,0,0,1,0,1,0,0,0,0,0,1
0,0,0,0,6,1,0,0,0,0,1,0,0,0,50.05,288.35,0,3929,41.19285714285714,0.012738610333418172,2,1,0,0,0,0,1,1,0,0,1,0,0,0,0,0,1,0,0,0,1,0,0,1
0,0,0,0,10,1,0,0,0,0,0,0,0,0,20.0,185.4,0,2706,16.854545454545455,0.007390983000739098,1,1,1,0,0,1,1,0,0,1,1,0,0,0,0,1,0,0,0,0,1,0,1,0
0,0,0,0,13,1,0,0,1,0,0,0,0,1,74.65,966.25,0,4172,69.01785714285714,0.01789309683604986,2,0,0,1,0,1,1,0,1,0,0,1,0,0,0,0,1,1,0,0,0,0,0,1
0,1,0,0,7,0,0,0,1,0,1,0,1,1,44.4,265.8,0,3410,33.225,0.013020527859237536,3,1,1,0,1,0,1,1,0,0,1,0,0,0,0,1,0,0,0,0,1,0,1,0
0,0,1,1,38,1,1,1,0,1,1,1,1,1,85.4,3297.0,0,5292,84.53846153846153,0.016137566137566138,7,0,0,0,0,0,0,1,0,0,0,0,1,1,0,0,0,0,1,0,0,0,0,1
0,0,1,0,43,1,1,1,1,0,0,0,1,1,94.1,4107.3,0,4392,93.34772727272728,0.021425318761384333,5,1,1,1,0,1,0,0,1,0,1,0,0,0,0,1,0,0,1,0,0,0,0,1
0,0,0,0,25,1,1,0,1,1,1,1,1,0,108.9,2809.05,0,4398,108.04038461538462,0.024761255115961802,7,0,1,1,0,0,1,0,1,0,0,0,1,0,0,1,0,0,1,0,0,0,0,1
0,0,0,1,27,1,0,1,1,0,0,0,0,0,56.2,1567.55,0,5978,55.98392857142857,0.009401137504182,3,0,0,0,0,1,0,1,0,0,0,1,0,0,0,0,1,0,1,0,0,1,0,0
0,0,1,1,72,1,1,0,0,0,0,0,0,0,26.1,1851.45,0,5475,25.362328767123287,0.004767123287671233,2,0,0,0,0,1,1,0,0,1,0,0,1,0,0,0,1,0,0,1,0,1,0,0
0,0,0,1,71,1,1,1,1,0,0,0,0,1,85.45,6028.95,0,4777,83.73541666666667,0.017887795687670086,4,0,0,1,0,1,0,0,1,0,0,1,0,0,1,0,0,0,0,1,0,0,0,1
0,0,0,0,24,1,1,0,0,1,0,1,0,1,88.95,2072.75,0,5557,82.91,0.016006838222062263,4,1,0,1,0,1,1,0,1,0,1,0,0,0,1,0,0,1,0,0,0,1,0,0
0,0,0,0,57,1,0,1,0,1,0,1,1,1,74.35,4317.35,0,5548,74.43706896551724,0.013401225666906992,5,0,0,0,0,1,0,1,0,0,0,0,1,1,0,0,0,0,0,1,0,1,0,0
0,0,0,0,15,1,0,0,1,0,0,0,0,0,48.85,736.8,0,5584,46.05,0.008748209169054442,2,1,1,0,0,1,1,1,0,0,1,0,0,0,0,1,0,1,0,0,0,1,0,0
0,0,0,0,4,1,1,1,0,0,0,0,0,1,80.1,336.15,0,2333,67.22999999999999,0.03433347621088727,3,1,1,1,0,1,0,0,1,0,1,0,0,0,0,1,0,0,0,0,1,0,1,0
0,0,0,0,28,1,0,1,1,0,0,0,0,0,56.05,1522.65,0,4468,52.505172413793105,0.012544762757385855,3,1,1,0,0,1,0,1,0,0,1,0,0,0,0,1,0,0,1,0,0,0,0,1
0,0,1,0,55,1,1,1,0,0,0,1,0,1,89.8,4959.6,0,5875,88.56428571428572,0.015285106382978723,4,1,0,1,0,1,0,0,1,0,1,0,0,1,0,0,0,0,0,1,0,1,0,0
0,0,0,1,55,1,0,0,0,0,0,0,0,0,19.1,1001.5,0,4391,17.883928571428573,0.004349806422227283,1,0,0,0,0,1,1,0,0,1,0,1,0,1,0,0,0,0,0,1,0,0,0,1
0,0,1,1,20,1,0,0,0,0,0,0,0,0,20.35,442.6,0,2522,21.076190476190476,0.008068992862807297,1,1,0,0,0,1,1,0,0,1,1,0,0,0,0,0,1,1,0,0,0,0,1,0
0,0,1,1,62,1,1,0,1,0,1,1,1,1,106.05,6703.5,0,6361,106.4047619047619,0.01667190693287219,6,0,0,1,0,0,1,0,1,0,0,1,0,0,1,0,0,0,0,1,0,1,0,0
0,0,0,0,43,1,0,0,0,0,0,0,0,1,19.65,779.25,0,3678,17.710227272727273,0.005342577487765089,1,0,0,0,0,1,1,0,0,1,0,0,1,1,0,0,0,0,1,0,0,0,0,1
0,0,1,0,60,1,0,1,1,0,1,0,0,0,59.85,3483.45,0,4029,57.10573770491803,0.014854802680565897,4,0,0,0,0,0,0,1,0,0,0,0,1,1,0,0,0,0,0,1,0,0,0,1
0,0,1,0,58,1,1,1,1,1,0,1,1,1,86.1,4890.5,0,5666,82.88983050847457,0.015195905400635368,7,0,1,0,0,1,0,1,0,0,0,0,1,0,0,1,0,0,0,1,0,1,0,0
0,0,0,1,7,1,0,0,0,0,0,0,0,0,19.45,136.75,0,5084,17.09375,0.0038257277734067663,1,0,0,0,0,1,1,0,0,1,0,1,0,0,0,0,1,0,0,0,1,0,0,1
0,0,1,1,2,1,0,1,0,0,0,1,1,0,97.1,184.15,0,5745,61.38333333333333,0.01690165361183638,4,1,1,1,0,1,0,0,1,0,1,0,0,0,0,1,0,0,0,0,1,1,0,0
0,1,0,0,37,0,0,0,1,1,0,0,0,0,36.65,1315.0,0,2494,34.60526315789474,0.014695268644747394,2,1,1,0,1,1,1,1,0,0,1,0,0,0,0,1,0,0,1,0,0,0,1,0
0,1,1,1,65,1,1,0,0,1,1,1,1,1,103.9,6767.1,0,5669,102.53181818181818,0.018327747398130183,6,0,0,1,1,0,1,0,1,0,0,1,0,1,0,0,0,0,0,1,0,1,0,0
0,0,1,1,39,1,0,0,0,0,0,0,0,0,19.75,757.95,0,3944,18.94875,0.005007606490872211,1,0,0,0,0,1,1,0,0,1,0,0,1,0,0,0,1,0,1,0,0,0,0,1
0,0,0,0,68,1,1,0,0,0,0,0,0,0,24.55,1657.4,0,6042,24.020289855072466,0.004063224097980801,2,0,0,0,0,1,1,0,0,1,0,0,1,0,0,0,1,0,0,1,0,1,0,0
0,0,1,1,62,0,0,1,1,0,1,1,0,0,48.7,3008.55,0,5453,47.75476190476191,0.008930863744727673,4,0,0,0,0,0,0,1,0,0,0,0,1,1,0,0,0,0,0,1,0,1,0,0
0,0,1,0,72,1,1,1,1,1,0,1,1,1,109.55,8165.1,0,6452,111.85068493150685,0.016979231246125232,7,0,1,1,0,1,0,0,1,0,0,0,1,0,0,1,0,0,0,1,0,1,0,0
0,0,1,0,41,1,0,0,0,0,0,0,0,0,20.65,875.55,0,5062,20.84642857142857,0.0040794152508889766,1,0,0,0,0,1,1,0,0,1,0,0,1,0,1,0,0,0,1,0,0,0,0,1
0,0,0,0,4,1,0,1,1,0,0,0,0,0,55.2,220.65,0,4042,44.13,0.013656605640771896,3,1,1,0,0,1,0,1,0,0,1,0,0,0,0,1,0,0,0,0,1,0,0,1
0,0,0,0,53,1,1,0,0,0,0,0,0,0,24.05,1301.9,0,4865,24.10925925925926,0.004943473792394656,2,0,0,0,0,1,1,0,0,1,0,1,0,1,0,0,0,0,0,1,0,0,0,1
0,0,1,0,39,1,0,0,0,0,0,0,0,1,20.45,790.0,0,2165,19.75,0.009445727482678983,1,0,0,0,0,1,1,0,0,1,0,0,1,1,0,0,0,0,1,0,0,0,1,0
0,0,1,0,63,1,0,0,0,0,0,0,0,0,19.25,1237.65,0,4538,19.33828125,0.004241956809167034,1,0,0,0,0,1,1,0,0,1,0,0,1,0,0,0,1,0,0,1,0,0,0,1
0,0,0,0,15,1,1,0,0,0,0,0,0,1,26.35,378.6,0,2723,23.6625,0.00967682702901212,2,1,1,0,0,1,1,0,0,1,1,0,0,0,0,1,0,1,0,0,0,0,1,0
0,0,1,0,13,1,0,0,0,0,0,0,0,0,43.8,592.65,0,4369,42.332142857142856,0.010025177386129548,1,0,1,0,0,1,1,1,0,0,0,1,0,0,0,1,0,1,0,0,0,0,0,1
0,0,0,0,1,1,0,0,1,0,0,0,0,1,50.15,50.15,0,4014,25.075,0.012493771798704534,2,1,0,0,0,1,1,1,0,0,1,0,0,0,0,0,1,0,0,0,1,0,0,1
0,0,0,0,1,1,0,0,0,0,0,0,0,0,20.45,20.45,0,5925,10.225,0.003451476793248945,1,0,0,0,0,1,1,0,0,1,0,0,1,0,0,0,1,0,0,0,1,1,0,0
0,0,0,0,60,1,0,1,1,1,0,0,0,0,61.4,3638.25,0,6209,59.64344262295082,0.009888870993718796,4,0,1,0,0,1,0,1,0,0,0,0,1,0,0,1,0,0,0,1,0,1,0,0
0,0,1,0,40,1,1,0,1,0,1,1,0,0,70.75,2921.75,0,5507,71.26219512195122,0.012847285273288541,5,0,0,0,0,0,1,1,0,0,0,1,0,0,1,0,0,0,1,0,0,1,0,0
0,0,0,0,66,1,0,1,1,1,0,0,0,1,61.15,4017.45,0,5133,59.96194029850746,0.011913111240989675,4,0,0,0,0,1,0,1,0,0,0,0,1,1,0,0,0,0,0,1,0,0,0,1
0,0,1,1,42,1,0,0,0,0,0,0,0,0,20.25,854.9,0,4439,19.88139534883721,0.004561838251858527,1,0,0,0,0,1,1,0,0,1,0,1,0,0,0,0,1,0,1,0,0,0,0,1
0,1,0,0,66,1,1,1,1,0,1,0,0,1,63.85,4174.35,0,4657,62.30373134328359,0.013710543268198412,5,0,0,0,1,0,0,1,0,0,0,1,0,0,1,0,0,0,0,1,0,0,0,1
0,0,0,0,49,1,1,0,1,0,0,1,1,0,98.7,4920.55,0,6148,98.411,0.016054001301236173,5,1,1,1,0,1,1,0,1,0,1,0,0,0,0,1,0,0,0,1,0,1,0,0
0,0,0,0,41,1,0,0,0,0,0,0,0,0,20.0,810.3,0,5913,19.29285714285714,0.0033823778116015557,1,0,0,0,0,1,1,0,0,1,0,0,1,0,0,0,1,0,1,0,0,1,0,0
0,0,1,1,41,1,0,0,0,0,0,0,0,0,19.3,772.4,0,4180,18.39047619047619,0.004617224880382775,1,0,0,0,0,1,1,0,0,1,0,0,1,1,0,0,0,0,1,0,0,0,0,1
0,0,1,1,23,1,0,1,1,0,1,0,0,0,84.4,1936.85,0,2177,80.70208333333333,0.038768948093706936,4,1,0,1,0,0,0,0,1,0,1,0,0,0,0,0,1,1,0,0,0,0,1,0
0,0,0,0,3,0,0,0,0,0,0,0,0,0,25.1,79.8,0,2013,19.95,0.01246895181321411,0,1,1,0,0,1,1,1,0,0,1,0,0,0,0,1,0,0,0,0,1,0,1,0
0,0,0,0,4,0,0,1,0,1,1,0,1,0,48.25,202.25,0,2682,40.45,0.017990305741983594,4,1,0,0,0,0,0,1,0,0,1,0,0,0,0,0,1,0,0,0,1,0,1,0
0,0,1,1,52,1,0,0,0,0,0,0,0,0,19.85,1070.5,0,5432,20.19811320754717,0.003654270986745214,1,0,0,0,0,1,1,0,0,1,0,0,1,0,0,0,1,0,0,1,0,1,0,0
0,0,0,0,11,1,0,0,1,1,1,0,1,1,94.2,999.9,0,2405,83.325,0.03916839916839917,5,1,1,1,0,0,1,0,1,0,1,0,0,0,0,1,0,0,0,0,1,0,1,0
0,0,1,0,2,1,0,1,0,0,0,0,1,1,62.15,113.1,0,5766,37.699999999999996,0.01077870274020118,3,1,0,0,0,1,0,1,0,0,1,0,0,0,0,0,1,0,0,0,1,1,0,0
0,0,1,0,26,1,1,0,1,0,0,0,0,0,79.3,2015.8,0,5168,74.65925925925926,0.015344427244582043,3,1,0,1,0,1,1,0,1,0,1,0,0,1,0,0,0,0,1,0,0,0,0,1
0,0,1,1,24,1,0,1,0,1,0,0,0,1,56.25,1454.25,0,3607,58.17,0.01559467701691156,3,0,0,0,0,1,0,1,0,0,0,1,0,0,1,0,0,1,0,0,0,0,0,1
0,0,0,0,12,1,0,0,0,0,0,0,0,0,20.3,246.7,0,4177,18.976923076923075,0.0048599473306200625,1,1,0,0,0,1,1,0,0,1,1,0,0,0,0,0,1,0,0,0,1,0,0,1
0,1,1,0,60,1,1,0,0,0,1,1,1,1,99.0,6017.9,0,4763,98.65409836065574,0.020785219399538105,5,1,1,1,1,0,1,0,1,0,1,0,0,0,0,1,0,0,0,1,0,0,0,1
0,0,1,1,64,1,1,1,1,1,1,1,1,1,90.6,5817.45,0,5240,89.49923076923076,0.01729007633587786,8,0,0,0,0,0,0,1,0,0,0,0,1,0,0,0,1,0,0,1,0,0,0,1
0,0,1,0,66,1,0,1,1,1,1,1,1,1,85.9,5595.3,0,5137,83.51194029850747,0.016721822075141134,7,0,0,0,0,0,0,1,0,0,0,0,1,1,0,0,0,0,0,1,0,0,0,1
0,0,0,0,60,1,1,0,0,1,0,0,0,1,79.2,4765.0,0,5687,78.11475409836065,0.013926499032882012,3,0,0,1,0,1,1,0,1,0,0,1,0,1,0,0,0,0,0,1,0,1,0,0
0,0,1,1,17,1,1,1,0,1,0,1,0,1,70.35,1201.65,0,2704,66.75833333333334,0.026017011834319523,5,0,0,0,0,1,0,1,0,0,0,1,0,1,0,0,0,1,0,0,0,0,1,0
0,0,1,1,42,1,0,0,0,0,0,0,0,0,19.35,867.3,0,3433,20.169767441860465,0.005636469560151471,1,0,0,0,0,1,1,0,0,1,0,0,1,0,0,0,1,0,1,0,0,0,1,0
0,0,0,0,1,1,1,0,0,0,0,0,0,1,50.15,50.15,0,3043,25.075,0.0164804469273743,2,1,1,0,0,1,1,1,0,0,1,0,0,0,0,1,0,0,0,0,1,0,1,0
0,0,1,1,47,1,0,0,1,0,1,0,1,0,63.8,3007.25,0,5144,62.651041666666664,0.012402799377916019,4,0,0,0,0,0,1,1,0,0,0,0,1,1,0,0,0,0,1,0,0,0,0,1
0,0,1,0,10,1,0,0,0,0,0,0,0,1,20.55,252.75,0,4907,22.977272727272727,0.004187894844100265,1,1,0,0,0,1,1,0,0,1,1,0,0,0,0,0,1,0,0,0,1,0,0,1
0,1,1,0,70,1,1,1,1,1,1,1,1,1,88.55,6306.5,0,4097,88.82394366197182,0.021613375640712716,8,0,0,0,1,0,0,1,0,0,0,0,1,0,1,0,0,0,0,1,0,0,0,1
0,1,0,0,67,1,1,0,0,1,0,1,1,1,101.4,6841.05,0,5269,100.60367647058824,0.019244638451319036,5,1,0,1,1,1,1,0,1,0,1,0,0,0,1,0,0,0,0,1,0,0,0,1
0,0,0,0,1,1,0,0,0,0,0,0,0,0,44.6,44.6,0,4864,22.3,0.009169407894736843,1,1,0,0,0,1,1,1,0,0,1,0,0,0,0,0,1,0,0,0,1,0,0,1
0,0,0,0,4,1,0,0,1,0,1,1,0,1,63.75,226.2,0,2624,45.239999999999995,0.024294969512195123,4,1,0,0,0,0,1,1,0,0,1,0,0,1,0,0,0,0,0,0,1,0,1,0
0,0,1,1,66,1,1,1,1,1,0,1,1,0,109.25,7082.5,0,5865,105.7089552238806,0.018627450980392157,7,0,0,1,0,1,0,0,1,0,0,0,1,1,0,0,0,0,0,1,0,1,0,0
0,0,0,0,12,1,0,0,1,0,0,0,1,1,84.6,1017.35,0,4807,78.25769230769231,0.017599334304139794,3,1,1,1,0,1,1,0,1,0,1,0,0,0,0,1,0,0,0,0,1,0,0,1
0,0,0,0,24,1,0,0,0,0,0,0,0,0,20.45,527.35,0,4690,21.094,0.0043603411513859274,1,0,0,0,0,1,1,0,0,1,0,1,0,0,1,0,0,1,0,0,0,0,0,1
0,0,0,0,26,1,0,0,1,0,0,1,0,1,85.75,2146.5,0,3178,79.5,0.026982378854625552,3,1,1,1,0,1,1,0,1,0,1,0,0,0,0,1,0,0,1,0,0,0,1,0
0,0,1,0,57,1,1,0,0,1,1,1,1,0,107.95,5969.85,0,4687,102.92844827586208,0.023031790057606145,6,0,1,1,0,0,1,0,1,0,0,0,1,0,0,1,0,0,0,1,0,0,0,1
0,0,1,1,42,1,1,0,0,0,0,0,0,0,22.95,1014.25,0,4650,23.587209302325583,0.0049354838709677416,2,0,1,0,0,1,1,0,0,1,0,0,1,0,0,1,0,0,1,0,0,0,0,1
0,0,1,0,64,1,0,0,0,0,0,0,0,0,19.45,1225.65,0,5113,18.85615384615385,0.003804028945824369,1,0,0,0,0,1,1,0,0,1,0,0,1,0,1,0,0,0,0,1,0,0,0,1
0,0,0,0,19,1,0,0,0,0,0,0,0,1,19.7,386.5,0,4431,19.325,0.004445948995712028,1,0,0,0,0,1,1,0,0,1,0,1,0,0,1,0,0,1,0,0,0,0,0,1
0,0,1,0,22,1,0,0,0,1,0,1,0,1,87.0,1850.65,0,5233,80.46304347826087,0.016625262755589527,3,1,0,1,0,1,1,0,1,0,1,0,0,1,0,0,0,1,0,0,0,0,0,1
0,0,0,0,12,1,0,0,0,0,0,0,1,1,79.95,1043.4,0,2968,80.26153846153846,0.02693733153638814,2,1,0,1,0,1,1,0,1,0,1,0,0,1,0,0,0,0,0,0,1,0,1,0
0,0,1,0,31,1,0,1,0,0,1,0,1,1,64.0,1910.75,0,5191,59.7109375,0.012329031015218648,4,0,1,0,0,0,0,1,0,0,0,1,0,0,0,1,0,0,1,0,0,0,0,1
0,0,0,0,11,1,0,0,0,0,0,1,1,1,64.9,716.1,0,2775,59.675000000000004,0.02338738738738739,3,1,1,0,0,1,1,1,0,0,1,0,0,0,0,1,0,0,0,0,1,0,1,0
0,0,1,1,68,1,1,0,0,0,0,0,0,0,25.75,1686.15,0,5434,24.43695652173913,0.004738682370261317,2,0,0,0,0,1,1,0,0,1,0,0,1,0,0,0,1,0,0,1,0,1,0,0
0,1,1,1,72,1,1,1,1,1,1,1,1,1,90.15,6716.45,0,4606,92.00616438356164,0.019572297003907946,8,0,0,0,1,0,0,1,0,0,0,0,1,1,0,0,0,0,0,1,0,0,0,1
0,1,0,0,67,1,1,1,1,1,1,1,1,1,116.1,7839.85,0,5896,115.29191176470589,0.019691316146540027,8,0,0,1,1,0,0,0,1,0,0,0,1,0,1,0,0,0,0,1,0,1,0,0
0,0,0,0,60,1,0,1,0,1,1,1,1,1,104.95,6236.75,0,5926,102.24180327868852,0.017710091123860953,6,1,0,1,0,0,0,0,1,0,1,0,0,1,0,0,0,0,0,1,0,1,0,0
0,0,1,1,58,0,0,1,1,1,0,1,0,0,50.0,2919.85,0,4704,49.48898305084746,0.010629251700680272,4,0,0,0,0,1,0,1,0,0,0,1,0,0,0,0,1,0,0,1,0,0,0,1
0,0,0,0,1,1,0,0,0,0,0,0,0,0,20.45,20.45,0,2664,10.225,0.007676426426426426,1,1,0,0,0,1,1,0,0,1,1,0,0,0,0,0,1,0,0,0,1,0,1,0
0,0,1,0,37,1,0,0,0,0,0,0,0,1,19.85,717.5,0,5707,18.88157894736842,0.0034781846854739797,1,0,0,0,0,1,1,0,0,1,0,1,0,1,0,0,0,0,1,0,0,1,0,0
0,0,0,0,13,1,0,0,0,0,0,0,0,1,19.95,253.8,0,2252,18.12857142857143,0.00885879218472469,1,0,1,0,0,1,1,0,0,1,0,1,0,0,0,1,0,1,0,0,0,0,1,0
0,0,0,0,43,1,1,0,0,0,0,0,0,0,26.45,1110.05,0,3881,25.22840909090909,0.006815253800566864,2,0,0,0,0,1,1,0,0,1,0,0,1,1,0,0,0,0,1,0,0,0,0,1
0,0,0,0,6,0,0,1,1,1,1,1,1,1,63.4,348.8,0,3909,49.82857142857143,0.0162189818367869,6,0,0,0,0,0,0,1,0,0,0,0,1,0,0,0,1,0,0,0,1,0,0,1
0,0,0,0,71,0,0,1,1,1,1,1,0,0,53.95,3888.65,0,4094,54.00902777777778,0.013177821201758672,5,0,0,0,0,0,0,1,0,0,0,0,1,1,0,0,0,0,0,1,0,0,0,1
0,0,1,1,72,1,1,1,1,0,0,1,0,1,95.1,6843.15,0,5584,93.7417808219178,0.01703080229226361,5,0,1,1,0,1,0,0,1,0,0,0,1,0,0,1,0,0,0,1,0,1,0,0
0,1,0,0,6,1,0,1,0,0,0,0,0,1,74.1,450.9,0,4716,64.41428571428571,0.015712468193384222,2,1,1,1,1,1,0,0,1,0,1,0,0,0,0,1,0,0,0,0,1,0,0,1
0,0,1,1,12,0,0,0,1,0,1,0,0,0,35.5,432.25,0,2562,33.25,0.013856362217017954,2,1,0,0,0,0,1,1,0,0,1,0,0,0,0,0,1,0,0,0,1,0,1,0
0,0,1,0,21,1,0,0,0,1,1,0,0,0,79.2,1742.45,0,4900,79.20227272727273,0.01616326530612245,3,0,1,1,0,0,1,0,1,0,0,1,0,0,0,1,0,1,0,0,0,0,0,1
0,0,1,1,6,1,0,0,0,0,1,0,0,1,48.8,297.35,0,4538,42.478571428571435,0.010753635962979286,2,1,0,0,0,0,1,1,0,0,1,0,0,0,0,0,1,0,0,0,1,0,0,1
0,0,0,0,43,1,0,0,1,0,1,0,0,0,55.45,2444.25,0,3350,55.55113636363637,0.01655223880597015,3,0,1,0,0,0,1,1,0,0,0,1,0,0,0,1,0,0,1,0,0,0,1,0
0,0,1,1,35,1,1,0,0,0,0,0,0,1,25.4,949.8,0,5070,26.383333333333333,0.0050098619329388555,2,0,0,0,0,1,1,0,0,1,0,0,1,0,1,0,0,0,1,0,0,0,0,1
0,1,1,0,32,1,1,0,1,1,0,0,1,1,93.5,2970.8,0,5804,90.02424242424243,0.016109579600275672,5,1,1,1,1,1,1,0,1,0,1,0,0,0,0,1,0,0,1,0,0,1,0,0
0,0,0,0,52,0,0,1,1,1,1,1,1,0,63.9,3334.95,0,5380,62.92358490566038,0.011877323420074349,6,0,0,0,0,0,0,1,0,0,0,0,1,0,1,0,0,0,0,1,0,0,0,1
0,0,0,0,32,1,0,0,0,0,0,1,1,1,64.85,2010.95,0,4895,60.93787878787879,0.013248212461695606,3,0,0,0,0,1,1,1,0,0,0,1,0,1,0,0,0,0,1,0,0,0,0,1
0,0,1,1,72,0,0,1,1,1,1,1,1,1,63.8,4684.3,0,6107,64.16849315068494,0.010447028000654985,6,0,0,0,0,0,0,1,0,0,0,0,1,1,0,0,0,0,0,1,0,1,0,0
0,0,0,0,51,0,0,1,0,0,1,0,1,1,44.45,2181.55,0,6087,41.95288461538462,0.007302447839658288,3,1,0,0,0,0,0,1,0,0,1,0,0,0,1,0,0,0,0,1,0,1,0,0
0,0,1,1,68,1,0,0,0,0,0,0,0,1,19.95,1303.25,0,6492,18.88768115942029,0.0030730129390018485,1,0,0,0,0,1,1,0,0,1,0,0,1,1,0,0,0,0,0,1,0,1,0,0
0,1,1,0,8,0,0,0,1,1,0,0,1,1,43.35,371.4,0,2560,41.266666666666666,0.01693359375,3,1,0,0,1,1,1,1,0,0,1,0,0,0,0,0,1,0,0,0,1,0,1,0
0,0,1,0,49,0,0,0,1,0,0,1,1,0,49.65,2409.9,0,4283,48.198,0.011592341816483772,3,0,0,0,0,1,1,1,0,0,0,0,1,0,1,0,0,0,0,1,0,0,0,1
0,0,1,0,72,1,0,1,1,1,1,1,1,0,85.1,6155.4,0,4147,84.32054794520548,0.020520858451892932,7,0,0,0,0,0,0,1,0,0,0,0,1,0,0,0,1,0,0,1,0,0,0,1
0,0,0,0,54,1,0,1,0,1,0,1,0,0,89.8,4667.0,0,4980,84.85454545454546,0.018032128514056223,4,1,0,1,0,1,0,0,1,0,1,0,0,0,0,0,1,0,0,1,0,0,0,1
0,0,1,1,50,1,0,0,0,1,1,1,1,0,103.05,5153.5,0,5905,101.04901960784314,0.017451312447078746,5,0,0,1,0,0,1,0,1,0,0,1,0,0,0,0,1,0,0,1,0,1,0,0
0,0,1,0,69,1,1,1,1,1,1,1,1,1,116.0,8182.85,0,4216,116.89785714285715,0.027514231499051234,8,0,1,1,0,0,0,0,1,0,0,0,1,0,0,1,0,0,0,1,0,0,0,1
0,0,0,0,1,1,0,0,0,0,0,0,0,1,69.9,69.9,0,3358,34.95,0.020815961882072662,1,1,1,1,0,1,1,0,1,0,1,0,0,0,0,1,0,0,0,0,1,0,1,0
0,0,1,1,68,1,0,1,1,0,1,0,1,0,95.1,6683.4,0,5748,96.86086956521739,0.016544885177453027,5,0,0,1,0,0,0,0,1,0,0,0,1,1,0,0,0,0,0,1,0,1,0,0
0,0,0,1,40,0,0,1,1,0,1,0,0,0,40.25,1564.05,0,4288,38.14756097560976,0.009386660447761194,3,0,0,0,0,0,0,1,0,0,0,1,0,0,0,0,1,0,1,0,0,0,0,1
0,0,1,1,31,1,1,0,0,0,0,0,0,0,25.75,755.6,0,5472,23.6125,0.00470577485380117,2,0,0,0,0,1,1,0,0,1,0,0,1,0,0,0,1,0,1,0,0,1,0,0
0,1,0,1,33,1,1,0,1,1,0,1,1,1,105.35,3465.05,0,4738,101.91323529411765,0.022235120303925705,6,1,0,1,1,1,1,0,1,0,1,0,0,1,0,0,0,0,1,0,0,0,0,1
0,1,1,0,55,1,1,0,1,1,1,1,1,1,113.6,6292.7,0,5754,112.36964285714285,0.019742787625999302,7,0,1,1,1,0,1,0,1,0,0,0,1,0,0,1,0,0,0,1,0,1,0,0
0,0,1,1,68,1,1,0,0,0,0,0,0,1,24.0,1664.3,0,5440,24.120289855072464,0.004411764705882353,2,0,0,0,0,1,1,0,0,1,0,0,1,1,0,0,0,0,0,1,0,1,0,0
0,0,1,1,12,1,0,0,0,0,0,0,0,0,19.4,198.1,0,3713,15.238461538461538,0.005224885537301373,1,1,0,0,0,1,1,0,0,1,1,0,0,1,0,0,0,0,0,0,1,0,0,1
0,0,1,0,71,1,0,1,1,1,1,1,1,1,86.1,6045.9,0,6286,83.97083333333333,0.013697104677060134,7,0,0,0,0,0,0,1,0,0,0,0,1,1,0,0,0,0,0,1,0,1,0,0
0,0,0,0,40,1,1,0,1,1,0,1,1,1,102.65,4108.15,0,3655,100.19878048780487,0.02808481532147743,6,1,0,1,0,1,1,0,1,0,1,0,0,0,0,0,1,0,1,0,0,0,0,1
0,0,1,1,64,1,1,0,1,1,0,0,1,1,92.85,5980.75,0,5206,92.01153846153846,0.017835190165194005,5,0,1,1,0,1,1,0,1,0,0,1,0,0,0,1,0,0,0,1,0,0,0,1
0,0,1,0,53,1,1,0,1,0,1,0,1,0,97.75,5043.2,0,4488,93.39259259259259,0.021780303030303032,5,0,0,1,0,0,1,0,1,0,0,1,0,1,0,0,0,0,0,1,0,0,0,1
0,0,1,0,72,1,1,1,1,1,0,1,0,1,97.95,7114.25,0,4256,97.45547945205479,0.023014567669172932,6,0,0,1,0,1,0,0,1,0,0,0,1,0,1,0,0,0,0,1,0,0,0,1
0,0,0,0,46,1,0,0,0,0,0,0,0,0,19.95,907.05,0,4006,19.298936170212766,0.004980029955067399,1,0,1,0,0,1,1,0,0,1,0,0,1,0,0,1,0,0,1,0,0,0,0,1
0,0,0,0,40,1,1,0,0,0,0,0,0,1,24.6,973.95,0,2601,23.75487804878049,0.009457900807381776,2,0,0,0,0,1,1,0,0,1,0,0,1,0,0,0,1,0,1,0,0,0,1,0
0,0,0,0,12,0,0,1,1,0,1,1,0,1,50.95,605.75,0,2716,46.59615384615385,0.018759204712812963,4,1,0,0,0,0,0,1,0,0,1,0,0,1,0,0,0,0,0,0,1,0,1,0
0,0,0,0,9,1,0,1,0,0,0,0,0,0,75.6,661.55,0,4990,66.155,0.015150300601202404,2,1,1,1,0,1,0,0,1,0,1,0,0,0,0,1,0,0,0,0,1,0,0,1
0,0,1,1,51,1,1,0,0,0,1,0,0,1,80.75,4116.9,0,6032,79.17115384615384,0.013386936339522546,3,1,1,1,0,0,1,0,1,0,1,0,0,0,0,1,0,0,0,1,0,1,0,0
0,0,1,1,49,1,0,0,1,1,0,1,0,1,90.4,4494.65,0,5804,89.89299999999999,0.015575465196416265,4,1,0,1,0,1,1,0,1,0,1,0,0,0,1,0,0,0,0,1,0,1,0,0
0,0,0,0,56,1,0,1,0,1,1,0,0,1,60.25,3282.75,0,4835,57.5921052631579,0.012461220268872803,4,0,0,0,0,0,0,1,0,0,0,1,0,0,1,0,0,0,0,1,0,0,0,1
0,0,0,0,4,1,0,0,0,0,0,0,0,1,20.2,55.7,0,4267,11.14,0.004734005155847199,1,1,1,0,0,1,1,0,0,1,1,0,0,0,0,1,0,0,0,0,1,0,0,1
0,0,1,0,20,1,0,1,0,0,1,0,1,1,64.15,1274.45,0,5969,60.688095238095244,0.010747193834813203,4,0,0,0,0,0,0,1,0,0,0,1,0,0,0,0,1,1,0,0,0,1,0,0
0,0,1,1,26,1,0,0,0,0,0,0,0,1,20.25,493.95,0,5158,18.294444444444444,0.003925940286932919,1,1,0,0,0,1,1,0,0,1,1,0,0,0,1,0,0,0,1,0,0,0,0,1
0,0,0,0,51,1,0,0,1,1,0,1,1,1,99.0,5038.15,0,5787,96.88749999999999,0.017107309486780714,5,1,1,1,0,1,1,0,1,0,1,0,0,0,0,1,0,0,0,1,0,1,0,0
0,0,0,0,4,1,1,0,1,0,0,0,0,1,80.3,324.2,0,3132,64.84,0.025638569604086843,3,1,0,1,0,1,1,0,1,0,1,0,0,0,0,0,1,0,0,0,1,0,1,0
0,0,0,0,1,1,0,0,0,0,0,0,0,0,19.55,19.55,0,5537,9.775,0.0035307928481126964,1,1,0,0,0,1,1,0,0,1,1,0,0,0,1,0,0,0,0,0,1,1,0,0
0,0,1,1,27,1,1,1,1,0,1,1,0,0,100.75,2793.55,0,3160,99.76964285714287,0.03188291139240507,6,1,1,1,0,0,0,0,1,0,1,0,0,0,0,1,0,0,1,0,0,0,1,0
0,0,0,0,12,1,0,0,1,0,1,0,0,1,53.75,648.65,0,5385,49.896153846153844,0.009981429897864439,3,1,0,0,0,0,1,1,0,0,1,0,0,0,0,0,1,0,0,0,1,1,0,0
0,0,1,1,34,1,1,0,0,0,0,0,0,1,25.6,917.15,0,5854,26.204285714285714,0.0043730782371028355,2,0,0,0,0,1,1,0,0,1,0,1,0,0,1,0,0,0,1,0,0,1,0,0
0,0,1,0,24,1,1,1,0,0,1,0,0,1,58.35,1346.9,0,5428,53.876000000000005,0.01074981577008106,4,0,1,0,0,0,0,1,0,0,0,1,0,0,0,1,0,1,0,0,0,1,0,0
0,1,0,0,14,0,0,0,0,0,0,1,1,1,46.35,672.7,0,2056,44.84666666666667,0.022543774319066148,2,1,1,0,1,1,1,1,0,0,1,0,0,0,0,1,0,1,0,0,0,0,1,0
0,0,1,0,59,1,1,1,1,1,1,1,1,0,113.75,6561.25,0,6251,109.35416666666667,0.018197088465845463,8,0,1,1,0,0,0,0,1,0,0,0,1,0,0,1,0,0,0,1,0,1,0,0
0,0,0,0,3,1,0,0,1,1,0,0,1,0,90.4,268.45,0,5625,67.1125,0.016071111111111112,4,1,1,1,0,1,1,0,1,0,1,0,0,0,0,1,0,0,0,0,1,1,0,0
0,0,1,1,65,1,1,1,0,1,1,1,1,0,109.3,7337.55,0,6087,111.175,0.017956300312140627,7,0,1,1,0,0,0,0,1,0,0,0,1,0,0,1,0,0,0,1,0,1,0,0
0,0,1,1,59,1,1,1,1,1,1,1,1,0,90.3,5194.05,0,4617,86.56750000000001,0.019558154645873942,8,0,0,0,0,0,0,1,0,0,0,0,1,0,1,0,0,0,0,1,0,0,0,1
0,0,1,1,72,0,0,1,1,1,1,1,1,1,65.25,4478.85,0,6412,61.3541095890411,0.010176232064878353,6,0,0,0,0,0,0,1,0,0,0,0,1,0,1,0,0,0,0,1,0,1,0,0
0,0,0,0,3,1,0,0,0,0,1,0,1,0,60.65,196.9,0,2111,49.225,0.02873045949786831,3,1,0,0,0,0,1,1,0,0,1,0,0,0,0,0,1,0,0,0,1,0,1,0
0,0,0,1,19,1,1,0,0,0,0,0,0,1,24.1,439.2,0,2378,21.96,0.010134566862910008,2,1,0,0,0,1,1,0,0,1,1,0,0,0,1,0,0,1,0,0,0,0,1,0
0,0,0,0,1,1,0,0,0,0,0,0,0,1,19.5,19.5,0,3753,9.75,0.005195843325339729,1,1,0,0,0,1,1,0,0,1,1,0,0,0,0,0,1,0,0,0,1,0,0,1
0,0,0,0,24,1,0,0,1,1,1,0,0,1,85.95,2107.15,0,5421,84.286,0.01585500830105147,4,1,1,1,0,0,1,0,1,0,1,0,0,0,0,1,0,1,0,0,0,1,0,0
0,1,0,0,57,1,0,0,0,1,1,0,0,1,53.5,3035.8,0,5521,52.341379310344834,0.009690273501177323,3,0,1,0,1,0,1,1,0,0,0,1,0,0,0,1,0,0,0,1,0,1,0,0
0,0,0,0,72,1,1,0,0,0,0,0,0,0,25.45,1866.45,0,4118,25.567808219178083,0.006180184555609519,2,0,0,0,0,1,1,0,0,1,0,0,1,0,1,0,0,0,0,1,0,0,0,1
0,0,0,0,67,1,0,0,0,0,0,0,0,0,20.5,1430.95,0,4416,21.043382352941176,0.004642210144927536,1,0,0,0,0,1,1,0,0,1,0,0,1,1,0,0,0,0,0,1,0,0,0,1
0,0,1,1,52,1,0,0,0,0,0,0,0,1,20.85,1071.6,0,4886,20.2188679245283,0.004267294310274253,1,0,0,0,0,1,1,0,0,1,0,1,0,0,1,0,0,0,0,1,0,0,0,1
0,0,1,1,71,1,1,1,1,1,1,1,1,0,89.9,6457.15,0,4444,89.68263888888889,0.020229522952295232,8,0,0,0,0,0,0,1,0,0,0,0,1,0,1,0,0,0,0,1,0,0,0,1
0,0,1,0,26,1,1,0,0,0,0,0,0,0,26.0,684.05,0,2244,25.335185185185182,0.011586452762923352,2,0,0,0,0,1,1,0,0,1,0,1,0,0,0,0,1,0,1,0,0,0,1,0
0,0,0,0,35,1,1,1,1,1,1,1,1,1,113.2,3914.05,0,5723,108.72361111111111,0.019779835750480517,8,0,0,1,0,0,0,0,1,0,0,0,1,0,0,0,1,0,1,0,0,1,0,0
0,0,1,1,55,1,0,0,0,0,0,0,0,1,69.05,3842.6,0,4318,68.61785714285715,0.01599119962945808,1,0,0,1,0,1,1,0,1,0,0,0,1,0,1,0,0,0,0,1,0,0,0,1
0,0,1,1,33,1,0,0,0,0,0,0,0,0,20.1,670.35,0,3700,19.716176470588238,0.005432432432432433,1,0,0,0,0,1,1,0,0,1,0,0,1,0,0,0,1,0,1,0,0,0,0,1
0,0,1,0,72,1,1,1,1,1,0,1,1,1,109.65,7880.25,0,6181,107.9486301369863,0.017739847921048376,7,0,1,1,0,1,0,0,1,0,0,0,1,0,0,1,0,0,0,1,0,1,0,0
0,0,0,1,1,1,0,0,0,0,0,0,0,1,19.2,19.2,0,3383,9.6,0.005675436003547148,1,1,0,0,0,1,1,0,0,1,1,0,0,0,0,0,1,0,0,0,1,0,1,0
0,1,1,0,37,1,0,0,0,1,1,1,0,0,90.0,3371.75,0,4048,88.73026315789474,0.022233201581027668,4,1,1,1,1,0,1,0,1,0,1,0,0,0,0,1,0,0,1,0,0,0,0,1
0,0,0,0,12,0,0,0,1,0,1,0,0,0,34.0,442.45,0,3215,34.034615384615385,0.010575427682737169,2,1,0,0,0,0,1,1,0,0,1,0,0,0,0,0,1,0,0,0,1,0,1,0
0,0,1,1,1,1,0,0,0,0,0,0,0,0,20.4,20.4,0,4540,10.2,0.004493392070484581,1,0,0,0,0,1,1,0,0,1,0,1,0,0,0,0,1,0,0,0,1,0,0,1
0,0,1,0,62,0,0,1,1,0,1,0,0,1,38.6,2345.55,0,4558,37.23095238095238,0.008468626590609917,3,0,0,0,0,0,0,1,0,0,0,0,1,0,1,0,0,0,0,1,0,0,0,1
0,0,0,0,1,0,0,0,0,0,0,0,0,0,25.25,25.25,0,4831,12.625,0.005226661146760505,0,1,0,0,0,1,1,1,0,0,1,0,0,1,0,0,0,0,0,0,1,0,0,1
0,0,0,0,18,1,1,1,0,1,0,0,0,1,60.6,1156.35,0,4459,60.86052631578947,0.01359049114151155,4,1,0,0,0,1,0,1,0,0,1,0,0,0,0,0,1,1,0,0,0,0,0,1
0,0,0,0,2,1,0,0,1,0,0,0,0,1,74.75,144.8,0,4545,48.26666666666667,0.016446644664466447,2,1,1,1,0,1,1,0,1,0,1,0,0,0,0,1,0,0,0,0,1,0,0,1
0,0,1,1,19,1,0,0,0,0,0,0,0,0,20.6,414.95,0,2276,20.7475,0.00905096660808436,1,1,0,0,0,1,1,0,0,1,1,0,0,0,0,0,1,1,0,0,0,0,1,0
0,0,0,0,9,1,0,0,0,0,0,0,0,0,20.4,181.8,0,5380,18.18,0.0037918215613382896,1,1,0,0,0,1,1,0,0,1,1,0,0,0,0,0,1,0,0,0,1,0,0,1
0,0,0,0,27,1,0,1,0,1,1,1,1,0,81.7,2212.55,0,2445,79.01964285714287,0.03341513292433538,6,0,1,0,0,0,0,1,0,0,0,1,0,0,0,1,0,0,1,0,0,0,1,0
0,1,0,0,24,1,0,0,0,0,0,0,0,1,20.3,459.95,0,3740,18.398,0.0054278074866310165,1,1,0,0,1,1,1,0,0,1,1,0,0,0,0,0,1,1,0,0,0,0,0,1
0,0,0,0,11,1,0,0,0,0,0,0,0,0,20.0,211.95,0,3731,17.662499999999998,0.005360493165371214,1,0,0,0,0,1,1,0,0,1,0,1,0,0,0,0,1,0,0,0,1,0,0,1
0,0,0,0,1,1,1,0,0,0,0,0,0,1,25.0,25.0,0,2371,12.5,0.010544074230282582,2,1,0,0,0,1,1,0,0,1,1,0,0,0,0,0,1,0,0,0,1,0,1,0
0,1,0,1,38,1,1,1,0,0,0,0,0,1,80.45,3162.65,0,2926,81.09358974358975,0.027494873547505128,3,1,0,1,1,1,0,0,1,0,1,0,0,0,0,0,1,0,1,0,0,0,1,0
0,0,1,1,9,1,0,0,0,0,0,0,0,0,19.75,210.65,0,2427,21.065,0.008137618459002884,1,0,0,0,0,1,1,0,0,1,0,0,1,0,0,0,1,0,0,0,1,0,1,0
0,0,1,1,54,1,1,1,1,0,1,0,0,1,65.65,3566.7,0,5725,64.8490909090909,0.011467248908296944,5,0,0,0,0,0,0,1,0,0,0,0,1,0,1,0,0,0,0,1,0,1,0,0
0,0,0,0,29,1,1,0,0,0,0,1,1,1,71.0,2080.1,0,4226,69.33666666666666,0.01680075721722669,4,0,0,0,0,1,1,1,0,0,0,1,0,0,1,0,0,0,1,0,0,0,0,1
0,1,1,0,44,1,1,0,0,1,0,1,0,1,89.2,4040.2,0,2925,89.78222222222222,0.030495726495726495,4,1,1,1,1,1,1,0,1,0,1,0,0,0,0,1,0,0,1,0,0,0,1,0
0,0,1,1,59,1,0,1,1,1,1,1,1,1,86.75,5186.0,0,5020,86.43333333333334,0.017280876494023906,7,0,1,0,0,0,0,1,0,0,0,0,1,0,0,1,0,0,0,1,0,0,0,1
0,0,1,1,18,1,0,1,1,0,1,0,0,1,61.5,1087.45,0,3479,57.23421052631579,0.01767749353262432,4,0,0,0,0,0,0,1,0,0,0,1,0,0,0,0,1,1,0,0,0,0,0,1
0,1,0,0,67,1,1,0,0,0,0,0,0,0,25.1,1672.15,0,6388,24.59044117647059,0.003929242329367565,2,0,0,0,1,1,1,0,0,1,0,0,1,0,1,0,0,0,0,1,0,1,0,0
0,0,0,1,33,0,0,1,0,0,1,0,0,0,34.05,1113.95,0,3044,32.76323529411765,0.011185939553219447,2,0,0,0,0,0,0,1,0,0,0,1,0,0,1,0,0,0,1,0,0,0,1,0
0,0,0,0,5,1,0,0,0,0,0,0,0,0,19.95,107.05,0,4281,17.841666666666665,0.004660126138752628,1,1,0,0,0,1,1,0,0,1,1,0,0,0,0,0,1,0,0,0,1,0,0,1
0,0,0,0,2,1,0,0,0,0,0,0,0,0,19.95,38.15,0,4079,12.716666666666667,0.0048909046334886,1,1,0,0,0,1,1,0,0,1,1,0,0,0,0,0,1,0,0,0,1,0,0,1
0,0,1,1,72,1,1,1,1,1,1,1,1,0,89.7,6339.3,0,4193,86.83972602739726,0.02139279751967565,8,0,0,0,0,0,0,1,0,0,0,0,1,0,1,0,0,0,0,1,0,0,0,1
0,0,0,1,9,1,0,0,0,0,0,0,0,0,20.4,184.1,0,4195,18.41,0.004862932061978546,1,1,0,0,0,1,1,0,0,1,1,0,0,0,0,0,1,0,0,0,1,0,0,1
0,0,1,1,67,1,1,0,0,0,0,0,0,0,26.3,1688.9,0,6066,24.836764705882356,0.004335641279261457,2,0,0,0,0,1,1,0,0,1,0,0,1,0,0,0,1,0,0,1,0,1,0,0
0,0,0,0,8,1,0,0,0,0,0,0,0,1,20.7,137.6,0,3330,15.288888888888888,0.006216216216216216,1,1,0,0,0,1,1,0,0,1,1,0,0,0,0,0,1,0,0,0,1,0,1,0
0,0,0,0,17,1,0,0,0,0,0,0,0,0,19.45,369.05,0,5347,20.50277777777778,0.0036375537684683,1,0,0,0,0,1,1,0,0,1,0,0,1,0,1,0,0,1,0,0,0,0,0,1
0,0,1,0,68,1,1,1,1,1,0,1,1,1,110.8,7553.6,0,4545,109.47246376811594,0.02437843784378438,7,0,0,1,0,1,0,0,1,0,0,0,1,1,0,0,0,0,0,1,0,0,0,1
0,1,1,0,25,1,0,0,0,0,0,0,0,1,69.3,1813.1,0,4442,69.73461538461538,0.01560108059432688,1,1,1,1,1,1,1,0,1,0,1,0,0,0,0,1,0,0,1,0,0,0,0,1
0,0,0,0,67,0,0,1,0,1,1,1,0,1,49.35,3321.35,0,5905,48.84338235294118,0.008357324301439458,4,0,0,0,0,0,0,1,0,0,0,1,0,1,0,0,0,0,0,1,0,1,0,0
0,0,0,0,32,1,0,0,0,0,0,0,0,0,20.35,707.5,0,2433,21.439393939393938,0.008364159473900535,1,0,0,0,0,1,1,0,0,1,0,1,0,0,1,0,0,0,1,0,0,0,1,0
0,1,1,0,67,1,1,1,1,0,0,1,1,1,105.6,7112.15,0,5768,104.59044117647058,0.01830790568654646,6,0,1,1,1,1,0,0,1,0,0,1,0,0,0,1,0,0,0,1,0,1,0,0
0,1,1,0,72,0,0,1,1,1,1,1,1,1,64.45,4641.1,0,5295,63.57671232876713,0.012171860245514638,6,0,0,0,1,0,0,1,0,0,0,0,1,0,1,0,0,0,0,1,0,0,0,1
0,0,0,1,1,1,0,0,1,0,0,0,0,1,49.9,49.9,0,3239,24.95,0.015405989502933004,2,1,1,0,0,1,1,1,0,0,1,0,0,0,0,1,0,0,0,0,1,0,1,0
0,0,1,0,48,1,0,0,1,1,0,0,1,1,65.65,3094.65,0,5427,63.156122448979595,0.012096922793440207,4,0,1,0,0,1,1,1,0,0,0,1,0,0,0,1,0,0,1,0,0,1,0,0
0,0,1,0,61,1,1,0,0,1,1,1,1,1,103.3,6518.35,0,5401,105.13467741935484,0.019126087761525645,6,0,0,1,0,0,1,0,1,0,0,1,0,1,0,0,0,0,0,1,0,1,0,0
0,0,0,0,2,1,0,0,0,0,0,0,0,0,44.45,82.7,0,5694,27.566666666666666,0.007806462943449245,1,1,1,0,0,1,1,1,0,0,1,0,0,0,0,1,0,0,0,0,1,1,0,0
0,0,1,1,71,1,1,1,1,1,1,1,1,0,89.9,6342.7,0,5835,88.09305555555555,0.015407026563838903,8,0,0,0,0,0,0,1,0,0,0,0,1,1,0,0,0,0,0,1,0,1,0,0
0,0,1,0,37,1,1,1,0,0,0,0,0,1,55.05,2030.75,0,3839,53.44078947368421,0.014339671789528522,3,1,0,0,0,1,0,1,0,0,1,0,0,0,0,0,1,0,1,0,0,0,0,1
0,0,1,1,65,1,1,0,0,1,1,1,1,1,104.1,6700.05,0,4024,101.51590909090909,0.025869781312127235,6,0,0,1,0,0,1,0,1,0,0,0,1,1,0,0,0,0,0,1,0,0,0,1
0,0,0,1,67,1,1,0,1,0,1,1,1,1,106.6,7244.7,0,5895,106.53970588235293,0.01808312128922816,6,0,0,1,0,0,1,0,1,0,0,1,0,1,0,0,0,0,0,1,0,1,0,0
0,0,1,1,50,1,1,1,0,0,1,1,0,1,70.5,3486.65,0,4022,68.36568627450981,0.017528592739930383,5,0,0,0,0,0,0,1,0,0,0,0,1,0,1,0,0,0,0,1,0,0,0,1
0,0,1,1,25,1,0,0,0,0,0,0,0,0,19.6,411.15,0,2888,15.813461538461537,0.006786703601108034,1,0,1,0,0,1,1,0,0,1,0,1,0,0,0,1,0,0,1,0,0,0,1,0
0,0,1,1,64,1,1,0,0,0,0,0,0,1,24.05,1559.15,0,4582,23.986923076923077,0.005248799650807508,2,0,0,0,0,1,1,0,0,1,0,0,1,0,0,0,1,0,0,1,0,0,0,1
0,0,1,0,25,0,0,0,0,1,0,1,0,1,38.1,970.4,0,2315,37.323076923076925,0.016457883369330455,2,0,0,0,0,1,1,1,0,0,0,1,0,0,1,0,0,0,1,0,0,0,1,0
0,1,1,0,24,0,0,0,0,1,1,0,0,0,34.25,828.2,0,2525,33.128,0.013564356435643564,2,1,0,0,1,0,1,1,0,0,1,0,0,0,0,0,1,1,0,0,0,0,1,0
0,0,0,0,37,1,1,0,0,1,0,1,1,1,100.05,3810.55,0,2904,100.27763157894738,0.034452479338842976,5,1,1,1,0,1,1,0,1,0,1,0,0,0,0,1,0,0,1,0,0,0,1,0
0,0,0,0,21,1,0,0,0,0,0,0,0,1,68.65,1493.2,0,2006,67.87272727272727,0.03422233300099701,1,1,1,1,0,1,1,0,1,0,1,0,0,0,0,1,0,1,0,0,0,0,1,0
0,0,0,0,1,1,0,0,0,0,0,0,0,1,45.8,45.8,0,2614,22.9,0.017521040550879878,1,1,0,0,0,1,1,1,0,0,1,0,0,0,0,0,1,0,0,0,1,0,1,0
0,0,0,0,10,1,1,0,0,0,0,0,0,1,75.75,777.3,0,4525,70.66363636363636,0.016740331491712706,2,1,0,1,0,1,1,0,1,0,1,0,0,0,0,0,1,0,0,0,1,0,0,1
0,0,1,0,51,1,1,1,1,0,0,0,1,1,96.4,4911.05,0,4745,94.44326923076923,0.020316122233930454,5,0,0,1,0,1,0,0,1,0,0,1,0,0,1,0,0,0,0,1,0,0,0,1
0,0,0,0,10,1,0,0,0,0,0,0,0,1,20.55,187.35,0,3595,17.03181818181818,0.005716272600834493,1,1,0,0,0,1,1,0,0,1,1,0,0,0,0,0,1,0,0,0,1,0,0,1
0,0,0,0,6,0,0,1,1,0,1,0,1,0,50.95,307.6,0,3474,43.94285714285714,0.01466609096142775,4,1,0,0,0,0,0,1,0,0,1,0,0,0,1,0,0,0,0,0,1,0,0,1
0,0,1,1,47,1,1,1,1,1,1,1,1,1,90.5,4318.35,0,3413,89.965625,0.02651626135364782,8,0,0,0,0,0,0,1,0,0,0,0,1,0,0,0,1,0,1,0,0,0,1,0
0,0,1,1,61,1,1,1,1,1,1,0,1,1,79.4,4820.55,0,4666,77.7508064516129,0.017016716673810547,7,0,1,0,0,0,0,1,0,0,0,1,0,0,0,1,0,0,0,1,0,0,0,1
0,0,0,0,52,0,0,1,1,1,0,1,1,1,58.75,3038.55,0,5122,57.3311320754717,0.011470128855915657,5,0,0,0,0,1,0,1,0,0,0,0,1,1,0,0,0,0,0,1,0,0,0,1
0,0,1,1,35,1,1,1,1,0,0,0,0,1,59.45,2136.9,0,3682,59.358333333333334,0.016146116241173278,4,1,0,0,0,1,0,1,0,0,1,0,0,0,1,0,0,0,1,0,0,0,0,1
0,0,1,0,71,1,1,0,1,1,0,1,1,1,105.7,7472.15,0,4420,103.7798611111111,0.023914027149321268,6,0,0,1,0,1,1,0,1,0,0,1,0,1,0,0,0,0,0,1,0,0,0,1
0,0,1,0,45,1,0,1,0,1,0,0,0,0,53.3,2296.25,0,2929,49.91847826086956,0.018197336975076816,3,0,0,0,0,1,0,1,0,0,0,0,1,0,1,0,0,0,1,0,0,0,1,0
0,0,0,0,2,0,0,0,0,0,0,0,0,0,24.3,38.45,0,2515,12.816666666666668,0.009662027833001989,0,1,0,0,0,1,1,1,0,0,1,0,0,0,0,0,1,0,0,0,1,0,1,0
0,0,0,0,51,1,1,1,0,0,1,0,0,0,59.9,3043.6,0,5233,58.53076923076923,0.01144658895471049,4,0,0,0,0,0,0,1,0,0,0,1,0,0,1,0,0,0,0,1,0,0,0,1
0,0,1,1,60,1,1,0,0,0,0,0,0,0,23.95,1506.4,0,5449,24.695081967213117,0.004395301890255093,2,0,0,0,0,1,1,0,0,1,0,1,0,0,1,0,0,0,0,1,0,1,0,0
0,0,0,0,9,1,0,0,0,0,0,0,0,1,20.15,163.7,0,4004,16.369999999999997,0.005032467532467532,1,0,0,0,0,1,1,0,0,1,0,1,0,0,0,0,1,0,0,0,1,0,0,1
0,0,0,0,17,1,1,0,0,1,1,0,1,1,95.65,1640.0,0,3139,91.11111111111111,0.030471487734947438,5,1,0,1,0,0,1,0,1,0,1,0,0,1,0,0,0,1,0,0,0,0,1,0
0,0,1,1,46,1,0,1,0,1,1,1,1,0,81.0,3846.35,0,4280,81.83723404255319,0.018925233644859814,6,0,0,0,0,0,0,1,0,0,0,0,1,0,0,0,1,0,1,0,0,0,0,1
0,0,0,0,68,1,0,1,1,1,1,1,1,1,82.45,5646.6,0,5308,81.83478260869566,0.015533157498116052,7,0,0,0,0,0,0,1,0,0,0,0,1,0,1,0,0,0,0,1,0,0,0,1
0,0,1,0,4,1,0,0,0,0,0,0,0,0,20.5,79.05,0,3233,15.809999999999999,0.006340859882462109,1,0,0,0,0,1,1,0,0,1,0,1,0,1,0,0,0,0,0,0,1,0,1,0
0,0,0,1,28,1,0,0,1,0,1,0,0,1,54.4,1516.6,0,4711,52.29655172413793,0.011547442156654637,3,0,0,0,0,0,1,1,0,0,0,1,0,0,1,0,0,0,1,0,0,0,0,1
0,0,0,0,39,1,0,0,1,0,0,1,0,1,58.6,2224.5,0,5662,55.6125,0.010349699752737548,3,0,0,0,0,1,1,1,0,0,0,1,0,0,1,0,0,0,1,0,0,1,0,0
0,0,0,0,11,1,0,0,0,1,0,0,1,0,84.8,888.75,0,4924,74.0625,0.017221770917952885,3,1,1,1,0,1,1,0,1,0,1,0,0,0,0,1,0,0,0,0,1,0,0,1
0,0,1,0,71,0,0,0,1,1,1,1,1,1,61.4,4310.35,0,5119,59.865972222222226,0.011994530181676108,5,0,0,0,0,0,1,1,0,0,0,0,1,0,1,0,0,0,0,1,0,0,0,1
0,0,0,1,2,1,0,0,0,0,0,0,0,0,20.4,42.9,0,3000,14.299999999999999,0.0068,1,1,0,0,0,1,1,0,0,1,1,0,0,0,0,0,1,0,0,0,1,0,1,0
0,0,0,0,17,1,0,0,0,0,0,0,0,0,20.15,353.65,0,4650,19.647222222222222,0.004333333333333333,1,0,0,0,0,1,1,0,0,1,0,1,0,0,0,0,1,1,0,0,0,0,0,1
0,0,1,0,55,1,1,0,1,1,0,1,0,1,94.45,5073.1,0,5577,90.59107142857144,0.01693562847409001,5,1,0,1,0,1,1,0,1,0,1,0,0,0,1,0,0,0,0,1,0,1,0,0
0,0,0,0,58,1,1,1,0,0,0,0,0,1,79.8,4526.85,0,5709,76.72627118644068,0.013977929584866001,3,1,0,1,0,1,0,0,1,0,1,0,0,1,0,0,0,0,0,1,0,1,0,0
0,1,0,0,9,1,1,0,0,0,0,0,0,1,74.05,678.45,0,2003,67.845,0.03696954568147778,2,1,1,1,1,1,1,0,1,0,1,0,0,0,0,1,0,0,0,0,1,0,1,0
0,0,0,0,26,1,0,0,0,0,1,0,0,0,49.15,1237.3,0,2752,45.82592592592592,0.017859738372093023,2,1,0,0,0,0,1,1,0,0,1,0,0,1,0,0,0,0,1,0,0,0,1,0
0,0,0,0,50,1,0,0,0,0,0,0,0,0,19.4,1023.95,0,6233,20.077450980392157,0.0031124659072677683,1,0,0,0,0,1,1,0,0,1,0,0,1,0,1,0,0,0,0,1,0,1,0,0
0,0,1,0,72,1,1,1,1,1,1,1,1,1,113.65,8182.75,0,5411,112.09246575342466,0.021003511365736464,8,0,0,1,0,0,0,0,1,0,0,0,1,1,0,0,0,0,0,1,0,1,0,0
0,0,0,1,43,1,0,1,1,0,1,1,1,1,106.0,4532.3,0,3528,103.00681818181819,0.030045351473922902,6,0,0,1,0,0,0,0,1,0,0,1,0,0,1,0,0,0,1,0,0,0,0,1
0,0,0,0,56,1,1,0,0,0,0,0,0,1,25.95,1444.05,0,4246,25.33421052631579,0.006111634479510127,2,0,0,0,0,1,1,0,0,1,0,0,1,1,0,0,0,0,0,1,0,0,0,1
0,0,0,0,1,1,0,0,0,0,0,0,0,0,19.1,19.1,0,3313,9.55,0.005765167521883489,1,1,0,0,0,1,1,0,0,1,1,0,0,0,0,0,1,0,0,0,1,0,1,0
0,0,1,0,72,1,1,1,1,0,1,0,1,1,100.55,7325.1,0,6082,100.34383561643835,0.016532390660966786,6,0,0,1,0,0,0,0,1,0,0,0,1,1,0,0,0,0,0,1,0,1,0,0
0,0,1,0,36,1,1,0,0,0,0,1,1,1,95.4,3474.2,0,5111,93.89729729729729,0.018665623165720995,4,1,1,1,0,1,1,0,1,0,1,0,0,0,0,1,0,0,1,0,0,0,0,1
0,0,0,0,5,1,0,0,0,1,1,1,1,0,75.15,392.65,0,5900,65.44166666666666,0.012737288135593222,5,1,0,0,0,0,1,1,0,0,1,0,0,1,0,0,0,0,0,0,1,1,0,0
0,1,0,0,44,1,0,0,1,1,0,0,1,0,89.15,3990.75,0,4368,88.68333333333334,0.020409798534798535,4,0,0,1,1,1,1,0,1,0,0,1,0,0,1,0,0,0,1,0,0,0,0,1
0,1,1,1,70,1,1,0,1,1,1,1,1,1,107.9,7475.85,0,5899,105.29366197183099,0.01829123580267842,7,0,1,1,1,0,1,0,1,0,0,1,0,0,0,1,0,0,0,1,0,1,0,0
0,0,0,0,44,1,0,0,0,0,0,0,0,0,19.5,835.5,0,4220,18.566666666666666,0.00462085308056872,1,0,0,0,0,1,1,0,0,1,0,1,0,0,1,0,0,0,1,0,0,0,0,1
0,0,1,0,69,1,1,0,0,0,0,0,0,1,24.95,1718.35,0,4106,24.54785714285714,0.006076473453482708,2,0,0,0,0,1,1,0,0,1,0,0,1,0,1,0,0,0,0,1,0,0,0,1
0,1,1,1,68,1,0,0,0,0,0,0,0,0,19.5,1193.55,0,5443,17.297826086956523,0.003582583134300937,1,0,0,0,1,1,1,0,0,1,0,1,0,1,0,0,0,0,0,1,0,1,0,0
0,0,0,0,16,1,0,0,0,0,0,0,0,1,69.95,1205.5,0,5596,70.91176470588235,0.0125,1,1,0,1,0,1,1,0,1,0,1,0,0,0,1,0,0,1,0,0,0,1,0,0
0,0,1,1,68,1,0,1,1,0,1,1,1,0,82.85,5776.45,0,5184,83.71666666666667,0.015981867283950617,6,0,0,0,0,0,0,1,0,0,0,0,1,1,0,0,0,0,0,1,0,0,0,1
0,0,0,0,4,1,0,0,0,0,0,0,0,0,19.0,78.9,0,3022,15.780000000000001,0.00628722700198544,1,1,0,0,0,1,1,0,0,1,1,0,0,0,0,0,1,0,0,0,1,0,1,0
0,0,1,1,26,0,0,1,1,0,1,0,0,0,38.85,1025.15,0,3970,37.96851851851852,0.009785894206549118,3,1,0,0,0,0,0,1,0,0,1,0,0,0,1,0,0,0,1,0,0,0,0,1
0,0,0,1,5,1,0,0,0,0,0,0,0,0,20.35,122.0,0,3161,20.333333333333332,0.0064378361278076566,1,1,0,0,0,1,1,0,0,1,1,0,0,0,1,0,0,0,0,0,1,0,1,0
0,0,1,0,70,1,1,0,1,1,0,1,0,1,95.0,6602.9,0,6259,92.99859154929577,0.015178143473398307,5,0,0,1,0,1,1,0,1,0,0,1,0,1,0,0,0,0,0,1,0,1,0,0
0,0,1,0,24,1,0,1,0,0,1,1,1,0,74.4,1712.9,0,4310,68.516,0.01726218097447796,5,0,0,0,0,0,0,1,0,0,0,1,0,1,0,0,0,1,0,0,0,0,0,1
0,1,1,0,72,1,1,1,1,1,1,0,1,0,78.45,5682.25,0,4032,77.83904109589041,0.01945684523809524,7,0,0,0,1,0,0,1,0,0,0,0,1,1,0,0,0,0,0,1,0,0,0,1
0,0,0,0,1,1,0,0,0,0,1,0,0,1,74.3,74.3,0,3063,37.15,0.02425726412014365,2,1,0,1,0,0,1,0,1,0,1,0,0,0,0,0,1,0,0,0,1,0,1,0
0,0,1,0,70,0,0,0,1,1,1,0,1,1,51.05,3635.15,0,4042,51.19929577464789,0.012629886194952993,4,0,0,0,0,0,1,1,0,0,0,1,0,1,0,0,0,0,0,1,0,0,0,1
0,0,1,1,36,1,0,0,0,0,0,0,0,0,19.2,702.9,0,3043,18.997297297297298,0.0063095629313177784,1,1,0,0,0,1,1,0,0,1,1,0,0,1,0,0,0,0,1,0,0,0,1,0
0,0,1,1,41,1,1,0,1,1,1,1,1,1,109.1,4454.25,0,4854,106.05357142857143,0.022476308199423155,7,0,0,1,0,0,1,0,1,0,0,1,0,1,0,0,0,0,1,0,0,0,0,1
0,0,0,0,14,1,0,0,0,1,0,0,0,0,76.45,1117.55,0,2292,74.50333333333333,0.03335514834205934,2,1,1,1,0,1,1,0,1,0,1,0,0,0,0,1,0,1,0,0,0,0,1,0
0,0,1,1,13,1,1,0,1,1,1,1,0,1,72.8,930.05,0,2862,66.43214285714285,0.025436757512229208,6,1,1,0,0,0,1,1,0,0,1,0,0,0,0,1,0,1,0,0,0,0,1,0
0,0,0,0,6,1,0,0,0,0,0,0,0,0,18.95,110.15,0,5920,15.735714285714286,0.0032010135135135133,1,1,0,0,0,1,1,0,0,1,1,0,0,0,0,0,1,0,0,0,1,1,0,0
0,0,1,0,15,1,0,1,0,1,0,1,1,0,101.75,1669.4,0,2919,104.3375,0.03485782802329565,5,1,1,1,0,1,0,0,1,0,1,0,0,0,0,1,0,1,0,0,0,0,1,0
0,0,0,0,47,1,0,1,0,0,0,0,0,0,75.45,3545.1,0,4995,73.85625,0.015105105105105106,2,1,0,1,0,1,0,0,1,0,1,0,0,0,1,0,0,0,1,0,0,0,0,1
0,0,0,0,8,1,0,0,0,1,1,0,1,0,64.1,504.05,0,2804,56.00555555555556,0.022860199714693292,4,1,0,0,0,0,1,1,0,0,1,0,0,0,0,0,1,0,0,0,1,0,1,0
0,0,0,0,17,0,0,0,0,0,0,0,0,1,25.65,440.2,0,3090,24.455555555555556,0.008300970873786407,0,1,0,0,0,1,1,1,0,0,1,0,0,0,0,0,1,1,0,0,0,0,1,0
0,0,1,1,15,1,0,1,0,0,0,0,0,0,75.1,1151.55,0,4634,71.971875,0.016206301251618472,2,1,0,1,0,1,0,0,1,0,1,0,0,0,0,0,1,1,0,0,0,0,0,1
0,0,0,0,26,1,0,1,0,1,1,0,1,1,95.85,2475.35,0,3834,91.67962962962963,0.024999999999999998,5,0,0,1,0,0,0,0,1,0,0,1,0,1,0,0,0,0,1,0,0,0,0,1
0,0,0,0,23,1,1,1,0,0,0,0,0,0,54.4,1249.25,0,2989,52.052083333333336,0.018200066912010704,3,1,1,0,0,1,0,1,0,0,1,0,0,0,0,1,0,1,0,0,0,0,1,0
0,1,0,0,4,1,0,0,1,0,0,0,0,0,72.75,317.75,0,4503,63.55,0.01615589606928714,2,1,1,1,1,1,1,0,1,0,1,0,0,0,0,1,0,0,0,0,1,0,0,1
0,0,0,1,29,1,0,0,0,0,0,0,0,0,19.85,535.05,0,2941,17.834999999999997,0.006749404964297858,1,0,0,0,0,1,1,0,0,1,0,1,0,0,0,0,1,0,1,0,0,0,1,0
0,0,0,0,25,1,0,0,0,0,0,0,0,0,19.05,461.3,0,2692,17.742307692307694,0.007076523031203566,1,1,0,0,0,1,1,0,0,1,1,0,0,0,0,0,1,0,1,0,0,0,1,0
0,1,0,0,3,1,1,0,0,0,0,1,1,1,94.85,335.75,0,4496,83.9375,0.021096530249110318,4,1,1,1,1,1,1,0,1,0,1,0,0,0,0,1,0,0,0,0,1,0,0,1
0,0,1,1,69,0,0,1,1,1,1,0,0,0,46.25,3121.4,0,4180,44.59142857142857,0.011064593301435407,4,0,0,0,0,0,0,1,0,0,0,0,1,1,0,0,0,0,0,1,0,0,0,1
0,0,0,0,14,1,0,0,0,0,0,0,0,0,19.35,324.8,0,2400,21.653333333333332,0.0080625,1,0,0,0,0,1,1,0,0,1,0,1,0,0,0,0,1,1,0,0,0,0,1,0
0,0,0,0,19,1,1,0,0,0,0,1,1,0,69.6,1394.55,0,3349,69.72749999999999,0.020782323081516868,4,1,0,0,0,1,1,1,0,0,1,0,0,0,0,0,1,1,0,0,0,0,1,0
0,1,0,0,39,1,1,0,1,0,0,0,1,0,90.7,3413.25,0,5028,85.33125,0.01803898170246619,4,1,1,1,1,1,1,0,1,0,1,0,0,0,0,1,0,0,1,0,0,0,0,1
0,0,0,0,31,1,0,0,1,1,0,1,1,1,101.4,3143.65,0,2025,98.2390625,0.050074074074074076,5,1,1,1,0,1,1,0,1,0,1,0,0,0,0,1,0,0,1,0,0,0,1,0
0,0,1,1,24,1,0,0,0,0,0,0,0,0,20.25,439.75,0,3000,17.59,0.00675,1,0,0,0,0,1,1,0,0,1,0,1,0,0,0,0,1,1,0,0,0,0,1,0
0,0,1,0,14,1,0,0,0,0,1,0,0,0,48.8,664.4,0,2168,44.29333333333333,0.02250922509225092,2,1,0,0,0,0,1,1,0,0,1,0,0,1,0,0,0,1,0,0,0,0,1,0
0,0,1,0,64,1,0,1,1,1,1,0,1,1,74.35,4759.55,0,4781,73.22384615384615,0.015551139928885169,6,0,0,0,0,0,0,1,0,0,0,0,1,0,0,0,1,0,0,1,0,0,0,1
0,0,0,0,50,1,0,0,0,0,0,0,0,1,19.35,1033.0,0,5247,20.254901960784313,0.0036878216123499147,1,0,0,0,0,1,1,0,0,1,0,1,0,0,0,0,1,0,0,1,0,0,0,1
0,0,1,1,52,1,0,0,1,1,1,1,0,1,68.75,3482.85,0,4172,65.71415094339622,0.016478906999041226,5,0,1,0,0,0,1,1,0,0,0,1,0,0,0,1,0,0,0,1,0,0,0,1
0,0,0,0,28,1,1,0,1,0,0,1,1,0,100.2,2688.45,0,5137,92.7051724137931,0.019505547985205374,5,0,1,1,0,1,1,0,1,0,0,1,0,0,0,1,0,0,1,0,0,0,0,1
0,0,0,0,21,1,0,0,0,0,0,0,0,1,20.85,435.25,0,5422,19.78409090909091,0.003845444485429731,1,0,0,0,0,1,1,0,0,1,0,0,1,0,1,0,0,1,0,0,0,1,0,0
0,0,1,0,17,1,0,0,0,0,0,0,0,0,19.35,307.0,0,2185,17.055555555555557,0.0088558352402746,1,0,0,0,0,1,1,0,0,1,0,1,0,0,0,0,1,1,0,0,0,0,1,0
0,0,1,0,58,0,0,0,0,0,0,1,1,1,45.0,2689.35,0,5006,45.582203389830504,0.00898921294446664,2,0,0,0,0,1,1,1,0,0,0,1,0,0,1,0,0,0,0,1,0,0,0,1
0,0,1,0,51,1,1,0,0,0,0,0,0,0,25.5,1281.25,0,5447,24.639423076923077,0.004681476041857904,2,0,0,0,0,1,1,0,0,1,0,0,1,0,0,0,1,0,0,1,0,1,0,0
0,0,1,1,72,0,0,1,0,1,1,1,0,0,48.9,3527.0,0,5415,48.31506849315068,0.009030470914127424,4,0,0,0,0,0,0,1,0,0,0,0,1,0,0,0,1,0,0,1,0,1,0,0
0,0,0,0,27,1,0,0,0,0,0,0,0,1,19.6,561.15,0,2896,20.041071428571428,0.006767955801104973,1,0,0,0,0,1,1,0,0,1,0,0,1,0,0,0,1,0,1,0,0,0,1,0
0,0,0,0,3,1,0,0,0,0,0,0,0,0,20.0,63.6,0,4258,15.9,0.004697040864255519,1,1,0,0,0,1,1,0,0,1,1,0,0,0,0,0,1,0,0,0,1,0,0,1
0,0,1,0,64,1,1,1,1,1,1,0,1,1,81.3,5129.3,0,5254,78.91230769230769,0.015473924628854207,7,0,0,0,0,0,0,1,0,0,0,0,1,0,0,0,1,0,0,1,0,0,0,1
0,0,1,0,45,1,0,0,0,0,1,1,1,1,95.2,4285.8,0,3363,93.16956521739131,0.028308058281296462,4,0,0,1,0,0,1,0,1,0,0,0,1,0,1,0,0,0,1,0,0,0,1,0
0,0,1,0,71,1,1,0,1,1,1,1,1,1,83.3,5894.5,0,4264,81.86805555555556,0.019535647279549716,7,0,0,0,0,0,1,1,0,0,0,0,1,0,1,0,0,0,0,1,0,0,0,1
0,0,1,1,58,1,0,0,0,0,0,0,0,0,20.3,1160.75,0,4424,19.673728813559322,0.004588607594936709,1,0,0,0,0,1,1,0,0,1,0,0,1,0,1,0,0,0,0,1,0,0,0,1
0,0,1,1,34,1,0,0,1,1,0,1,0,1,89.85,3091.75,0,3096,88.33571428571429,0.029021317829457362,4,1,1,1,0,1,1,0,1,0,1,0,0,0,0,1,0,0,1,0,0,0,1,0
0,0,1,1,15,1,0,0,0,0,0,0,0,0,19.8,272.95,0,4167,17.059375,0.004751619870410367,1,1,0,0,0,1,1,0,0,1,1,0,0,0,0,0,1,1,0,0,0,0,0,1
0,0,1,1,66,0,0,0,0,1,1,1,1,0,54.65,3632.0,0,4051,54.208955223880594,0.01349049617378425,4,0,0,0,0,0,1,1,0,0,0,0,1,1,0,0,0,0,0,1,0,0,0,1
0,1,0,0,12,0,0,0,1,0,0,0,0,1,29.35,381.2,0,3606,29.323076923076922,0.008139212423738214,1,1,0,0,1,1,1,1,0,0,1,0,0,0,1,0,0,0,0,0,1,0,0,1
0,0,0,0,58,1,0,0,0,0,0,0,0,1,19.15,1035.5,0,6339,17.550847457627118,0.003020981227322921,1,0,0,0,0,1,1,0,0,1,0,0,1,1,0,0,0,0,0,1,0,1,0,0
0,0,1,1,3,1,0,0,0,0,0,0,0,0,19.1,52.0,0,3863,13.0,0.004944343774268703,1,0,0,0,0,1,1,0,0,1,0,0,1,0,0,0,1,0,0,0,1,0,0,1
0,0,0,0,9,1,0,0,1,1,0,0,0,0,80.55,653.9,0,3581,65.39,0.022493716838871823,3,1,1,1,0,1,1,0,1,0,1,0,0,0,0,1,0,0,0,0,1,0,0,1
0,0,0,0,3,1,0,0,0,0,0,0,0,0,20.25,71.2,0,4331,17.8,0.0046755945509120295,1,0,0,0,0,1,1,0,0,1,0,1,0,0,0,0,1,0,0,0,1,0,0,1
0,0,1,0,40,1,1,0,1,1,0,1,1,1,106.0,4178.65,0,5118,101.91829268292682,0.020711215318483783,6,0,0,1,0,1,1,0,1,0,0,1,0,1,0,0,0,0,1,0,0,0,0,1
0,0,0,0,68,1,1,0,0,0,0,0,0,0,25.5,1821.8,0,5182,26.402898550724636,0.00492087996912389,2,0,0,0,0,1,1,0,0,1,0,0,1,1,0,0,0,0,0,1,0,0,0,1
0,0,0,0,50,1,1,0,1,0,1,1,1,1,79.6,4024.2,0,5592,78.90588235294118,0.014234620886981401,6,0,0,0,0,0,1,1,0,0,0,0,1,0,0,0,1,0,0,1,0,1,0,0
0,0,0,0,1,1,0,0,0,0,0,0,1,1,55.25,55.25,0,3255,27.625,0.016973886328725037,2,1,1,0,0,1,1,1,0,0,1,0,0,0,0,1,0,0,0,0,1,0,1,0
0,0,1,0,72,1,1,1,1,1,1,1,1,0,88.05,6520.8,0,6247,89.32602739726028,0.014094765487433969,8,0,0,0,0,0,0,1,0,0,0,0,1,1,0,0,0,0,0,1,0,1,0,0
0,0,0,1,40,1,0,0,0,0,0,0,0,1,20.4,854.9,0,3200,20.851219512195122,0.006375,1,0,0,0,0,1,1,0,0,1,0,1,0,1,0,0,0,0,1,0,0,0,1,0
0,0,1,1,72,1,1,1,1,1,1,1,1,1,117.6,8308.9,0,6173,113.82054794520548,0.019050704681678274,8,0,0,1,0,0,0,0,1,0,0,0,1,1,0,0,0,0,0,1,0,1,0,0
0,0,0,0,6,1,0,0,0,0,0,0,0,0,20.0,109.2,0,3142,15.6,0.006365372374283896,1,1,0,0,0,1,1,0,0,1,1,0,0,0,0,0,1,0,0,0,1,0,1,0
0,0,0,0,5,1,0,0,0,0,0,0,0,1,19.65,92.05,0,2878,15.341666666666667,0.00682765809589993,1,1,0,0,0,1,1,0,0,1,1,0,0,0,1,0,0,0,0,0,1,0,1,0
0,0,1,0,48,1,1,0,1,1,0,0,1,1,70.55,3420.5,0,3997,69.8061224489796,0.017650738053540154,5,0,0,0,0,1,1,1,0,0,0,1,0,0,1,0,0,0,1,0,0,0,0,1
0,0,1,1,64,1,0,1,0,0,1,1,0,0,65.8,4068.0,0,4754,62.58461538461538,0.01384097602019352,4,0,0,0,0,0,0,1,0,0,0,1,0,0,0,0,1,0,0,1,0,0,0,1
0,0,0,0,17,1,0,0,0,0,0,0,0,0,20.05,337.9,0,4828,18.772222222222222,0.004152858326429163,1,0,0,0,0,1,1,0,0,1,0,1,0,0,1,0,0,1,0,0,0,0,0,1
0,0,1,0,40,1,0,0,1,1,0,0,0,1,80.0,3168.75,0,2478,77.28658536585365,0.03228410008071025,3,1,1,1,0,1,1,0,1,0,1,0,0,0,0,1,0,0,1,0,0,0,1,0
0,0,1,1,41,0,0,1,0,1,0,0,0,0,35.4,1412.4,0,4375,33.62857142857143,0.00809142857142857,2,0,0,0,0,1,0,1,0,0,0,1,0,0,1,0,0,0,1,0,0,0,0,1
0,1,0,0,51,1,1,0,1,0,0,0,0,1,79.6,3974.7,0,4673,76.43653846153846,0.017034025251444467,3,0,0,1,1,1,1,0,1,0,0,1,0,1,0,0,0,0,0,1,0,0,0,1
0,0,1,0,41,1,1,0,1,0,0,0,0,1,80.25,3439.0,0,5757,81.88095238095238,0.013939551849921834,3,1,1,1,0,1,1,0,1,0,1,0,0,0,0,1,0,0,1,0,0,1,0,0
0,0,0,0,2,1,0,0,0,0,0,0,0,1,20.45,42.45,0,2606,14.15,0.007847275518035303,1,1,0,0,0,1,1,0,0,1,1,0,0,0,0,0,1,0,0,0,1,0,1,0
0,0,0,0,68,1,0,0,1,1,0,0,0,0,79.6,5461.45,0,5210,79.15144927536231,0.01527831094049904,3,0,0,1,0,1,1,0,1,0,0,1,0,0,1,0,0,0,0,1,0,0,0,1
0,0,1,1,24,1,1,0,0,0,0,0,0,0,24.7,571.75,0,5302,22.87,0.004658619388909845,2,0,0,0,0,1,1,0,0,1,0,0,1,0,0,0,1,1,0,0,0,0,0,1
0,0,1,0,70,1,1,1,0,1,1,0,1,0,77.3,5498.2,0,6252,77.43943661971831,0.012364043506078054,6,0,0,0,0,0,0,1,0,0,0,0,1,0,1,0,0,0,0,1,0,1,0,0
0,0,0,0,3,0,0,0,0,0,1,0,0,1,29.75,96.85,0,3425,24.2125,0.008686131386861314,1,1,1,0,0,0,1,1,0,0,1,0,0,0,0,1,0,0,0,0,1,0,1,0
0,0,0,0,2,1,0,0,0,0,0,0,0,0,44.9,111.05,0,4370,37.016666666666666,0.010274599542334097,1,1,0,0,0,1,1,1,0,0,1,0,0,1,0,0,0,0,0,0,1,0,0,1
0,0,1,0,3,0,0,0,1,0,0,0,0,0,29.8,94.4,0,5614,23.6,0.0053081581759886,1,1,0,0,0,1,1,1,0,0,1,0,0,0,1,0,0,0,0,0,1,1,0,0
0,0,0,0,13,1,0,1,0,0,0,1,1,1,71.95,923.85,0,3605,65.98928571428571,0.019958391123439667,4,1,1,0,0,1,0,1,0,0,1,0,0,0,0,1,0,1,0,0,0,0,0,1
0,0,0,0,7,1,0,0,0,0,0,0,0,0,20.75,141.1,0,4476,17.6375,0.004635835567470956,1,1,0,0,0,1,1,0,0,1,1,0,0,0,0,0,1,0,0,0,1,0,0,1
0,0,1,1,12,1,0,0,0,0,0,1,0,1,56.3,628.65,0,2047,48.357692307692304,0.027503663898387883,2,1,0,0,0,1,1,1,0,0,1,0,0,0,0,0,1,0,0,0,1,0,1,0
0,0,1,1,53,1,1,0,1,1,0,1,1,1,105.25,5576.3,0,6365,103.26481481481481,0.016535742340926946,6,0,1,1,0,1,1,0,1,0,0,1,0,0,0,1,0,0,0,1,0,1,0,0
0,0,1,1,63,1,0,0,0,0,0,0,0,0,19.55,1245.6,0,6002,19.4625,0.0032572475841386207,1,0,0,0,0,1,1,0,0,1,0,0,1,0,0,0,1,0,0,1,0,1,0,0
0,0,0,0,15,1,0,1,1,1,1,1,1,0,84.45,1287.85,0,4653,80.490625,0.018149580915538362,7,1,0,0,0,0,0,1,0,0,1,0,0,0,0,0,1,1,0,0,0,0,0,1
0,0,1,1,36,1,0,1,1,0,0,0,0,0,53.65,1939.35,0,4113,52.41486486486486,0.013044006807682956,3,0,0,0,0,1,0,1,0,0,0,1,0,0,0,0,1,0,1,0,0,0,0,1
0,1,1,0,4,0,0,0,0,1,0,0,0,1,29.9,118.25,0,2914,23.65,0.010260809883321894,1,1,1,0,1,1,1,1,0,0,1,0,0,0,0,1,0,0,0,0,1,0,1,0
0,0,1,1,24,1,0,0,0,0,0,0,0,0,19.7,452.55,0,4642,18.102,0.0042438604049978455,1,0,0,0,0,1,1,0,0,1,0,0,1,0,0,0,1,1,0,0,0,0,0,1
0,0,0,0,61,0,0,1,1,1,1,0,0,0,43.7,2696.55,0,4051,43.49274193548387,0.010787459886447791,4,0,0,0,0,0,0,1,0,0,0,1,0,0,1,0,0,0,0,1,0,0,0,1
0,0,0,0,16,1,1,0,1,0,0,0,0,0,55.3,875.35,0,3771,51.491176470588236,0.014664545213471228,3,1,1,0,0,1,1,1,0,0,1,0,0,0,0,1,0,1,0,0,0,0,0,1
0,0,1,1,65,1,0,0,0,0,0,0,0,1,19.85,1267.05,0,6009,19.19772727272727,0.003303378265934432,1,0,0,0,0,1,1,0,0,1,0,0,1,0,1,0,0,0,0,1,0,1,0,0
0,0,1,1,26,1,0,0,0,0,0,0,0,0,19.65,494.9,0,4184,18.32962962962963,0.004696462715105162,1,0,0,0,0,1,1,0,0,1,0,0,1,0,1,0,0,0,1,0,0,0,0,1
0,0,0,0,16,1,0,0,0,0,1,0,0,1,49.45,799.0,0,3446,47.0,0.01434997098084736,2,1,0,0,0,0,1,1,0,0,1,0,0,0,0,0,1,1,0,0,0,0,1,0
0,0,0,1,5,1,0,0,0,0,0,0,0,0,20.45,106.9,0,3353,17.816666666666666,0.006099015806740232,1,0,0,0,0,1,1,0,0,1,0,0,1,0,0,0,1,0,0,0,1,0,1,0
0,0,0,0,19,0,0,0,1,0,0,0,1,1,39.7,710.05,0,4034,35.5025,0.00984134853743183,2,1,1,0,0,1,1,1,0,0,1,0,0,0,0,1,0,1,0,0,0,0,0,1
0,0,0,0,10,1,1,1,0,0,0,0,0,1,54.5,568.2,0,4163,51.654545454545456,0.013091520538073505,3,1,0,0,0,1,0,1,0,0,1,0,0,0,1,0,0,0,0,0,1,0,0,1
0,0,0,0,72,1,1,0,1,1,1,1,1,1,111.6,8012.75,0,5425,109.76369863013699,0.02057142857142857,7,0,0,1,0,0,1,0,1,0,0,0,1,1,0,0,0,0,0,1,0,1,0,0
0,0,1,1,10,1,0,0,1,1,0,0,0,1,55.55,551.3,0,2530,50.11818181818182,0.021956521739130434,3,1,0,0,0,1,1,1,0,0,1,0,0,0,0,0,1,0,0,0,1,0,1,0
0,0,1,0,11,1,0,0,0,0,0,0,0,1,20.55,184.95,0,3971,15.4125,0.0051750188869302445,1,0,0,0,0,1,1,0,0,1,0,1,0,0,0,0,1,0,0,0,1,0,0,1
0,0,1,1,17,1,1,1,0,0,1,0,0,1,62.1,1096.65,0,3937,60.925000000000004,0.015773431546863094,4,0,0,0,0,0,0,1,0,0,0,1,0,0,0,0,1,1,0,0,0,0,0,1
0,0,1,1,36,1,1,1,0,1,0,1,1,1,104.5,3684.95,0,4102,99.59324324324324,0.02547537786445636,6,1,0,1,0,1,0,0,1,0,1,0,0,0,1,0,0,0,1,0,0,0,0,1
0,1,0,0,17,1,0,0,1,1,0,1,1,1,101.8,1752.45,0,3296,97.35833333333333,0.030885922330097088,5,1,1,1,1,1,1,0,1,0,1,0,0,0,0,1,0,1,0,0,0,0,1,0
0,1,1,1,66,1,1,1,1,0,1,1,1,1,110.6,7210.85,0,5418,107.62462686567164,0.02041343669250646,7,0,0,1,1,0,0,0,1,0,0,1,0,0,1,0,0,0,0,1,0,1,0,0
0,0,1,1,61,1,0,1,1,1,1,1,1,0,84.9,5264.5,0,4413,84.91129032258064,0.019238613188307274,7,0,0,0,0,0,0,1,0,0,0,1,0,1,0,0,0,0,0,1,0,0,0,1
0,0,0,0,22,1,0,0,1,0,0,1,1,1,93.2,2157.3,0,4093,93.79565217391306,0.022770583923772295,4,1,0,1,0,1,1,0,1,0,1,0,0,0,0,0,1,1,0,0,0,0,0,1
0,0,0,0,1,0,0,0,0,0,0,0,0,1,24.4,24.4,0,3145,12.2,0.007758346581875993,0,1,1,0,0,1,1,1,0,0,1,0,0,0,0,1,0,0,0,0,1,0,1,0
0,0,0,0,6,1,0,0,0,0,0,0,0,0,70.55,433.95,0,4059,61.99285714285714,0.01738112835673811,1,1,0,1,0,1,1,0,1,0,1,0,0,0,1,0,0,0,0,0,1,0,0,1
0,0,1,1,68,1,0,1,1,1,1,1,1,1,85.0,5607.75,0,6221,81.27173913043478,0.013663398167497186,7,0,0,0,0,0,0,1,0,0,0,0,1,0,1,0,0,0,0,1,0,1,0,0
0,0,1,1,52,1,0,0,1,1,1,0,0,0,85.8,4433.3,0,5494,83.64716981132077,0.0156170367673826,4,1,0,1,0,0,1,0,1,0,1,0,0,1,0,0,0,0,0,1,0,1,0,0
0,0,0,1,10,1,0,0,0,1,1,1,0,1,91.1,964.35,0,3857,87.66818181818182,0.023619393310863365,4,1,1,1,0,0,1,0,1,0,1,0,0,0,0,1,0,0,0,0,1,0,0,1
0,0,1,1,72,1,0,0,0,0,0,0,0,0,20.1,1460.85,0,4598,20.011643835616436,0.004371465854719443,1,0,0,0,0,1,1,0,0,1,0,0,1,1,0,0,0,0,0,1,0,0,0,1
0,0,1,1,47,1,0,0,0,0,0,0,0,0,20.05,951.55,0,5183,19.823958333333334,0.003868415975303878,1,0,0,0,0,1,1,0,0,1,0,1,0,0,0,0,1,0,1,0,0,0,0,1
0,0,1,1,24,1,1,1,0,0,0,1,1,0,74.8,1821.2,0,5535,72.848,0.013514001806684732,5,0,0,0,0,1,0,1,0,0,0,1,0,0,0,0,1,1,0,0,0,1,0,0
0,0,0,0,65,1,1,0,0,0,0,0,0,0,24.8,1600.95,0,5826,24.256818181818183,0.0042567799519395814,2,0,0,0,0,1,1,0,0,1,0,1,0,0,1,0,0,0,0,1,0,1,0,0
0,0,0,0,4,1,1,0,0,0,1,1,1,1,100.85,399.25,0,5354,79.85,0.01883638401195368,5,1,0,1,0,0,1,0,1,0,1,0,0,0,0,0,1,0,0,0,1,0,0,1
0,0,0,0,34,1,0,0,1,1,1,1,1,1,105.1,3634.8,0,3941,103.85142857142857,0.026668358284699312,6,1,1,1,0,0,1,0,1,0,1,0,0,0,0,1,0,0,1,0,0,0,0,1
0,0,1,0,14,1,0,0,0,0,0,0,0,0,20.4,292.4,0,4556,19.493333333333332,0.004477611940298507,1,0,0,0,0,1,1,0,0,1,0,0,1,0,0,0,1,1,0,0,0,0,0,1
0,0,1,1,13,1,0,0,0,0,0,0,0,0,20.0,218.55,0,5651,15.610714285714286,0.003539196602371262,1,0,0,0,0,1,1,0,0,1,0,1,0,0,0,0,1,1,0,0,0,1,0,0
0,0,1,1,65,1,1,0,1,0,1,1,1,1,79.4,5071.9,0,4023,76.8469696969697,0.01973651503852846,6,0,0,0,0,0,1,1,0,0,0,0,1,1,0,0,0,0,0,1,0,0,0,1
0,0,1,1,23,1,0,1,0,0,1,0,0,0,57.2,1423.35,0,4021,59.30625,0.014225317085302164,3,0,0,0,0,0,0,1,0,0,0,1,0,0,1,0,0,1,0,0,0,0,0,1
0,0,1,0,55,1,0,1,1,1,0,0,0,0,58.6,3068.6,0,6231,54.79642857142857,0.009404589953458515,4,0,1,0,0,1,0,1,0,0,0,0,1,0,0,1,0,0,0,1,0,1,0,0
0,0,1,0,49,1,0,0,1,0,0,1,1,1,94.8,4690.65,0,4252,93.81299999999999,0.02229539040451552,4,0,1,1,0,1,1,0,1,0,0,0,1,0,0,1,0,0,0,1,0,0,0,1
0,0,1,0,60,1,1,0,1,1,0,1,1,0,102.5,6157.6,0,4968,100.94426229508197,0.02063204508856683,6,0,0,1,0,1,1,0,1,0,0,1,0,1,0,0,0,0,0,1,0,0,0,1
0,0,1,1,69,1,0,0,0,0,0,0,0,1,20.35,1442.65,0,5188,20.609285714285715,0.003922513492675405,1,0,0,0,0,1,1,0,0,1,0,1,0,0,1,0,0,0,0,1,0,0,0,1
0,0,0,0,40,1,1,0,0,0,0,1,0,1,84.9,3369.05,0,2904,82.1719512195122,0.029235537190082646,3,1,1,1,0,1,1,0,1,0,1,0,0,0,0,1,0,0,1,0,0,0,1,0
0,0,1,0,67,1,0,1,1,0,1,0,1,1,69.2,4671.65,0,4323,68.70073529411764,0.016007402266944252,5,0,0,0,0,0,0,1,0,0,0,0,1,0,1,0,0,0,0,1,0,0,0,1
0,0,1,1,13,1,0,0,0,0,0,0,0,0,20.85,272.35,0,3163,19.45357142857143,0.0065918431868479295,1,0,0,0,0,1,1,0,0,1,0,0,1,0,0,0,1,1,0,0,0,0,1,0
0,0,0,1,41,1,1,0,1,0,0,1,0,1,88.5,3645.05,0,5984,86.78690476190476,0.014789438502673797,4,1,0,1,0,1,1,0,1,0,1,0,0,1,0,0,0,0,1,0,0,1,0,0
0,0,0,0,4,0,0,1,0,1,0,0,0,0,35.0,135.75,0,3523,27.15,0.009934714731762702,2,1,0,0,0,1,0,1,0,0,1,0,0,0,0,0,1,0,0,0,1,0,0,1
0,0,1,1,24,1,0,1,0,0,1,0,0,0,55.15,1319.85,0,2200,52.794,0.025068181818181816,3,1,1,0,0,0,0,1,0,0,1,0,0,0,0,1,0,1,0,0,0,0,1,0
0,0,0,0,5,0,0,0,1,0,0,1,1,1,50.95,229.4,0,3573,38.233333333333334,0.0142597257206829,3,1,0,0,0,1,1,1,0,0,1,0,0,0,1,0,0,0,0,0,1,0,0,1
0,0,0,0,5,1,1,0,1,0,0,0,1,1,64.0,370.25,0,4421,61.708333333333336,0.014476362813843022,4,1,1,0,0,1,1,1,0,0,1,0,0,0,0,1,0,0,0,0,1,0,0,1
0,0,1,1,72,1,1,1,1,1,1,1,0,0,80.2,5714.2,0,6087,78.27671232876712,0.013175620174141613,7,0,0,0,0,0,0,1,0,0,0,0,1,1,0,0,0,0,0,1,0,1,0,0
0,0,0,0,24,1,0,0,0,1,0,0,0,1,49.3,1233.25,0,5394,49.33,0.00913978494623656,2,1,0,0,0,1,1,1,0,0,1,0,0,0,1,0,0,1,0,0,0,1,0,0
0,0,1,0,42,1,1,1,0,1,1,1,1,0,84.35,3571.6,0,3363,83.06046511627906,0.025081772227178112,7,0,0,0,0,0,0,1,0,0,0,0,1,0,1,0,0,0,1,0,0,0,1,0
0,0,0,0,4,1,0,0,0,0,0,0,0,0,20.05,83.3,0,4596,16.66,0.004362489120974761,1,1,0,0,0,1,1,0,0,1,1,0,0,0,0,0,1,0,0,0,1,0,0,1
0,0,0,0,68,1,1,1,1,1,1,1,1,1,117.2,8035.95,0,4629,116.46304347826087,0.025318643335493628,8,0,0,1,0,0,0,0,1,0,0,1,0,0,1,0,0,0,0,1,0,0,0,1
0,0,1,1,33,1,0,0,0,0,0,0,0,0,20.1,579.4,0,3342,17.041176470588233,0.006014362657091562,1,0,0,0,0,1,1,0,0,1,0,1,0,0,0,0,1,0,1,0,0,0,1,0
0,1,1,0,69,1,1,0,1,1,1,1,1,1,109.95,7634.25,0,4297,109.06071428571428,0.025587619269257622,7,0,1,1,1,0,1,0,1,0,0,0,1,0,0,1,0,0,0,1,0,0,0,1
0,1,0,0,38,1,1,0,0,0,0,1,1,0,94.75,3653.0,0,3654,93.66666666666667,0.02593048713738369,4,1,1,1,1,1,1,0,1,0,1,0,0,0,0,1,0,0,1,0,0,0,0,1
0,0,1,1,3,1,0,0,1,0,1,0,0,1,80.0,241.3,0,4264,60.325,0.01876172607879925,3,1,1,1,0,0,1,0,1,0,1,0,0,0,0,1,0,0,0,0,1,0,0,1
0,0,1,1,48,1,1,0,1,0,1,1,1,0,79.65,3870.3,0,3246,78.9857142857143,0.024537892791127544,6,0,1,0,0,0,1,1,0,0,0,0,1,0,0,1,0,0,1,0,0,0,1,0
0,0,1,0,15,1,1,0,0,0,0,0,0,0,25.2,387.9,0,4411,24.24375,0.005712990251643618,2,0,0,0,0,1,1,0,0,1,0,0,1,0,0,0,1,1,0,0,0,0,0,1
0,0,0,0,25,1,0,0,0,0,0,0,0,0,19.9,527.5,0,3048,20.28846153846154,0.006528871391076115,1,0,0,0,0,1,1,0,0,1,0,1,0,0,1,0,0,0,1,0,0,0,1,0
0,0,0,0,48,0,0,1,1,0,0,1,0,1,44.8,2104.55,0,2469,42.95,0.018144997974888617,3,1,1,0,0,1,0,1,0,0,1,0,0,0,0,1,0,0,1,0,0,0,1,0
0,0,0,0,1,1,0,0,0,0,0,0,0,0,20.3,20.3,0,4270,10.15,0.004754098360655738,1,1,0,0,0,1,1,0,0,1,1,0,0,0,0,0,1,0,0,0,1,0,0,1
0,0,0,0,1,1,0,0,0,0,0,0,0,0,19.2,19.2,0,2716,9.6,0.007069219440353461,1,1,1,0,0,1,1,0,0,1,1,0,0,0,0,1,0,0,0,0,1,0,1,0
0,0,0,0,37,1,0,0,1,1,0,0,0,0,80.05,3019.1,0,3364,79.45,0.023796076099881092,3,0,1,1,0,1,1,0,1,0,0,1,0,0,0,1,0,0,1,0,0,0,1,0
0,1,1,0,66,1,1,0,1,1,1,1,1,1,107.35,7051.95,0,4138,105.25298507462686,0.025942484291928466,7,0,0,1,1,0,1,0,1,0,0,1,0,1,0,0,0,0,0,1,0,0,0,1
0,0,1,0,26,0,0,1,1,1,0,1,0,0,47.85,1190.5,0,4362,44.092592592592595,0.010969738651994498,4,0,0,0,0,1,0,1,0,0,0,1,0,1,0,0,0,0,1,0,0,0,0,1
0,0,1,0,63,1,0,1,1,0,1,1,0,0,70.8,4448.8,0,5114,69.5125,0.013844348846304262,5,0,0,0,0,0,0,1,0,0,0,1,0,0,1,0,0,0,0,1,0,0,0,1
0,1,1,0,18,1,0,1,0,0,0,0,1,1,59.1,1011.05,0,2422,53.21315789473684,0.02440132122213047,3,1,0,0,1,1,0,1,0,0,1,0,0,0,1,0,0,1,0,0,0,0,1,0
0,0,1,0,64,1,1,0,0,0,0,0,0,0,25.55,1714.95,0,4312,26.383846153846154,0.0059253246753246756,2,0,0,0,0,1,1,0,0,1,0,0,1,0,0,0,1,0,0,1,0,0,0,1
0,0,0,1,28,1,0,0,0,0,0,0,0,0,20.25,535.35,0,4476,18.46034482758621,0.004524128686327078,1,1,0,0,0,1,1,0,0,1,1,0,0,0,0,0,1,0,1,0,0,0,0,1
0,0,0,0,1,1,0,0,0,1,0,0,0,0,75.55,75.55,0,3503,37.775,0.021567228090208394,2,1,1,1,0,1,1,0,1,0,1,0,0,0,0,1,0,0,0,0,1,0,0,1
0,0,1,0,66,1,1,0,1,1,0,0,1,0,95.3,6273.4,0,5706,93.63283582089552,0.016701717490361024,5,0,1,1,0,1,1,0,1,0,0,1,0,0,0,1,0,0,0,1,0,1,0,0
0,0,0,0,1,1,0,0,0,0,0,0,0,1,70.25,70.25,0,4063,35.125,0.017290179670194437,1,1,1,1,0,1,1,0,1,0,1,0,0,0,0,1,0,0,0,0,1,0,0,1
0,0,1,0,18,1,0,0,0,0,1,0,0,1,50.3,908.75,0,3740,47.828947368421055,0.013449197860962566,2,1,0,0,0,0,1,1,0,0,1,0,0,0,0,0,1,1,0,0,0,0,0,1
0,0,1,1,0,1,0,0,0,0,0,0,0,0,19.85,0.0,0,2019,0.0,0.009831599801882121,1,0,0,0,0,1,1,0,0,1,0,0,1,0,0,0,1,0,0,0,1,0,1,0
0,0,0,1,12,1,0,0,0,0,0,0,0,0,19.35,212.3,0,2558,16.33076923076923,0.00756450351837373,1,0,0,0,0,1,1,0,0,1,0,0,1,1,0,0,0,0,0,0,1,0,1,0
0,0,0,0,12,1,1,0,0,0,0,0,0,0,25.0,316.2,0,4408,24.323076923076922,0.0056715063520871144,2,1,1,0,0,1,1,0,0,1,1,0,0,0,0,1,0,0,0,0,1,0,0,1
0,0,1,1,55,1,0,0,0,0,0,0,0,0,20.3,1079.05,0,5153,19.26875,0.003939452745973219,1,0,0,0,0,1,1,0,0,1,0,0,1,0,0,0,1,0,0,1,0,0,0,1
0,0,0,0,7,1,1,0,0,0,0,0,0,1,75.35,564.65,0,4989,70.58125,0.01510322709961916,2,1,1,1,0,1,1,0,1,0,1,0,0,0,0,1,0,0,0,0,1,0,0,1
0,0,1,1,68,1,1,1,1,1,1,1,1,0,88.0,6161.9,0,5436,89.30289855072463,0.016188373804267846,8,0,0,0,0,0,0,1,0,0,0,0,1,0,1,0,0,0,0,1,0,1,0,0
0,1,0,0,49,1,0,0,0,0,0,0,0,0,43.8,2106.05,0,5651,42.121,0.007750840559193063,1,1,0,0,1,1,1,1,0,0,1,0,0,0,0,0,1,0,0,1,0,1,0,0
0,0,0,0,40,0,0,1,1,1,0,1,1,0,62.05,2511.55,0,2290,61.25731707317074,0.027096069868995633,5,0,0,0,0,1,0,1,0,0,0,1,0,0,1,0,0,0,1,0,0,0,1,0
0,0,0,0,16,1,0,0,0,0,0,0,0,0,20.1,318.6,0,4545,18.741176470588236,0.004422442244224422,1,0,0,0,0,1,1,0,0,1,0,1,0,1,0,0,0,1,0,0,0,0,0,1
0,0,1,0,72,1,1,0,1,1,0,1,1,1,101.35,7323.15,0,4497,100.31712328767122,0.02253724705359128,6,0,1,1,0,1,1,0,1,0,0,1,0,0,0,1,0,0,0,1,0,0,0,1
0,1,0,0,2,1,1,0,0,0,0,0,1,1,84.05,186.05,0,5039,62.01666666666667,0.01667989680492161,3,1,1,1,1,1,1,0,1,0,1,0,0,0,0,1,0,0,0,0,1,0,0,1
0,0,1,1,23,1,0,0,0,0,0,0,0,0,20.9,454.0,0,4076,18.916666666666668,0.0051275760549558385,1,0,0,0,0,1,1,0,0,1,0,0,1,0,0,0,1,1,0,0,0,0,0,1
0,1,0,0,71,1,1,0,1,1,0,1,1,1,105.9,7521.95,0,5479,104.47152777777778,0.019328344588428546,6,0,1,1,1,1,1,0,1,0,0,1,0,0,0,1,0,0,0,1,0,1,0,0
0,0,1,0,12,1,0,0,1,0,0,0,1,1,85.05,999.8,0,2540,76.9076923076923,0.033484251968503936,3,1,0,1,0,1,1,0,1,0,1,0,0,0,1,0,0,0,0,0,1,0,1,0
0,0,0,0,54,0,0,1,0,0,1,0,1,0,44.1,2369.7,0,6205,43.08545454545454,0.007107171635777599,3,0,0,0,0,0,0,1,0,0,0,1,0,1,0,0,0,0,0,1,0,1,0,0
0,0,1,0,68,1,1,0,1,1,1,0,0,0,90.2,6297.65,0,4095,91.27028985507246,0.022026862026862028,5,0,0,1,0,0,1,0,1,0,0,0,1,0,1,0,0,0,0,1,0,0,0,1
0,0,0,0,27,1,0,1,0,0,1,0,0,0,53.45,1461.45,0,2191,52.19464285714286,0.024395253308991328,3,1,0,0,0,0,0,1,0,0,1,0,0,0,0,0,1,0,1,0,0,0,1,0
0,0,0,0,21,1,0,0,0,0,0,0,0,1,19.95,416.4,0,3632,18.927272727272726,0.00549284140969163,1,1,0,0,0,1,1,0,0,1,1,0,0,0,0,0,1,1,0,0,0,0,0,1
0,1,0,0,64,1,1,0,1,1,1,0,1,0,74.65,4869.35,0,5113,74.91307692307693,0.014600039115978878,6,1,0,0,1,0,1,1,0,0,1,0,0,0,1,0,0,0,0,1,0,0,0,1
0,0,1,0,57,0,0,0,1,1,1,1,1,1,57.5,3265.95,0,4133,56.30948275862069,0.013912412291313816,5,0,0,0,0,0,1,1,0,0,0,0,1,1,0,0,0,0,0,1,0,0,0,1
0,0,0,0,19,1,0,0,0,0,0,0,0,0,19.65,358.15,0,5596,17.9075,0.003511436740528949,1,0,0,0,0,1,1,0,0,1,0,0,1,0,0,0,1,1,0,0,0,1,0,0
0,0,1,0,31,1,0,0,0,1,0,1,1,1,93.8,2939.8,0,2510,91.86875,0.03737051792828685,4,0,1,1,0,1,1,0,1,0,0,1,0,0,0,1,0,0,1,0,0,0,1,0
0,0,0,0,52,1,1,1,1,1,1,1,1,1,89.25,4652.4,0,4624,87.78113207547169,0.019301470588235295,8,0,0,0,0,0,0,1,0,0,0,0,1,0,0,0,1,0,0,1,0,0,0,1
0,0,0,0,46,1,1,0,1,1,0,0,1,1,94.15,4408.45,0,3924,93.7968085106383,0.02399337410805301,5,0,1,1,0,1,1,0,1,0,0,1,0,0,0,1,0,0,1,0,0,0,0,1
0,1,0,0,11,1,1,1,0,0,0,0,0,1,55.6,580.8,0,5014,48.4,0.01108895093737535,3,1,1,0,1,1,0,1,0,0,1,0,0,0,0,1,0,0,0,0,1,0,0,1
0,0,1,1,53,0,0,1,1,1,0,0,1,1,48.7,2495.2,0,4116,46.2074074074074,0.011831875607385812,4,1,0,0,0,1,0,1,0,0,1,0,0,1,0,0,0,0,0,1,0,0,0,1
0,1,0,0,57,1,1,0,1,0,1,1,1,1,104.9,5913.95,0,5838,101.96465517241379,0.017968482356971568,6,1,0,1,1,0,1,0,1,0,1,0,0,1,0,0,0,0,0,1,0,1,0,0
0,0,1,1,71,1,0,0,0,0,0,0,0,0,19.9,1389.35,0,5789,19.296527777777776,0.0034375539816894106,1,0,0,0,0,1,1,0,0,1,0,0,1,1,0,0,0,0,0,1,0,1,0,0
0,0,1,1,1,1,0,0,0,0,0,0,0,1,19.4,19.4,0,3160,9.7,0.006139240506329114,1,1,0,0,0,1,1,0,0,1,1,0,0,0,0,0,1,0,0,0,1,0,1,0
0,0,1,0,68,1,1,0,0,0,0,0,0,0,25.05,1629.2,0,4187,23.61159420289855,0.005982803916885599,2,0,0,0,0,1,1,0,0,1,0,0,1,0,1,0,0,0,0,1,0,0,0,1
0,0,1,0,72,1,0,1,1,1,1,1,1,0,84.45,6033.1,0,6297,82.64520547945206,0.013411148165793235,7,0,0,0,0,0,0,1,0,0,0,0,1,0,0,0,1,0,0,1,0,1,0,0
0,0,0,0,2,1,0,0,0,0,0,0,0,0,19.3,44.4,0,3009,14.799999999999999,0.006414091060152875,1,1,0,0,0,1,1,0,0,1,1,0,0,0,0,0,1,0,0,0,1,0,1,0
0,0,0,0,41,1,0,1,0,1,1,1,1,1,79.85,3320.75,0,5556,79.06547619047619,0.01437185025197984,6,0,0,0,0,0,0,1,0,0,0,1,0,1,0,0,0,0,1,0,0,1,0,0
0,0,1,1,72,1,1,0,0,0,0,0,0,0,25.55,1867.7,0,6425,25.584931506849315,0.003976653696498055,2,0,0,0,0,1,1,0,0,1,0,0,1,0,1,0,0,0,0,1,0,1,0,0
0,0,1,0,58,1,1,1,0,0,1,0,1,1,68.4,3972.25,0,5269,67.32627118644068,0.012981590434617576,5,0,1,0,0,0,0,1,0,0,0,1,0,0,0,1,0,0,0,1,0,0,0,1
0,0,0,0,7,1,0,0,0,0,0,0,0,0,20.65,155.9,0,2100,19.4875,0.009833333333333333,1,1,0,0,0,1,1,0,0,1,1,0,0,0,0,0,1,0,0,0,1,0,1,0
0,0,1,0,65,1,0,1,0,1,0,0,0,1,55.15,3673.15,0,6205,55.65378787878788,0.008887993553585818,3,1,0,0,0,1,0,1,0,0,1,0,0,0,0,0,1,0,0,1,0,1,0,0
0,0,0,0,1,1,0,0,0,0,0,0,0,1,70.6,70.6,0,3530,35.3,0.019999999999999997,1,1,0,1,0,1,1,0,1,0,1,0,0,0,0,0,1,0,0,0,1,0,0,1
0,0,1,0,56,1,0,0,0,0,0,0,0,0,19.95,1126.75,0,4838,19.767543859649123,0.004123604795369987,1,0,0,0,0,1,1,0,0,1,0,1,0,0,1,0,0,0,0,1,0,0,0,1
0,0,0,0,4,1,0,0,0,0,0,0,0,0,19.0,73.45,0,4345,14.690000000000001,0.004372842347525892,1,1,0,0,0,1,1,0,0,1,1,0,0,0,0,0,1,0,0,0,1,0,0,1
0,0,1,1,58,1,0,0,0,0,0,0,0,1,44.1,2413.05,0,5040,40.89915254237288,0.00875,1,0,0,0,0,1,1,1,0,0,0,1,0,0,0,0,1,0,0,1,0,0,0,1
0,0,1,0,62,1,1,0,0,1,1,1,1,1,107.6,6912.7,0,4697,109.72539682539683,0.022908239301681923,6,0,0,1,0,0,1,0,1,0,0,0,1,1,0,0,0,0,0,1,0,0,0,1
0,0,0,0,26,1,1,1,1,0,0,0,0,0,61.55,1581.95,0,5156,58.59074074074074,0.011937548487199379,4,0,1,0,0,1,0,1,0,0,0,1,0,0,0,1,0,0,1,0,0,0,0,1
0,0,0,0,62,1,1,1,1,1,0,0,0,0,90.7,5586.45,0,5496,88.67380952380952,0.016502911208151384,5,1,0,1,0,1,0,0,1,0,1,0,0,1,0,0,0,0,0,1,0,1,0,0
0,0,1,1,58,1,0,1,1,0,0,1,1,0,99.25,5846.65,0,4098,99.0957627118644,0.024219131283552953,5,0,0,1,0,1,0,0,1,0,0,1,0,0,1,0,0,0,0,1,0,0,0,1
0,0,1,0,68,1,1,1,1,1,1,1,1,1,91.7,6424.7,0,4113,93.11159420289854,0.022295161682470217,8,0,1,0,0,0,0,1,0,0,0,0,1,0,0,1,0,0,0,1,0,0,0,1
0,0,1,1,61,1,1,1,1,1,0,0,1,1,100.7,6018.65,0,4804,97.07499999999999,0.020961698584512908,6,0,0,1,0,1,0,0,1,0,0,1,0,0,1,0,0,0,0,1,0,0,0,1
0,0,0,0,42,1,1,0,0,1,1,1,1,1,78.45,3373.4,0,3192,78.45116279069768,0.024577067669172933,6,0,0,0,0,0,1,1,0,0,0,0,1,0,1,0,0,0,1,0,0,0,1,0
0,0,0,0,18,1,1,0,0,0,0,1,0,0,84.3,1537.9,0,4612,80.9421052631579,0.018278404163052906,3,1,0,1,0,1,1,0,1,0,1,0,0,1,0,0,0,1,0,0,0,0,0,1
0,0,0,0,56,1,0,0,0,0,0,0,0,1,19.55,1080.55,0,5764,18.95701754385965,0.0033917418459403193,1,0,0,0,0,1,1,0,0,1,0,0,1,1,0,0,0,0,0,1,0,1,0,0
0,0,0,0,4,1,0,0,0,0,0,0,0,0,20.45,82.85,0,4344,16.57,0.004707642725598526,1,1,0,0,0,1,1,0,0,1,1,0,0,0,1,0,0,0,0,0,1,0,0,1
0,0,0,1,35,1,0,1,1,0,0,0,0,0,55.6,2016.45,0,5964,56.0125,0.009322602280348759,3,0,0,0,0,1,0,1,0,0,0,1,0,0,1,0,0,0,1,0,0,1,0,0
0,0,1,1,64,1,1,1,0,0,1,0,0,1,86.8,5327.25,0,4915,81.95769230769231,0.01766022380467955,4,1,0,1,0,0,0,0,1,0,1,0,0,1,0,0,0,0,0,1,0,0,0,1
0,0,0,0,31,1,0,0,0,0,0,0,0,0,20.95,683.25,0,5772,21.3515625,0.0036295911295911296,1,0,0,0,0,1,1,0,0,1,0,1,0,0,0,0,1,0,1,0,0,1,0,0
0,1,1,0,67,1,0,0,0,0,0,0,0,1,20.05,1263.05,0,4934,18.574264705882353,0.004063640048642076,1,0,0,0,1,1,1,0,0,1,0,0,1,1,0,0,0,0,0,1,0,0,0,1
0,1,1,0,70,1,1,1,1,1,1,1,1,1,113.65,7714.65,0,6146,108.65704225352113,0.018491701919947933,8,0,1,1,1,0,0,0,1,0,0,0,1,0,0,1,0,0,0,1,0,1,0,0
0,0,1,1,2,1,0,1,1,0,1,0,0,0,59.5,130.5,0,5613,43.5,0.010600391947265277,4,0,0,0,0,0,0,1,0,0,0,0,1,0,0,0,1,0,0,0,1,1,0,0
0,0,1,1,29,1,0,0,0,0,0,1,1,1,87.8,2621.75,0,4780,87.39166666666667,0.018368200836820083,3,1,0,1,0,1,1,0,1,0,1,0,0,0,1,0,0,0,1,0,0,0,0,1
0,0,0,0,47,0,0,1,0,1,1,0,0,0,41.9,1875.25,0,2540,39.067708333333336,0.016496062992125984,3,0,0,0,0,0,0,1,0,0,0,0,1,0,0,0,1,0,1,0,0,0,1,0
0,0,0,1,12,1,0,1,0,0,0,1,1,1,69.85,837.5,0,5796,64.42307692307692,0.012051414768806072,4,1,0,0,0,1,0,1,0,0,1,0,0,0,0,0,1,0,0,0,1,1,0,0
0,0,1,1,8,1,0,0,1,0,1,0,0,0,56.3,401.5,0,3135,44.611111111111114,0.0179585326953748,3,1,0,0,0,0,1,1,0,0,1,0,0,1,0,0,0,0,0,0,1,0,1,0
0,0,1,0,54,1,1,1,1,1,0,1,1,0,109.55,6118.95,0,6130,111.25363636363636,0.017871125611745513,7,1,1,1,0,1,0,0,1,0,1,0,0,0,0,1,0,0,0,1,0,1,0,0
0,0,1,1,69,1,0,0,1,0,1,1,0,1,92.15,6480.9,0,5817,92.58428571428571,0.015841499054495445,4,0,0,1,0,0,1,0,1,0,0,0,1,0,0,0,1,0,0,1,0,1,0,0
0,0,0,0,26,1,1,1,1,0,0,1,0,1,69.5,1800.05,0,3866,66.66851851851851,0.017977237454733574,5,1,0,0,0,1,0,1,0,0,1,0,0,1,0,0,0,0,1,0,0,0,0,1
0,0,1,0,72,1,1,1,1,1,1,0,0,1,97.0,7104.2,0,6302,97.31780821917808,0.01539193906696287,6,0,0,1,0,0,0,0,1,0,0,0,1,1,0,0,0,0,0,1,0,1,0,0
0,0,0,0,70,0,0,1,0,1,1,1,1,1,58.35,4214.25,0,4093,59.355633802816904,0.01425604690935744,5,0,0,0,0,0,0,1,0,0,0,0,1,1,0,0,0,0,0,1,0,0,0,1
0,0,1,1,28,1,0,0,0,0,0,0,0,1,70.4,1992.2,0,5195,68.69655172413793,0.013551491819056787,1,0,0,1,0,1,1,0,1,0,0,1,0,1,0,0,0,0,1,0,0,0,0,1
0,0,1,0,21,1,1,0,0,0,0,1,1,1,94.3,1948.35,0,2058,88.56136363636364,0.045821185617103986,4,1,1,1,0,1,1,0,1,0,1,0,0,0,0,1,0,1,0,0,0,0,1,0
0,0,1,1,53,1,0,0,0,0,0,0,0,0,19.55,1007.9,0,4670,18.664814814814815,0.004186295503211992,1,0,0,0,0,1,1,0,0,1,0,1,0,1,0,0,0,0,0,1,0,0,0,1
0,0,0,1,53,1,0,1,1,1,0,0,1,0,95.95,5036.9,0,4523,93.27592592592592,0.0212137961529958,5,0,1,1,0,1,0,0,1,0,0,1,0,0,0,1,0,0,0,1,0,0,0,1
0,0,1,0,70,1,1,1,1,1,1,1,1,1,94.8,6859.05,0,5072,96.60633802816902,0.018690851735015772,8,0,0,0,0,0,0,1,0,0,0,0,1,0,1,0,0,0,0,1,0,0,0,1
0,0,0,0,61,1,1,1,1,1,0,1,1,1,107.75,6521.9,0,5364,105.19193548387096,0.020087621178225205,7,0,1,1,0,1,0,0,1,0,0,1,0,0,0,1,0,0,0,1,0,0,0,1
0,0,0,0,11,1,0,1,0,0,1,0,0,1,54.6,617.85,0,2573,51.487500000000004,0.02122036533229693,3,0,0,0,0,0,0,1,0,0,0,1,0,0,0,0,1,0,0,0,1,0,1,0
0,0,0,0,2,1,0,0,0,0,0,0,0,1,71.3,157.75,0,2274,52.583333333333336,0.03135444151275286,1,1,0,1,0,1,1,0,1,0,1,0,0,0,1,0,0,0,0,0,1,0,1,0
0,0,0,0,25,1,0,0,0,0,0,0,0,1,19.5,516.3,0,4761,19.857692307692307,0.004095778197857593,1,0,0,0,0,1,1,0,0,1,0,1,0,1,0,0,0,0,1,0,0,0,0,1
0,0,0,0,41,1,1,0,1,0,0,0,0,1,56.3,2364.0,0,2994,56.285714285714285,0.018804275217100867,3,0,0,0,0,1,1,1,0,0,0,1,0,0,1,0,0,0,1,0,0,0,1,0
0,0,1,1,71,1,1,1,1,1,1,1,1,1,90.55,6239.05,0,6009,86.65347222222222,0.015069063072058578,8,0,0,0,0,0,0,1,0,0,0,0,1,0,1,0,0,0,0,1,0,1,0,0
0,0,1,1,34,1,0,1,1,1,0,0,0,1,60.8,2042.05,0,4522,58.34428571428571,0.013445378151260503,4,0,0,0,0,1,0,1,0,0,0,1,0,0,0,0,1,0,1,0,0,0,0,1
0,0,0,0,29,1,0,0,0,1,1,1,1,1,98.8,2807.1,0,4580,93.57,0.021572052401746724,5,1,0,1,0,0,1,0,1,0,1,0,0,0,1,0,0,0,1,0,0,0,0,1
0,1,1,0,40,1,0,1,1,1,1,1,0,1,98.15,4116.8,0,4332,100.40975609756099,0.022656971375807942,6,0,0,1,1,0,0,0,1,0,0,1,0,0,1,0,0,0,1,0,0,0,0,1
0,0,1,0,36,0,0,1,0,1,0,0,0,0,35.35,1317.95,0,3314,35.62027027027027,0.010666867833433917,2,0,0,0,0,1,0,1,0,0,0,1,0,0,0,0,1,0,1,0,0,0,1,0
0,0,1,0,46,1,1,0,1,0,1,1,1,1,103.15,4594.65,0,3517,97.75851063829786,0.029328973557008815,6,0,1,1,0,0,1,0,1,0,0,1,0,0,0,1,0,0,1,0,0,0,0,1
0,0,0,0,58,1,1,1,1,1,0,1,1,1,107.75,6332.75,0,5121,107.33474576271186,0.02104081234133958,7,0,1,1,0,1,0,0,1,0,0,1,0,0,0,1,0,0,0,1,0,0,0,1
0,0,0,0,39,1,1,0,1,0,0,0,0,0,81.4,3213.75,0,4104,80.34375,0.019834307992202732,3,0,0,1,0,1,1,0,1,0,0,1,0,0,1,0,0,0,1,0,0,0,0,1
0,0,1,1,52,1,1,0,1,1,0,1,0,1,95.7,4976.15,0,4415,93.88962264150943,0.021676104190260476,5,0,0,1,0,1,1,0,1,0,0,1,0,0,1,0,0,0,0,1,0,0,0,1
0,1,1,0,70,1,1,0,1,1,0,1,1,1,104.8,7308.95,0,5291,102.94295774647887,0.019807219807219806,6,0,1,1,1,1,1,0,1,0,0,1,0,0,0,1,0,0,0,1,0,0,0,1
0,1,1,0,65,1,0,0,0,0,0,0,0,1,70.95,4555.2,0,4871,69.01818181818182,0.014565797577499488,1,0,0,1,1,1,1,0,1,0,0,1,0,1,0,0,0,0,0,1,0,0,0,1
0,0,0,0,1,1,0,0,0,0,0,0,0,1,44.95,44.95,0,3256,22.475,0.013805282555282556,1,1,0,0,0,1,1,1,0,0,1,0,0,0,0,0,1,0,0,0,1,0,1,0
0,0,1,0,70,1,1,0,0,1,0,1,1,1,97.65,6982.5,0,4252,98.34507042253522,0.022965663217309504,5,0,1,1,0,1,1,0,1,0,0,1,0,0,0,1,0,0,0,1,0,0,0,1
0,1,1,1,29,0,0,0,1,1,0,0,0,1,35.65,1025.15,0,4107,34.17166666666667,0.008680301923545167,2,1,0,0,1,1,1,1,0,0,1,0,0,0,0,0,1,0,1,0,0,0,0,1
0,0,0,0,67,1,1,1,0,1,1,1,1,1,85.25,5714.2,0,6322,84.03235294117647,0.013484656754191712,7,0,0,0,0,0,0,1,0,0,0,0,1,0,0,0,1,0,0,1,0,1,0,0
0,0,0,0,1,1,0,0,0,0,0,0,0,1,19.5,19.5,0,5279,9.75,0.0036938814169350256,1,1,0,0,0,1,1,0,0,1,1,0,0,0,0,0,1,0,0,0,1,0,0,1
0,0,1,1,30,1,1,0,0,0,0,0,0,1,25.1,789.55,0,5851,25.469354838709677,0.004289864980345241,2,0,0,0,0,1,1,0,0,1,0,0,1,0,0,0,1,0,1,0,0,1,0,0
0,0,1,0,48,1,0,0,0,1,1,1,1,1,100.05,4834.0,0,3468,98.65306122448979,0.02884948096885813,5,1,0,1,0,0,1,0,1,0,1,0,0,0,1,0,0,0,1,0,0,0,1,0
0,0,1,1,55,1,0,1,1,0,0,0,0,0,55.7,3131.8,0,4149,55.925000000000004,0.013424921667871776,3,1,1,0,0,1,0,1,0,0,1,0,0,0,0,1,0,0,0,1,0,0,0,1
0,0,0,0,37,1,1,1,0,0,0,1,0,1,91.15,3369.25,0,3194,88.66447368421052,0.02853788353162179,4,1,1,1,0,1,0,0,1,0,1,0,0,0,0,1,0,0,1,0,0,0,1,0
0,0,1,0,31,1,0,0,1,0,0,0,1,1,83.85,2674.15,0,4283,83.5671875,0.019577399019378938,3,1,0,1,0,1,1,0,1,0,1,0,0,1,0,0,0,0,1,0,0,0,0,1
0,0,0,0,4,1,0,0,0,0,0,0,0,1,45.9,199.75,0,3200,39.95,0.014343749999999999,1,1,1,0,0,1,1,1,0,0,1,0,0,0,0,1,0,0,0,0,1,0,1,0
0,0,1,1,72,1,1,0,0,0,0,0,0,1,25.1,1790.8,0,4185,24.53150684931507,0.005997610513739546,2,0,0,0,0,1,1,0,0,1,0,0,1,0,1,0,0,0,0,1,0,0,0,1
0,0,1,1,1,1,0,0,0,0,0,0,0,0,19.7,19.7,0,2004,9.85,0.009830339321357285,1,1,0,0,0,1,1,0,0,1,1,0,0,0,0,0,1,0,0,0,1,0,1,0
0,1,0,0,15,1,0,0,0,0,0,1,1,1,91.5,1400.3,0,4173,87.51875,0.02192667145938174,3,1,1,1,1,1,1,0,1,0,1,0,0,0,0,1,0,1,0,0,0,0,0,1
0,0,1,1,8,1,0,1,0,0,0,0,0,1,51.3,411.6,0,2545,45.733333333333334,0.020157170923379174,2,1,0,0,0,1,0,1,0,0,1,0,0,0,1,0,0,0,0,0,1,0,1,0
0,0,0,0,35,1,0,0,0,0,0,0,0,0,21.1,741.0,0,5707,20.583333333333332,0.003697213947783424,1,0,0,0,0,1,1,0,0,1,0,1,0,0,0,0,1,0,1,0,0,1,0,0
0,1,0,0,56,1,1,0,1,1,0,1,1,0,104.75,5841.35,0,5128,102.47982456140352,0.020427067082683308,6,1,1,1,1,1,1,0,1,0,1,0,0,0,0,1,0,0,0,1,0,0,0,1
0,1,1,1,65,1,1,1,1,0,0,0,0,1,85.75,5688.45,0,4978,86.18863636363636,0.017225793491361992,4,1,1,1,1,1,0,0,1,0,1,0,0,0,0,1,0,0,0,1,0,0,0,1
0,0,1,1,2,1,0,0,0,0,0,0,0,0,20.3,31.9,0,2843,10.633333333333333,0.007140344706296166,1,0,0,0,0,1,1,0,0,1,0,1,0,0,0,0,1,0,0,0,1,0,1,0
0,1,1,0,65,1,1,1,0,0,0,1,1,1,100.75,6674.65,0,4368,101.1310606060606,0.023065476190476192,5,0,1,1,1,1,0,0,1,0,0,1,0,0,0,1,0,0,0,1,0,0,0,1
0,0,0,0,18,1,1,0,0,0,0,0,0,1,74.15,1345.75,0,5033,70.82894736842105,0.014732763759189351,2,1,1,1,0,1,1,0,1,0,1,0,0,0,0,1,0,1,0,0,0,0,0,1
0,0,0,0,23,1,1,1,0,1,0,1,1,1,78.55,1843.05,0,3127,76.79375,0.025119923249120563,6,0,1,0,0,1,0,1,0,0,0,1,0,0,0,1,0,1,0,0,0,0,1,0
0,0,1,0,70,1,0,0,0,0,0,0,0,0,19.85,1433.8,0,4442,20.194366197183097,0.0044687077892841065,1,0,0,0,0,1,1,0,0,1,0,0,1,0,1,0,0,0,0,1,0,0,0,1
0,0,0,0,4,1,1,0,0,0,0,0,0,0,50.7,214.55,0,4288,42.910000000000004,0.011823694029850748,2,1,1,0,0,1,1,1,0,0,1,0,0,0,0,1,0,0,0,0,1,0,0,1
0,0,0,0,19,1,0,0,0,0,0,0,0,1,45.0,865.85,0,4519,43.292500000000004,0.009957955299845098,1,1,0,0,0,1,1,1,0,0,1,0,0,1,0,0,0,1,0,0,0,0,0,1
0,0,0,0,18,1,0,0,1,1,0,0,0,0,77.8,1358.6,0,4228,71.50526315789473,0.018401135288552507,3,1,1,1,0,1,1,0,1,0,1,0,0,0,0,1,0,1,0,0,0,0,0,1
0,1,1,0,38,1,0,1,0,0,0,0,1,1,83.45,3147.15,0,2768,80.69615384615385,0.030148121387283237,3,1,1,1,1,1,0,0,1,0,1,0,0,0,0,1,0,0,1,0,0,0,1,0
0,0,0,0,47,1,1,1,1,0,0,1,0,0,94.8,4535.85,0,5022,94.496875,0.01887694145758662,5,0,0,1,0,1,0,0,1,0,0,1,0,1,0,0,0,0,1,0,0,0,0,1
0,0,1,1,52,1,0,0,0,0,0,0,0,0,20.1,1078.75,0,4529,20.35377358490566,0.004438065798189446,1,0,0,0,0,1,1,0,0,1,0,0,1,1,0,0,0,0,0,1,0,0,0,1
0,0,0,0,9,1,1,0,0,0,0,0,1,0,59.9,542.4,0,5414,54.239999999999995,0.01106390838566679,3,1,0,0,0,1,1,1,0,0,1,0,0,0,0,0,1,0,0,0,1,1,0,0
0,0,1,0,26,1,1,1,1,1,1,1,1,1,90.1,2312.55,0,2068,85.65,0.04356866537717601,8,0,0,0,0,0,0,1,0,0,0,1,0,0,1,0,0,0,1,0,0,0,1,0
0,0,1,0,44,1,0,0,1,1,1,1,0,1,70.95,3250.45,0,3678,72.23222222222222,0.01929037520391517,5,0,1,0,0,0,1,1,0,0,0,1,0,0,0,1,0,0,1,0,0,0,0,1
0,0,0,0,3,0,0,0,1,0,0,0,0,0,29.2,98.5,0,4699,24.625,0.006214088103851883,1,1,0,0,0,1,1,1,0,0,1,0,0,0,0,0,1,0,0,0,1,0,0,1
0,0,0,0,2,1,0,0,0,0,0,0,0,1,46.6,87.9,0,5096,29.3,0.009144427001569859,1,1,0,0,0,1,1,1,0,0,1,0,0,1,0,0,0,0,0,0,1,0,0,1
0,0,0,0,25,1,0,1,0,0,0,0,0,0,74.3,1952.25,0,4815,75.08653846153847,0.015430944963655243,2,1,0,1,0,1,0,0,1,0,1,0,0,1,0,0,0,0,1,0,0,0,0,1
0,1,1,0,2,1,0,0,0,0,0,0,0,1,69.3,153.8,0,2901,51.26666666666667,0.02388831437435367,1,1,1,1,1,1,1,0,1,0,1,0,0,0,0,1,0,0,0,0,1,0,1,0
0,0,1,0,58,1,1,0,1,1,0,0,1,1,94.3,5610.15,0,6166,95.08728813559321,0.015293545248134933,5,0,1,1,0,1,1,0,1,0,0,1,0,0,0,1,0,0,0,1,0,1,0,0
0,0,1,1,59,1,1,1,0,1,1,1,0,1,76.45,4519.5,0,5978,75.325,0.012788558046169287,6,0,0,0,0,0,0,1,0,0,0,0,1,0,0,0,1,0,0,1,0,1,0,0
0,0,0,0,44,0,0,1,0,1,0,1,1,1,54.0,2440.25,0,4256,54.227777777777774,0.01268796992481203,4,0,1,0,0,1,0,1,0,0,0,1,0,0,0,1,0,0,1,0,0,0,0,1
0,0,0,0,66,1,1,0,1,0,1,1,1,1,104.25,6860.6,0,4915,102.39701492537314,0.02121057985757884,6,0,1,1,0,0,1,0,1,0,0,1,0,0,0,1,0,0,0,1,0,0,0,1
0,0,1,1,68,1,0,0,0,0,0,0,0,0,19.95,1377.7,0,4165,19.96666666666667,0.004789915966386555,1,0,0,0,0,1,1,0,0,1,0,0,1,1,0,0,0,0,0,1,0,0,0,1
0,0,0,0,9,0,0,0,0,0,0,0,0,1,24.95,190.25,0,5473,19.025,0.004558742919788051,0,1,1,0,0,1,1,1,0,0,1,0,0,0,0,1,0,0,0,0,1,1,0,0
0,0,0,0,19,1,1,1,0,1,0,0,0,1,84.75,1651.95,0,5157,82.5975,0.016433973240255962,4,1,1,1,0,1,0,0,1,0,1,0,0,0,0,1,0,1,0,0,0,0,0,1
0,0,0,0,4,1,0,0,0,0,0,0,0,0,19.75,78.3,0,4987,15.66,0.003960296771606176,1,1,0,0,0,1,1,0,0,1,1,0,0,0,0,0,1,0,0,0,1,0,0,1
0,0,0,0,70,1,1,1,1,1,1,1,1,1,113.65,7939.25,0,6424,111.82042253521126,0.017691469489414694,8,0,0,1,0,0,0,0,1,0,0,0,1,1,0,0,0,0,0,1,0,1,0,0
0,0,0,0,1,1,0,0,0,0,0,0,0,1,44.9,44.9,0,2451,22.45,0.01831905344757242,1,1,0,0,0,1,1,1,0,0,1,0,0,0,0,0,1,0,0,0,1,0,1,0
0,0,0,0,8,1,1,0,0,0,0,0,0,1,75.25,576.7,0,2332,64.07777777777778,0.03226843910806175,2,1,1,1,0,1,1,0,1,0,1,0,0,0,0,1,0,0,0,0,1,0,1,0
0,0,0,0,53,1,1,0,0,0,0,0,0,0,24.6,1279.0,0,4610,23.685185185185187,0.005336225596529284,2,0,0,0,0,1,1,0,0,1,0,0,1,0,0,0,1,0,0,1,0,0,0,1
0,1,0,0,51,1,1,0,0,0,0,0,0,0,25.0,1260.7,0,5896,24.24423076923077,0.004240162822252374,2,0,0,0,1,1,1,0,0,1,0,1,0,1,0,0,0,0,0,1,0,1,0,0
0,0,1,1,11,1,0,0,0,0,0,0,0,0,20.95,267.35,0,4075,22.27916666666667,0.005141104294478527,1,1,0,0,0,1,1,0,0,1,1,0,0,1,0,0,0,0,0,0,1,0,0,1
0,0,1,1,60,1,1,1,0,1,1,1,1,1,110.6,6586.85,0,5756,107.98114754098361,0.019214732453092423,7,0,1,1,0,0,0,0,1,0,0,0,1,0,0,1,0,0,0,1,0,1,0,0
0,0,0,0,17,1,0,1,1,0,0,0,0,1,55.5,934.15,0,3190,51.89722222222222,0.017398119122257052,3,1,0,0,0,1,0,1,0,0,1,0,0,0,1,0,0,1,0,0,0,0,1,0
0,0,0,0,1,1,0,0,0,0,0,0,0,0,19.45,19.45,0,2133,9.725,0.009118612283169245,1,1,0,0,0,1,1,0,0,1,1,0,0,0,0,0,1,0,0,0,1,0,1,0
0,1,0,0,43,1,1,0,0,0,0,1,0,1,84.85,3645.6,0,4556,82.85454545454546,0.01862379280070237,3,1,1,1,1,1,1,0,1,0,1,0,0,0,0,1,0,0,1,0,0,0,0,1
0,0,1,0,16,1,0,0,0,0,0,0,0,0,19.6,314.45,0,4298,18.49705882352941,0.004560260586319219,1,1,0,0,0,1,1,0,0,1,1,0,0,0,0,0,1,1,0,0,0,0,0,1
0,0,1,1,57,1,0,1,1,0,0,0,0,0,53.45,3053.0,0,5660,52.63793103448276,0.009443462897526502,3,0,1,0,0,1,0,1,0,0,0,1,0,0,0,1,0,0,0,1,0,1,0,0
0,0,1,1,37,1,0,0,0,0,0,0,0,0,19.8,677.05,0,5137,17.817105263157895,0.003854389721627409,1,0,0,0,0,1,1,0,0,1,0,1,0,0,1,0,0,0,1,0,0,0,0,1
0,0,1,0,72,1,1,1,1,1,1,1,1,0,112.1,7965.95,0,4272,109.12260273972602,0.02624063670411985,8,0,0,1,0,0,0,0,1,0,0,0,1,0,1,0,0,0,0,1,0,0,0,1
0,1,1,0,2,1,0,0,0,1,0,0,0,1,74.2,140.1,0,3170,46.699999999999996,0.023406940063091485,2,1,1,1,1,1,1,0,1,0,1,0,0,0,0,1,0,0,0,0,1,0,1,0
0,0,0,0,17,1,1,0,0,1,1,1,0,1,69.0,1108.0,0,4439,61.55555555555556,0.015544041450777202,5,1,0,0,0,0,1,1,0,0,1,0,0,0,0,0,1,1,0,0,0,0,0,1
0,0,0,0,16,1,0,0,0,0,0,0,0,0,19.35,295.55,0,2017,17.38529411764706,0.009593455627169064,1,0,0,0,0,1,1,0,0,1,0,1,0,0,1,0,0,1,0,0,0,0,1,0
0,0,0,0,10,1,0,0,0,0,0,0,0,1,19.8,198.25,0,5270,18.022727272727273,0.003757115749525617,1,0,0,0,0,1,1,0,0,1,0,1,0,0,0,0,1,0,0,0,1,0,0,1
0,0,1,1,64,1,1,0,1,1,1,1,1,1,109.2,6741.15,0,5543,103.71,0.019700523182392207,7,0,0,1,0,0,1,0,1,0,0,0,1,0,1,0,0,0,0,1,0,1,0,0
0,0,0,0,1,1,1,0,1,0,0,0,0,1,79.15,79.15,0,2742,39.575,0.028865791393143693,3,1,0,1,0,1,1,0,1,0,1,0,0,0,0,0,1,0,0,0,1,0,1,0
0,0,1,1,25,1,0,0,1,1,0,0,0,0,53.65,1355.45,0,5854,52.13269230769231,0.009164673727365904,3,0,0,0,0,1,1,1,0,0,0,1,0,0,0,0,1,0,1,0,0,1,0,0
0,0,1,1,71,1,0,1,1,1,1,1,0,0,100.2,7209.0,0,5502,100.125,0.01821155943293348,6,0,0,1,0,0,0,0,1,0,0,0,1,0,1,0,0,0,0,1,0,1,0,0
0,0,1,1,72,1,0,1,1,1,1,1,1,1,108.65,7726.35,0,5730,105.84041095890412,0.018961605584642233,7,0,0,1,0,0,0,0,1,0,0,0,1,1,0,0,0,0,0,1,0,1,0,0
0,0,1,0,49,0,0,1,0,0,0,1,0,0,40.65,2070.75,0,5565,41.415,0.007304582210242588,2,1,0,0,0,1,0,1,0,0,1,0,0,1,0,0,0,0,0,1,0,1,0,0
0,0,1,1,29,0,0,1,1,1,1,0,1,1,55.35,1636.95,0,5138,54.565000000000005,0.010772674192292721,5,0,0,0,0,0,0,1,0,0,0,1,0,0,1,0,0,0,1,0,0,0,0,1
0,0,1,0,72,1,1,1,1,1,1,0,1,0,105.6,7581.5,0,5981,103.85616438356165,0.017655910382879118,7,0,0,1,0,0,0,0,1,0,0,0,1,1,0,0,0,0,0,1,0,1,0,0
0,0,0,0,50,1,1,0,0,0,0,1,1,1,95.7,4729.75,0,4164,92.74019607843137,0.02298270893371758,4,1,1,1,0,1,1,0,1,0,1,0,0,0,0,1,0,0,0,1,0,0,0,1
0,0,1,0,71,1,1,1,0,1,1,1,1,0,83.2,6126.1,0,5350,85.08472222222223,0.01555140186915888,7,0,1,0,0,0,0,1,0,0,0,0,1,0,0,1,0,0,0,1,0,0,0,1
0,1,1,0,70,1,1,1,1,1,1,1,1,0,90.05,6333.4,0,4666,89.20281690140844,0.019299185597942563,8,0,0,0,1,0,0,1,0,0,0,0,1,0,1,0,0,0,0,1,0,0,0,1
0,0,0,0,71,1,1,1,0,0,1,0,1,0,97.65,6687.85,0,5319,92.88680555555555,0.018358714043993234,5,0,0,1,0,0,0,0,1,0,0,1,0,0,1,0,0,0,0,1,0,0,0,1
0,0,1,1,61,1,0,1,1,1,1,0,0,1,68.05,4158.25,0,4436,67.06854838709677,0.01534039675383228,5,0,0,0,0,0,0,1,0,0,0,0,1,1,0,0,0,0,0,1,0,0,0,1
0,0,0,0,68,1,1,1,1,1,0,0,1,1,102.1,7149.35,0,5228,103.61376811594204,0.01952945677123183,6,0,0,1,0,1,0,0,1,0,0,0,1,1,0,0,0,0,0,1,0,0,0,1
0,0,0,0,62,1,1,0,0,0,0,0,0,0,23.4,1429.65,0,5822,22.692857142857143,0.004019237375472346,2,0,0,0,0,1,1,0,0,1,0,0,1,1,0,0,0,0,0,1,0,1,0,0
0,0,0,1,7,1,0,0,0,0,0,0,0,1,71.05,472.65,0,4668,59.08125,0.015220651242502142,1,1,1,1,0,1,1,0,1,0,1,0,0,0,0,1,0,0,0,0,1,0,0,1
0,0,1,1,6,1,0,0,0,0,0,0,0,0,19.45,113.5,0,3461,16.214285714285715,0.005619763074255995,1,0,0,0,0,1,1,0,0,1,0,1,0,0,0,0,1,0,0,0,1,0,1,0
0,1,0,0,33,0,0,1,1,1,0,1,1,1,59.45,1884.65,0,3116,55.43088235294118,0.019078947368421053,5,1,0,0,1,1,0,1,0,0,1,0,0,1,0,0,0,0,1,0,0,0,1,0
0,0,1,1,28,1,1,0,0,0,0,1,1,0,92.2,2568.15,0,5116,88.55689655172414,0.01802189210320563,4,0,0,1,0,1,1,0,1,0,0,1,0,1,0,0,0,0,1,0,0,0,0,1
0,0,0,0,27,1,0,0,0,0,0,0,0,0,19.85,470.0,0,2176,16.785714285714285,0.009122242647058824,1,0,0,0,0,1,1,0,0,1,0,0,1,0,1,0,0,0,1,0,0,0,1,0
0,0,0,0,7,1,0,0,0,0,0,0,0,0,43.9,278.4,0,3565,34.8,0.012314165497896212,1,1,0,0,0,1,1,1,0,0,1,0,0,0,0,0,1,0,0,0,1,0,0,1
0,1,0,0,30,1,1,1,0,0,0,0,1,1,90.5,2595.85,0,5983,83.73709677419355,0.015126190874143406,4,1,0,1,1,1,0,0,1,0,1,0,0,0,1,0,0,0,1,0,0,1,0,0
0,0,0,0,63,1,1,0,1,0,0,0,1,0,90.45,5825.5,0,4616,91.0234375,0.019594887348353553,4,0,0,1,0,1,1,0,1,0,0,1,0,0,1,0,0,0,0,1,0,0,0,1
0,0,0,1,53,1,1,0,1,1,1,1,1,1,84.6,4449.75,0,4733,82.40277777777777,0.01787449820409888,7,0,1,0,0,0,1,1,0,0,0,1,0,0,0,1,0,0,0,1,0,0,0,1
0,0,0,0,21,1,0,0,1,0,1,1,1,1,99.15,1956.4,0,5324,88.92727272727274,0.01862321562734786,5,1,0,1,0,0,1,0,1,0,1,0,0,1,0,0,0,1,0,0,0,0,0,1
0,0,0,0,17,1,0,0,0,0,0,0,0,0,19.95,310.6,0,2221,17.255555555555556,0.008982440342188203,1,0,0,0,0,1,1,0,0,1,0,1,0,0,0,0,1,1,0,0,0,0,1,0
0,0,1,1,16,1,0,0,0,0,0,0,0,0,20.5,290.55,0,2856,17.091176470588238,0.007177871148459383,1,0,0,0,0,1,1,0,0,1,0,0,1,0,0,0,1,1,0,0,0,0,1,0
0,0,0,0,35,1,0,0,0,1,0,0,1,1,62.1,2096.1,0,5315,58.224999999999994,0.011683913452492945,3,1,1,0,0,1,1,1,0,0,1,0,0,0,0,1,0,0,1,0,0,0,0,1
0,1,0,0,32,1,0,0,0,0,0,0,1,1,79.5,2665.0,0,3041,80.75757575757575,0.026142716211772443,2,1,1,1,1,1,1,0,1,0,1,0,0,0,0,1,0,0,1,0,0,0,1,0
0,0,1,1,28,1,0,0,0,0,0,0,0,1,19.55,543.8,0,3948,18.75172413793103,0.004951874366767984,1,1,0,0,0,1,1,0,0,1,1,0,0,1,0,0,0,0,1,0,0,0,0,1
0,0,0,0,1,1,0,0,0,0,0,0,0,1,20.35,20.35,0,2183,10.175,0.009322033898305085,1,1,0,0,0,1,1,0,0,1,1,0,0,0,0,0,1,0,0,0,1,0,1,0
0,0,0,0,59,0,0,0,0,0,1,1,1,1,51.7,3005.8,0,6107,50.09666666666667,0.008465695103979041,3,1,1,0,0,0,1,1,0,0,1,0,0,0,0,1,0,0,0,1,0,1,0,0
0,0,1,1,72,1,1,0,0,0,0,0,0,1,23.3,1623.15,0,4152,22.234931506849318,0.005611753371868979,2,0,0,0,0,1,1,0,0,1,0,1,0,1,0,0,0,0,0,1,0,0,0,1
0,0,0,0,40,1,0,1,1,0,0,1,0,0,65.1,2586.0,0,3885,63.073170731707314,0.016756756756756756,4,1,0,0,0,1,0,1,0,0,1,0,0,0,0,0,1,0,1,0,0,0,0,1
0,0,1,1,40,1,1,0,0,1,0,0,0,1,81.2,3292.3,0,5370,80.30000000000001,0.015121042830540037,3,1,1,1,0,1,1,0,1,0,1,0,0,0,0,1,0,0,1,0,0,0,0,1
0,0,1,1,63,1,0,1,1,1,1,1,0,0,74.5,4674.55,0,6382,73.03984375,0.011673456596678157,6,0,0,0,0,0,0,1,0,0,0,0,1,0,1,0,0,0,0,1,0,1,0,0
0,0,0,0,3,1,0,0,0,0,0,1,0,1,80.5,232.35,0,2032,58.0875,0.039616141732283464,2,1,1,1,0,1,1,0,1,0,1,0,0,0,0,1,0,0,0,0,1,0,1,0
0,0,1,1,40,0,0,0,1,1,1,1,1,0,60.3,2448.5,0,3724,59.71951219512195,0.016192266380236305,5,0,0,0,0,0,1,1,0,0,0,1,0,0,0,0,1,0,1,0,0,0,0,1
0,0,1,0,8,1,0,1,0,0,0,0,0,1,75.0,658.1,0,5413,73.12222222222222,0.013855532976168483,2,1,0,1,0,1,0,0,1,0,1,0,0,0,0,0,1,0,0,0,1,1,0,0
0,1,1,0,34,1,0,1,0,0,1,1,0,0,90.15,3128.8,0,3202,89.39428571428572,0.02815427857589007,4,0,0,1,1,0,0,0,1,0,0,1,0,0,0,0,1,0,1,0,0,0,1,0
0,0,1,0,9,1,1,0,1,1,0,0,1,1,69.05,653.95,0,2907,65.39500000000001,0.02375300997592019,5,1,0,0,0,1,1,1,0,0,1,0,0,0,1,0,0,0,0,0,1,0,1,0
0,0,1,1,31,1,1,0,0,0,0,0,1,0,59.7,1825.5,0,2425,57.046875,0.024618556701030928,3,1,0,0,0,1,1,1,0,0,1,0,0,1,0,0,0,0,1,0,0,0,1,0
0,0,1,0,50,1,0,0,0,0,0,0,0,1,19.85,943.1,0,4358,18.492156862745098,0.004554841670491051,1,0,0,0,0,1,1,0,0,1,0,1,0,1,0,0,0,0,0,1,0,0,0,1
0,0,0,0,9,0,0,0,1,0,0,0,1,0,40.75,359.4,0,2973,35.94,0.01370669357551295,2,1,1,0,0,1,1,1,0,0,1,0,0,0,0,1,0,0,0,0,1,0,1,0
0,0,1,0,25,1,0,0,0,0,1,1,1,1,95.7,2338.35,0,4535,89.93653846153846,0.021102535832414553,4,1,0,1,0,0,1,0,1,0,1,0,0,0,1,0,0,0,1,0,0,0,0,1
0,1,0,0,1,1,0,0,0,0,0,0,0,0,46.3,46.3,0,2546,23.15,0.018185388845247445,1,1,1,0,1,1,1,1,0,0,1,0,0,0,0,1,0,0,0,0,1,0,1,0
0,0,1,1,45,1,1,1,1,1,1,1,0,0,81.3,3541.1,0,3111,76.9804347826087,0.026133076181292188,7,1,0,0,0,0,0,1,0,0,1,0,0,0,0,0,1,0,1,0,0,0,1,0
0,0,1,1,55,1,0,0,0,0,0,0,0,0,20.0,1087.25,0,4277,19.415178571428573,0.004676174888940846,1,1,0,0,0,1,1,0,0,1,1,0,0,0,1,0,0,0,0,1,0,0,0,1
0,0,0,0,38,1,1,1,1,1,0,0,0,1,66.15,2522.4,0,4933,64.67692307692307,0.013409689843908373,5,1,0,0,0,1,0,1,0,0,1,0,0,1,0,0,0,0,1,0,0,0,0,1
0,0,1,1,38,1,0,0,0,0,0,0,0,0,19.6,717.3,0,3854,18.392307692307693,0.00508562532433835,1,1,1,0,0,1,1,0,0,1,1,0,0,0,0,1,0,0,1,0,0,0,0,1
0,0,0,0,34,1,0,0,1,0,0,0,0,1,49.8,1734.2,0,2711,49.54857142857143,0.018369605311693103,2,1,1,0,0,1,1,1,0,0,1,0,0,0,0,1,0,0,1,0,0,0,1,0
0,0,1,0,70,1,1,0,0,1,0,1,1,1,101.75,7069.3,0,5596,99.56760563380281,0.018182630450321657,5,0,1,1,0,1,1,0,1,0,0,1,0,0,0,1,0,0,0,1,0,1,0,0
0,0,0,0,13,1,0,1,0,0,1,0,0,0,55.15,742.9,0,3161,53.06428571428571,0.017447010439734262,3,0,0,0,0,0,0,1,0,0,0,1,0,0,0,0,1,1,0,0,0,0,1,0
0,0,0,0,61,1,1,0,1,1,0,1,1,1,103.95,6423.0,0,4148,103.59677419354838,0.025060270009643202,6,0,1,1,0,1,1,0,1,0,0,1,0,0,0,1,0,0,0,1,0,0,0,1
0,0,0,0,41,1,0,0,1,0,1,1,1,1,99.65,4220.35,0,2640,100.48452380952382,0.037746212121212125,5,0,0,1,0,0,1,0,1,0,0,0,1,0,1,0,0,0,1,0,0,0,1,0
0,0,0,0,21,1,1,0,0,0,0,0,0,1,73.7,1558.7,0,2071,70.85000000000001,0.0355866731047803,2,1,1,1,0,1,1,0,1,0,1,0,0,0,0,1,0,1,0,0,0,0,1,0
0,1,0,0,55,0,0,0,0,1,0,1,1,1,50.05,2743.45,0,4932,48.990178571428565,0.010148012976480129,3,0,0,0,1,1,1,1,0,0,0,1,0,1,0,0,0,0,0,1,0,0,0,1
0,0,1,0,69,0,0,1,0,1,1,1,1,0,60.25,4055.5,0,5717,57.93571428571428,0.010538744096554137,5,0,0,0,0,0,0,1,0,0,0,0,1,1,0,0,0,0,0,1,0,1,0,0
0,1,1,0,69,1,0,1,1,0,0,0,1,0,87.3,6055.55,0,4148,86.50785714285715,0.021046287367405977,4,0,0,1,1,1,0,0,1,0,0,1,0,0,1,0,0,0,0,1,0,0,0,1
0,0,1,1,47,1,1,0,1,0,0,0,0,0,54.25,2538.2,0,2320,52.87916666666666,0.023383620689655174,3,1,1,0,0,1,1,1,0,0,1,0,0,0,0,1,0,0,1,0,0,0,1,0
0,0,1,1,72,1,0,1,1,1,1,1,1,0,85.3,6129.2,0,4456,83.96164383561644,0.019142728904847396,7,0,0,0,0,0,0,1,0,0,0,0,1,1,0,0,0,0,0,1,0,0,0,1
0,1,1,0,33,0,0,0,1,1,1,1,0,1,50.0,1750.85,0,5600,51.495588235294115,0.008928571428571428,4,1,1,0,1,0,1,1,0,0,1,0,0,0,0,1,0,0,1,0,0,1,0,0
0,0,1,1,72,1,1,1,1,1,1,1,1,0,90.95,6652.45,0,5096,91.12945205479451,0.017847331240188384,8,0,0,0,0,0,0,1,0,0,0,0,1,0,1,0,0,0,0,1,0,0,0,1
0,1,1,0,37,1,0,0,0,0,0,0,0,1,72.25,2575.45,0,4121,67.77499999999999,0.017532152390196554,1,1,0,1,1,1,1,0,1,0,1,0,0,1,0,0,0,0,1,0,0,0,0,1
0,1,1,1,62,1,1,0,1,1,0,0,1,1,96.1,6019.35,0,5868,95.5452380952381,0.016376959781867758,5,1,0,1,1,1,1,0,1,0,1,0,0,0,1,0,0,0,0,1,0,1,0,0
0,0,1,0,71,1,0,0,0,0,0,0,0,0,19.85,1379.6,0,4121,19.16111111111111,0.004816792040766804,1,0,0,0,0,1,1,0,0,1,0,0,1,0,1,0,0,0,0,1,0,0,0,1
0,0,0,1,23,1,0,0,1,0,1,0,0,1,55.3,1284.2,0,4028,53.50833333333333,0.013728897715988083,3,1,0,0,0,0,1,1,0,0,1,0,0,1,0,0,0,1,0,0,0,0,0,1
0,0,0,0,16,1,0,0,0,0,0,0,0,0,20.1,296.15,0,5052,17.420588235294115,0.003978622327790974,1,0,0,0,0,1,1,0,0,1,0,1,0,0,0,0,1,1,0,0,0,0,0,1
0,0,0,0,9,1,0,1,0,1,1,1,0,1,69.5,653.25,0,3628,65.325,0.019156560088202868,5,1,0,0,0,0,0,1,0,0,1,0,0,0,0,0,1,0,0,0,1,0,0,1
0,0,1,1,17,1,1,0,0,0,0,0,0,1,25.15,412.6,0,3931,22.922222222222224,0.006397863139150343,2,0,0,0,0,1,1,0,0,1,0,0,1,0,0,0,1,1,0,0,0,0,0,1
0,0,1,0,24,1,1,0,0,1,0,0,0,1,79.65,1928.7,0,3816,77.148,0.020872641509433965,3,1,0,1,0,1,1,0,1,0,1,0,0,0,0,0,1,1,0,0,0,0,0,1
0,1,0,0,1,1,0,0,0,0,0,0,0,1,71.25,71.25,0,5033,35.625,0.014156566660043711,1,1,1,1,1,1,1,0,1,0,1,0,0,0,0,1,0,0,0,0,1,0,0,1
0,1,0,0,72,1,1,1,1,1,1,1,1,0,113.8,7845.8,0,4598,107.47671232876712,0.02474989125706829,8,0,0,1,1,0,0,0,1,0,0,0,1,1,0,0,0,0,0,1,0,0,0,1
0,0,1,0,72,1,1,0,0,0,0,0,0,0,24.55,1750.7,0,4169,23.982191780821918,0.00588870232669705,2,0,1,0,0,1,1,0,0,1,0,0,1,0,0,1,0,0,0,1,0,0,0,1
0,0,0,1,11,1,0,0,0,0,0,0,0,0,19.7,216.2,0,3838,18.016666666666666,0.005132881709223554,1,1,0,0,0,1,1,0,0,1,1,0,0,0,1,0,0,0,0,0,1,0,0,1
0,1,1,0,60,1,1,0,0,1,0,1,1,1,100.5,6029.0,0,6442,98.8360655737705,0.015600745110214219,5,0,0,1,1,1,1,0,1,0,0,1,0,0,1,0,0,0,0,1,0,1,0,0
0,0,0,0,49,1,0,0,0,1,1,1,1,1,74.45,3721.9,0,4517,74.438,0.01648217843701572,5,0,0,0,0,0,1,1,0,0,0,0,1,1,0,0,0,0,0,1,0,0,0,1
0,1,0,0,30,1,1,0,1,1,0,1,1,1,104.1,3121.1,0,5655,100.68064516129031,0.018408488063660477,6,1,1,1,1,1,1,0,1,0,1,0,0,0,0,1,0,0,1,0,0,1,0,0
0,0,1,0,53,1,0,0,0,0,0,0,0,0,19.05,990.45,0,6160,18.34166666666667,0.0030925324675324674,1,0,0,0,0,1,1,0,0,1,0,1,0,0,1,0,0,0,0,1,0,1,0,0
0,0,0,1,39,1,1,0,0,0,0,0,0,0,25.0,1004.35,0,4295,25.10875,0.005820721769499418,2,0,0,0,0,1,1,0,0,1,0,0,1,0,0,0,1,0,1,0,0,0,0,1
0,0,0,0,9,1,0,0,0,0,0,0,0,0,19.05,157.65,0,3248,15.765,0.0058651477832512315,1,1,0,0,0,1,1,0,0,1,1,0,0,0,0,0,1,0,0,0,1,0,1,0
0,0,0,0,39,1,0,0,0,1,1,0,0,0,81.9,3219.75,0,3446,80.49375,0.023766686012768427,3,0,1,1,0,0,1,0,1,0,0,1,0,0,0,1,0,0,1,0,0,0,1,0
0,1,0,0,8,1,0,0,0,0,0,0,0,1,69.7,572.85,0,5242,63.650000000000006,0.013296451735978635,1,1,1,1,1,1,1,0,1,0,1,0,0,0,0,1,0,0,0,0,1,0,0,1
0,0,1,1,51,1,1,0,0,1,0,0,1,1,90.15,4554.85,0,5692,87.59326923076924,0.015838018271257907,4,0,1,1,0,1,1,0,1,0,0,1,0,0,0,1,0,0,0,1,0,1,0,0
0,0,1,1,71,1,1,0,0,0,0,0,0,0,25.35,1847.55,0,5747,25.660416666666666,0.004410997041934922,2,0,0,0,0,1,1,0,0,1,0,0,1,0,1,0,0,0,0,1,0,1,0,0
0,1,0,0,71,1,1,0,0,0,0,0,0,1,24.65,1766.75,0,4788,24.538194444444443,0.0051482873851294905,2,0,0,0,1,1,1,0,0,1,0,0,1,0,0,0,1,0,0,1,0,0,0,1
0,1,1,0,70,1,0,0,0,0,0,0,0,1,19.55,1462.05,0,5209,20.59225352112676,0.0037531196006911115,1,0,0,0,1,1,1,0,0,1,0,0,1,0,1,0,0,0,0,1,0,0,0,1
0,0,1,0,38,0,0,1,1,0,1,1,1,1,60.0,2193.2,0,2187,56.23589743589743,0.027434842249657063,5,0,0,0,0,0,0,1,0,0,0,0,1,1,0,0,0,0,1,0,0,0,1,0
0,0,1,0,28,1,0,0,1,1,0,0,1,0,89.9,2433.5,0,3676,83.91379310344827,0.024455930359085963,4,1,0,1,0,1,1,0,1,0,1,0,0,0,1,0,0,0,1,0,0,0,0,1
0,0,1,0,32,1,0,0,0,0,0,0,0,0,19.4,641.15,0,3846,19.42878787878788,0.005044201768070722,1,1,0,0,0,1,1,0,0,1,1,0,0,1,0,0,0,0,1,0,0,0,0,1
0,1,1,0,49,1,0,0,1,0,0,0,0,0,49.8,2398.4,0,4306,47.968,0.01156525777984208,2,0,0,0,1,1,1,1,0,0,0,0,1,0,0,0,1,0,0,1,0,0,0,1
0,0,1,1,37,1,1,0,0,0,0,0,0,1,24.1,861.85,0,3753,22.68026315789474,0.006421529443112178,2,0,0,0,0,1,1,0,0,1,0,0,1,1,0,0,0,0,1,0,0,0,0,1
0,0,0,0,10,1,0,0,0,1,1,0,0,0,54.25,583.0,0,2253,53.0,0.024079005770084334,3,1,1,0,0,0,1,1,0,0,1,0,0,0,0,1,0,0,0,0,1,0,1,0
0,0,1,0,67,1,1,1,1,1,0,1,1,0,109.9,7332.4,0,5416,107.82941176470588,0.020291728212703104,7,0,0,1,0,1,0,0,1,0,0,1,0,0,1,0,0,0,0,1,0,1,0,0
0,0,0,0,7,0,0,0,0,1,1,0,0,1,35.5,249.55,0,5124,31.19375,0.006928181108508977,2,0,0,0,0,0,1,1,0,0,0,1,0,0,1,0,0,0,0,0,1,0,0,1
0,0,0,0,51,1,0,0,0,0,0,1,1,0,87.55,4475.9,0,6021,86.07499999999999,0.014540773957814316,3,0,0,1,0,1,1,0,1,0,0,1,0,0,1,0,0,0,0,1,0,1,0,0
0,0,0,0,9,1,0,0,0,0,0,1,1,1,88.4,788.6,0,2952,78.86,0.029945799457994582,3,1,0,1,0,1,1,0,1,0,1,0,0,0,0,0,1,0,0,0,1,0,1,0
0,0,0,0,4,1,0,0,0,0,1,0,0,1,50.8,202.3,0,4521,40.46,0.01123645211236452,2,1,0,0,0,0,1,1,0,0,1,0,0,0,0,0,1,0,0,0,1,0,0,1
0,0,1,0,71,1,1,1,1,1,0,1,0,1,99.0,6994.6,0,5295,97.14722222222223,0.018696883852691217,6,0,1,1,0,1,0,0,1,0,0,0,1,0,0,1,0,0,0,1,0,0,0,1
0,1,1,1,24,1,0,0,0,1,0,1,1,1,96.55,2263.45,0,4309,90.538,0.02240659085634718,4,0,1,1,1,1,1,0,1,0,0,0,1,0,0,1,0,1,0,0,0,0,0,1
0,0,1,0,22,1,0,1,0,0,0,1,0,1,59.75,1374.35,0,3947,59.75434782608695,0.015138079554091716,3,0,0,0,0,1,0,1,0,0,0,1,0,1,0,0,0,1,0,0,0,0,0,1
0,0,0,0,44,1,1,1,1,1,0,1,1,1,111.5,4915.15,0,2827,109.22555555555554,0.03944110364343827,7,1,1,1,0,1,0,0,1,0,1,0,0,0,0,1,0,0,1,0,0,0,1,0
0,0,1,1,33,1,1,0,0,0,0,0,0,0,24.25,838.5,0,5531,24.66176470588235,0.004384378954981016,2,1,0,0,0,1,1,0,0,1,1,0,0,1,0,0,0,0,1,0,0,1,0,0
0,0,0,0,1,1,0,0,0,0,0,0,0,0,20.5,20.5,0,4454,10.25,0.004602604400538841,1,1,0,0,0,1,1,0,0,1,1,0,0,0,0,0,1,0,0,0,1,0,0,1
0,0,0,0,30,1,0,1,1,0,1,1,0,0,70.4,2044.75,0,3380,65.95967741935483,0.020828402366863907,5,0,1,0,0,0,0,1,0,0,0,1,0,0,0,1,0,0,1,0,0,0,1,0
0,0,0,0,1,0,0,0,0,0,1,0,0,0,30.55,30.55,0,5565,15.275,0.005489667565139264,1,1,0,0,0,0,1,1,0,0,1,0,0,0,0,0,1,0,0,0,1,1,0,0
0,0,1,1,16,1,1,1,1,0,1,1,1,0,84.9,1398.25,0,2269,82.25,0.0374173644777435,7,1,1,0,0,0,0,1,0,0,1,0,0,0,0,1,0,1,0,0,0,0,1,0
0,0,1,0,71,1,0,1,0,0,1,0,0,0,54.5,3778.2,0,4957,52.474999999999994,0.010994553157151503,3,0,0,0,0,0,0,1,0,0,0,0,1,1,0,0,0,0,0,1,0,0,0,1
0,0,0,0,43,1,1,0,0,0,0,0,0,1,75.35,3161.4,0,4898,71.85000000000001,0.015383830134748876,2,1,0,1,0,1,1,0,1,0,1,0,0,0,1,0,0,0,1,0,0,0,0,1
0,0,1,0,50,0,0,1,0,0,1,1,0,1,44.45,2188.45,0,5363,42.910784313725486,0.008288271489837778,3,0,0,0,0,0,0,1,0,0,0,1,0,1,0,0,0,0,0,1,0,0,0,1
0,0,0,0,41,1,1,0,0,1,0,1,1,0,98.05,3990.6,0,5614,95.0142857142857,0.017465265407908798,5,1,0,1,0,1,1,0,1,0,1,0,0,1,0,0,0,0,1,0,0,1,0,0
0,0,1,0,40,1,1,0,1,0,0,1,0,0,63.9,2635.0,0,2654,64.26829268292683,0.024076865109269027,4,0,0,0,0,1,1,1,0,0,0,1,0,1,0,0,0,0,1,0,0,0,1,0
0,0,1,1,3,1,1,0,1,1,0,1,0,1,69.15,235.0,0,2301,58.75,0.03005215123859192,5,1,0,0,0,1,1,1,0,0,1,0,0,1,0,0,0,0,0,0,1,0,1,0
0,0,0,0,37,1,1,1,0,0,0,1,0,0,64.65,2347.85,0,5255,61.78552631578947,0.01230256898192198,4,0,0,0,0,1,0,1,0,0,0,1,0,1,0,0,0,0,1,0,0,0,0,1
0,0,1,1,32,1,1,0,1,0,0,1,1,1,98.85,3089.6,0,3149,93.62424242424242,0.03139091775166719,5,1,1,1,0,1,1,0,1,0,1,0,0,0,0,1,0,0,1,0,0,0,1,0
0,0,1,1,32,1,1,1,0,0,0,1,0,0,89.6,2901.8,0,4444,87.93333333333334,0.02016201620162016,4,1,1,1,0,1,0,0,1,0,1,0,0,0,0,1,0,0,1,0,0,0,0,1
0,0,0,0,59,1,1,0,1,1,0,0,0,1,83.25,4949.1,0,4094,82.485,0.020334636052760136,4,1,1,1,0,1,1,0,1,0,1,0,0,0,0,1,0,0,0,1,0,0,0,1
0,0,1,0,30,1,0,0,1,1,1,0,1,0,70.25,2198.9,0,5417,70.93225806451613,0.012968432711833119,5,0,0,0,0,0,1,1,0,0,0,1,0,1,0,0,0,0,1,0,0,1,0,0
0,0,1,1,27,1,1,0,0,0,0,0,0,0,24.5,761.95,0,2645,27.212500000000002,0.009262759924385633,2,0,1,0,0,1,1,0,0,1,0,0,1,0,0,1,0,0,1,0,0,0,1,0
0,0,0,1,9,1,0,0,0,0,0,0,0,0,20.1,190.25,0,3444,19.025,0.0058362369337979095,1,0,0,0,0,1,1,0,0,1,0,1,0,0,0,0,1,0,0,0,1,0,1,0
0,0,1,1,68,1,1,1,1,1,0,1,0,1,73.0,5163.0,0,4156,74.82608695652173,0.017564966313763235,6,0,0,0,0,1,0,1,0,0,0,1,0,0,1,0,0,0,0,1,0,0,0,1
0,0,1,1,69,1,1,1,0,0,1,0,0,0,61.4,4059.85,0,5266,57.99785714285714,0.011659703759969615,4,0,0,0,0,0,0,1,0,0,0,0,1,0,1,0,0,0,0,1,0,0,0,1
0,0,0,0,26,1,1,0,0,1,1,0,0,1,84.3,2281.6,0,5471,84.5037037037037,0.01540851763845732,4,1,0,1,0,0,1,0,1,0,1,0,0,0,0,0,1,0,1,0,0,1,0,0
0,0,1,1,69,1,0,0,0,0,0,0,0,0,19.9,1356.7,0,6058,19.38142857142857,0.003284912512380323,1,0,0,0,0,1,1,0,0,1,0,0,1,1,0,0,0,0,0,1,0,1,0,0
0,0,0,0,11,1,0,0,0,0,0,0,0,0,20.4,231.45,0,5397,19.287499999999998,0.003779877709838799,1,0,0,0,0,1,1,0,0,1,0,0,1,0,0,0,1,0,0,0,1,1,0,0
0,0,0,0,1,1,1,0,0,0,0,0,0,0,50.75,50.75,0,3631,25.375,0.013976865877168823,2,1,0,0,0,1,1,1,0,0,1,0,0,0,0,0,1,0,0,0,1,0,0,1
0,0,1,1,10,1,0,0,0,0,0,0,0,0,20.45,242.4,0,4613,22.036363636363635,0.004433123780619987,1,0,0,0,0,1,1,0,0,1,0,1,0,0,0,0,1,0,0,0,1,0,0,1
0,0,1,1,55,1,1,1,1,0,1,0,1,1,75.75,4264.25,0,4489,76.14732142857143,0.016874582312319003,6,0,0,0,0,0,0,1,0,0,0,1,0,1,0,0,0,0,0,1,0,0,0,1
0,0,0,0,44,1,0,1,0,0,1,1,0,0,65.4,2774.55,0,5827,61.65666666666667,0.011223614209713404,4,0,1,0,0,0,0,1,0,0,0,1,0,0,0,1,0,0,1,0,0,1,0,0
0,0,1,1,69,1,0,1,1,1,0,0,0,1,59.75,4069.9,0,4665,58.14142857142857,0.012808145766345123,4,0,0,0,0,1,0,1,0,0,0,0,1,1,0,0,0,0,0,1,0,0,0,1
0,1,0,0,11,1,0,0,0,0,0,0,1,1,78.5,874.2,0,4333,72.85000000000001,0.018116778213708745,2,1,1,1,1,1,1,0,1,0,1,0,0,0,0,1,0,0,0,0,1,0,0,1
0,0,0,0,29,1,0,0,0,1,0,0,0,0,48.95,1323.7,0,4825,44.123333333333335,0.010145077720207254,2,1,0,0,0,1,1,1,0,0,1,0,0,1,0,0,0,0,1,0,0,0,0,1
0,0,1,0,57,1,1,1,0,0,0,1,1,1,99.65,5497.05,0,5106,94.77672413793104,0.019516255385820604,5,1,1,1,0,1,0,0,1,0,1,0,0,0,0,1,0,0,0,1,0,0,0,1
0,0,0,0,28,1,0,0,0,0,0,0,0,0,18.25,534.7,0,5327,18.43793103448276,0.0034259433076778674,1,0,0,0,0,1,1,0,0,1,0,1,0,0,1,0,0,0,1,0,0,0,0,1
0,0,0,0,42,1,0,1,0,1,0,0,0,0,54.55,2455.05,0,5387,57.09418604651163,0.010126229812511602,3,1,0,0,0,1,0,1,0,0,1,0,0,0,1,0,0,0,1,0,0,1,0,0
0,0,0,1,23,0,0,1,1,0,1,0,0,0,40.65,947.4,0,5230,39.475,0.00777246653919694,3,0,0,0,0,0,0,1,0,0,0,1,0,1,0,0,0,1,0,0,0,0,0,1
0,0,1,1,18,1,0,0,0,0,0,0,0,0,20.45,357.0,0,2047,18.789473684210527,0.009990229604298973,1,1,0,0,0,1,1,0,0,1,1,0,0,0,0,0,1,1,0,0,0,0,1,0
0,0,1,1,62,1,1,0,0,0,0,0,0,0,24.8,1476.25,0,5105,23.432539682539684,0.004857982370225269,2,0,0,0,0,1,1,0,0,1,0,1,0,1,0,0,0,0,0,1,0,0,0,1
0,0,0,0,67,1,1,1,1,1,1,1,1,1,88.8,5903.15,0,4081,86.81102941176471,0.02175937270276893,8,0,0,0,0,0,0,1,0,0,0,1,0,1,0,0,0,0,0,1,0,0,0,1
0,0,0,0,62,1,0,0,0,0,0,0,0,1,20.05,1201.65,0,4568,19.073809523809526,0.00438922942206655,1,0,0,0,0,1,1,0,0,1,0,0,1,0,1,0,0,0,0,1,0,0,0,1
0,0,0,0,2,1,0,0,0,0,0,0,0,1,69.8,146.65,0,3527,48.88333333333333,0.01979018996314148,1,1,1,1,0,1,1,0,1,0,1,0,0,0,0,1,0,0,0,0,1,0,0,1
0,0,1,1,23,1,1,1,0,1,1,1,0,1,77.15,1759.4,0,2572,73.30833333333334,0.029996111975116643,6,0,0,0,0,0,0,1,0,0,0,0,1,1,0,0,0,1,0,0,0,0,1,0
0,0,0,1,25,0,0,1,0,0,1,0,0,0,35.05,844.45,0,2754,32.478846153846156,0.012726942628903412,2,0,0,0,0,0,0,1,0,0,0,0,1,1,0,0,0,0,1,0,0,0,1,0
0,1,0,0,72,1,1,0,1,1,1,1,1,1,108.1,7774.05,0,4474,106.49383561643836,0.024161823871256146,7,0,0,1,1,0,1,0,1,0,0,0,1,1,0,0,0,0,0,1,0,0,0,1
0,0,1,0,2,1,1,0,0,0,0,1,0,1,84.05,134.05,0,2115,44.68333333333334,0.03973995271867612,3,1,1,1,0,1,1,0,1,0,1,0,0,0,0,1,0,0,0,0,1,0,1,0
0,0,0,0,8,1,0,0,0,0,0,0,0,1,20.2,140.95,0,5066,15.66111111111111,0.00398736675878405,1,0,0,0,0,1,1,0,0,1,0,1,0,1,0,0,0,0,0,0,1,0,0,1
0,0,0,0,35,0,0,0,0,1,0,1,1,0,49.2,1701.65,0,2782,47.268055555555556,0.01768511861969806,3,1,1,0,0,1,1,1,0,0,1,0,0,0,0,1,0,0,1,0,0,0,1,0
0,0,0,0,24,1,1,0,0,0,0,0,0,0,24.6,592.65,0,5448,23.706,0.004515418502202643,2,0,1,0,0,1,1,0,0,1,0,1,0,0,0,1,0,1,0,0,0,1,0,0
0,0,1,1,2,1,0,0,0,0,0,0,0,1,71.65,135.75,0,3916,45.25,0.018296731358529113,1,1,1,1,0,1,1,0,1,0,1,0,0,0,0,1,0,0,0,0,1,0,0,1
0,0,1,1,72,1,1,1,1,1,1,0,1,1,104.9,7732.65,0,6378,105.92671232876712,0.01644716211978677,7,0,0,1,0,0,0,0,1,0,0,0,1,0,1,0,0,0,0,1,0,1,0,0
0,0,0,0,41,1,1,1,1,1,1,1,0,1,106.5,4282.4,0,4434,101.96190476190475,0.02401894451962111,7,1,1,1,0,0,0,0,1,0,1,0,0,0,0,1,0,0,1,0,0,0,0,1
0,0,0,0,26,1,0,0,1,0,0,0,0,0,75.5,2018.1,0,5184,74.74444444444444,0.014564043209876544,2,0,0,1,0,1,1,0,1,0,0,1,0,1,0,0,0,0,1,0,0,0,0,1
0,0,1,1,4,1,1,0,1,0,1,0,0,1,58.5,224.85,0,5605,44.97,0.010437109723461195,4,1,0,0,0,0,1,1,0,0,1,0,0,0,0,0,1,0,0,0,1,1,0,0
0,0,0,0,48,1,0,0,1,1,1,1,1,0,78.9,3771.5,0,4063,76.96938775510205,0.019419148412503077,6,0,0,0,0,0,1,1,0,0,0,0,1,0,1,0,0,0,1,0,0,0,0,1
0,1,1,0,12,1,0,1,0,1,1,1,1,1,79.2,943.85,0,3355,72.60384615384615,0.02360655737704918,6,0,1,0,1,0,0,1,0,0,0,1,0,0,0,1,0,0,0,0,1,0,1,0
0,0,1,0,60,1,1,1,0,1,1,1,1,1,109.45,6572.85,0,4350,107.7516393442623,0.025160919540229885,7,1,0,1,0,0,0,0,1,0,1,0,0,1,0,0,0,0,0,1,0,0,0,1
0,0,0,0,55,1,0,1,0,1,1,0,0,1,59.2,3175.85,0,5162,56.71160714285714,0.011468423091824874,4,0,1,0,0,0,0,1,0,0,0,0,1,0,0,1,0,0,0,1,0,0,0,1
0,0,0,0,1,0,0,0,0,0,1,0,0,0,29.15,29.15,0,3923,14.575,0.007430537853683405,1,1,0,0,0,0,1,1,0,0,1,0,0,0,0,0,1,0,0,0,1,0,0,1
0,0,0,0,1,1,0,0,0,0,0,0,0,0,20.05,20.05,0,2313,10.025,0.008668396022481626,1,1,0,0,0,1,1,0,0,1,1,0,0,0,0,0,1,0,0,0,1,0,1,0
0,0,0,0,42,1,0,0,0,1,1,0,1,0,66.5,2762.75,0,4668,64.25,0.01424592973436161,4,0,0,0,0,0,1,1,0,0,0,0,1,0,1,0,0,0,1,0,0,0,0,1
0,0,0,0,1,1,0,1,0,0,0,0,0,0,49.55,49.55,0,5277,24.775,0.009389804813340914,2,1,0,0,0,1,0,1,0,0,1,0,0,1,0,0,0,0,0,0,1,0,0,1
0,0,0,0,3,1,0,0,0,1,0,0,0,1,73.6,232.5,0,5510,58.125,0.013357531760435571,2,1,0,1,0,1,1,0,1,0,1,0,0,0,1,0,0,0,0,0,1,1,0,0
0,0,1,0,72,1,1,1,1,1,0,1,1,1,82.65,5919.35,0,4324,81.08698630136986,0.019114246068455135,7,0,0,0,0,1,0,1,0,0,0,0,1,0,1,0,0,0,0,1,0,0,0,1
0,0,0,0,15,1,1,0,0,0,0,0,0,1,49.0,749.25,0,2597,46.828125,0.018867924528301886,2,1,1,0,0,1,1,1,0,0,1,0,0,0,0,1,0,1,0,0,0,0,1,0
0,0,0,0,11,1,1,0,0,0,0,0,0,0,25.2,245.15,0,4998,20.429166666666667,0.0050420168067226885,2,0,1,0,0,1,1,0,0,1,0,1,0,0,0,1,0,0,0,0,1,0,0,1
0,0,0,0,5,1,1,0,0,0,0,0,0,0,25.45,134.75,0,4855,22.458333333333332,0.005242018537590113,2,1,0,0,0,1,1,0,0,1,1,0,0,0,0,0,1,0,0,0,1,0,0,1
0,0,1,0,72,1,1,1,0,1,1,1,1,1,110.9,8240.85,0,4938,112.88835616438357,0.02245848521668692,7,0,0,1,0,0,0,0,1,0,0,0,1,0,1,0,0,0,0,1,0,0,0,1
0,0,1,0,55,1,1,0,1,0,0,0,0,1,77.75,4266.4,0,4621,76.18571428571428,0.01682536247565462,3,1,0,1,0,1,1,0,1,0,1,0,0,0,1,0,0,0,0,1,0,0,0,1
0,0,1,1,40,1,1,0,0,0,0,0,0,1,26.2,1077.5,0,2211,26.28048780487805,0.01184984170058797,2,1,1,0,0,1,1,0,0,1,1,0,0,0,0,1,0,0,1,0,0,0,1,0
0,0,1,0,57,1,0,0,0,0,0,0,0,0,19.9,1115.6,0,4408,19.23448275862069,0.004514519056261343,1,0,0,0,0,1,1,0,0,1,0,0,1,1,0,0,0,0,0,1,0,0,0,1
0,1,1,1,52,1,1,0,1,1,0,1,1,1,80.85,4079.55,0,6090,76.97264150943397,0.013275862068965517,6,0,1,0,1,1,1,1,0,0,0,1,0,0,0,1,0,0,0,1,0,1,0,0
0,0,1,0,43,1,0,0,0,0,0,1,0,1,56.35,2391.15,0,4928,54.34431818181818,0.01143465909090909,2,0,0,0,0,1,1,1,0,0,0,1,0,0,0,0,1,0,1,0,0,0,0,1
0,0,1,1,47,1,0,0,0,0,0,0,0,0,19.3,890.5,0,5829,18.552083333333332,0.00331103105163836,1,0,0,0,0,1,1,0,0,1,0,0,1,1,0,0,0,0,1,0,0,1,0,0
0,0,0,0,3,1,1,0,0,0,0,0,0,0,50.4,137.25,0,4639,34.3125,0.010864410433283034,2,1,0,0,0,1,1,1,0,0,1,0,0,1,0,0,0,0,0,0,1,0,0,1
0,0,1,1,55,1,0,0,0,1,1,0,0,1,55.25,3119.9,0,5821,55.7125,0.009491496306476551,3,0,0,0,0,0,1,1,0,0,0,0,1,0,1,0,0,0,0,1,0,1,0,0
0,0,0,0,29,1,0,0,0,0,0,0,0,0,19.1,529.5,0,5880,17.65,0.0032482993197278914,1,0,0,0,0,1,1,0,0,1,0,1,0,0,0,0,1,0,1,0,0,1,0,0
0,0,0,1,12,1,1,0,0,0,0,1,0,1,84.05,966.55,0,4621,74.35,0.018188703743778404,3,1,1,1,0,1,1,0,1,0,1,0,0,0,0,1,0,0,0,0,1,0,0,1
0,0,1,0,66,1,1,0,1,1,0,1,1,1,105.2,6936.85,0,4016,103.53507462686568,0.02619521912350598,6,1,1,1,0,1,1,0,1,0,1,0,0,0,0,1,0,0,0,1,0,0,0,1
0,0,1,1,27,1,1,0,0,0,0,0,0,1,75.75,1929.0,0,4994,68.89285714285714,0.015168201842210653,2,1,0,1,0,1,1,0,1,0,1,0,0,1,0,0,0,0,1,0,0,0,0,1
0,0,0,0,58,1,0,0,0,0,1,1,1,1,95.3,5817.7,0,6460,98.60508474576271,0.014752321981424147,4,1,1,1,0,0,1,0,1,0,1,0,0,0,0,1,0,0,0,1,0,1,0,0
0,0,0,0,9,1,0,0,0,0,0,0,0,0,19.85,178.8,0,2788,17.880000000000003,0.007119799139167863,1,1,0,0,0,1,1,0,0,1,1,0,0,0,0,0,1,0,0,0,1,0,1,0
0,0,0,0,6,1,0,0,0,0,0,0,0,1,69.1,435.0,0,5741,62.142857142857146,0.012036230621842883,1,1,1,1,0,1,1,0,1,0,1,0,0,0,0,1,0,0,0,0,1,1,0,0
0,0,0,0,9,1,0,0,0,0,0,0,0,0,20.25,186.15,0,5546,18.615000000000002,0.0036512802019473493,1,1,0,0,0,1,1,0,0,1,1,0,0,0,0,0,1,0,0,0,1,1,0,0
0,0,1,0,8,1,0,0,1,1,0,0,0,1,54.75,445.85,0,4099,49.53888888888889,0.013356916321053916,3,1,0,0,0,1,1,1,0,0,1,0,0,0,0,0,1,0,0,0,1,0,0,1
0,0,0,0,12,1,0,0,0,0,0,1,0,1,81.45,912.0,0,2916,70.15384615384616,0.0279320987654321,2,1,1,1,0,1,1,0,1,0,1,0,0,0,0,1,0,0,0,0,1,0,1,0
0,0,1,0,43,1,1,1,0,1,0,1,1,1,80.2,3581.6,0,5888,81.39999999999999,0.01362092391304348,6,0,1,0,0,1,0,1,0,0,0,1,0,0,0,1,0,0,1,0,0,1,0,0
0,0,0,0,42,1,1,0,0,0,1,1,1,1,100.3,4222.95,0,3286,98.20813953488371,0.030523432744978696,5,1,1,1,0,0,1,0,1,0,1,0,0,0,0,1,0,0,1,0,0,0,1,0
0,0,0,1,66,1,1,1,0,1,1,0,0,1,90.95,5930.05,0,6204,88.50820895522388,0.014659896840747906,5,0,0,1,0,0,0,0,1,0,0,0,1,0,1,0,0,0,0,1,0,1,0,0
0,0,0,0,1,1,0,0,0,0,0,0,0,0,20.0,20.0,0,5650,10.0,0.0035398230088495575,1,1,0,0,0,1,1,0,0,1,1,0,0,0,0,0,1,0,0,0,1,1,0,0
0,0,0,0,10,1,1,0,1,0,0,0,0,0,79.85,797.25,0,5739,72.47727272727273,0.013913573793343787,3,1,1,1,0,1,1,0,1,0,1,0,0,0,0,1,0,0,0,0,1,1,0,0
0,1,0,0,18,1,0,0,1,0,0,0,0,1,73.55,1359.45,0,5313,71.55,0.013843402973837756,2,1,1,1,1,1,1,0,1,0,1,0,0,0,0,1,0,1,0,0,0,0,0,1
0,0,1,1,3,1,0,0,0,0,0,0,0,0,19.3,54.7,0,5722,13.675,0.0033729465221950367,1,1,0,0,0,1,1,0,0,1,1,0,0,0,0,0,1,0,0,0,1,1,0,0
0,0,0,0,50,1,0,0,0,0,0,0,0,0,20.15,989.05,0,5249,19.39313725490196,0.003838826443132025,1,0,0,0,0,1,1,0,0,1,0,1,0,0,1,0,0,0,0,1,0,0,0,1
0,0,1,1,1,1,0,0,0,0,0,0,0,0,44.55,44.55,0,3408,22.275,0.01307218309859155,1,1,1,0,0,1,1,1,0,0,1,0,0,0,0,1,0,0,0,0,1,0,1,0
0,0,0,0,2,1,0,1,0,0,1,0,0,1,54.45,87.3,0,5753,29.099999999999998,0.009464627151051626,3,1,0,0,0,0,0,1,0,0,1,0,0,0,0,0,1,0,0,0,1,1,0,0
0,0,0,0,17,1,0,0,0,0,0,0,0,1,19.65,351.55,0,4774,19.530555555555555,0.004116045245077503,1,0,0,0,0,1,1,0,0,1,0,1,0,1,0,0,0,1,0,0,0,0,0,1
0,0,1,1,69,1,1,0,1,1,0,1,1,1,105.0,7297.75,0,5436,104.25357142857143,0.019315673289183224,6,0,1,1,0,1,1,0,1,0,0,0,1,0,0,1,0,0,0,1,0,1,0,0
0,0,1,0,72,1,1,1,1,1,1,1,1,1,88.7,6301.7,0,5764,86.32465753424657,0.015388619014573213,8,0,0,0,0,0,0,1,0,0,0,0,1,0,1,0,0,0,0,1,0,1,0,0
0,1,1,1,50,1,1,1,1,1,0,0,1,1,75.15,3822.45,0,6084,74.95,0.01235207100591716,6,0,0,0,1,1,0,1,0,0,0,0,1,1,0,0,0,0,0,1,0,1,0,0
0,0,0,0,53,1,0,0,0,0,0,0,0,0,20.25,1048.45,0,4218,19.41574074074074,0.004800853485064011,1,0,0,0,0,1,1,0,0,1,0,0,1,0,0,0,1,0,0,1,0,0,0,1
0,0,1,0,58,1,1,1,1,0,1,1,1,1,109.1,6393.65,0,4935,108.36694915254236,0.02210739614994934,7,0,0,1,0,0,0,0,1,0,0,0,1,0,1,0,0,0,0,1,0,0,0,1
0,0,0,0,46,0,0,1,0,0,0,0,0,1,30.75,1489.3,0,5646,31.68723404255319,0.005446333687566419,1,0,0,0,0,1,0,1,0,0,0,1,0,1,0,0,0,0,1,0,0,1,0,0
0,1,1,0,72,1,1,1,1,1,1,1,1,1,112.9,8061.5,0,5569,110.43150684931507,0.02027293948644281,8,1,0,1,1,0,0,0,1,0,1,0,0,0,1,0,0,0,0,1,0,1,0,0
0,0,1,1,6,1,1,0,1,1,0,1,0,1,94.05,518.75,0,3083,74.10714285714286,0.03050600064871878,5,1,0,1,0,1,1,0,1,0,1,0,0,0,0,0,1,0,0,0,1,0,1,0
0,0,1,0,72,1,1,1,1,1,1,0,1,0,78.85,5763.15,0,5091,78.9472602739726,0.015488116283637792,7,0,0,0,0,0,0,1,0,0,0,0,1,1,0,0,0,0,0,1,0,0,0,1
0,0,0,0,4,1,0,0,0,0,0,0,1,1,55.3,238.5,0,3684,47.7,0.01501085776330076,2,1,0,0,0,1,1,1,0,0,1,0,0,0,0,0,1,0,0,0,1,0,0,1
0,0,1,1,52,1,0,0,0,0,0,0,0,0,19.35,1031.7,0,5699,19.466037735849056,0.0033953325144762242,1,0,0,0,0,1,1,0,0,1,0,0,1,0,0,0,1,0,0,1,0,1,0,0
0,0,1,1,0,1,1,0,0,0,0,0,0,0,25.35,0.0,0,2299,0.0,0.011026533275337104,2,0,0,0,0,1,1,0,0,1,0,0,1,0,0,0,1,0,0,0,1,0,1,0
0,0,0,0,2,1,0,0,0,0,0,0,0,0,20.45,34.8,0,4196,11.6,0.004873689227836034,1,0,0,0,0,1,1,0,0,1,0,1,0,0,0,0,1,0,0,0,1,0,0,1
0,0,1,0,65,1,0,0,0,0,0,0,0,0,19.35,1319.95,0,5076,19.999242424242425,0.0038120567375886528,1,0,0,0,0,1,1,0,0,1,0,0,1,1,0,0,0,0,0,1,0,0,0,1
0,0,1,0,51,1,1,0,1,0,1,1,1,1,78.65,3950.85,0,5408,75.97788461538461,0.014543269230769231,6,0,0,0,0,0,1,1,0,0,0,1,0,0,1,0,0,0,0,1,0,1,0,0
0,0,0,0,12,1,1,0,0,1,0,1,1,0,74.75,827.05,0,3521,63.61923076923077,0.021229764271513775,5,1,0,0,0,1,1,1,0,0,1,0,0,1,0,0,0,0,0,0,1,0,0,1
0,0,1,1,24,1,0,0,0,0,0,0,0,0,19.9,533.5,0,4158,21.34,0.004785954785954786,1,0,0,0,0,1,1,0,0,1,0,1,0,0,0,0,1,1,0,0,0,0,0,1
0,0,1,0,64,1,1,0,0,1,1,0,0,0,58.35,3756.45,0,5331,57.79153846153846,0.010945413618458076,4,0,0,0,0,0,1,1,0,0,0,1,0,1,0,0,0,0,0,1,0,0,0,1
0,0,0,0,26,1,1,0,0,1,0,1,1,1,100.5,2599.95,0,2921,96.29444444444444,0.0344060253337898,5,1,0,1,0,1,1,0,1,0,1,0,0,1,0,0,0,0,1,0,0,0,1,0
0,0,1,1,15,1,0,0,0,0,0,0,0,0,20.05,284.3,0,3591,17.76875,0.0055834029518240045,1,1,0,0,0,1,1,0,0,1,1,0,0,0,0,0,1,1,0,0,0,0,0,1
0,1,1,0,64,1,1,0,0,0,0,0,0,0,25.65,1740.8,0,6469,26.78153846153846,0.003965064152110063,2,0,0,0,1,1,1,0,0,1,0,0,1,0,1,0,0,0,0,1,0,1,0,0
0,0,1,0,27,1,1,0,0,0,0,1,1,0,95.0,2462.55,0,4235,87.94821428571429,0.02243211334120425,4,1,0,1,0,1,1,0,1,0,1,0,0,0,1,0,0,0,1,0,0,0,0,1
0,0,1,1,8,1,0,0,0,0,0,0,0,1,45.45,411.75,0,4651,45.75,0.009772092023220814,1,1,1,0,0,1,1,1,0,0,1,0,0,0,0,1,0,0,0,0,1,0,0,1
0,0,0,0,10,1,0,0,0,0,0,0,0,1,20.0,198.6,0,4802,18.054545454545455,0.004164931278633903,1,1,0,0,0,1,1,0,0,1,1,0,0,0,1,0,0,0,0,0,1,0,0,1
0,0,0,0,2,1,0,0,1,0,0,0,0,0,49.2,103.7,0,2342,34.56666666666667,0.021007685738684886,2,1,0,0,0,1,1,1,0,0,1,0,0,0,0,0,1,0,0,0,1,0,1,0
0,0,1,0,51,1,0,1,1,1,1,1,1,1,83.25,4089.45,0,5340,78.64326923076922,0.015589887640449438,7,0,0,0,0,0,0,1,0,0,0,0,1,0,1,0,0,0,0,1,0,0,0,1
0,0,1,1,46,1,0,0,0,0,0,0,0,1,19.25,864.2,0,5596,18.387234042553192,0.0034399571122230165,1,0,0,0,0,1,1,0,0,1,0,0,1,0,0,0,1,0,1,0,0,1,0,0
0,0,0,0,1,1,0,0,0,0,0,0,0,1,19.65,19.65,0,3075,9.825,0.006390243902439024,1,1,0,0,0,1,1,0,0,1,1,0,0,1,0,0,0,0,0,0,1,0,1,0
0,0,0,0,46,1,1,0,0,0,0,0,0,0,72.8,3249.4,0,2642,69.13617021276596,0.027554882664647992,2,1,0,1,0,1,1,0,1,0,1,0,0,1,0,0,0,0,1,0,0,0,1,0
0,0,1,0,50,1,1,1,1,0,1,1,1,1,109.65,5405.8,0,4676,105.99607843137255,0.023449529512403765,7,1,0,1,0,0,0,0,1,0,1,0,0,1,0,0,0,0,0,1,0,0,0,1
0,0,1,1,53,1,0,0,1,0,1,1,0,0,65.0,3363.8,0,5534,62.2925925925926,0.0117455728225515,4,1,0,0,0,0,1,1,0,0,1,0,0,0,1,0,0,0,0,1,0,1,0,0
0,0,1,0,61,1,1,0,1,1,1,1,1,1,114.1,7132.15,0,5239,115.03467741935484,0.021778965451422026,7,1,1,1,0,0,1,0,1,0,1,0,0,0,0,1,0,0,0,1,0,0,0,1
0,0,0,0,5,1,0,0,0,0,0,0,0,0,20.65,93.55,0,5597,15.591666666666667,0.0036894765052706805,1,1,0,0,0,1,1,0,0,1,1,0,0,1,0,0,0,0,0,0,1,1,0,0
0,0,0,0,47,1,0,1,1,1,1,1,1,1,86.95,4138.9,0,5631,86.22708333333333,0.015441307050257504,7,0,0,0,0,0,0,1,0,0,0,1,0,1,0,0,0,0,1,0,0,1,0,0
0,0,0,0,54,1,1,0,1,1,0,1,0,1,94.75,5121.75,0,5665,93.12272727272727,0.01672550750220653,5,0,0,1,0,1,1,0,1,0,0,1,0,1,0,0,0,0,0,1,0,1,0,0
0,0,0,1,19,0,0,0,0,0,0,0,0,1,25.35,566.1,0,3072,28.305,0.008251953125000001,0,1,0,0,0,1,1,1,0,0,1,0,0,0,1,0,0,1,0,0,0,0,1,0
0,0,0,1,26,1,0,0,1,1,1,1,1,1,105.45,2715.3,0,5980,100.56666666666668,0.01763377926421405,6,0,1,1,0,0,1,0,1,0,0,0,1,0,0,1,0,0,1,0,0,1,0,0
0,0,1,1,70,1,1,0,0,0,0,0,0,0,25.4,1782.05,0,4954,25.099295774647885,0.0051271699636657245,2,0,0,0,0,1,1,0,0,1,0,0,1,0,0,0,1,0,0,1,0,0,0,1
0,0,1,0,17,1,1,0,1,1,0,1,1,1,102.55,1742.5,0,3803,96.80555555555556,0.026965553510386535,6,1,1,1,0,1,1,0,1,0,1,0,0,0,0,1,0,1,0,0,0,0,0,1
0,0,0,1,1,1,1,0,0,0,0,0,0,0,24.0,24.0,0,2559,12.0,0.009378663540445486,2,1,0,0,0,1,1,0,0,1,1,0,0,0,0,0,1,0,0,0,1,0,1,0
0,0,1,1,19,1,1,0,0,0,0,0,0,0,25.6,485.9,0,5038,24.294999999999998,0.005081381500595475,2,0,0,0,0,1,1,0,0,1,0,0,1,0,0,0,1,1,0,0,0,0,0,1
0,0,1,0,26,1,0,0,1,1,0,1,1,1,73.5,1905.7,0,3596,70.58148148148149,0.020439377085650724,5,0,0,0,0,1,1,1,0,0,0,0,1,0,1,0,0,0,1,0,0,0,0,1
0,0,1,0,50,1,1,0,1,0,0,1,1,1,98.25,4858.7,0,5154,95.26862745098039,0.019062863795110595,5,0,1,1,0,1,1,0,1,0,0,1,0,0,0,1,0,0,0,1,0,0,0,1
0,0,1,0,68,0,0,1,0,1,0,1,1,1,54.4,3723.65,0,4897,53.96594202898551,0.011108842148254033,4,0,1,0,0,1,0,1,0,0,0,1,0,0,0,1,0,0,0,1,0,0,0,1
0,0,1,1,9,1,0,0,0,1,1,1,1,0,103.1,970.45,0,4171,97.045,0.02471829297530568,5,1,1,1,0,0,1,0,1,0,1,0,0,0,0,1,0,0,0,0,1,0,0,1
0,0,1,1,51,0,0,1,0,0,1,0,0,0,34.2,1782.0,0,6404,34.26923076923077,0.005340412242348533,2,0,0,0,0,0,0,1,0,0,0,0,1,1,0,0,0,0,0,1,0,1,0,0
0,0,0,0,9,1,0,0,0,0,0,0,0,1,43.75,405.7,0,5644,40.57,0.007751594613749114,1,1,1,0,0,1,1,1,0,0,1,0,0,0,0,1,0,0,0,0,1,1,0,0
0,0,0,0,22,1,1,0,1,0,0,1,1,1,100.65,2415.95,0,4094,105.04130434782608,0.0245847581827064,5,1,1,1,0,1,1,0,1,0,1,0,0,0,0,1,0,1,0,0,0,0,0,1
0,0,1,1,71,1,1,1,1,1,1,1,1,1,116.05,8297.5,0,6481,115.24305555555556,0.017906187316772102,8,0,0,1,0,0,0,0,1,0,0,0,1,1,0,0,0,0,0,1,0,1,0,0
0,0,1,1,26,1,1,0,0,1,1,1,1,1,82.0,2083.1,0,3973,77.15185185185184,0.020639315378806946,6,0,0,0,0,0,1,1,0,0,0,1,0,0,1,0,0,0,1,0,0,0,0,1
0,0,1,0,71,1,1,1,1,0,1,0,0,0,65.15,4681.75,0,4384,65.02430555555556,0.014860857664233578,5,0,0,0,0,0,0,1,0,0,0,0,1,1,0,0,0,0,0,1,0,0,0,1
0,0,0,0,4,1,0,0,0,0,0,0,0,1,44.8,176.2,0,5565,35.239999999999995,0.008050314465408805,1,1,0,0,0,1,1,1,0,0,1,0,0,0,1,0,0,0,0,0,1,1,0,0
0,0,0,0,12,1,1,1,0,0,0,0,0,1,79.8,1001.2,0,5906,77.01538461538462,0.013511683034202505,3,1,1,1,0,1,0,0,1,0,1,0,0,0,0,1,0,0,0,0,1,1,0,0
0,0,1,0,18,1,1,0,0,0,1,1,0,1,88.85,1594.75,0,3127,83.9342105263158,0.02841381515829869,4,1,1,1,0,0,1,0,1,0,1,0,0,0,0,1,0,1,0,0,0,0,1,0
0,0,0,0,3,1,1,0,0,0,0,0,0,1,74.95,212.4,0,3641,53.1,0.020585004119747324,2,1,1,1,0,1,1,0,1,0,1,0,0,0,0,1,0,0,0,0,1,0,0,1
0,1,1,0,72,1,1,1,1,0,0,1,1,1,106.85,7677.4,0,4768,105.16986301369863,0.02240981543624161,6,0,0,1,1,1,0,0,1,0,0,1,0,1,0,0,0,0,0,1,0,0,0,1
0,0,0,0,13,1,0,0,0,0,0,0,0,0,19.3,259.65,0,2823,18.54642857142857,0.0068366985476443504,1,0,0,0,0,1,1,0,0,1,0,1,0,0,1,0,0,1,0,0,0,0,1,0
0,0,1,0,42,1,1,1,0,0,0,0,0,0,56.1,2386.85,0,5904,55.50813953488372,0.009502032520325204,3,0,0,0,0,1,0,1,0,0,0,1,0,0,1,0,0,0,1,0,0,1,0,0
0,0,0,0,17,1,0,0,0,0,0,0,0,0,19.7,340.35,0,4222,18.908333333333335,0.0046660350544765515,1,1,0,0,0,1,1,0,0,1,1,0,0,0,1,0,0,1,0,0,0,0,0,1
0,1,0,0,7,1,0,0,1,0,0,0,0,1,51.3,419.35,0,3660,52.41875,0.01401639344262295,2,1,0,0,1,1,1,1,0,0,1,0,0,0,0,0,1,0,0,0,1,0,0,1
0,0,1,0,68,1,1,1,1,1,1,1,1,0,118.6,7990.05,0,4175,115.79782608695652,0.028407185628742514,8,0,0,1,0,0,0,0,1,0,0,0,1,0,0,0,1,0,0,1,0,0,0,1
0,0,1,1,56,1,1,0,0,0,0,0,0,0,24.15,1402.25,0,5137,24.600877192982455,0.004701187463500097,2,0,0,0,0,1,1,0,0,1,0,0,1,1,0,0,0,0,0,1,0,0,0,1
0,0,1,1,38,1,0,0,0,0,0,0,0,0,20.3,749.35,0,4686,19.214102564102564,0.004332052923602219,1,0,0,0,0,1,1,0,0,1,0,1,0,0,0,0,1,0,1,0,0,0,0,1
0,0,1,1,72,1,1,1,1,1,1,1,1,1,115.5,8425.15,0,4017,115.41301369863014,0.02875280059746079,8,0,1,1,0,0,0,0,1,0,0,0,1,0,0,1,0,0,0,1,0,0,0,1
0,0,0,0,48,1,1,0,0,0,0,0,0,0,25.05,1171.5,0,3642,23.908163265306122,0.006878088962108731,2,0,0,0,0,1,1,0,0,1,0,1,0,0,1,0,0,0,1,0,0,0,0,1
0,1,1,0,52,1,1,1,1,1,0,1,1,1,109.1,5647.95,0,4428,106.56509433962263,0.024638663053297198,7,1,1,1,1,1,0,0,1,0,1,0,0,0,0,1,0,0,0,1,0,0,0,1
0,0,1,1,35,1,0,0,0,0,0,0,0,0,19.65,708.8,0,3739,19.688888888888886,0.005255415886600695,1,0,0,0,0,1,1,0,0,1,0,1,0,0,0,0,1,0,1,0,0,0,0,1
0,0,1,0,67,1,1,0,1,1,1,1,1,1,111.3,7567.2,0,4469,111.28235294117647,0.02490490042515104,7,0,0,1,0,0,1,0,1,0,0,0,1,1,0,0,0,0,0,1,0,0,0,1
0,0,0,0,1,0,0,1,0,0,0,0,0,0,29.9,29.9,0,4155,14.95,0.007196149217809867,1,1,0,0,0,1,0,1,0,0,1,0,0,0,0,0,1,0,0,0,1,0,0,1
0,0,0,0,53,1,0,0,1,0,1,0,0,1,80.6,4348.1,0,6113,80.52037037037037,0.01318501554065107,3,1,0,1,0,0,1,0,1,0,1,0,0,0,0,0,1,0,0,1,0,1,0,0
0,0,1,1,34,1,0,0,0,0,0,0,0,0,20.8,635.9,0,4985,18.16857142857143,0.004172517552657974,1,1,0,0,0,1,1,0,0,1,1,0,0,0,0,0,1,0,1,0,0,0,0,1
0,0,0,0,19,1,0,0,0,1,1,1,0,0,89.95,1682.4,0,3402,84.12,0.026440329218106996,4,1,0,1,0,0,1,0,1,0,1,0,0,0,0,0,1,1,0,0,0,0,1,0
0,1,1,0,60,1,1,1,1,1,1,1,1,1,116.05,6925.9,0,4734,113.53934426229507,0.02451415293620617,8,0,0,1,1,0,0,0,1,0,0,0,1,1,0,0,0,0,0,1,0,0,0,1
0,0,0,0,11,1,0,0,0,0,0,0,0,0,19.55,223.15,0,5433,18.595833333333335,0.003598380268728143,1,0,0,0,0,1,1,0,0,1,0,0,1,0,1,0,0,0,0,0,1,1,0,0
0,0,1,1,60,1,1,1,1,1,1,1,1,0,115.25,6758.45,0,5328,110.79426229508196,0.021631006006006006,8,0,0,1,0,0,0,0,1,0,0,0,1,0,1,0,0,0,0,1,0,0,0,1
0,0,1,0,72,1,1,0,0,0,0,0,0,0,24.8,1874.3,0,6251,25.675342465753424,0.00396736522156455,2,0,0,0,0,1,1,0,0,1,0,0,1,0,1,0,0,0,0,1,0,1,0,0
0,0,0,0,39,1,0,0,0,0,0,0,0,0,19.9,791.15,0,4041,19.77875,0.004924523632764167,1,0,0,0,0,1,1,0,0,1,0,1,0,0,0,0,1,0,1,0,0,0,0,1
0,0,1,0,59,1,0,1,0,1,0,0,0,1,81.25,4639.45,0,4709,77.32416666666667,0.017254194096411126,3,0,0,1,0,1,0,0,1,0,0,1,0,0,1,0,0,0,0,1,0,0,0,1
0,0,1,1,2,1,0,0,0,0,0,0,0,0,69.95,143.9,0,5010,47.96666666666667,0.013962075848303394,1,1,0,1,0,1,1,0,1,0,1,0,0,0,0,0,1,0,0,0,1,0,0,1
0,0,0,0,71,1,1,0,0,1,1,0,0,1,86.4,6172.0,0,4069,85.72222222222223,0.021233718358318998,4,0,0,1,0,0,1,0,1,0,0,0,1,0,1,0,0,0,0,1,0,0,0,1
0,0,1,0,24,1,1,1,1,1,0,0,0,0,66.3,1559.45,0,2235,62.378,0.02966442953020134,5,1,0,0,0,1,0,1,0,0,1,0,0,0,0,0,1,1,0,0,0,0,1,0
0,1,1,0,67,1,1,0,0,0,0,1,1,1,94.65,6079.0,0,4228,89.3970588235294,0.02238647114474929,4,1,0,1,1,1,1,0,1,0,1,0,0,0,1,0,0,0,0,1,0,0,0,1
0,0,1,0,37,1,1,0,1,0,1,0,1,0,72.1,2658.4,0,2703,69.9578947368421,0.026674065852756196,5,0,0,0,0,0,1,1,0,0,0,1,0,0,0,0,1,0,1,0,0,0,1,0
0,0,0,0,11,0,0,0,1,1,0,0,0,0,34.7,383.55,0,4310,31.962500000000002,0.008051044083526682,2,1,0,0,0,1,1,1,0,0,1,0,0,0,0,0,1,0,0,0,1,0,0,1
0,0,1,0,18,1,0,0,0,1,0,1,1,1,95.95,1745.5,0,5009,91.86842105263158,0.019155520063885007,4,1,0,1,0,1,1,0,1,0,1,0,0,0,1,0,0,1,0,0,0,0,0,1
0,0,1,1,50,1,0,0,0,0,0,0,0,1,44.8,2230.85,0,6115,43.7421568627451,0.007326246933769419,1,0,0,0,0,1,1,1,0,0,0,1,0,1,0,0,0,0,0,1,0,1,0,0
0,0,1,1,67,1,1,1,0,1,1,1,1,1,109.4,7281.6,0,4103,107.08235294117648,0.026663417011942483,7,0,1,1,0,0,0,0,1,0,0,1,0,0,0,1,0,0,0,1,0,0,0,1
0,0,1,0,25,1,0,1,1,0,1,0,1,1,71.05,1837.7,0,5620,70.68076923076923,0.012642348754448397,5,1,0,0,0,0,0,1,0,0,1,0,0,0,0,0,1,0,1,0,0,1,0,0
0,0,0,0,9,1,0,0,0,0,0,0,0,0,19.7,180.7,0,4194,18.07,0.004697186456843109,1,1,0,0,0,1,1,0,0,1,1,0,0,0,1,0,0,0,0,0,1,0,0,1
0,0,0,1,10,0,0,1,1,0,1,0,0,0,40.25,411.45,0,2876,37.404545454545456,0.013995132127955494,3,0,0,0,0,0,0,1,0,0,0,1,0,0,0,0,1,0,0,0,1,0,1,0
0,0,1,0,70,1,0,0,0,0,0,0,0,0,19.85,1328.35,0,4311,18.709154929577462,0.004604500115982371,1,0,0,0,0,1,1,0,0,1,0,0,1,0,1,0,0,0,0,1,0,0,0,1
0,0,0,0,9,1,0,1,0,1,1,0,1,1,68.25,576.95,0,4366,57.69500000000001,0.015632157581310122,5,1,0,0,0,0,0,1,0,0,1,0,0,1,0,0,0,0,0,0,1,0,0,1
0,0,0,0,4,1,0,0,0,0,0,0,0,1,20.15,68.45,0,5221,13.690000000000001,0.0038594139053821103,1,1,0,0,0,1,1,0,0,1,1,0,0,0,1,0,0,0,0,0,1,0,0,1
0,0,0,0,2,1,0,1,0,0,0,0,0,0,50.95,123.05,0,5968,41.016666666666666,0.008537198391420912,2,1,0,0,0,1,0,1,0,0,1,0,0,0,0,0,1,0,0,0,1,1,0,0
0,0,0,0,19,0,0,0,0,0,0,0,0,1,25.15,468.35,0,3784,23.4175,0.006646405919661733,0,1,0,0,0,1,1,1,0,0,1,0,0,1,0,0,0,1,0,0,0,0,0,1
0,0,1,1,7,1,0,0,0,0,0,0,0,1,20.25,174.7,0,3149,21.8375,0.006430612892981899,1,1,0,0,0,1,1,0,0,1,1,0,0,1,0,0,0,0,0,0,1,0,1,0
0,1,0,0,1,1,0,0,0,0,0,0,0,0,44.0,44.0,0,4320,22.0,0.010185185185185186,1,1,1,0,1,1,1,1,0,0,1,0,0,0,0,1,0,0,0,0,1,0,0,1
0,0,1,1,9,1,0,0,0,0,0,0,0,0,20.25,172.35,0,4272,17.235,0.004740168539325843,1,0,0,0,0,1,1,0,0,1,0,1,0,0,0,0,1,0,0,0,1,0,0,1
0,0,0,0,5,1,0,1,0,1,0,0,0,0,55.8,300.4,0,5104,50.06666666666666,0.010932601880877742,3,1,0,0,0,1,0,1,0,0,1,0,0,0,1,0,0,0,0,0,1,0,0,1
0,0,1,1,56,1,0,0,0,0,0,1,1,0,88.9,4968.0,0,4170,87.15789473684211,0.0213189448441247,3,0,0,1,0,1,1,0,1,0,0,1,0,1,0,0,0,0,0,1,0,0,0,1
0,0,0,1,18,1,1,1,0,0,0,0,0,0,57.65,992.7,0,3425,52.247368421052634,0.016832116788321166,3,1,0,0,0,1,0,1,0,0,1,0,0,0,0,0,1,1,0,0,0,0,1,0
0,0,1,0,70,1,1,1,1,1,1,1,0,0,79.15,5536.5,0,4408,77.97887323943662,0.017955989110707806,7,0,0,0,0,0,0,1,0,0,0,0,1,0,0,0,1,0,0,1,0,0,0,1
0,0,0,0,72,1,1,0,1,1,1,1,1,1,108.05,7806.6,0,5430,106.93972602739727,0.019898710865561695,7,0,0,1,0,0,1,0,1,0,0,0,1,0,1,0,0,0,0,1,0,1,0,0
0,1,1,0,17,1,1,0,0,0,0,1,1,1,94.8,1563.9,0,4831,86.88333333333334,0.019623266404471124,4,1,1,1,1,1,1,0,1,0,1,0,0,0,0,1,0,1,0,0,0,0,0,1
0,0,1,0,29,0,0,0,0,0,0,1,1,1,45.9,1332.4,0,5074,44.413333333333334,0.009046117461568783,2,1,1,0,0,1,1,1,0,0,1,0,0,0,0,1,0,0,1,0,0,0,0,1
0,0,1,0,63,1,1,0,0,1,0,1,1,0,102.6,6296.75,0,4004,98.38671875,0.025624375624375622,5,0,1,1,0,1,1,0,1,0,0,0,1,0,0,1,0,0,0,1,0,0,0,1
0,0,0,0,59,1,0,0,0,1,0,0,1,1,61.35,3645.5,0,6250,60.75833333333333,0.009816,3,0,0,0,0,1,1,1,0,0,0,1,0,1,0,0,0,0,0,1,0,1,0,0
0,0,0,0,3,1,0,0,0,1,0,1,0,0,57.55,161.45,0,4099,40.3625,0.014040009758477677,3,1,1,0,0,1,1,1,0,0,1,0,0,0,0,1,0,0,0,0,1,0,0,1
0,0,0,0,8,0,0,0,1,0,0,0,0,1,29.25,226.95,0,2038,25.216666666666665,0.014352306182531895,1,1,0,0,0,1,1,1,0,0,1,0,0,0,0,0,1,0,0,0,1,0,1,0
0,0,0,0,68,1,0,0,0,0,0,0,0,0,19.6,1441.65,0,6161,20.893478260869568,0.0031813017367310504,1,0,0,0,0,1,1,0,0,1,0,0,1,0,1,0,0,0,0,1,0,1,0,0
0,0,1,1,68,1,1,1,0,1,1,1,1,0,111.75,7511.3,0,4967,108.85942028985508,0.022498490034225892,7,0,0,1,0,0,0,0,1,0,0,0,1,0,1,0,0,0,0,1,0,0,0,1
0,1,1,0,52,1,1,0,1,1,0,1,1,1,106.5,5621.85,0,4499,106.07264150943396,0.02367192709490998,6,0,1,1,1,1,1,0,1,0,0,1,0,0,0,1,0,0,0,1,0,0,0,1
0,0,1,1,72,1,1,1,1,0,1,1,1,1,107.7,7919.8,0,4351,108.4904109589041,0.02475293036083659,7,0,0,1,0,0,0,0,1,0,0,0,1,0,1,0,0,0,0,1,0,0,0,1
0,0,1,0,32,1,0,0,0,0,0,0,0,0,19.3,593.2,0,5817,17.975757575757576,0.003317861440605123,1,0,0,0,0,1,1,0,0,1,0,1,0,0,0,0,1,0,1,0,0,1,0,0
0,0,1,0,72,1,0,0,0,0,0,0,0,0,20.05,1423.65,0,4747,19.50205479452055,0.004223720244364862,1,0,0,0,0,1,1,0,0,1,0,0,1,1,0,0,0,0,0,1,0,0,0,1
0,0,1,1,1,1,0,0,0,0,0,0,0,1,69.95,69.95,0,5133,34.975,0.013627508279758426,1,1,0,1,0,1,1,0,1,0,1,0,0,0,1,0,0,0,0,0,1,0,0,1
0,0,1,1,42,1,0,1,0,0,1,0,1,0,63.7,2763.35,0,3764,64.2639534883721,0.016923485653560045,4,0,0,0,0,0,0,1,0,0,0,1,0,0,1,0,0,0,1,0,0,0,0,1
0,0,0,0,45,1,0,1,0,0,0,0,0,1,50.9,2298.55,0,5274,49.96847826086957,0.009651118695487296,2,1,0,0,0,1,0,1,0,0,1,0,0,1,0,0,0,0,1,0,0,0,0,1
0,0,1,1,43,0,0,1,0,1,1,1,1,1,60.4,2640.55,0,2725,60.0125,0.0221651376146789,5,0,0,0,0,0,0,1,0,0,0,1,0,0,1,0,0,0,1,0,0,0,1,0
0,0,1,0,37,1,1,1,0,1,0,1,1,0,79.25,2911.8,0,2322,76.6263157894737,0.03413006029285099,6,0,0,0,0,1,0,1,0,0,0,1,0,0,0,0,1,0,1,0,0,0,1,0
0,0,1,0,63,1,0,1,1,1,1,1,1,1,110.1,6705.7,0,6216,104.7765625,0.017712355212355212,7,0,0,1,0,0,0,0,1,0,0,0,1,0,1,0,0,0,0,1,0,1,0,0
0,0,0,0,3,1,0,0,0,0,0,1,1,0,90.7,237.65,0,3953,59.4125,0.022944599038704782,3,1,0,1,0,1,1,0,1,0,1,0,0,0,0,0,1,0,0,0,1,0,0,1
0,0,1,1,66,1,1,0,0,0,0,0,0,1,25.3,1672.35,0,5617,24.96044776119403,0.004504183727968666,2,0,0,0,0,1,1,0,0,1,0,0,1,0,1,0,0,0,0,1,0,1,0,0
0,1,0,0,8,1,1,0,0,0,0,0,1,0,85.2,695.75,0,2565,77.30555555555556,0.03321637426900585,3,1,1,1,1,1,1,0,1,0,1,0,0,0,0,1,0,0,0,0,1,0,1,0
0,0,0,1,71,1,1,0,0,0,0,0,0,0,24.35,1654.6,0,4155,22.980555555555554,0.005860409145607702,2,0,0,0,0,1,1,0,0,1,0,0,1,0,0,0,1,0,0,1,0,0,0,1
0,0,1,1,72,1,1,0,0,0,0,0,0,0,25.1,1857.85,0,5611,25.45,0.004473355908037783,2,0,0,0,0,1,1,0,0,1,0,0,1,1,0,0,0,0,0,1,0,1,0,0
0,1,1,0,16,1,0,1,1,0,0,0,0,1,54.55,825.1,0,3324,48.53529411764706,0.016410950661853187,3,1,0,0,1,1,0,1,0,0,1,0,0,1,0,0,0,1,0,0,0,0,1,0
0,0,1,0,66,1,1,1,1,1,1,0,0,0,96.6,6424.25,0,4454,95.88432835820896,0.021688370004490344,6,0,0,1,0,0,0,0,1,0,0,0,1,0,0,0,1,0,0,1,0,0,0,1
0,0,0,0,51,1,1,1,1,1,1,1,0,1,81.15,4126.2,0,4549,79.35,0.017839085513299626,7,0,0,0,0,0,0,1,0,0,0,1,0,0,1,0,0,0,0,1,0,0,0,1
0,0,0,1,8,0,0,1,0,0,0,0,1,1,38.5,330.8,0,4194,36.75555555555556,0.009179780639008107,2,1,1,0,0,1,0,1,0,0,1,0,0,0,0,1,0,0,0,0,1,0,0,1
0,0,0,0,14,1,0,0,0,0,0,1,1,1,92.9,1337.45,0,4296,89.16333333333334,0.021624767225325886,3,1,1,1,0,1,1,0,1,0,1,0,0,0,0,1,0,1,0,0,0,0,0,1
0,0,0,0,70,1,1,1,1,1,0,1,1,0,84.7,5991.05,0,4180,84.38098591549296,0.020263157894736844,7,0,0,0,0,1,0,1,0,0,0,0,1,0,0,0,1,0,0,1,0,0,0,1
0,0,0,1,70,1,1,1,1,0,1,0,0,0,66.0,4891.5,0,5265,68.8943661971831,0.012535612535612535,5,0,1,0,0,0,0,1,0,0,0,0,1,0,0,1,0,0,0,1,0,0,0,1
0,0,0,0,24,1,0,0,0,0,0,0,0,0,20.75,487.05,0,4117,19.482,0.005040077726499879,1,0,0,0,0,1,1,0,0,1,0,0,1,0,0,0,1,1,0,0,0,0,0,1
0,0,1,0,69,1,0,0,1,0,0,0,1,1,61.45,4131.2,0,4162,59.01714285714286,0.014764536280634311,3,0,0,0,0,1,1,1,0,0,0,0,1,0,1,0,0,0,0,1,0,0,0,1
0,0,1,1,42,1,0,1,1,0,0,0,0,0,54.5,2301.15,0,3449,53.51511627906977,0.015801681646854162,3,1,0,0,0,1,0,1,0,0,1,0,0,0,0,0,1,0,1,0,0,0,1,0
0,1,0,0,39,1,1,0,0,1,0,1,1,1,99.75,4036.0,0,3860,100.9,0.025841968911917097,5,1,1,1,1,1,1,0,1,0,1,0,0,0,0,1,0,0,1,0,0,0,0,1
0,0,1,1,45,1,1,0,1,1,1,1,1,1,109.75,4900.65,0,4221,106.53586956521738,0.02600094764273869,7,0,0,1,0,0,1,0,1,0,0,0,1,1,0,0,0,0,1,0,0,0,0,1
0,0,1,1,72,1,1,1,1,1,1,1,0,1,80.85,5727.45,0,6067,78.45821917808219,0.01332619086863359,7,0,0,0,0,0,0,1,0,0,0,0,1,1,0,0,0,0,0,1,0,1,0,0
0,0,0,0,38,1,0,0,0,0,0,0,0,0,20.3,743.05,0,5919,19.0525641025641,0.003429633384017571,1,0,0,0,0,1,1,0,0,1,0,0,1,0,0,0,1,0,1,0,0,1,0,0
0,0,1,0,72,1,1,1,1,1,1,0,0,1,67.8,4804.65,0,5242,65.81712328767122,0.012933994658527279,6,0,0,0,0,0,0,1,0,0,0,0,1,1,0,0,0,0,0,1,0,0,0,1
0,0,1,1,72,1,0,0,0,0,0,0,0,1,19.8,1414.65,0,5027,19.378767123287673,0.003938730853391685,1,0,0,0,0,1,1,0,0,1,0,0,1,0,1,0,0,0,0,1,0,0,0,1
0,0,1,0,55,1,1,0,0,0,0,0,0,0,25.7,1443.65,0,6228,25.779464285714287,0.004126525369299936,2,0,0,0,0,1,1,0,0,1,0,0,1,1,0,0,0,0,0,1,0,1,0,0
0,0,1,1,51,0,0,0,0,1,1,1,1,1,56.15,2898.95,0,4132,55.74903846153846,0.013589060987415295,4,0,1,0,0,0,1,1,0,0,0,1,0,0,0,1,0,0,0,1,0,0,0,1
0,0,0,0,63,1,0,1,1,1,1,1,1,1,86.7,5309.5,0,5841,82.9609375,0.014843348741653826,7,0,0,0,0,0,0,1,0,0,0,0,1,1,0,0,0,0,0,1,0,1,0,0
0,0,0,0,1,1,0,0,0,0,0,0,0,0,20.4,20.4,0,2152,10.2,0.009479553903345725,1,1,0,0,0,1,1,0,0,1,1,0,0,0,0,0,1,0,0,0,1,0,1,0
0,0,1,1,23,1,0,0,0,0,0,0,0,1,19.65,451.55,0,4896,18.814583333333335,0.004013480392156862,1,0,0,0,0,1,1,0,0,1,0,0,1,0,0,0,1,1,0,0,0,0,0,1
0,0,0,0,2,1,1,0,0,0,1,0,0,1,54.35,117.05,0,4916,39.016666666666666,0.01105573637103336,3,1,0,0,0,0,1,1,0,0,1,0,0,0,0,0,1,0,0,0,1,0,0,1
0,1,0,0,52,1,1,1,1,1,0,1,1,0,108.1,5839.3,0,4251,110.17547169811321,0.025429310750411667,7,1,0,1,1,1,0,0,1,0,1,0,0,0,1,0,0,0,0,1,0,0,0,1
0,0,0,0,36,1,1,1,0,0,0,0,0,0,54.45,1893.5,0,4462,51.17567567567568,0.012203047960555805,3,0,0,0,0,1,0,1,0,0,0,1,0,0,0,0,1,0,1,0,0,0,0,1
0,0,0,0,1,1,0,0,0,0,0,0,0,0,45.35,45.35,0,3980,22.675,0.011394472361809046,1,1,0,0,0,1,1,1,0,0,1,0,0,0,0,0,1,0,0,0,1,0,0,1
0,0,0,0,28,1,1,1,0,1,0,0,0,0,59.0,1654.45,0,4891,57.050000000000004,0.012062972807196893,4,0,0,0,0,1,0,1,0,0,0,1,0,0,0,0,1,0,1,0,0,0,0,1
0,0,1,1,7,1,0,1,1,1,0,1,0,0,69.45,477.05,0,3334,59.63125,0.020830833833233354,5,0,1,0,0,1,0,1,0,0,0,1,0,0,0,1,0,0,0,0,1,0,1,0
0,1,1,0,72,0,0,1,1,1,1,1,1,1,64.95,4546.0,0,4049,62.273972602739725,0.016040997777228946,6,0,0,0,1,0,0,1,0,0,0,0,1,0,1,0,0,0,0,1,0,0,0,1
0,0,0,0,10,1,0,0,0,0,0,0,0,0,18.85,163.2,0,5949,14.836363636363636,0.003168599764666331,1,1,0,0,0,1,1,0,0,1,1,0,0,0,0,0,1,0,0,0,1,1,0,0
0,0,0,0,42,1,0,0,0,0,0,0,0,0,19.8,849.9,0,3575,19.765116279069765,0.005538461538461539,1,0,0,0,0,1,1,0,0,1,0,1,0,1,0,0,0,0,1,0,0,0,0,1
0,0,0,0,7,0,0,0,0,0,0,0,0,0,25.05,189.95,0,4404,23.74375,0.005688010899182561,0,1,0,0,0,1,1,1,0,0,1,0,0,1,0,0,0,0,0,0,1,0,0,1
0,0,1,1,72,1,1,1,1,1,1,1,1,1,114.3,8058.55,0,5879,110.39109589041097,0.019442081986732435,8,0,0,1,0,0,0,0,1,0,0,0,1,0,1,0,0,0,0,1,0,1,0,0
0,0,0,0,63,1,0,1,1,1,1,1,1,0,109.2,7049.75,0,4273,110.15234375,0.025555815586239178,7,0,0,1,0,0,0,0,1,0,0,0,1,0,1,0,0,0,0,1,0,0,0,1
0,0,0,0,56,0,0,1,1,1,1,0,0,0,45.05,2560.1,0,5795,44.9140350877193,0.007773943054357204,4,0,0,0,0,0,0,1,0,0,0,0,1,1,0,0,0,0,0,1,0,1,0,0
0,0,0,1,5,1,0,0,0,0,1,0,0,1,51.0,286.8,0,2789,47.800000000000004,0.01828612405880244,2,1,0,0,0,0,1,1,0,0,1,0,0,0,0,0,1,0,0,0,1,0,1,0
0,0,1,0,72,1,1,0,1,1,1,1,1,1,110.45,7982.5,0,6030,109.34931506849315,0.018316749585406304,7,0,0,1,0,0,1,0,1,0,0,0,1,1,0,0,0,0,0,1,0,1,0,0
0,1,1,1,68,1,1,0,1,1,0,0,0,1,84.65,5683.6,0,6404,82.37101449275363,0.013218301061836354,4,1,1,1,1,1,1,0,1,0,1,0,0,0,0,1,0,0,0,1,0,1,0,0
0,0,1,1,67,1,0,1,1,0,1,0,0,0,60.05,3994.05,0,6148,58.73602941176471,0.00976740403383214,4,0,0,0,0,0,0,1,0,0,0,1,0,0,0,0,1,0,0,1,0,1,0,0
0,0,1,1,8,1,0,0,0,0,0,0,0,0,44.65,369.15,0,5724,41.016666666666666,0.007800489168413696,1,1,0,0,0,1,1,1,0,0,1,0,0,1,0,0,0,0,0,0,1,1,0,0
0,0,1,1,52,1,1,0,1,0,1,0,1,1,93.25,4631.7,0,4740,87.39056603773585,0.019672995780590716,5,1,0,1,0,0,1,0,1,0,1,0,0,1,0,0,0,0,0,1,0,0,0,1
0,0,1,1,18,1,0,0,0,0,0,0,0,1,20.25,401.95,0,2429,21.155263157894737,0.008336764100452861,1,1,0,0,0,1,1,0,0,1,1,0,0,0,0,0,1,1,0,0,0,0,1,0
0,0,1,1,59,1,1,0,0,0,0,0,0,0,25.45,1534.05,0,4746,25.5675,0.005362410450906026,2,0,0,0,0,1,1,0,0,1,0,0,1,0,0,0,1,0,0,1,0,0,0,1
0,0,0,0,60,1,0,0,0,0,0,0,0,0,20.6,1093.0,0,4192,17.918032786885245,0.004914122137404581,1,0,0,0,0,1,1,0,0,1,0,0,1,0,0,0,1,0,0,1,0,0,0,1
0,0,0,0,7,1,1,0,0,0,0,1,1,1,94.1,701.3,0,5259,87.6625,0.017893135577105913,4,1,1,1,0,1,1,0,1,0,1,0,0,0,0,1,0,0,0,0,1,0,0,1
0,0,1,1,59,0,0,1,0,1,0,0,0,0,34.8,1980.3,0,6300,33.005,0.005523809523809524,2,0,0,0,0,1,0,1,0,0,0,1,0,0,0,0,1,0,0,1,0,1,0,0
0,0,0,0,46,0,0,1,0,1,1,1,1,1,60.75,2893.4,0,2694,61.56170212765958,0.02255011135857461,5,0,0,0,0,0,0,1,0,0,0,0,1,1,0,0,0,0,1,0,0,0,1,0
0,0,0,0,5,1,0,0,1,0,0,0,0,1,51.35,262.3,0,2893,43.71666666666667,0.017749740753543037,2,1,1,0,0,1,1,1,0,0,1,0,0,0,0,1,0,0,0,0,1,0,1,0
0,1,1,0,59,0,0,1,0,1,1,1,1,1,64.05,3886.85,0,6306,64.78083333333333,0.010156993339676498,5,0,0,0,1,0,0,1,0,0,0,0,1,0,1,0,0,0,0,1,0,1,0,0
0,0,1,0,70,1,1,0,1,1,1,1,1,1,84.8,5917.55,0,4032,83.34577464788732,0.02103174603174603,7,0,0,0,0,0,1,1,0,0,0,0,1,1,0,0,0,0,0,1,0,0,0,1
0,0,0,0,44,1,1,0,0,0,0,0,0,1,50.15,2139.1,0,5790,47.535555555555554,0.008661485319516408,2,1,0,0,0,1,1,1,0,0,1,0,0,0,0,0,1,0,1,0,0,1,0,0
0,0,1,0,64,1,1,1,0,1,0,1,0,1,94.6,5948.7,0,5038,91.51846153846154,0.018777292576419212,5,0,0,1,0,1,0,0,1,0,0,0,1,0,1,0,0,0,0,1,0,0,0,1
0,0,1,1,58,0,0,1,0,1,1,1,1,0,59.75,3624.35,0,4678,61.429661016949154,0.012772552372808893,5,0,0,0,0,0,0,1,0,0,0,0,1,0,0,0,1,0,0,1,0,0,0,1
0,1,1,0,46,1,1,0,0,0,1,1,1,0,100.25,4753.85,0,5453,101.14574468085107,0.01838437557307904,5,0,1,1,1,0,1,0,1,0,0,1,0,0,0,1,0,0,1,0,0,1,0,0
0,1,1,0,58,1,1,0,1,0,0,1,1,1,98.9,5780.7,0,4993,97.97796610169492,0.019807730823152413,5,1,1,1,1,1,1,0,1,0,1,0,0,0,0,1,0,0,0,1,0,0,0,1
0,0,1,0,72,1,1,0,1,0,0,1,1,1,97.7,6869.7,0,5406,94.1054794520548,0.018072512023677396,5,0,0,1,0,1,1,0,1,0,0,0,1,0,1,0,0,0,0,1,0,1,0,0
0,1,0,0,11,1,1,1,1,0,0,0,0,0,60.25,662.95,0,5296,55.24583333333334,0.011376510574018128,4,1,0,0,1,1,0,1,0,0,1,0,0,1,0,0,0,0,0,0,1,0,0,1
0,1,0,0,34,0,0,0,1,1,0,1,1,1,56.25,1765.95,0,5597,50.455714285714286,0.010050026800071468,4,1,1,0,1,1,1,1,0,0,1,0,0,0,0,1,0,0,1,0,0,1,0,0
0,0,0,0,54,0,0,1,1,0,0,0,1,0,46.2,2431.95,0,6143,44.21727272727272,0.007520755331271366,3,0,0,0,0,1,0,1,0,0,0,0,1,1,0,0,0,0,0,1,0,1,0,0
0,0,1,1,72,1,1,0,0,0,0,0,0,0,24.9,1859.2,0,5192,25.46849315068493,0.004795839753466872,2,0,0,0,0,1,1,0,0,1,0,0,1,0,0,0,1,0,0,1,0,0,0,1
0,0,1,1,54,1,1,0,0,1,0,0,1,0,63.35,3409.1,0,4232,61.983636363636364,0.014969281663516068,4,0,0,0,0,1,1,1,0,0,0,0,1,0,1,0,0,0,0,1,0,0,0,1
0,0,0,0,14,1,0,1,0,0,0,0,0,0,50.1,709.5,0,2331,47.3,0.021492921492921493,2,1,0,0,0,1,0,1,0,0,1,0,0,1,0,0,0,1,0,0,0,0,1,0
0,0,0,0,1,1,0,1,0,0,0,0,0,0,50.15,50.15,0,4421,25.075,0.011343587423659806,2,1,1,0,0,1,0,1,0,0,1,0,0,0,0,1,0,0,0,0,1,0,0,1
0,0,0,0,56,1,1,1,1,0,1,0,0,1,64.65,3665.55,0,4656,64.30789473684212,0.013885309278350516,5,0,0,0,0,0,0,1,0,0,0,1,0,1,0,0,0,0,0,1,0,0,0,1
0,0,1,0,68,1,0,1,1,0,1,1,1,1,79.6,5515.8,0,5601,79.93913043478261,0.014211747902160328,6,0,0,0,0,0,0,1,0,0,0,0,1,1,0,0,0,0,0,1,0,1,0,0
0,0,1,1,14,1,0,0,0,0,0,0,0,1,19.5,272.0,0,2993,18.133333333333333,0.006515202138322753,1,0,0,0,0,1,1,0,0,1,0,1,0,0,0,0,1,1,0,0,0,0,1,0
0,0,1,1,68,1,0,1,0,0,1,1,1,1,99.55,6668.0,0,4319,96.6376811594203,0.023049316971521183,5,0,1,1,0,0,0,0,1,0,0,0,1,0,0,1,0,0,0,1,0,0,0,1
0,1,1,0,55,1,1,0,0,0,0,0,0,1,74.0,4052.4,0,4958,72.36428571428571,0.014925373134328358,2,1,1,1,1,1,1,0,1,0,1,0,0,0,0,1,0,0,0,1,0,0,0,1
0,0,0,0,16,0,0,1,0,0,0,1,0,1,38.9,664.4,0,3300,39.08235294117647,0.011787878787878788,2,1,1,0,0,1,0,1,0,0,1,0,0,0,0,1,0,1,0,0,0,0,1,0
0,1,0,0,9,1,0,0,0,0,0,0,1,1,79.55,718.55,0,5811,71.85499999999999,0.013689554293581138,2,1,1,1,1,1,1,0,1,0,1,0,0,0,0,1,0,0,0,0,1,1,0,0
0,0,0,0,53,0,0,1,1,0,0,0,1,1,46.3,2546.85,0,6245,47.163888888888884,0.007413931144915932,3,1,0,0,0,1,0,1,0,0,1,0,0,1,0,0,0,0,0,1,0,1,0,0
0,0,1,0,70,1,1,1,1,1,0,1,0,1,99.35,6944.5,0,4120,97.80985915492958,0.024114077669902912,6,0,0,1,0,1,0,0,1,0,0,0,1,0,1,0,0,0,0,1,0,0,0,1
0,1,1,1,14,1,1,0,0,0,0,1,1,1,95.8,1346.3,0,3471,89.75333333333333,0.027600115240564677,4,1,1,1,1,1,1,0,1,0,1,0,0,0,0,1,0,1,0,0,0,0,0,1
0,0,1,0,10,1,1,1,0,0,0,0,0,1,78.15,765.15,0,3403,69.55909090909091,0.02296503085512783,3,1,0,1,0,1,0,0,1,0,1,0,0,0,1,0,0,0,0,0,1,0,1,0
0,0,1,1,29,1,1,0,0,0,0,0,0,0,26.1,692.55,0,2828,23.084999999999997,0.00922913719943423,2,0,0,0,0,1,1,0,0,1,0,0,1,0,0,0,1,0,1,0,0,0,1,0
0,0,0,0,30,0,0,0,0,0,1,0,1,1,40.35,1187.05,0,5455,38.291935483870965,0.0073968835930339144,2,0,0,0,0,0,1,1,0,0,0,1,0,0,1,0,0,0,1,0,0,1,0,0
0,0,1,0,72,1,1,1,1,1,1,1,0,0,79.2,5401.9,0,4288,73.99863013698629,0.018470149253731343,7,0,0,0,0,0,0,1,0,0,0,0,1,0,1,0,0,0,0,1,0,0,0,1
0,0,0,0,10,1,0,0,0,0,0,0,0,1,20.9,247.0,0,4905,22.454545454545453,0.004260958205912334,1,1,0,0,0,1,1,0,0,1,1,0,0,0,0,0,1,0,0,0,1,0,0,1
0,0,0,1,1,1,0,1,0,0,0,0,0,0,49.9,49.9,0,5969,24.95,0.008359859272910036,2,1,0,0,0,1,0,1,0,0,1,0,0,0,0,0,1,0,0,0,1,1,0,0
0,0,0,0,20,1,1,0,1,0,1,0,1,1,68.9,1370.35,0,3265,65.2547619047619,0.021102603369065852,5,1,0,0,0,0,1,1,0,0,1,0,0,0,1,0,0,1,0,0,0,0,1,0
0,0,0,0,1,1,0,0,0,0,0,0,0,1,20.25,20.25,0,5854,10.125,0.0034591732148957976,1,1,0,0,0,1,1,0,0,1,1,0,0,0,0,0,1,0,0,0,1,1,0,0
0,0,0,0,29,1,1,0,0,0,0,0,0,1,76.0,2215.25,0,5324,73.84166666666667,0.014274981217129978,2,1,0,1,0,1,1,0,1,0,1,0,0,0,1,0,0,0,1,0,0,0,0,1
0,0,0,0,1,1,0,0,0,0,1,0,0,0,74.0,74.0,0,4148,37.0,0.017839922854387655,2,1,1,1,0,0,1,0,1,0,1,0,0,0,0,1,0,0,0,0,1,0,0,1
0,0,0,0,3,1,0,1,0,0,1,0,0,1,82.3,214.4,0,5755,53.6,0.014300608166811469,3,1,0,1,0,0,0,0,1,0,1,0,0,0,0,0,1,0,0,0,1,1,0,0
0,0,0,0,20,1,0,1,0,1,0,1,0,1,89.4,1871.15,0,2098,89.10238095238095,0.04261201143946616,4,1,0,1,0,1,0,0,1,0,1,0,0,1,0,0,0,1,0,0,0,0,1,0
0,0,0,1,64,1,0,0,1,0,1,1,1,1,99.15,6171.2,0,4590,94.94153846153846,0.021601307189542486,5,1,0,1,0,0,1,0,1,0,1,0,0,0,1,0,0,0,0,1,0,0,0,1
0,0,0,0,6,0,0,1,0,0,0,0,0,0,29.45,161.45,0,4391,23.064285714285713,0.0067069004782509675,1,1,0,0,0,1,0,1,0,0,1,0,0,1,0,0,0,0,0,0,1,0,0,1
0,0,1,0,50,1,0,0,0,0,0,0,0,0,19.8,1013.2,0,5914,19.866666666666667,0.0033479878254988166,1,0,1,0,0,1,1,0,0,1,0,0,1,0,0,1,0,0,0,1,0,1,0,0
0,0,0,0,6,1,0,1,0,0,0,0,1,1,59.15,336.7,0,3613,48.1,0.016371436479380018,3,1,0,0,0,1,0,1,0,0,1,0,0,1,0,0,0,0,0,0,1,0,0,1
0,0,1,1,7,1,0,0,0,0,0,0,0,0,44.75,333.65,0,4699,41.70625,0.009523302830389444,1,1,1,0,0,1,1,1,0,0,1,0,0,0,0,1,0,0,0,0,1,0,0,1
0,0,1,1,72,1,1,0,0,1,0,0,1,1,90.8,6511.8,0,6188,89.2027397260274,0.014673561732385262,4,0,0,1,0,1,1,0,1,0,0,0,1,0,1,0,0,0,0,1,0,1,0,0
0,0,1,0,8,1,0,0,1,0,0,0,0,1,49.55,393.45,0,5922,43.71666666666667,0.008367105707531238,2,1,0,0,0,1,1,1,0,0,1,0,0,1,0,0,0,0,0,0,1,1,0,0
0,0,1,1,67,1,1,1,0,0,1,1,1,0,106.7,7009.5,0,4780,103.08088235294117,0.022322175732217574,6,0,0,1,0,0,0,0,1,0,0,0,1,0,1,0,0,0,0,1,0,0,0,1
0,0,1,0,72,1,1,1,1,0,0,0,1,1,94.45,6921.7,0,5274,94.81780821917808,0.017908608266970043,5,0,0,1,0,1,0,0,1,0,0,0,1,0,1,0,0,0,0,1,0,0,0,1
0,0,1,1,33,1,0,0,0,0,0,0,0,1,19.45,600.25,0,3470,17.654411764705884,0.005605187319884726,1,0,0,0,0,1,1,0,0,1,0,1,0,1,0,0,0,0,1,0,0,0,0,1
0,0,1,0,70,1,0,1,1,0,1,0,1,0,67.95,4664.15,0,5514,65.69225352112676,0.012323177366702938,5,0,0,0,0,0,0,1,0,0,0,0,1,0,0,0,1,0,0,1,0,1,0,0
0,0,0,0,22,1,0,0,1,1,0,1,0,0,65.25,1441.8,0,5146,62.68695652173913,0.012679751263116984,4,0,0,0,0,1,1,1,0,0,0,1,0,1,0,0,0,1,0,0,0,0,0,1
0,0,0,0,59,1,1,1,1,1,0,0,1,1,99.45,5623.7,0,5247,93.72833333333332,0.01895368782161235,6,1,0,1,0,1,0,0,1,0,1,0,0,1,0,0,0,0,0,1,0,0,0,1
0,0,0,0,36,1,0,0,0,0,0,0,0,1,20.35,695.85,0,3526,18.80675675675676,0.005771412365286444,1,0,0,0,0,1,1,0,0,1,0,1,0,0,1,0,0,0,1,0,0,0,0,1
0,0,1,1,51,1,0,0,0,0,0,0,0,0,19.95,1028.75,0,4057,19.783653846153847,0.0049174266699531675,1,0,0,0,0,1,1,0,0,1,0,0,1,0,0,0,1,0,0,1,0,0,0,1
0,0,1,0,53,1,1,1,0,1,1,1,0,0,77.4,4155.95,0,5313,76.96203703703704,0.014568040654997177,6,0,0,0,0,0,0,1,0,0,0,1,0,1,0,0,0,0,0,1,0,0,0,1
0,0,1,1,20,1,0,0,0,0,0,0,0,0,19.7,395.6,0,4910,18.83809523809524,0.004012219959266802,1,0,0,0,0,1,1,0,0,1,0,1,0,1,0,0,0,1,0,0,0,0,0,1
0,0,1,0,63,1,0,1,0,1,0,1,1,0,99.7,6330.4,0,5135,98.9125,0.019415774099318404,5,0,0,1,0,1,0,0,1,0,0,0,1,0,1,0,0,0,0,1,0,0,0,1
0,0,0,0,40,1,0,0,1,0,0,0,0,0,74.8,2971.7,0,3258,72.48048780487804,0.022958870472682625,2,1,0,1,0,1,1,0,1,0,1,0,0,0,1,0,0,0,1,0,0,0,1,0
0,0,0,0,35,1,0,0,0,0,0,0,0,1,19.15,638.0,0,4052,17.72222222222222,0.0047260612043435336,1,0,0,0,0,1,1,0,0,1,0,1,0,0,0,0,1,0,1,0,0,0,0,1
0,0,1,1,26,1,0,0,0,0,0,0,1,0,78.95,2034.25,0,4237,75.3425925925926,0.01863346707576115,2,0,0,1,0,1,1,0,1,0,0,1,0,1,0,0,0,0,1,0,0,0,0,1
0,0,0,1,53,1,0,1,1,0,1,0,0,0,62.85,3419.5,0,6281,63.324074074074076,0.010006368412673142,4,0,0,0,0,0,0,1,0,0,0,1,0,0,1,0,0,0,0,1,0,1,0,0
0,1,1,0,34,1,0,0,0,0,0,0,0,0,71.55,2427.35,0,3583,69.35285714285715,0.01996929946971811,1,1,0,1,1,1,1,0,1,0,1,0,0,0,1,0,0,0,1,0,0,0,0,1
0,1,1,0,19,1,1,0,0,0,0,1,1,1,94.95,1760.25,0,5316,88.0125,0.01786117381489842,4,1,1,1,1,1,1,0,1,0,1,0,0,0,0,1,0,1,0,0,0,0,0,1
0,0,1,0,43,1,0,1,1,1,0,0,0,1,86.1,3551.65,0,2358,80.71931818181818,0.036513994910941476,4,1,0,1,0,1,0,0,1,0,1,0,0,0,1,0,0,0,1,0,0,0,1,0
0,0,1,1,6,1,0,0,0,0,0,0,0,0,19.55,122.9,0,3072,17.557142857142857,0.006363932291666667,1,1,0,0,0,1,1,0,0,1,1,0,0,0,0,0,1,0,0,0,1,0,1,0
0,0,0,1,56,1,1,0,0,0,0,0,0,1,24.8,1424.2,0,4262,24.985964912280703,0.005818864382918817,2,0,0,0,0,1,1,0,0,1,0,0,1,0,0,0,1,0,0,1,0,0,0,1
0,0,1,1,34,1,0,0,0,1,0,1,0,1,84.05,2909.95,0,3476,83.14142857142856,0.024180092059838895,3,1,0,1,0,1,1,0,1,0,1,0,0,0,0,0,1,0,1,0,0,0,0,1
0,0,0,0,10,0,0,0,1,0,1,0,0,0,36.25,374.0,0,4571,34.0,0.007930430977904178,2,1,1,0,0,0,1,1,0,0,1,0,0,0,0,1,0,0,0,0,1,0,0,1
0,0,0,0,56,1,1,0,1,0,0,1,1,0,98.6,5581.05,0,5601,97.91315789473684,0.017603999285841814,5,1,1,1,0,1,1,0,1,0,1,0,0,0,0,1,0,0,0,1,0,1,0,0
0,0,1,0,55,1,1,0,1,1,0,1,1,1,103.65,5676.65,0,4768,101.36874999999999,0.021738674496644298,6,1,0,1,0,1,1,0,1,0,1,0,0,0,1,0,0,0,0,1,0,0,0,1
0,0,1,1,36,1,1,1,1,1,1,1,1,1,92.9,3379.25,0,3570,91.33108108108108,0.026022408963585437,8,0,0,0,0,0,0,1,0,0,0,0,1,0,1,0,0,0,1,0,0,0,0,1
0,0,1,0,47,1,0,0,0,0,0,0,0,0,19.9,942.95,0,5394,19.644791666666666,0.003689284390063033,1,0,0,0,0,1,1,0,0,1,0,1,0,1,0,0,0,0,1,0,0,1,0,0
0,0,1,1,12,1,0,0,0,0,0,0,0,1,20.1,232.4,0,2360,17.876923076923077,0.008516949152542374,1,1,0,0,0,1,1,0,0,1,1,0,0,0,1,0,0,0,0,0,1,0,1,0
0,1,0,0,24,1,1,0,1,0,0,0,0,1,80.5,2088.45,0,4422,83.538,0.01820443238353686,3,1,1,1,1,1,1,0,1,0,1,0,0,0,0,1,0,1,0,0,0,0,0,1
0,1,0,0,35,0,0,0,0,1,0,1,0,1,39.85,1434.6,0,2030,39.849999999999994,0.019630541871921182,2,1,1,0,1,1,1,1,0,0,1,0,0,0,0,1,0,0,1,0,0,0,1,0
0,0,0,0,67,1,0,1,1,0,1,0,0,0,60.5,3870.0,0,4363,56.911764705882355,0.013866605546642218,4,0,0,0,0,0,0,1,0,0,0,1,0,0,1,0,0,0,0,1,0,0,0,1
0,0,0,0,21,1,1,1,0,1,0,1,1,0,103.85,2215.0,0,4520,100.68181818181819,0.022975663716814157,6,1,0,1,0,1,0,0,1,0,1,0,0,0,0,0,1,1,0,0,0,0,0,1
0,0,0,0,13,1,0,1,1,0,1,0,1,0,67.8,842.25,0,4115,60.160714285714285,0.016476306196840824,5,1,0,0,0,0,0,1,0,0,1,0,0,1,0,0,0,1,0,0,0,0,0,1
0,1,1,0,71,1,1,0,0,0,0,0,0,0,24.85,1901.0,0,4367,26.40277777777778,0.00569040531257156,2,0,0,0,1,1,1,0,0,1,0,0,1,1,0,0,0,0,0,1,0,0,0,1
0,0,0,0,29,1,0,0,0,0,0,0,0,0,19.35,601.6,0,5227,20.053333333333335,0.0037019322747273774,1,1,0,0,0,1,1,0,0,1,1,0,0,0,1,0,0,0,1,0,0,0,0,1
0,1,1,0,7,1,0,0,0,0,0,1,1,1,89.0,605.45,0,5711,75.68125,0.015583960777447031,3,1,1,1,1,1,1,0,1,0,1,0,0,0,0,1,0,0,0,0,1,1,0,0
0,1,0,0,57,0,0,0,1,1,0,1,1,1,55.0,3094.05,0,4622,53.345689655172414,0.011899610558199913,4,1,1,0,1,1,1,1,0,0,1,0,0,0,0,1,0,0,0,1,0,0,0,1
0,0,1,0,65,1,1,1,0,1,1,0,1,0,76.15,4929.55,0,6177,74.69015151515151,0.012327990934110411,6,0,0,0,0,0,0,1,0,0,0,0,1,1,0,0,0,0,0,1,0,1,0,0
0,0,0,0,27,1,0,0,0,0,0,0,0,0,20.3,595.05,0,3159,21.251785714285713,0.006426084203861982,1,0,0,0,0,1,1,0,0,1,0,1,0,0,0,0,1,0,1,0,0,0,1,0
0,1,0,0,72,1,1,1,1,1,1,1,1,1,117.35,8436.25,0,4008,115.56506849315069,0.029278942115768463,8,0,0,1,1,0,0,0,1,0,0,0,1,0,1,0,0,0,0,1,0,0,0,1
0,0,0,0,1,1,0,0,0,0,0,0,0,1,19.75,19.75,0,4441,9.875,0.004447196577347445,1,1,0,0,0,1,1,0,0,1,1,0,0,0,0,0,1,0,0,0,1,0,0,1
0,0,0,0,11,1,0,0,0,0,0,0,0,0,45.2,492.0,0,5253,41.0,0.00860460689130021,1,1,0,0,0,1,1,1,0,0,1,0,0,0,1,0,0,0,0,0,1,0,0,1
0,0,1,1,39,1,1,0,0,0,0,0,0,0,25.2,987.95,0,5453,24.69875,0.004621309370988446,2,0,0,0,0,1,1,0,0,1,0,0,1,0,0,0,1,0,1,0,0,1,0,0
0,1,0,0,59,1,1,1,1,1,0,0,0,1,89.75,5496.9,0,5170,91.615,0.017359767891682785,5,1,1,1,1,1,0,0,1,0,1,0,0,0,0,1,0,0,0,1,0,0,0,1
0,0,0,0,26,1,0,1,0,0,1,1,1,0,75.0,1908.35,0,4705,70.67962962962963,0.015940488841657812,5,0,0,0,0,0,0,1,0,0,0,1,0,1,0,0,0,0,1,0,0,0,0,1
0,1,0,0,2,1,0,0,0,1,0,0,0,0,49.95,107.1,0,5251,35.699999999999996,0.009512473814511523,2,1,0,0,1,1,1,1,0,0,1,0,0,0,0,0,1,0,0,0,1,0,0,1
0,0,1,1,72,0,0,1,1,1,1,1,1,0,65.7,4575.35,0,6187,62.67602739726028,0.010619039922417974,6,0,0,0,0,0,0,1,0,0,0,0,1,1,0,0,0,0,0,1,0,1,0,0
0,0,1,0,65,1,1,1,1,1,0,0,0,0,67.05,4309.55,0,5224,65.29621212121212,0.012834992343032158,5,0,0,0,0,1,0,1,0,0,0,1,0,0,1,0,0,0,0,1,0,0,0,1
0,0,1,1,72,1,1,0,1,1,1,1,1,0,110.9,7922.75,0,6444,108.53082191780823,0.017209807572936064,7,0,0,1,0,0,1,0,1,0,0,0,1,0,1,0,0,0,0,1,0,1,0,0
0,0,0,0,6,1,1,0,0,0,1,0,1,1,87.95,522.35,0,2684,74.62142857142858,0.032768256333830105,4,1,0,1,0,0,1,0,1,0,1,0,0,1,0,0,0,0,0,0,1,0,1,0
0,1,0,0,32,1,0,0,0,0,0,0,0,0,19.8,587.7,0,3836,17.809090909090912,0.00516162669447341,1,0,0,0,1,1,1,0,0,1,0,1,0,0,1,0,0,0,1,0,0,0,0,1
0,0,1,0,50,1,1,0,0,1,0,1,1,0,75.7,3876.2,0,6144,76.00392156862745,0.012320963541666667,5,0,0,0,0,1,1,1,0,0,0,1,0,1,0,0,0,0,0,1,0,1,0,0
0,0,1,0,61,0,0,1,0,1,1,1,1,1,62.15,3778.85,0,6427,60.94919354838709,0.009670141590166485,5,0,0,0,0,0,0,1,0,0,0,0,1,0,0,0,1,0,0,1,0,1,0,0
0,0,1,0,72,1,1,1,1,1,1,1,1,0,115.15,8349.45,0,5398,114.37602739726029,0.021331974805483513,8,0,0,1,0,0,0,0,1,0,0,0,1,1,0,0,0,0,0,1,0,1,0,0
0,0,0,0,1,1,0,0,0,0,0,0,0,0,19.5,19.5,0,3107,9.75,0.006276150627615063,1,1,0,0,0,1,1,0,0,1,1,0,0,0,0,0,1,0,0,0,1,0,1,0
0,0,0,0,12,1,1,0,0,0,0,0,1,1,86.55,1066.9,0,2061,82.06923076923077,0.04199417758369723,3,1,1,1,0,1,1,0,1,0,1,0,0,0,0,1,0,0,0,0,1,0,1,0
0,0,1,1,61,1,0,0,0,0,0,0,0,0,20.4,1226.45,0,5897,19.781451612903226,0.0034593861285399353,1,0,0,0,0,1,1,0,0,1,0,1,0,0,0,0,1,0,0,1,0,1,0,0
0,0,1,1,18,1,0,0,0,0,0,0,0,0,19.8,342.3,0,4808,18.01578947368421,0.004118136439267887,1,0,0,0,0,1,1,0,0,1,0,1,0,1,0,0,0,1,0,0,0,0,0,1
0,0,0,1,21,1,0,0,0,0,0,0,0,0,45.65,985.05,0,5731,44.775,0.007965451055662189,1,1,0,0,0,1,1,1,0,0,1,0,0,0,0,0,1,1,0,0,0,1,0,0
0,0,1,1,68,0,0,1,1,1,1,0,1,1,56.4,3948.45,0,4556,57.223913043478255,0.01237928007023705,5,0,0,0,0,0,0,1,0,0,0,0,1,0,0,0,1,0,0,1,0,0,0,1
0,1,0,0,12,1,1,0,0,0,0,0,0,1,73.3,828.05,0,5159,63.69615384615384,0.01420817987982167,2,1,0,1,1,1,1,0,1,0,1,0,0,0,1,0,0,0,0,0,1,0,0,1
0,0,1,0,62,1,1,0,0,1,0,1,1,1,101.35,6164.7,0,5049,97.85238095238095,0.02007328183798772,5,1,1,1,0,1,1,0,1,0,1,0,0,0,0,1,0,0,0,1,0,0,0,1
0,0,0,1,1,0,0,0,1,0,1,0,0,0,33.6,33.6,0,4369,16.8,0.007690547035934997,2,1,0,0,0,0,1,1,0,0,1,0,0,0,0,0,1,0,0,0,1,0,0,1
0,0,0,0,1,1,0,0,0,0,0,0,0,0,20.7,20.7,0,3061,10.35,0.0067624959163672,1,1,1,0,0,1,1,0,0,1,1,0,0,0,0,1,0,0,0,0,1,0,1,0
0,0,0,1,62,1,1,0,0,1,1,1,1,1,104.05,6590.5,0,5900,104.61111111111111,0.01763559322033898,6,0,1,1,0,0,1,0,1,0,0,0,1,0,0,1,0,0,0,1,0,1,0,0
0,0,1,1,36,1,0,0,0,0,0,0,0,0,20.25,717.95,0,5272,19.404054054054054,0.0038410470409711685,1,0,0,0,0,1,1,0,0,1,0,0,1,1,0,0,0,0,1,0,0,0,0,1
0,0,1,1,69,1,1,1,1,0,1,1,0,0,73.7,4885.85,0,4268,69.79785714285715,0.017268041237113403,6,0,0,0,0,0,0,1,0,0,0,1,0,0,1,0,0,0,0,1,0,0,0,1
0,0,1,0,63,1,1,0,1,1,1,1,1,1,108.75,6871.7,0,4582,107.3703125,0.023734177215189875,7,1,1,1,0,0,1,0,1,0,1,0,0,0,0,1,0,0,0,1,0,0,0,1
0,0,0,0,23,1,0,0,0,0,0,0,0,0,20.15,405.6,0,4402,16.900000000000002,0.004577464788732394,1,0,0,0,0,1,1,0,0,1,0,1,0,1,0,0,0,1,0,0,0,0,0,1
0,0,0,0,10,1,0,0,0,0,0,0,0,0,19.75,208.25,0,3926,18.931818181818183,0.005030565461029037,1,1,0,0,0,1,1,0,0,1,1,0,0,0,1,0,0,0,0,0,1,0,0,1
0,0,1,0,71,1,1,0,0,0,0,0,0,1,25.95,1801.9,0,5072,25.02638888888889,0.005116324921135646,2,0,0,0,0,1,1,0,0,1,0,0,1,0,1,0,0,0,0,1,0,0,0,1
0,1,0,0,45,1,1,1,0,0,1,0,1,1,70.05,3062.45,0,4223,66.575,0.016587733838503434,5,1,1,0,1,0,0,1,0,0,1,0,0,0,0,1,0,0,1,0,0,0,0,1
0,0,1,1,70,1,1,0,0,0,0,0,0,0,24.05,1764.75,0,4722,24.8556338028169,0.005093180855569674,2,0,0,0,0,1,1,0,0,1,0,0,1,0,0,0,1,0,0,1,0,0,0,1
0,0,0,1,22,1,1,0,0,0,0,0,1,1,84.75,1816.75,0,4240,78.98913043478261,0.01998820754716981,3,1,1,1,0,1,1,0,1,0,1,0,0,0,0,1,0,1,0,0,0,0,0,1
0,0,1,1,52,1,1,0,0,0,0,0,0,0,23.05,1255.1,0,4922,23.681132075471698,0.004683055668427469,2,0,0,0,0,1,1,0,0,1,0,0,1,0,0,0,1,0,0,1,0,0,0,1
0,0,0,0,65,0,0,1,0,1,1,1,1,0,59.95,3921.1,0,6251,59.41060606060606,0.009590465525515918,5,0,0,0,0,0,0,1,0,0,0,0,1,0,1,0,0,0,0,1,0,1,0,0
0,0,1,1,72,1,0,0,0,0,0,0,0,0,19.55,1463.45,0,4424,20.047260273972604,0.004419077757685352,1,0,0,0,0,1,1,0,0,1,0,0,1,1,0,0,0,0,0,1,0,0,0,1
0,0,1,0,10,1,0,0,0,0,0,0,0,0,19.6,189.45,0,3778,17.222727272727273,0.0051879301217575445,1,0,0,0,0,1,1,0,0,1,0,1,0,1,0,0,0,0,0,0,1,0,0,1
0,0,0,1,7,1,0,0,0,0,0,0,0,0,20.05,96.8,0,3810,12.1,0.00526246719160105,1,0,0,0,0,1,1,0,0,1,0,1,0,0,0,0,1,0,0,0,1,0,0,1
0,1,0,0,5,1,0,0,1,0,0,0,1,1,85.55,408.5,0,2850,68.08333333333333,0.030017543859649123,3,1,1,1,1,1,1,0,1,0,1,0,0,0,0,1,0,0,0,0,1,0,1,0
0,0,1,1,24,1,1,1,0,1,0,1,1,0,78.6,1846.65,0,2939,73.866,0.026743790404899624,6,0,0,0,0,1,0,1,0,0,0,0,1,0,1,0,0,1,0,0,0,0,1,0
0,0,1,1,72,1,1,1,1,1,1,1,1,1,116.8,8456.75,0,6252,115.8458904109589,0.018682021753039027,8,0,0,1,0,0,0,0,1,0,0,0,1,0,1,0,0,0,0,1,0,1,0,0
0,0,0,0,21,0,0,1,0,0,1,1,0,1,43.55,1011.5,0,5808,45.97727272727273,0.0074982782369146,3,1,0,0,0,0,0,1,0,0,1,0,0,0,0,0,1,1,0,0,0,1,0,0
0,0,1,0,69,0,0,0,1,1,1,1,1,1,60.8,4263.4,0,5683,60.90571428571428,0.010698574696463134,5,0,0,0,0,0,1,1,0,0,0,1,0,0,1,0,0,0,0,1,0,1,0,0
0,0,1,1,44,1,0,0,1,0,1,0,0,1,54.9,2549.1,0,4412,56.64666666666666,0.012443336355394378,3,1,0,0,0,0,1,1,0,0,1,0,0,1,0,0,0,0,1,0,0,0,0,1
0,1,1,1,61,1,1,0,0,1,0,1,0,1,65.2,3965.05,0,6238,63.95241935483871,0.010452067970503368,4,0,1,0,1,1,1,1,0,0,0,1,0,0,0,1,0,0,0,1,0,1,0,0
0,0,1,0,72,1,1,0,1,1,1,1,1,1,108.2,7840.6,0,4773,107.4054794520548,0.022669180808715692,7,0,1,1,0,0,1,0,1,0,0,0,1,0,0,1,0,0,0,1,0,0,0,1
0,0,0,0,72,1,1,1,1,1,1,1,1,0,92.0,6632.75,0,4200,90.85958904109589,0.021904761904761906,8,0,0,0,0,0,0,1,0,0,0,0,1,1,0,0,0,0,0,1,0,0,0,1
0,1,1,0,14,1,1,0,0,0,0,0,0,1,75.1,1013.35,0,3771,67.55666666666667,0.019915141872182445,2,1,1,1,1,1,1,0,1,0,1,0,0,0,0,1,0,1,0,0,0,0,0,1
0,0,0,0,7,1,1,0,0,0,0,0,0,1,25.05,152.95,0,4868,19.11875,0.005145850451930978,2,1,0,0,0,1,1,0,0,1,1,0,0,1,0,0,0,0,0,0,1,0,0,1
0,0,0,0,48,1,0,0,1,0,0,0,0,0,75.15,3772.65,0,3345,76.99285714285715,0.022466367713004486,2,0,1,1,0,1,1,0,1,0,0,1,0,0,0,1,0,0,1,0,0,0,1,0
0,0,1,1,55,1,0,0,0,0,0,0,0,0,19.5,1026.35,0,5067,18.32767857142857,0.0038484310242747188,1,0,0,0,0,1,1,0,0,1,0,1,0,0,0,0,1,0,0,1,0,0,0,1
0,0,0,0,1,1,0,0,0,0,0,0,0,0,19.3,19.3,0,5626,9.65,0.003430501244223249,1,1,0,0,0,1,1,0,0,1,1,0,0,0,1,0,0,0,0,0,1,1,0,0
0,0,0,0,45,1,0,1,1,1,1,1,1,0,112.2,5031.85,0,3091,109.38804347826088,0.03629893238434164,7,0,0,1,0,0,0,0,1,0,0,1,0,0,1,0,0,0,1,0,0,0,1,0
0,0,0,0,3,1,0,0,0,0,0,0,0,1,70.3,220.4,0,4275,55.1,0.016444444444444442,1,1,0,1,0,1,1,0,1,0,1,0,0,0,0,0,1,0,0,0,1,0,0,1
0,0,1,0,71,1,0,0,0,0,0,0,0,0,19.6,1416.5,0,4890,19.67361111111111,0.004008179959100204,1,0,0,0,0,1,1,0,0,1,0,0,1,0,0,0,1,0,0,1,0,0,0,1
0,0,1,0,8,1,0,0,0,0,0,0,0,0,20.25,158.35,0,4964,17.594444444444445,0.004079371474617244,1,1,0,0,0,1,1,0,0,1,1,0,0,0,0,0,1,0,0,0,1,0,0,1
0,0,1,1,69,1,0,1,1,0,1,1,1,0,80.65,5542.55,0,4618,79.17928571428571,0.017464270246860113,6,0,0,0,0,0,0,1,0,0,0,0,1,1,0,0,0,0,0,1,0,0,0,1
0,1,1,0,72,1,1,1,1,1,1,1,1,1,115.75,8443.7,0,6205,115.66712328767125,0.018654311039484287,8,0,0,1,1,0,0,0,1,0,0,0,1,0,1,0,0,0,0,1,0,1,0,0
0,0,0,0,71,1,1,1,1,1,1,0,1,0,80.6,5708.2,0,5447,79.28055555555555,0.014797136038186156,7,0,0,0,0,0,0,1,0,0,0,0,1,1,0,0,0,0,0,1,0,1,0,0
0,0,1,0,33,0,0,1,0,1,1,1,1,0,59.55,2016.3,0,5980,59.30294117647059,0.00995819397993311,5,0,0,0,0,0,0,1,0,0,0,0,1,1,0,0,0,0,1,0,0,1,0,0
0,0,0,0,16,1,0,0,0,0,0,0,0,0,19.05,326.65,0,4336,19.21470588235294,0.004393450184501845,1,0,0,0,0,1,1,0,0,1,0,1,0,0,0,0,1,1,0,0,0,0,0,1
0,1,1,0,56,1,1,1,1,1,1,0,0,0,95.65,5471.75,0,6335,95.99561403508773,0.01509865824782952,6,0,1,1,1,0,0,0,1,0,0,1,0,0,0,1,0,0,0,1,0,1,0,0
0,0,0,0,1,1,0,0,0,0,0,0,0,0,19.95,19.95,0,2732,9.975,0.007302342606149341,1,1,0,0,0,1,1,0,0,1,1,0,0,0,1,0,0,0,0,0,1,0,1,0
0,0,1,1,57,1,0,0,0,0,0,0,0,0,19.4,1061.6,0,4194,18.303448275862067,0.0046256556986170715,1,0,0,0,0,1,1,0,0,1,0,1,0,0,0,0,1,0,0,1,0,0,0,1
0,0,1,1,56,0,0,0,1,1,0,0,0,1,36.1,1971.5,0,5092,34.58771929824562,0.0070895522388059705,2,0,0,0,0,1,1,1,0,0,0,1,0,0,1,0,0,0,0,1,0,0,0,1
0,0,0,0,1,1,0,0,0,0,0,0,0,0,19.75,19.75,0,4099,9.875,0.004818248353256892,1,1,0,0,0,1,1,0,0,1,1,0,0,0,0,0,1,0,0,0,1,0,0,1
0,0,0,1,40,1,0,1,0,0,1,1,0,1,64.1,2460.35,0,5056,60.00853658536585,0.012678006329113922,4,1,0,0,0,0,0,1,0,0,1,0,0,0,1,0,0,0,1,0,0,0,0,1
0,0,1,1,46,1,0,0,0,0,0,0,0,0,19.75,856.5,0,2610,18.22340425531915,0.007567049808429119,1,0,0,0,0,1,1,0,0,1,0,0,1,0,1,0,0,0,1,0,0,0,1,0
0,0,1,1,63,1,0,0,0,0,0,0,0,0,19.7,1275.85,0,4235,19.93515625,0.004651711924439197,1,0,0,0,0,1,1,0,0,1,0,0,1,0,0,0,1,0,0,1,0,0,0,1
0,0,1,1,68,1,1,1,1,1,0,1,1,1,110.2,7467.5,0,4108,108.22463768115942,0.02682570593962999,7,0,1,1,0,1,0,0,1,0,0,0,1,0,0,1,0,0,0,1,0,0,0,1
0,0,1,1,69,1,0,1,1,0,1,1,1,1,106.35,7261.75,0,6315,103.73928571428571,0.01684085510688836,6,0,0,1,0,0,0,0,1,0,0,0,1,0,1,0,0,0,0,1,0,1,0,0
0,0,1,0,56,1,1,0,1,1,1,0,0,0,90.55,5116.6,0,6161,89.76491228070176,0.014697289401071255,5,1,1,1,0,0,1,0,1,0,1,0,0,0,0,1,0,0,0,1,0,1,0,0
0,0,1,1,10,1,0,0,1,1,0,0,1,1,65.9,660.05,0,5289,60.00454545454545,0.012459822272641332,4,0,0,0,0,1,1,1,0,0,0,1,0,0,0,0,1,0,0,0,1,0,0,1
0,0,0,0,63,1,1,1,1,1,1,1,0,0,104.5,6590.8,0,4908,102.98125,0.021291768541157295,7,0,0,1,0,0,0,0,1,0,0,1,0,0,1,0,0,0,0,1,0,0,0,1
0,0,1,1,24,0,0,1,1,1,1,0,1,1,52.5,1208.15,0,3303,48.326,0.01589464123524069,5,0,0,0,0,0,0,1,0,0,0,0,1,0,0,0,1,1,0,0,0,0,1,0
0,0,0,0,19,1,1,0,0,1,0,0,0,1,56.1,1033.9,0,3367,51.69500000000001,0.01666171666171666,3,1,0,0,0,1,1,1,0,0,1,0,0,0,0,0,1,1,0,0,0,0,1,0
0,0,1,1,22,1,1,0,0,1,0,1,0,1,88.75,1885.15,0,5585,81.96304347826087,0.015890778871978515,4,1,1,1,0,1,1,0,1,0,1,0,0,0,0,1,0,1,0,0,0,1,0,0
0,0,1,0,70,1,1,0,0,0,0,0,0,1,26.0,2006.95,0,6170,28.266901408450703,0.004213938411669368,2,0,0,0,0,1,1,0,0,1,0,0,1,1,0,0,0,0,0,1,0,1,0,0
0,0,1,0,49,1,0,0,1,1,0,1,1,0,99.4,5025.0,0,4725,100.5,0.021037037037037038,5,1,1,1,0,1,1,0,1,0,1,0,0,0,0,1,0,0,0,1,0,0,0,1
0,0,1,1,42,1,0,0,0,1,1,1,1,0,73.15,3088.25,0,2531,71.81976744186046,0.028901619913077835,5,0,1,0,0,0,1,1,0,0,0,1,0,0,0,1,0,0,1,0,0,0,1,0
0,0,0,0,57,1,0,0,1,0,1,0,0,1,54.65,3134.7,0,4223,54.04655172413793,0.012941037177362065,3,0,0,0,0,0,1,1,0,0,0,1,0,0,0,0,1,0,0,1,0,0,0,1
0,0,1,0,72,1,1,1,1,1,1,1,1,1,115.55,8312.4,0,5076,113.86849315068493,0.022763987391646964,8,0,0,1,0,0,0,0,1,0,0,0,1,0,1,0,0,0,0,1,0,0,0,1
0,1,0,0,46,1,1,0,1,1,0,1,1,1,104.45,4863.85,0,4103,103.48617021276597,0.025456982695588593,6,1,1,1,1,1,1,0,1,0,1,0,0,0,0,1,0,0,1,0,0,0,0,1
0,0,1,0,72,1,1,1,1,1,1,1,1,1,91.15,6637.9,0,4311,90.93013698630136,0.021143586174901415,8,0,0,0,0,0,0,1,0,0,0,0,1,1,0,0,0,0,0,1,0,0,0,1
0,0,1,1,35,1,0,0,1,0,1,1,0,1,89.7,3165.6,0,2775,87.93333333333334,0.032324324324324326,4,0,1,1,0,0,1,0,1,0,0,1,0,0,0,1,0,0,1,0,0,0,1,0
0,0,1,0,72,1,1,1,1,1,1,1,1,1,92.4,6786.1,0,5527,92.96027397260275,0.016717930161027683,8,0,1,0,0,0,0,1,0,0,0,0,1,0,0,1,0,0,0,1,0,1,0,0
0,0,1,1,28,1,0,0,0,0,0,0,0,0,19.9,543.0,0,2987,18.724137931034484,0.006662202879142952,1,0,0,0,0,1,1,0,0,1,0,1,0,0,0,0,1,0,1,0,0,0,1,0
0,0,0,0,45,1,0,0,0,0,0,0,0,0,18.85,867.3,0,2653,18.854347826086954,0.007105163965322277,1,0,0,0,0,1,1,0,0,1,0,1,0,1,0,0,0,0,1,0,0,0,1,0
0,0,0,0,1,1,1,0,0,0,0,0,0,1,25.75,25.75,0,2569,12.875,0.010023355391202802,2,1,0,0,0,1,1,0,0,1,1,0,0,0,0,0,1,0,0,0,1,0,1,0
0,0,0,0,6,1,0,0,0,0,0,0,0,1,20.95,109.5,0,5554,15.642857142857142,0.003772056175729204,1,1,0,0,0,1,1,0,0,1,1,0,0,0,0,0,1,0,0,0,1,1,0,0
0,0,1,0,48,1,0,0,1,1,0,1,1,1,97.05,4692.95,0,5893,95.77448979591837,0.016468691668080772,5,0,1,1,0,1,1,0,1,0,0,1,0,0,0,1,0,0,1,0,0,1,0,0
0,0,1,1,25,1,1,0,0,0,0,0,0,1,25.4,546.85,0,5250,21.032692307692308,0.004838095238095238,2,1,0,0,0,1,1,0,0,1,1,0,0,1,0,0,0,0,1,0,0,0,0,1
0,0,1,1,64,1,0,0,0,0,0,0,0,1,19.7,1274.05,0,5431,19.60076923076923,0.003627324617934082,1,0,0,0,0,1,1,0,0,1,0,0,1,1,0,0,0,0,0,1,0,1,0,0
0,0,0,0,50,0,0,1,1,0,0,0,0,1,35.0,1782.4,0,5629,34.94901960784314,0.0062178006750755015,2,1,0,0,0,1,0,1,0,0,1,0,0,0,0,0,1,0,0,1,0,1,0,0
0,0,1,1,52,1,1,0,0,1,0,1,1,0,101.25,5301.1,0,5954,100.02075471698114,0.01700537453812563,5,0,0,1,0,1,1,0,1,0,0,1,0,1,0,0,0,0,0,1,0,1,0,0
0,1,1,0,4,1,0,0,0,0,0,0,0,1,70.2,280.35,0,4444,56.07000000000001,0.015796579657965798,1,1,1,1,1,1,1,0,1,0,1,0,0,0,0,1,0,0,0,0,1,0,0,1
0,1,0,0,32,1,0,0,0,0,0,1,1,0,90.95,2897.95,0,5936,87.81666666666666,0.015321765498652292,3,1,1,1,1,1,1,0,1,0,1,0,0,0,0,1,0,0,1,0,0,1,0,0
0,0,1,1,45,1,1,1,1,0,1,1,0,0,73.85,3371.0,0,5264,73.28260869565217,0.014029255319148936,6,0,0,0,0,0,0,1,0,0,0,0,1,0,1,0,0,0,1,0,0,0,0,1
0,0,1,0,9,1,1,1,0,0,0,0,1,1,88.05,801.3,0,2715,80.13,0.03243093922651934,4,1,1,1,0,1,0,0,1,0,1,0,0,0,0,1,0,0,0,0,1,0,1,0
0,0,0,0,54,1,0,0,0,0,0,0,0,0,20.1,1079.45,0,5755,19.62636363636364,0.003492615117289314,1,0,0,0,0,1,1,0,0,1,0,0,1,0,0,0,1,0,0,1,0,1,0,0
0,0,1,1,64,1,1,1,1,0,1,1,1,0,110.3,6997.3,0,5574,107.65076923076923,0.019788302834589162,7,0,0,1,0,0,0,0,1,0,0,0,1,1,0,0,0,0,0,1,0,1,0,0
0,0,0,0,12,1,0,1,0,0,0,1,0,1,85.15,979.05,0,2452,75.31153846153846,0.034726753670473086,3,0,0,1,0,1,0,0,1,0,0,1,0,0,1,0,0,0,0,0,1,0,1,0
0,1,1,0,67,1,0,1,1,0,1,0,0,1,60.95,4119.4,0,5792,60.579411764705874,0.010523135359116023,4,0,0,0,1,0,0,1,0,0,0,1,0,1,0,0,0,0,0,1,0,1,0,0
0,0,0,0,45,1,1,1,0,0,1,0,1,0,73.55,3349.1,0,2280,72.80652173913043,0.03225877192982456,5,0,0,0,0,0,0,1,0,0,0,0,1,0,0,0,1,0,1,0,0,0,1,0
0,0,0,0,10,1,0,0,0,0,0,0,0,0,46.0,492.1,0,3903,44.73636363636364,0.011785805790417627,1,1,0,0,0,1,1,1,0,0,1,0,0,0,0,0,1,0,0,0,1,0,0,1
0,1,0,0,29,1,1,1,1,0,0,0,0,1,58.55,1718.95,0,2044,57.29833333333333,0.02864481409001957,4,1,0,0,1,1,0,1,0,0,1,0,0,1,0,0,0,0,1,0,0,0,1,0
0,0,0,0,24,1,1,0,0,0,0,0,0,0,24.6,605.25,0,4147,24.21,0.005931999035447312,2,0,0,0,0,1,1,0,0,1,0,1,0,1,0,0,0,1,0,0,0,0,0,1
0,0,1,1,66,1,0,0,0,0,0,0,0,1,19.75,1344.5,0,4485,20.067164179104477,0.004403567447045708,1,0,0,0,0,1,1,0,0,1,0,0,1,0,0,0,1,0,0,1,0,0,0,1
0,0,0,0,51,1,0,1,0,0,0,1,0,0,86.35,4267.15,0,5311,82.06057692307692,0.016258708341178686,3,0,0,1,0,1,0,0,1,0,0,1,0,0,0,0,1,0,0,1,0,0,0,1
0,0,1,0,45,1,1,0,0,0,0,0,0,0,25.5,1121.05,0,3146,24.370652173913044,0.00810553083280356,2,0,0,0,0,1,1,0,0,1,0,0,1,0,0,0,1,0,1,0,0,0,1,0
0,0,1,0,49,1,0,0,0,0,0,0,0,0,19.0,918.7,0,4066,18.374000000000002,0.004672897196261682,1,0,0,0,0,1,1,0,0,1,0,1,0,0,1,0,0,0,0,1,0,0,0,1
0,0,1,0,29,1,0,0,0,0,0,0,0,1,19.55,521.8,0,5758,17.39333333333333,0.0033952761375477597,1,0,0,0,0,1,1,0,0,1,0,0,1,0,0,0,1,0,1,0,0,1,0,0
0,0,1,1,40,1,1,1,1,0,1,1,1,1,110.1,4469.1,0,2283,109.00243902439026,0.04822601839684625,7,1,0,1,0,0,0,0,1,0,1,0,0,0,1,0,0,0,1,0,0,0,1,0
0,0,0,0,25,1,0,0,0,0,0,0,0,0,69.75,1729.35,0,3080,66.51346153846154,0.022646103896103897,1,1,1,1,0,1,1,0,1,0,1,0,0,0,0,1,0,0,1,0,0,0,1,0
0,0,0,0,22,0,0,0,0,1,0,1,1,1,50.6,1073.3,0,2854,46.665217391304346,0.017729502452697967,3,1,1,0,0,1,1,1,0,0,1,0,0,0,0,1,0,1,0,0,0,0,1,0
0,0,0,0,72,0,0,1,1,1,1,1,1,1,65.6,4566.5,0,4369,62.554794520547944,0.015014877546349278,6,0,0,0,0,0,0,1,0,0,0,0,1,1,0,0,0,0,0,1,0,0,0,1
0,0,1,1,33,1,0,0,1,1,1,1,1,0,82.1,2603.1,0,2281,76.56176470588235,0.03599298553266111,6,0,0,0,0,0,1,1,0,0,0,0,1,0,1,0,0,0,1,0,0,0,1,0
0,0,0,0,23,1,0,0,1,0,1,0,0,1,79.1,1783.75,0,3619,74.32291666666667,0.0218568665377176,3,1,0,1,0,0,1,0,1,0,1,0,0,0,0,0,1,1,0,0,0,0,0,1
0,0,0,0,69,1,1,1,1,1,1,1,1,0,90.65,6322.1,0,6487,90.3157142857143,0.013974102050254355,8,0,0,0,0,0,0,1,0,0,0,0,1,0,0,0,1,0,0,1,0,1,0,0
0,0,0,1,3,1,0,0,0,0,0,0,0,1,20.55,57.4,0,2774,14.35,0.007408074981975487,1,0,0,0,0,1,1,0,0,1,0,1,0,0,1,0,0,0,0,0,1,0,1,0
0,0,0,0,56,1,0,0,1,0,1,1,1,1,75.75,4284.65,0,6487,75.16929824561403,0.011677200554956066,5,0,0,0,0,0,1,1,0,0,0,1,0,1,0,0,0,0,0,1,0,1,0,0
0,0,0,0,65,1,1,1,0,1,1,1,1,1,110.0,7138.65,0,6351,108.16136363636363,0.017320107069752795,7,0,0,1,0,0,0,0,1,0,0,1,0,0,1,0,0,0,0,1,0,1,0,0
0,0,1,0,71,1,0,0,0,0,0,0,0,0,20.85,1539.75,0,4837,21.385416666666668,0.004310523051478189,1,0,1,0,0,1,1,0,0,1,0,1,0,0,0,1,0,0,0,1,0,0,0,1
0,1,0,0,14,1,1,0,0,1,0,0,0,1,80.35,1058.1,0,3276,70.53999999999999,0.024526862026862026,3,1,0,1,1,1,1,0,1,0,1,0,0,1,0,0,0,1,0,0,0,0,1,0
0,0,0,0,2,1,0,0,0,0,0,0,0,1,70.15,123.8,0,4840,41.266666666666666,0.014493801652892564,1,1,1,1,0,1,1,0,1,0,1,0,0,0,0,1,0,0,0,0,1,0,0,1
0,0,0,0,40,1,0,1,0,1,0,0,1,0,67.45,2731.0,0,4714,66.60975609756098,0.014308442935935512,4,1,1,0,0,1,0,1,0,0,1,0,0,0,0,1,0,0,1,0,0,0,0,1
0,0,0,0,1,1,0,0,0,0,0,0,0,0,20.75,20.75,0,2791,10.375,0.007434611250447868,1,1,0,0,0,1,1,0,0,1,1,0,0,0,1,0,0,0,0,0,1,0,1,0
0,0,0,0,7,1,0,0,0,0,0,0,0,1,69.9,497.3,0,4562,62.1625,0.015322227093380098,1,1,0,1,0,1,1,0,1,0,1,0,0,0,0,0,1,0,0,0,1,0,0,1
0,0,1,0,15,1,1,0,0,0,0,0,0,1,51.1,711.15,0,4858,44.446875,0.010518731988472623,2,1,1,0,0,1,1,1,0,0,1,0,0,0,0,1,0,1,0,0,0,0,0,1
0,0,0,0,71,1,1,0,0,0,0,0,0,0,25.55,1898.1,0,6305,26.362499999999997,0.004052339413164156,2,0,0,0,0,1,1,0,0,1,0,0,1,1,0,0,0,0,0,1,0,1,0,0
0,0,1,1,54,1,1,1,0,0,1,0,0,0,60.0,3273.95,0,4798,59.526363636363634,0.012505210504376824,4,0,0,0,0,0,0,1,0,0,0,0,1,1,0,0,0,0,0,1,0,0,0,1
0,0,1,0,31,1,1,1,1,0,1,0,0,1,90.55,2929.75,0,5722,91.5546875,0.01582488640335547,5,1,0,1,0,0,0,0,1,0,1,0,0,0,1,0,0,0,1,0,0,1,0,0
0,0,0,0,11,1,0,1,0,0,0,0,0,0,76.4,838.7,0,4033,69.89166666666667,0.018943714356558394,2,1,1,1,0,1,0,0,1,0,1,0,0,0,0,1,0,0,0,0,1,0,0,1
0,1,0,0,18,1,0,0,0,1,0,0,1,1,84.95,1443.65,0,3878,75.98157894736842,0.021905621454357916,3,1,1,1,1,1,1,0,1,0,1,0,0,0,0,1,0,1,0,0,0,0,0,1
0,1,0,0,72,1,1,1,1,0,1,1,1,1,110.1,7746.7,0,5232,106.11917808219178,0.021043577981651376,7,0,0,1,1,0,0,0,1,0,0,0,1,1,0,0,0,0,0,1,0,0,0,1
0,1,0,0,71,1,1,0,1,0,0,1,1,1,99.65,6951.15,0,4241,96.54374999999999,0.02349681678849328,5,1,0,1,1,1,1,0,1,0,1,0,0,0,1,0,0,0,0,1,0,0,0,1
0,1,0,0,5,0,0,0,0,1,1,1,0,0,45.4,214.75,0,2599,35.791666666666664,0.017468257021931513,3,1,0,0,1,0,1,1,0,0,1,0,0,0,1,0,0,0,0,0,1,0,1,0
0,0,1,0,38,1,1,0,0,1,1,0,1,0,69.0,2669.45,0,4487,68.4474358974359,0.015377757967461556,5,0,0,0,0,0,1,1,0,0,0,1,0,0,1,0,0,0,1,0,0,0,0,1
0,0,0,1,5,1,0,0,0,0,1,0,0,1,48.65,235.2,0,3307,39.199999999999996,0.014711218627154521,2,1,0,0,0,0,1,1,0,0,1,0,0,1,0,0,0,0,0,0,1,0,1,0
0,1,0,0,52,1,1,1,0,1,0,0,0,0,59.85,3103.25,0,5085,58.551886792452834,0.011769911504424779,4,0,0,0,1,1,0,1,0,0,0,0,1,1,0,0,0,0,0,1,0,0,0,1
0,0,0,0,68,1,1,0,1,1,0,1,1,1,80.65,5330.2,0,5914,77.24927536231884,0.013637132228610079,6,0,1,0,0,1,1,1,0,0,0,0,1,0,0,1,0,0,0,1,0,1,0,0
0,0,1,1,69,1,0,0,0,0,0,0,0,1,20.55,1403.1,0,5366,20.044285714285714,0.0038296682817741336,1,0,0,0,0,1,1,0,0,1,0,1,0,0,1,0,0,0,0,1,0,0,0,1
0,0,1,0,42,1,1,1,1,0,1,0,0,1,66.4,2727.8,0,3773,63.437209302325584,0.01759872780280944,5,1,0,0,0,0,0,1,0,0,1,0,0,0,1,0,0,0,1,0,0,0,0,1
0,0,0,0,50,1,0,0,1,0,1,1,1,1,100.2,5038.45,0,5419,98.79313725490196,0.0184904964015501,5,0,0,1,0,0,1,0,1,0,0,0,1,0,0,0,1,0,0,1,0,1,0,0
0,0,1,0,33,1,0,0,0,0,0,0,0,1,44.55,1462.6,0,2422,43.01764705882353,0.01839388934764657,1,1,0,0,0,1,1,1,0,0,1,0,0,0,1,0,0,0,1,0,0,0,1,0
0,0,0,0,7,1,0,0,0,0,0,0,0,0,20.35,150.6,0,3098,18.825,0.006568754034861201,1,1,0,0,0,1,1,0,0,1,1,0,0,0,0,0,1,0,0,0,1,0,1,0
0,0,1,1,64,1,1,1,1,1,0,0,0,1,91.8,5960.5,0,5371,91.7,0.01709178923850307,5,1,1,1,0,1,0,0,1,0,1,0,0,0,0,1,0,0,0,1,0,0,0,1
0,0,0,0,59,1,0,0,0,0,0,0,0,1,20.2,1192.3,0,5216,19.871666666666666,0.0038726993865030672,1,0,0,0,0,1,1,0,0,1,0,0,1,1,0,0,0,0,0,1,0,0,0,1
0,0,1,0,6,1,1,0,0,0,0,0,0,0,50.35,314.55,0,3442,44.93571428571429,0.014628123184195235,2,1,1,0,0,1,1,1,0,0,1,0,0,0,0,1,0,0,0,0,1,0,1,0
0,0,0,0,3,1,0,0,0,0,0,0,0,0,18.8,56.0,0,3010,14.0,0.006245847176079735,1,1,0,0,0,1,1,0,0,1,1,0,0,0,0,0,1,0,0,0,1,0,1,0
0,0,1,0,15,1,0,0,0,0,0,0,0,0,20.45,330.8,0,5184,20.675,0.00394483024691358,1,1,0,0,0,1,1,0,0,1,1,0,0,0,1,0,0,1,0,0,0,0,0,1
0,0,1,1,13,1,0,0,0,0,0,1,1,1,64.75,877.35,0,4741,62.667857142857144,0.013657456232862266,3,0,1,0,0,1,1,1,0,0,0,1,0,0,0,1,0,1,0,0,0,0,0,1
0,0,0,0,23,1,1,0,1,0,0,1,1,1,98.7,2249.1,0,5781,93.71249999999999,0.01707317073170732,5,1,0,1,0,1,1,0,1,0,1,0,0,0,1,0,0,1,0,0,0,1,0,0
0,1,1,0,31,1,1,1,0,0,0,1,0,0,89.45,2807.65,0,5597,87.7390625,0.015981775951402537,4,1,1,1,1,1,0,0,1,0,1,0,0,0,0,1,0,0,1,0,0,1,0,0
0,0,0,0,29,1,0,1,1,0,1,0,0,1,58.75,1696.2,0,5198,56.54,0.01130242400923432,4,0,1,0,0,0,0,1,0,0,0,1,0,0,0,1,0,0,1,0,0,0,0,1
0,0,1,0,49,1,0,0,0,0,0,0,0,0,20.7,1032.05,0,4074,20.641,0.00508100147275405,1,0,0,0,0,1,1,0,0,1,0,1,0,0,1,0,0,0,0,1,0,0,0,1
0,0,1,0,56,1,1,0,0,0,0,1,0,1,85.6,4902.8,0,6483,86.01403508771931,0.013203763689649853,3,1,0,1,0,1,1,0,1,0,1,0,0,1,0,0,0,0,0,1,0,1,0,0
0,0,0,0,63,1,1,1,1,1,1,0,1,1,80.3,4995.35,0,5554,78.05234375,0.014458048253510982,7,0,0,0,0,0,0,1,0,0,0,0,1,0,1,0,0,0,0,1,0,1,0,0
0,0,1,0,63,1,1,0,0,1,1,1,1,0,79.8,5034.05,0,4073,78.65703125,0.0195924380063835,6,0,0,0,0,0,1,1,0,0,0,0,1,0,1,0,0,0,0,1,0,0,0,1
0,1,1,1,24,1,1,1,0,0,0,0,0,1,79.85,1857.75,0,3412,74.31,0.023402696365767875,3,1,1,1,1,1,0,0,1,0,1,0,0,0,0,1,0,1,0,0,0,0,1,0
0,1,1,0,36,1,0,0,0,1,1,0,0,0,54.1,1992.85,0,4017,53.86081081081081,0.013467762011451332,3,0,0,0,1,0,1,1,0,0,0,1,0,0,1,0,0,0,1,0,0,0,0,1
0,0,1,0,21,1,0,1,0,1,1,1,1,0,80.9,1714.95,0,5733,77.95227272727273,0.01411128553985697,6,0,0,0,0,0,0,1,0,0,0,1,0,0,0,0,1,1,0,0,0,1,0,0
0,0,1,1,13,1,1,0,0,0,0,0,0,0,24.5,343.6,0,5077,24.542857142857144,0.004825684459326374,2,0,0,0,0,1,1,0,0,1,0,1,0,1,0,0,0,1,0,0,0,0,0,1
0,0,1,1,1,1,0,0,0,0,0,0,0,1,20.15,20.15,0,3960,10.075,0.005088383838383838,1,1,0,0,0,1,1,0,0,1,1,0,0,1,0,0,0,0,0,0,1,0,0,1
0,0,1,1,25,1,0,0,0,0,0,0,0,0,20.05,520.1,0,2010,20.003846153846155,0.009975124378109454,1,0,0,0,0,1,1,0,0,1,0,1,0,0,0,0,1,0,1,0,0,0,1,0
0,0,1,1,71,1,0,0,0,0,0,0,0,1,19.6,1387.45,0,6444,19.27013888888889,0.0030415890751086284,1,0,0,0,0,1,1,0,0,1,0,0,1,1,0,0,0,0,0,1,0,1,0,0
0,0,0,0,66,1,1,1,1,1,1,1,1,1,114.3,7383.7,0,5303,110.20447761194029,0.021553837450499717,8,0,0,1,0,0,0,0,1,0,0,1,0,1,0,0,0,0,0,1,0,0,0,1
0,0,0,0,45,1,0,1,1,0,0,1,1,1,100.3,4483.95,0,4868,97.47717391304347,0.02060394412489729,5,0,1,1,0,1,0,0,1,0,0,1,0,0,0,1,0,0,1,0,0,0,0,1
0,0,1,0,22,1,0,0,0,0,0,1,0,1,80.0,1706.45,0,2640,74.19347826086957,0.030303030303030304,2,1,0,1,0,1,1,0,1,0,1,0,0,0,1,0,0,1,0,0,0,0,1,0
0,0,1,0,67,1,0,0,0,0,0,0,0,1,20.85,1327.4,0,5972,19.52058823529412,0.0034912926992632285,1,0,0,0,0,1,1,0,0,1,0,1,0,1,0,0,0,0,0,1,0,1,0,0
0,0,1,0,68,1,1,0,0,1,0,1,0,1,89.95,5974.3,0,5672,86.5840579710145,0.015858603667136813,4,0,0,1,0,1,1,0,1,0,0,0,1,1,0,0,0,0,0,1,0,1,0,0
0,0,1,1,0,1,0,0,0,0,0,0,0,0,20.0,0.0,0,3763,0.0,0.005314908317831517,1,0,0,0,0,1,1,0,0,1,0,0,1,0,0,0,1,0,0,0,1,0,0,1
0,1,0,0,4,1,1,0,0,0,0,0,0,0,48.75,179.85,0,3048,35.97,0.015994094488188976,2,1,0,0,1,1,1,1,0,0,1,0,0,0,0,0,1,0,0,0,1,0,1,0
0,0,1,0,63,1,1,1,1,1,1,0,1,0,80.0,5040.2,0,5540,78.753125,0.01444043321299639,7,0,0,0,0,0,0,1,0,0,0,1,0,0,1,0,0,0,0,1,0,1,0,0
0,0,0,0,21,1,0,0,0,0,0,0,0,1,20.35,422.7,0,3721,19.213636363636365,0.0054689599570008065,1,0,0,0,0,1,1,0,0,1,0,1,0,0,0,0,1,1,0,0,0,0,0,1
0,0,0,1,1,1,0,0,0,0,0,0,0,1,20.25,20.25,0,2448,10.125,0.008272058823529412,1,1,0,0,0,1,1,0,0,1,1,0,0,0,0,0,1,0,0,0,1,0,1,0
0,0,0,0,17,1,0,0,0,0,0,0,0,0,19.4,358.05,0,3561,19.891666666666666,0.005447907891041842,1,0,0,0,0,1,1,0,0,1,0,0,1,0,0,0,1,1,0,0,0,0,0,1
0,0,0,0,30,1,1,1,0,0,0,1,1,1,100.4,2936.25,0,3778,94.71774193548387,0.026574907358390683,5,1,0,1,0,1,0,0,1,0,1,0,0,1,0,0,0,0,1,0,0,0,0,1
0,0,1,1,22,1,0,1,1,0,1,0,0,1,57.95,1271.8,0,5036,55.29565217391304,0.011507148530579827,4,1,0,0,0,0,0,1,0,0,1,0,0,0,0,0,1,1,0,0,0,0,0,1
0,0,0,0,9,1,0,0,0,0,1,1,0,1,59.5,530.05,0,4011,53.004999999999995,0.014834205933682374,3,1,0,0,0,0,1,1,0,0,1,0,0,1,0,0,0,0,0,0,1,0,0,1
0,0,1,1,1,1,0,0,0,0,0,0,0,0,19.2,19.2,0,3007,9.6,0.006385101429996674,1,1,0,0,0,1,1,0,0,1,1,0,0,0,0,0,1,0,0,0,1,0,1,0
0,0,0,0,19,1,1,0,0,1,1,0,0,0,59.55,1144.6,0,3949,57.23,0.015079767029627753,4,1,1,0,0,0,1,1,0,0,1,0,0,0,0,1,0,1,0,0,0,0,0,1
0,0,1,0,72,1,1,1,1,1,1,1,0,1,103.95,7556.9,0,5096,103.51917808219177,0.02039835164835165,7,0,0,1,0,0,0,0,1,0,0,0,1,1,0,0,0,0,0,1,0,0,0,1
0,0,1,1,70,1,1,1,0,1,0,1,0,0,68.95,4858.7,0,4858,68.43239436619719,0.014193083573487033,5,0,0,0,0,1,0,1,0,0,0,0,1,0,1,0,0,0,0,1,0,0,0,1
0,0,0,0,66,1,1,1,1,1,1,0,1,1,103.1,6595.0,0,6183,98.43283582089552,0.01667475335597606,7,1,0,1,0,0,0,0,1,0,1,0,0,1,0,0,0,0,0,1,0,1,0,0
0,0,1,1,7,0,0,0,0,0,0,0,0,1,24.7,149.05,0,3872,18.63125,0.006379132231404959,0,1,1,0,0,1,1,1,0,0,1,0,0,0,0,1,0,0,0,0,1,0,0,1
0,1,1,1,46,1,1,1,1,0,1,1,1,1,110.2,4972.1,0,4162,105.78936170212766,0.0264776549735704,7,1,1,1,1,0,0,0,1,0,1,0,0,0,0,1,0,0,1,0,0,0,0,1
0,0,1,1,32,1,1,0,1,1,0,0,0,0,62.45,2045.55,0,5442,61.986363636363635,0.01147556045571481,4,1,0,0,0,1,1,1,0,0,1,0,0,1,0,0,0,0,1,0,0,1,0,0
0,0,0,0,24,1,0,0,1,1,0,0,1,1,89.55,2187.15,0,2007,87.486,0.044618834080717484,4,1,1,1,0,1,1,0,1,0,1,0,0,0,0,1,0,1,0,0,0,0,1,0
0,0,0,0,37,1,1,1,1,1,1,1,0,1,78.9,2976.95,0,3801,78.34078947368421,0.020757695343330704,7,1,0,0,0,0,0,1,0,0,1,0,0,0,1,0,0,0,1,0,0,0,0,1
0,0,0,1,8,1,0,0,0,0,0,0,0,0,20.35,178.7,0,4577,19.855555555555554,0.00444614376228971,1,1,0,0,0,1,1,0,0,1,1,0,0,0,0,0,1,0,0,0,1,0,0,1
0,0,1,1,72,1,1,1,0,1,0,1,0,1,71.45,5025.85,0,5656,68.84726027397261,0.012632602545968883,5,0,0,0,0,1,0,1,0,0,0,0,1,1,0,0,0,0,0,1,0,1,0,0
0,1,1,0,71,0,0,1,1,1,1,0,0,0,46.35,3353.4,0,5421,46.575,0.008550083010514666,4,0,0,0,1,0,0,1,0,0,0,0,1,0,1,0,0,0,0,1,0,1,0,0
0,0,1,0,16,1,0,0,1,0,0,1,1,1,94.65,1461.15,0,3050,85.95,0.031032786885245904,4,1,0,1,0,1,1,0,1,0,1,0,0,1,0,0,0,1,0,0,0,0,1,0
0,0,1,0,57,0,0,1,0,1,1,0,1,1,49.9,2782.4,0,5866,47.97241379310345,0.008506648482782134,4,1,0,0,0,0,0,1,0,0,1,0,0,1,0,0,0,0,0,1,0,1,0,0
0,0,0,0,66,1,1,0,0,0,0,0,0,0,25.45,1699.15,0,4163,25.36044776119403,0.006113379774201297,2,0,0,0,0,1,1,0,0,1,0,1,0,1,0,0,0,0,0,1,0,0,0,1
0,0,0,1,21,1,0,0,0,0,0,0,0,0,20.75,452.2,0,2143,20.554545454545455,0.009682687820811945,1,1,0,0,0,1,1,0,0,1,1,0,0,0,0,0,1,1,0,0,0,0,1,0
0,0,1,0,66,1,1,1,1,1,0,0,0,1,66.1,4428.45,0,5933,66.09626865671642,0.01114107534131131,5,0,0,0,0,1,0,1,0,0,0,0,1,0,1,0,0,0,0,1,0,1,0,0
0,0,1,0,17,1,1,0,1,0,0,1,1,1,75.4,1322.55,0,4852,73.475,0.015539983511953835,5,1,0,0,0,1,1,1,0,0,1,0,0,1,0,0,0,1,0,0,0,0,0,1
0,0,1,1,8,1,0,0,0,0,0,0,0,0,21.05,139.75,0,2158,15.527777777777779,0.009754402224281743,1,1,0,0,0,1,1,0,0,1,1,0,0,0,1,0,0,0,0,0,1,0,1,0
0,0,0,0,27,1,0,1,0,1,1,1,0,0,69.35,1927.3,0,2450,68.83214285714286,0.02830612244897959,5,0,0,0,0,0,0,1,0,0,0,1,0,0,1,0,0,0,1,0,0,0,1,0
0,0,1,0,34,1,1,0,1,0,0,0,1,0,88.85,3000.25,0,4014,85.72142857142858,0.022135027404085697,4,1,0,1,0,1,1,0,1,0,1,0,0,0,0,0,1,0,1,0,0,0,0,1
0,0,0,0,30,1,0,0,1,0,0,1,1,1,97.0,3021.3,0,4126,97.46129032258065,0.02350945225399903,4,0,0,1,0,1,1,0,1,0,0,1,0,1,0,0,0,0,1,0,0,0,0,1
0,0,0,0,33,1,0,0,1,1,0,1,0,1,66.4,2245.4,0,3843,66.04117647058824,0.01727816809784023,4,1,0,0,0,1,1,1,0,0,1,0,0,0,1,0,0,0,1,0,0,0,0,1
0,0,1,1,14,1,1,1,1,0,0,0,1,0,69.2,944.65,0,2871,62.97666666666667,0.02410309996516893,5,1,0,0,0,1,0,1,0,0,1,0,0,0,0,0,1,1,0,0,0,0,1,0
0,0,0,1,16,1,1,0,0,0,1,0,0,1,79.5,1264.2,0,5040,74.36470588235295,0.015773809523809523,3,0,0,1,0,0,1,0,1,0,0,1,0,0,1,0,0,1,0,0,0,0,0,1
0,0,0,0,49,1,0,0,0,1,1,1,1,0,100.65,4917.75,0,5499,98.355,0.018303327877795966,5,0,0,1,0,0,1,0,1,0,0,0,1,0,1,0,0,0,0,1,0,1,0,0
0,0,1,1,70,1,1,1,1,1,1,1,0,0,79.7,5743.3,0,4848,80.89154929577465,0.01643976897689769,7,0,0,0,0,0,0,1,0,0,0,0,1,1,0,0,0,0,0,1,0,0,0,1
0,0,1,1,32,1,0,1,1,0,1,0,0,0,61.4,1864.65,0,2649,56.50454545454546,0.023178557946394864,4,1,0,0,0,0,0,1,0,0,1,0,0,1,0,0,0,0,1,0,0,0,1,0
0,0,0,0,18,1,0,0,0,0,0,0,0,1,69.8,1221.65,0,2421,64.29736842105264,0.02883106154481619,1,1,1,1,0,1,1,0,1,0,1,0,0,0,0,1,0,1,0,0,0,0,1,0
0,0,0,0,37,0,0,1,1,0,1,0,0,1,40.55,1390.85,0,4050,36.60131578947368,0.010012345679012345,3,0,0,0,0,0,0,1,0,0,0,0,1,0,0,0,1,0,1,0,0,0,0,1
0,0,0,0,4,1,1,0,0,0,0,0,0,1,75.65,302.35,0,5396,60.470000000000006,0.014019644180874723,2,1,1,1,0,1,1,0,1,0,1,0,0,0,0,1,0,0,0,0,1,1,0,0
0,0,1,0,16,1,1,1,1,1,0,0,0,0,90.7,1374.9,0,4839,80.87647058823529,0.018743542054143417,5,1,1,1,0,1,0,0,1,0,1,0,0,0,0,1,0,1,0,0,0,0,0,1
0,0,1,0,17,1,1,0,1,0,0,0,0,1,80.5,1336.9,0,3591,74.27222222222223,0.022417153996101363,3,1,0,1,0,1,1,0,1,0,1,0,0,1,0,0,0,1,0,0,0,0,0,1
0,0,0,1,19,1,0,1,1,1,0,0,0,1,60.6,1297.8,0,2463,64.89,0.024604141291108404,4,1,1,0,0,1,0,1,0,0,1,0,0,0,0,1,0,1,0,0,0,0,1,0
0,0,1,0,60,1,1,0,0,1,0,1,1,0,101.15,6067.4,0,5301,99.4655737704918,0.019081305414072817,5,0,0,1,0,1,1,0,1,0,0,0,1,0,1,0,0,0,0,1,0,0,0,1
0,0,1,1,51,1,1,0,0,0,0,0,0,1,24.95,1222.25,0,5461,23.504807692307693,0.004568760300311298,2,0,0,0,0,1,1,0,0,1,0,0,1,0,0,0,1,0,0,1,0,1,0,0
0,0,1,1,28,1,0,0,0,0,0,0,0,1,20.3,487.95,0,2948,16.825862068965517,0.006886024423337856,1,0,0,0,0,1,1,0,0,1,0,0,1,0,1,0,0,0,1,0,0,0,1,0
0,0,0,0,43,1,0,0,1,0,0,0,1,1,60.0,2548.55,0,4614,57.92159090909092,0.013003901170351105,3,0,1,0,0,1,1,1,0,0,0,0,1,0,0,1,0,0,1,0,0,0,0,1
0,0,1,0,42,1,0,0,0,0,0,0,0,0,20.25,835.5,0,5940,19.430232558139537,0.003409090909090909,1,0,1,0,0,1,1,0,0,1,0,0,1,0,0,1,0,0,1,0,0,1,0,0
0,0,0,0,1,1,0,0,0,0,0,0,0,0,44.75,44.75,0,4118,22.375,0.010866925692083536,1,1,0,0,0,1,1,1,0,0,1,0,0,0,0,0,1,0,0,0,1,0,0,1
0,0,0,0,63,1,1,1,1,1,0,1,0,0,98.0,6218.45,0,5989,97.16328125,0.01636333277675739,6,0,0,1,0,1,0,0,1,0,0,0,1,0,1,0,0,0,0,1,0,1,0,0
0,0,1,0,68,1,1,1,1,0,1,1,1,1,107.7,7320.9,0,5015,106.1,0.021475573280159522,7,1,1,1,0,0,0,0,1,0,1,0,0,0,0,1,0,0,0,1,0,0,0,1
0,0,0,0,60,1,1,0,1,1,0,1,1,0,104.7,6333.8,0,6186,103.83278688524591,0.016925315227934046,6,0,1,1,0,1,1,0,1,0,0,0,1,0,0,1,0,0,0,1,0,1,0,0
0,1,0,0,45,1,1,0,0,0,0,1,1,1,93.9,4200.25,0,3960,91.30978260869566,0.023712121212121212,4,1,0,1,1,1,1,0,1,0,1,0,0,1,0,0,0,0,1,0,0,0,0,1
0,0,1,0,70,1,0,1,1,1,1,1,1,0,86.45,5950.2,0,5950,83.8056338028169,0.014529411764705883,7,0,0,0,0,0,0,1,0,0,0,0,1,0,1,0,0,0,0,1,0,1,0,0
0,0,0,0,4,1,0,0,0,0,0,0,0,0,19.4,93.4,0,4402,18.68,0.004407087687414811,1,1,0,0,0,1,1,0,0,1,1,0,0,0,0,0,1,0,0,0,1,0,0,1
0,0,1,0,68,1,1,0,0,0,0,0,0,1,24.95,1614.9,0,6146,23.40434782608696,0.004059550927432477,2,0,0,0,0,1,1,0,0,1,0,0,1,0,1,0,0,0,0,1,0,1,0,0
0,0,1,1,22,1,0,1,0,0,0,0,0,0,75.0,1573.95,0,4040,68.43260869565218,0.018564356435643563,2,1,0,1,0,1,0,0,1,0,1,0,0,1,0,0,0,1,0,0,0,0,0,1
0,0,1,0,18,1,0,0,0,1,1,0,0,0,78.2,1468.75,0,2831,77.30263157894737,0.027622748145531614,3,1,1,1,0,0,1,0,1,0,1,0,0,0,0,1,0,1,0,0,0,0,1,0
0,0,0,0,29,1,0,0,0,0,1,1,1,1,94.2,2607.6,0,4561,86.92,0.02065336549002412,4,1,1,1,0,0,1,0,1,0,1,0,0,0,0,1,0,0,1,0,0,0,0,1
0,0,0,0,31,0,0,0,0,1,0,1,1,1,50.05,1523.4,0,4529,47.60625,0.011051004636785162,3,0,1,0,0,1,1,1,0,0,0,1,0,0,0,1,0,0,1,0,0,0,0,1
0,0,1,0,48,1,1,0,0,1,1,0,1,1,69.55,3435.6,0,2478,70.11428571428571,0.02806698950766747,5,0,0,0,0,0,1,1,0,0,0,1,0,0,0,0,1,0,1,0,0,0,1,0
0,0,0,0,50,1,0,1,1,1,1,0,0,1,90.1,4549.45,0,6435,89.20490196078431,0.014001554001554001,5,0,0,1,0,0,0,0,1,0,0,1,0,0,1,0,0,0,0,1,0,1,0,0
0,0,0,0,7,1,0,0,0,0,0,0,0,1,44.65,322.5,0,4300,40.3125,0.010383720930232558,1,1,0,0,0,1,1,1,0,0,1,0,0,1,0,0,0,0,0,0,1,0,0,1
0,0,1,1,68,1,0,1,0,1,0,0,0,0,80.35,5375.15,0,5954,77.90072463768115,0.013495129324823647,3,0,0,1,0,1,0,0,1,0,0,0,1,0,1,0,0,0,0,1,0,1,0,0
0,1,1,0,26,1,1,0,0,1,0,1,1,1,98.1,2510.7,0,3114,92.98888888888888,0.0315028901734104,5,1,0,1,1,1,1,0,1,0,1,0,0,1,0,0,0,0,1,0,0,0,1,0
0,0,0,0,57,0,0,0,0,1,1,1,1,0,53.35,3090.05,0,5461,53.27672413793104,0.009769273026918147,4,0,0,0,0,0,1,1,0,0,0,0,1,0,1,0,0,0,0,1,0,1,0,0
0,0,0,0,3,1,0,0,0,0,0,0,0,0,19.55,61.05,0,3889,15.2625,0.005026999228593469,1,1,1,0,0,1,1,0,0,1,1,0,0,0,0,1,0,0,0,0,1,0,0,1
0,0,1,1,19,1,0,1,0,0,0,0,0,1,48.95,955.6,0,2394,47.78,0.020446950710108606,2,0,0,0,0,1,0,1,0,0,0,1,0,1,0,0,0,1,0,0,0,0,1,0
0,0,0,0,3,1,0,0,0,0,0,1,0,1,54.2,140.4,0,3167,35.1,0.017113988001263025,2,1,1,0,0,1,1,1,0,0,1,0,0,0,0,1,0,0,0,0,1,0,1,0
0,0,0,0,59,1,1,0,0,0,0,0,0,0,24.45,1493.1,0,6196,24.884999999999998,0.00394609425435765,2,0,1,0,0,1,1,0,0,1,0,0,1,0,0,1,0,0,0,1,0,1,0,0
0,0,1,0,42,0,0,1,0,0,0,1,0,1,40.15,1626.05,0,4348,37.81511627906977,0.009234130634774608,2,1,0,0,0,1,0,1,0,0,1,0,0,1,0,0,0,0,1,0,0,0,0,1
0,0,1,0,67,1,1,0,0,0,0,0,0,0,25.6,1784.9,0,4879,26.248529411764707,0.005246976839516295,2,0,0,0,0,1,1,0,0,1,0,0,1,0,1,0,0,0,0,1,0,0,0,1
0,0,0,0,1,1,0,0,0,0,0,0,0,1,70.35,70.35,0,2722,35.175,0.02584496693607641,1,1,1,1,0,1,1,0,1,0,1,0,0,0,0,1,0,0,0,0,1,0,1,0
0,0,1,0,66,1,1,1,1,1,1,1,1,0,91.7,6075.9,0,5453,90.68507462686567,0.016816431322207958,8,0,0,0,0,0,0,1,0,0,0,0,1,1,0,0,0,0,0,1,0,1,0,0
0,0,0,0,61,1,1,0,0,1,0,0,1,0,89.2,5500.6,0,5536,88.71935483870968,0.01611271676300578,4,1,0,1,0,1,1,0,1,0,1,0,0,0,0,0,1,0,0,1,0,1,0,0
0,0,1,1,4,1,1,0,0,0,0,0,0,0,24.1,73.1,0,4463,14.62,0.0053999551870938835,2,0,0,0,0,1,1,0,0,1,0,1,0,0,1,0,0,0,0,0,1,0,0,1
0,0,1,1,64,1,1,0,1,0,0,0,0,1,53.85,3399.85,0,4954,52.30538461538461,0.010870004037141704,3,0,0,0,0,1,1,1,0,0,0,1,0,1,0,0,0,0,0,1,0,0,0,1
0,1,1,0,54,1,1,1,1,1,1,1,1,1,115.6,6431.05,0,4337,116.92818181818183,0.02665436937975559,8,0,0,1,1,0,0,0,1,0,0,1,0,1,0,0,0,0,0,1,0,0,0,1
0,0,0,0,1,1,0,0,0,0,0,0,0,1,19.75,19.75,0,5809,9.875,0.0033998967119986227,1,1,0,0,0,1,1,0,0,1,1,0,0,0,1,0,0,0,0,0,1,1,0,0
0,0,1,1,54,1,1,0,0,0,0,0,0,1,24.05,1230.9,0,4039,22.380000000000003,0.005954444169348849,2,0,0,0,0,1,1,0,0,1,0,0,1,1,0,0,0,0,0,1,0,0,0,1
0,0,0,1,18,1,1,0,0,0,0,0,0,0,25.3,454.65,0,3416,23.928947368421053,0.00740632318501171,2,0,0,0,0,1,1,0,0,1,0,0,1,0,1,0,0,1,0,0,0,0,1,0
0,0,0,0,3,1,0,0,1,0,0,0,1,0,84.3,235.05,0,5828,58.7625,0.0144646533973919,3,1,1,1,0,1,1,0,1,0,1,0,0,0,0,1,0,0,0,0,1,1,0,0
0,0,1,1,72,1,1,1,1,1,1,1,1,0,89.75,6595.9,0,5096,90.35479452054794,0.017611852433281006,8,0,0,0,0,0,0,1,0,0,0,0,1,0,1,0,0,0,0,1,0,0,0,1
0,1,1,0,60,1,0,0,1,1,0,1,1,1,97.95,5867.0,0,6150,96.18032786885246,0.015926829268292683,5,0,1,1,1,1,1,0,1,0,0,1,0,0,0,1,0,0,0,1,0,1,0,0
0,0,1,1,11,1,0,0,0,0,0,0,0,1,20.0,196.35,0,5837,16.3625,0.0034264176803152305,1,0,0,0,0,1,1,0,0,1,0,1,0,0,0,0,1,0,0,0,1,1,0,0
0,0,1,1,61,1,0,0,1,1,1,1,1,0,103.9,6449.15,0,4079,104.01854838709677,0.025471929394459428,6,0,0,1,0,0,1,0,1,0,0,1,0,0,1,0,0,0,0,1,0,0,0,1
0,0,0,0,39,1,0,0,0,0,0,0,0,0,20.7,762.45,0,3733,19.06125,0.005545137958746316,1,0,0,0,0,1,1,0,0,1,0,0,1,0,1,0,0,0,1,0,0,0,0,1
0,0,0,0,37,1,0,0,0,0,0,0,0,0,20.15,785.75,0,4422,20.67763157894737,0.004556761646313885,1,0,0,0,0,1,1,0,0,1,0,1,0,0,1,0,0,0,1,0,0,0,0,1
0,0,1,0,72,1,1,0,0,0,0,0,0,1,26.0,1776.0,0,5374,24.328767123287673,0.004838109415705247,2,0,0,0,0,1,1,0,0,1,0,0,1,0,0,0,1,0,0,1,0,0,0,1
0,1,1,0,72,1,1,0,1,1,1,1,0,0,77.35,5396.25,0,6202,73.92123287671232,0.01247178329571106,6,0,0,0,1,0,1,1,0,0,0,0,1,0,1,0,0,0,0,1,0,1,0,0
0,0,0,0,8,1,0,1,0,0,1,0,1,0,66.05,574.5,0,4157,63.833333333333336,0.01588886216021169,4,1,0,0,0,0,0,1,0,0,1,0,0,1,0,0,0,0,0,0,1,0,0,1
0,0,1,1,22,1,0,0,0,0,0,0,0,0,19.9,400.3,0,5657,17.40434782608696,0.0035177656001414174,1,1,0,0,0,1,1,0,0,1,1,0,0,0,0,0,1,1,0,0,0,1,0,0
0,0,0,0,38,1,1,0,1,0,1,0,1,0,68.15,2656.3,0,3371,68.11025641025641,0.020216552951646396,5,1,0,0,0,0,1,1,0,0,1,0,0,0,1,0,0,0,1,0,0,0,1,0
0,0,0,1,17,1,0,0,1,1,1,1,1,0,80.85,1445.95,0,3913,80.33055555555556,0.02066189624329159,6,0,1,0,0,0,1,1,0,0,0,1,0,0,0,1,0,1,0,0,0,0,0,1
0,1,0,0,70,1,1,0,1,1,1,1,0,1,75.5,5212.65,0,6024,73.41760563380281,0.012533200531208499,6,0,0,0,1,0,1,1,0,0,0,0,1,1,0,0,0,0,0,1,0,1,0,0
0,0,0,0,28,1,0,0,0,0,0,0,1,1,80.6,2244.95,0,2951,77.41206896551724,0.027312775330396475,2,1,1,1,0,1,1,0,1,0,1,0,0,0,0,1,0,0,1,0,0,0,1,0
0,0,0,0,15,1,0,0,1,0,0,1,0,1,83.2,1130.0,0,4096,70.625,0.0203125,3,1,0,1,0,1,1,0,1,0,1,0,0,1,0,0,0,1,0,0,0,0,0,1
0,0,1,1,72,1,1,1,1,1,1,1,1,1,87.55,6463.15,0,5341,88.53630136986301,0.01639206141172065,8,0,0,0,0,0,0,1,0,0,0,0,1,1,0,0,0,0,0,1,0,0,0,1
0,0,1,0,57,1,1,0,1,1,1,1,1,1,109.4,6252.7,0,6026,107.8051724137931,0.01815466312645204,7,0,0,1,0,0,1,0,1,0,0,1,0,1,0,0,0,0,0,1,0,1,0,0
0,0,1,0,46,0,0,1,1,0,0,1,0,0,45.55,2062.15,0,5565,43.87553191489362,0.008185085354896674,3,1,1,0,0,1,0,1,0,0,1,0,0,0,0,1,0,0,1,0,0,1,0,0
0,0,1,0,30,1,0,0,0,0,0,0,0,0,20.7,587.1,0,2492,18.938709677419357,0.008306581059390047,1,0,0,0,0,1,1,0,0,1,0,1,0,0,1,0,0,0,1,0,0,0,1,0
0,1,1,0,10,1,0,1,0,0,0,0,0,0,75.3,720.45,0,4254,65.49545454545455,0.01770098730606488,2,1,1,1,1,1,0,0,1,0,1,0,0,0,0,1,0,0,0,0,1,0,0,1
0,0,0,0,32,1,0,1,1,1,0,0,1,1,93.4,2979.3,0,3224,90.28181818181818,0.028970223325062036,5,1,0,1,0,1,0,0,1,0,1,0,0,0,1,0,0,0,1,0,0,0,1,0
0,0,0,0,13,1,0,1,0,0,0,0,0,1,73.75,956.65,0,2070,68.33214285714286,0.035628019323671496,2,1,0,1,0,1,0,0,1,0,1,0,0,0,1,0,0,1,0,0,0,0,1,0
0,0,0,0,44,1,0,0,1,1,0,1,0,1,88.15,3973.2,0,4112,88.29333333333332,0.02143725680933852,4,1,0,1,0,1,1,0,1,0,1,0,0,0,1,0,0,0,1,0,0,0,0,1
0,1,0,0,9,1,0,0,0,0,1,0,0,0,49.2,447.9,0,2145,44.79,0.02293706293706294,2,1,0,0,1,0,1,1,0,0,1,0,0,0,0,0,1,0,0,0,1,0,1,0
0,0,1,0,67,1,0,0,0,0,0,0,0,0,19.65,1335.2,0,4994,19.63529411764706,0.003934721665999199,1,0,0,0,0,1,1,0,0,1,0,0,1,0,0,0,1,0,0,1,0,0,0,1
0,0,1,0,71,1,1,0,1,1,0,1,1,1,105.15,7555.0,0,5707,104.93055555555556,0.018424741545470476,6,0,0,1,0,1,1,0,1,0,0,0,1,1,0,0,0,0,0,1,0,1,0,0
0,0,0,0,1,1,0,0,0,0,1,0,0,0,49.0,49.0,0,5289,24.5,0.00926451124976366,2,1,0,0,0,0,1,1,0,0,1,0,0,0,1,0,0,0,0,0,1,0,0,1
0,0,1,0,17,0,0,0,1,0,0,1,1,1,49.8,836.35,0,5575,46.46388888888889,0.008932735426008968,3,1,0,0,0,1,1,1,0,0,1,0,0,0,0,0,1,1,0,0,0,1,0,0
0,0,0,0,1,1,0,0,0,0,0,0,0,0,20.95,20.95,0,2285,10.475,0.009168490153172866,1,1,0,0,0,1,1,0,0,1,1,0,0,1,0,0,0,0,0,0,1,0,1,0
0,1,1,0,32,1,1,0,0,1,0,0,0,0,79.3,2570.0,0,5242,77.87878787878788,0.015127813811522318,3,1,0,1,1,1,1,0,1,0,1,0,0,0,0,0,1,0,1,0,0,0,0,1
0,0,1,1,41,1,0,0,0,0,0,0,0,0,19.5,798.2,0,2446,19.004761904761907,0.007972199509403107,1,0,0,0,0,1,1,0,0,1,0,1,0,1,0,0,0,0,1,0,0,0,1,0
0,0,0,0,1,1,0,0,0,0,0,0,0,0,44.15,44.15,0,3103,22.075,0.014228166290686432,1,1,0,0,0,1,1,1,0,0,1,0,0,1,0,0,0,0,0,0,1,0,1,0
0,0,1,1,62,1,1,1,1,0,0,1,1,1,105.5,6487.2,0,4271,102.97142857142858,0.024701475064387732,6,1,1,1,0,1,0,0,1,0,1,0,0,0,0,1,0,0,0,1,0,0,0,1
0,0,0,1,17,1,1,0,1,1,1,0,0,1,92.7,1556.85,0,2347,86.49166666666666,0.03949723050703025,5,1,0,1,0,0,1,0,1,0,1,0,0,0,1,0,0,1,0,0,0,0,1,0
0,0,1,1,72,1,1,0,0,0,0,0,0,1,26.25,1988.05,0,5098,27.233561643835614,0.005149078069831306,2,0,0,0,0,1,1,0,0,1,0,0,1,1,0,0,0,0,0,1,0,0,0,1
0,0,1,1,56,1,1,0,1,0,1,1,0,1,96.95,5432.2,0,6484,95.30175438596491,0.014952190006169031,5,1,0,1,0,0,1,0,1,0,1,0,0,0,1,0,0,0,0,1,0,1,0,0
0,0,0,0,9,1,0,0,0,0,0,0,0,1,20.45,147.55,0,2392,14.755,0.00854933110367893,1,1,0,0,0,1,1,0,0,1,1,0,0,0,1,0,0,0,0,0,1,0,1,0
0,0,1,0,72,1,1,1,1,1,1,1,1,1,115.8,8424.9,0,6479,115.40958904109588,0.017873128569223646,8,0,0,1,0,0,0,0,1,0,0,0,1,1,0,0,0,0,0,1,0,1,0,0
0,0,0,0,20,1,0,1,1,1,1,1,1,1,108.2,2203.7,0,2102,104.93809523809523,0.05147478591817317,7,1,0,1,0,0,0,0,1,0,1,0,0,1,0,0,0,1,0,0,0,0,1,0
0,0,1,1,19,1,0,0,0,0,0,0,0,0,20.2,387.4,0,4821,19.369999999999997,0.004190002074258453,1,0,0,0,0,1,1,0,0,1,0,0,1,0,0,0,1,1,0,0,0,0,0,1
0,0,0,0,53,0,0,0,0,1,1,1,1,0,54.9,3045.75,0,5677,56.40277777777778,0.009670600669367624,4,0,0,0,0,0,1,1,0,0,0,1,0,0,1,0,0,0,0,1,0,1,0,0
0,0,0,0,6,1,0,0,0,0,0,0,0,0,20.15,130.5,0,5761,18.642857142857142,0.0034976566568304113,1,1,0,0,0,1,1,0,0,1,1,0,0,1,0,0,0,0,0,0,1,1,0,0
0,0,1,1,9,1,1,0,0,1,0,1,0,1,90.35,767.9,0,2993,76.78999999999999,0.03018710324089542,4,0,1,1,0,1,1,0,1,0,0,1,0,0,0,1,0,0,0,0,1,0,1,0
0,0,1,1,8,1,1,0,1,0,0,0,0,0,55.75,446.8,0,5681,49.644444444444446,0.009813413131490934,3,1,1,0,0,1,1,1,0,0,1,0,0,0,0,1,0,0,0,0,1,1,0,0
0,0,1,1,71,1,1,1,1,1,1,1,1,0,114.6,8100.25,0,4071,112.50347222222223,0.02815033161385409,8,0,0,1,0,0,0,0,1,0,0,0,1,1,0,0,0,0,0,1,0,0,0,1
0,0,1,0,71,0,0,1,1,1,1,1,1,0,66.8,4689.15,0,4698,65.12708333333333,0.014218816517667092,6,0,0,0,0,0,0,1,0,0,0,1,0,1,0,0,0,0,0,1,0,0,0,1
0,0,1,0,68,1,0,0,1,0,1,1,1,1,100.3,6754.35,0,5757,97.88913043478261,0.017422268542643737,5,0,1,1,0,0,1,0,1,0,0,1,0,0,0,1,0,0,0,1,0,1,0,0
0,0,0,0,34,1,1,0,1,0,1,1,1,1,105.35,3540.65,0,5503,101.16142857142857,0.019144103216427403,6,1,1,1,0,0,1,0,1,0,1,0,0,0,0,1,0,0,1,0,0,1,0,0
0,0,0,0,26,1,0,0,1,1,1,0,0,1,85.2,2184.6,0,5156,80.91111111111111,0.0165244375484872,4,0,1,1,0,0,1,0,1,0,0,1,0,0,0,1,0,0,1,0,0,0,0,1
0,0,0,0,7,1,0,0,0,0,0,0,0,1,18.95,130.55,0,4097,16.31875,0.0046253356114229925,1,1,0,0,0,1,1,0,0,1,1,0,0,0,0,0,1,0,0,0,1,0,0,1
0,0,1,0,20,1,0,0,0,0,0,0,0,1,69.8,1540.35,0,5456,73.35,0.012793255131964809,1,1,0,1,0,1,1,0,1,0,1,0,0,1,0,0,0,1,0,0,0,1,0,0
0,0,1,0,60,1,1,0,1,1,0,1,1,1,106.15,6411.25,0,4115,105.10245901639344,0.025795868772782504,6,1,1,1,0,1,1,0,1,0,1,0,0,0,0,1,0,0,0,1,0,0,0,1
0,0,1,1,72,1,0,0,0,0,0,0,0,0,20.55,1432.55,0,5809,19.623972602739727,0.0035376140471681874,1,0,1,0,0,1,1,0,0,1,0,0,1,0,0,1,0,0,0,1,0,1,0,0
0,1,1,0,72,1,1,0,1,1,0,1,1,1,105.75,7629.85,0,5832,104.51849315068493,0.018132716049382717,6,0,0,1,1,1,1,0,1,0,0,1,0,0,1,0,0,0,0,1,0,1,0,0
0,0,0,0,4,1,1,0,0,0,0,0,0,0,25.25,101.9,0,3962,20.380000000000003,0.006373043917213528,2,1,0,0,0,1,1,0,0,1,1,0,0,0,0,0,1,0,0,0,1,0,0,1
0,0,1,1,16,1,0,0,0,0,0,0,0,0,19.75,313.4,0,3677,18.435294117647057,0.005371226543377754,1,1,1,0,0,1,1,0,0,1,1,0,0,0,0,1,0,1,0,0,0,0,0,1
0,1,1,0,62,1,1,1,0,1,0,1,1,1,104.85,6312.9,0,5061,100.2047619047619,0.02071724955542383,6,0,1,1,1,1,0,0,1,0,0,1,0,0,0,1,0,0,0,1,0,0,0,1
0,0,0,0,10,1,0,0,0,0,1,0,1,1,60.95,629.55,0,4323,57.23181818181818,0.014099005320379367,3,1,0,0,0,0,1,1,0,0,1,0,0,0,0,0,1,0,0,0,1,0,0,1
0,0,0,0,31,1,1,0,1,0,0,0,0,1,81.15,2640.55,0,3031,82.5171875,0.026773342131309802,3,1,1,1,0,1,1,0,1,0,1,0,0,0,0,1,0,0,1,0,0,0,1,0
0,0,1,0,71,1,0,0,0,0,0,0,0,0,19.1,1372.45,0,4241,19.061805555555555,0.004503654798396605,1,0,0,0,0,1,1,0,0,1,0,0,1,0,1,0,0,0,0,1,0,0,0,1
0,0,0,0,58,1,0,0,0,0,0,0,0,0,20.8,1212.25,0,4758,20.546610169491526,0.004371584699453552,1,0,0,0,0,1,1,0,0,1,0,0,1,0,0,0,1,0,0,1,0,0,0,1
0,0,1,1,70,1,1,1,1,1,1,1,1,1,90.15,6237.05,0,5824,87.84577464788732,0.015479052197802198,8,0,0,0,0,0,0,1,0,0,0,0,1,0,1,0,0,0,0,1,0,1,0,0
0,0,1,0,71,1,1,1,1,1,1,1,1,0,90.1,6310.9,0,5054,87.65138888888889,0.01782746339533043,8,0,1,0,0,0,0,1,0,0,0,0,1,0,0,1,0,0,0,1,0,0,0,1
0,1,0,0,69,1,1,1,0,1,1,0,1,0,74.1,5031.0,0,4204,71.87142857142857,0.017626070409134158,6,0,0,0,1,0,0,1,0,0,0,0,1,0,1,0,0,0,0,1,0,0,0,1
0,0,1,1,72,1,1,1,1,1,1,1,1,1,118.75,8672.45,0,5475,118.80068493150686,0.021689497716894976,8,0,0,1,0,0,0,0,1,0,0,0,1,1,0,0,0,0,0,1,0,1,0,0
0,0,1,0,26,1,0,0,0,0,1,0,1,0,85.9,2196.45,0,4038,81.35,0.021272907379891036,3,1,0,1,0,0,1,0,1,0,1,0,0,0,1,0,0,0,1,0,0,0,0,1
0,0,1,0,33,1,1,0,0,1,1,0,1,1,95.0,3008.15,0,4639,88.47500000000001,0.020478551411942228,5,1,0,1,0,0,1,0,1,0,1,0,0,0,1,0,0,0,1,0,0,0,0,1
0,0,1,1,10,1,0,0,0,0,0,0,0,0,20.15,220.8,0,2836,20.072727272727274,0.007105077574047955,1,0,0,0,0,1,1,0,0,1,0,0,1,0,0,0,1,0,0,0,1,0,1,0
0,1,0,0,57,1,1,1,0,1,1,0,1,0,101.3,5779.6,0,4421,99.64827586206897,0.022913368016285907,6,0,0,1,1,0,0,0,1,0,0,0,1,0,1,0,0,0,0,1,0,0,0,1
0,0,0,0,10,1,0,0,0,0,0,0,0,1,21.2,222.65,0,2066,20.240909090909092,0.01026137463697967,1,1,1,0,0,1,1,0,0,1,1,0,0,0,0,1,0,0,0,0,1,0,1,0
0,0,1,1,39,1,1,0,0,0,0,0,0,1,24.2,914.6,0,3109,22.865000000000002,0.0077838533290447084,2,0,0,0,0,1,1,0,0,1,0,1,0,0,0,0,1,0,1,0,0,0,1,0
0,0,0,0,11,1,0,0,0,0,0,0,0,0,20.3,246.3,0,4188,20.525000000000002,0.0048471824259789876,1,1,0,0,0,1,1,0,0,1,1,0,0,1,0,0,0,0,0,0,1,0,0,1
0,0,1,1,68,1,1,0,1,1,1,1,1,0,85.3,5560.0,0,4732,80.57971014492753,0.018026204564666103,7,0,0,0,0,0,1,1,0,0,0,0,1,1,0,0,0,0,0,1,0,0,0,1
0,0,0,0,18,1,1,0,0,1,0,1,0,1,89.6,1633.0,0,2269,85.94736842105263,0.039488761568973116,4,0,0,1,0,1,1,0,1,0,0,1,0,0,1,0,0,1,0,0,0,0,1,0
0,0,0,0,18,1,1,1,0,0,0,0,0,0,56.25,969.85,0,2277,51.044736842105266,0.024703557312252964,3,1,0,0,0,1,0,1,0,0,1,0,0,0,0,0,1,1,0,0,0,0,1,0
0,0,1,1,52,1,0,0,0,1,0,0,0,1,50.95,2610.65,0,4298,49.257547169811325,0.011854350860865519,2,0,0,0,0,1,1,1,0,0,0,1,0,1,0,0,0,0,0,1,0,0,0,1
0,0,1,1,56,1,1,1,1,1,1,1,1,0,115.85,6567.9,0,4937,115.22631578947367,0.023465667409357908,8,0,0,1,0,0,0,0,1,0,0,0,1,0,0,0,1,0,0,1,0,0,0,1
0,0,0,0,45,1,1,0,0,1,1,1,1,1,103.65,4747.85,0,2183,103.21413043478262,0.04748053137883647,6,1,0,1,0,0,1,0,1,0,1,0,0,1,0,0,0,0,1,0,0,0,1,0
0,0,0,0,67,1,1,0,0,0,0,0,0,1,26.1,1759.55,0,6466,25.875735294117646,0.004036498608103929,2,0,0,0,0,1,1,0,0,1,0,0,1,0,0,0,1,0,0,1,0,1,0,0
0,0,1,0,3,0,0,1,0,0,1,0,0,0,35.1,101.1,0,3610,25.275,0.009722991689750693,2,1,0,0,0,0,0,1,0,0,1,0,0,0,0,0,1,0,0,0,1,0,0,1
0,1,0,0,65,1,0,0,1,1,0,1,1,1,99.1,6496.15,0,4574,98.42651515151515,0.021665937909925666,5,1,0,1,1,1,1,0,1,0,1,0,0,1,0,0,0,0,0,1,0,0,0,1
0,0,1,0,63,1,1,0,1,0,1,0,1,0,67.25,4234.15,0,6438,66.15859375,0.010445790618204411,5,0,0,0,0,0,1,1,0,0,0,0,1,0,0,0,1,0,0,1,0,1,0,0
0,0,1,1,11,1,1,0,0,0,0,0,0,0,25.0,300.7,0,5409,25.058333333333334,0.0046219264189314106,2,0,0,0,0,1,1,0,0,1,0,0,1,0,0,0,1,0,0,0,1,1,0,0
0,0,0,1,1,1,0,0,0,0,1,0,1,1,59.55,59.55,0,5824,29.775,0.010224931318681319,3,1,0,0,0,0,1,1,0,0,1,0,0,0,0,0,1,0,0,0,1,1,0,0
0,0,0,0,55,1,1,0,0,1,0,1,1,1,77.8,4323.35,0,6483,77.20267857142858,0.012000616998303255,5,0,0,0,0,1,1,1,0,0,0,0,1,1,0,0,0,0,0,1,0,1,0,0
0,0,1,1,25,1,1,0,0,0,1,0,0,1,55.1,1466.1,0,2499,56.388461538461534,0.022048819527811125,3,0,0,0,0,0,1,1,0,0,0,1,0,0,0,0,1,0,1,0,0,0,1,0
0,0,1,0,72,1,1,0,0,0,0,0,0,1,24.15,1776.45,0,5613,24.334931506849315,0.00430251202565473,2,0,0,0,0,1,1,0,0,1,0,0,1,0,1,0,0,0,0,1,0,1,0,0
0,0,0,1,65,0,0,0,1,0,1,1,0,0,45.25,2933.95,0,5712,44.45378787878788,0.007921918767507002,3,0,0,0,0,0,1,1,0,0,0,0,1,0,0,0,1,0,0,1,0,1,0,0
0,0,1,1,7,1,0,0,0,0,0,0,0,0,20.25,144.35,0,4954,18.04375,0.0040876059749697215,1,1,0,0,0,1,1,0,0,1,1,0,0,0,0,0,1,0,0,0,1,0,0,1
0,0,1,0,72,1,1,1,1,0,1,0,0,0,64.75,4804.75,0,4675,65.81849315068493,0.013850267379679145,5,0,0,0,0,0,0,1,0,0,0,0,1,1,0,0,0,0,0,1,0,0,0,1
0,0,1,0,21,1,0,0,0,0,0,1,0,0,54.6,1125.2,0,5763,51.14545454545455,0.009474232170744404,2,1,0,0,0,1,1,1,0,0,1,0,0,1,0,0,0,1,0,0,0,1,0,0
0,0,0,0,2,1,0,0,0,0,0,0,0,1,20.7,39.85,0,2107,13.283333333333333,0.00982439487422876,1,1,0,0,0,1,1,0,0,1,1,0,0,1,0,0,0,0,0,0,1,0,1,0
0,1,0,0,4,1,0,0,0,1,0,1,1,1,94.75,422.4,0,2757,84.47999999999999,0.034367065651070006,4,1,1,1,1,1,1,0,1,0,1,0,0,0,0,1,0,0,0,0,1,0,1,0
0,0,1,0,72,1,1,1,1,1,1,1,1,0,115.8,8332.15,0,5130,114.1390410958904,0.02257309941520468,8,0,0,1,0,0,0,0,1,0,0,0,1,0,1,0,0,0,0,1,0,0,0,1
0,0,0,0,6,1,0,1,0,0,0,0,0,1,49.45,314.6,0,3672,44.94285714285714,0.01346677559912854,2,1,1,0,0,1,0,1,0,0,1,0,0,0,0,1,0,0,0,0,1,0,0,1
0,0,0,0,52,1,0,0,0,1,0,0,1,1,83.8,4331.4,0,6339,81.72452830188679,0.013219750749329547,3,1,0,1,0,1,1,0,1,0,1,0,0,0,1,0,0,0,0,1,0,1,0,0
0,1,1,0,69,1,1,0,1,1,0,0,1,1,95.35,6382.0,0,6132,91.17142857142858,0.015549575994781474,5,1,0,1,1,1,1,0,1,0,1,0,0,1,0,0,0,0,0,1,0,1,0,0
0,1,0,0,8,1,0,0,0,1,0,0,0,1,74.05,600.15,0,4899,66.68333333333334,0.015115329659114104,2,1,0,1,1,1,1,0,1,0,1,0,0,1,0,0,0,0,0,0,1,0,0,1
0,1,0,0,63,1,1,0,0,1,0,0,1,1,89.6,5538.8,0,4438,86.54375,0.020189274447949525,4,1,0,1,1,1,1,0,1,0,1,0,0,1,0,0,0,0,0,1,0,0,0,1
0,0,0,0,60,1,1,1,1,1,1,1,1,1,116.6,7049.5,0,5680,115.56557377049181,0.020528169014084507,8,0,0,1,0,0,0,0,1,0,0,1,0,0,1,0,0,0,0,1,0,1,0,0
0,0,1,0,12,1,0,1,0,0,1,0,0,0,54.2,690.5,0,4474,53.11538461538461,0.012114438980777829,3,1,0,0,0,0,0,1,0,0,1,0,0,1,0,0,0,0,0,0,1,0,0,1
0,0,0,0,13,1,0,0,0,0,0,0,0,1,19.3,279.3,0,5917,19.95,0.0032617880682778437,1,1,0,0,0,1,1,0,0,1,1,0,0,0,0,0,1,1,0,0,0,1,0,0
0,0,0,0,22,1,1,1,1,1,0,0,0,0,65.05,1427.55,0,4709,62.06739130434782,0.013813973242726693,5,1,0,0,0,1,0,1,0,0,1,0,0,0,0,0,1,1,0,0,0,0,0,1
0,0,1,1,72,1,1,0,0,0,0,0,0,1,24.05,1709.15,0,4755,23.413013698630138,0.005057833859095689,2,0,0,0,0,1,1,0,0,1,0,0,1,1,0,0,0,0,0,1,0,0,0,1
0,0,0,0,2,1,0,0,0,0,0,0,0,0,18.75,53.15,0,5355,17.716666666666665,0.0035014005602240898,1,1,0,0,0,1,1,0,0,1,1,0,0,1,0,0,0,0,0,0,1,0,0,1
0,0,1,1,40,1,0,0,0,0,0,0,0,0,20.15,777.35,0,3556,18.959756097560977,0.005666479190101237,1,0,0,0,0,1,1,0,0,1,0,0,1,1,0,0,0,0,1,0,0,0,0,1
0,0,1,1,44,1,0,0,0,0,0,0,0,0,20.0,860.85,0,3743,19.13,0.0053433075073470475,1,0,0,0,0,1,1,0,0,1,0,1,0,1,0,0,0,0,1,0,0,0,0,1
0,1,1,0,71,1,0,1,1,0,1,1,0,1,71.0,5012.1,0,5247,69.61250000000001,0.013531541833428626,5,0,0,0,1,0,0,1,0,0,0,1,0,1,0,0,0,0,0,1,0,0,0,1
0,1,0,0,26,1,1,0,0,0,0,1,1,1,93.6,2404.1,0,4030,89.04074074074073,0.0232258064516129,4,1,1,1,1,1,1,0,1,0,1,0,0,0,0,1,0,0,1,0,0,0,0,1
0,0,0,0,1,0,0,0,0,0,0,0,0,0,24.4,24.4,0,5092,12.2,0.004791830322073841,0,1,0,0,0,1,1,1,0,0,1,0,0,0,0,0,1,0,0,0,1,0,0,1
0,0,0,0,3,1,1,0,0,0,1,1,0,1,65.25,209.9,0,2562,52.475,0.025468384074941453,4,1,0,0,0,0,1,1,0,0,1,0,0,0,0,0,1,0,0,0,1,0,1,0
0,0,0,0,13,1,0,0,0,0,1,0,0,1,50.55,610.75,0,5530,43.625,0.009141048824593129,2,1,0,0,0,0,1,1,0,0,1,0,0,0,0,0,1,1,0,0,0,1,0,0
0,0,0,0,1,1,0,0,0,0,0,0,0,1,70.7,70.7,0,4056,35.35,0.01743096646942801,1,1,0,1,0,1,1,0,1,0,1,0,0,0,0,0,1,0,0,0,1,0,0,1
0,0,1,1,4,1,0,0,0,0,0,0,0,0,45.25,155.35,0,2776,31.07,0.016300432276657062,1,1,0,0,0,1,1,1,0,0,1,0,0,0,0,0,1,0,0,0,1,0,1,0
0,0,0,0,2,1,0,0,0,0,0,0,0,1,70.3,144.0,0,2980,48.0,0.023590604026845638,1,1,1,1,0,1,1,0,1,0,1,0,0,0,0,1,0,0,0,0,1,0,1,0
0,0,1,0,72,1,1,1,1,0,1,1,1,1,108.95,7875.0,0,5758,107.87671232876713,0.018921500521014243,7,0,0,1,0,0,0,0,1,0,0,0,1,0,1,0,0,0,0,1,0,1,0,0
0,0,1,1,37,1,1,0,0,0,0,0,0,0,26.45,911.6,0,5359,23.989473684210527,0.004935622317596566,2,1,0,0,0,1,1,0,0,1,1,0,0,0,0,0,1,0,1,0,0,0,0,1
0,0,0,0,23,1,0,0,0,0,0,0,0,1,19.65,478.1,0,5916,19.920833333333334,0.003321501014198783,1,0,0,0,0,1,1,0,0,1,0,1,0,0,1,0,0,1,0,0,0,1,0,0
0,0,1,1,42,1,0,0,0,0,0,0,0,1,19.05,761.85,0,5091,17.717441860465115,0.0037418974661166766,1,0,1,0,0,1,1,0,0,1,0,1,0,0,0,1,0,0,1,0,0,0,0,1
0,0,0,0,32,1,1,1,0,0,0,1,1,0,74.75,2282.95,0,2830,69.18030303030302,0.026413427561837455,5,0,0,0,0,1,0,1,0,0,0,1,0,0,0,0,1,0,1,0,0,0,1,0
0,0,1,1,22,1,1,0,0,0,0,0,0,1,75.8,1615.1,0,4479,70.22173913043478,0.0169234204063407,2,1,0,1,0,1,1,0,1,0,1,0,0,1,0,0,0,1,0,0,0,0,0,1
0,0,1,0,42,0,0,0,0,0,0,0,0,1,25.1,1097.15,0,4959,25.51511627906977,0.005061504335551523,0,1,0,0,0,1,1,1,0,0,1,0,0,0,1,0,0,0,1,0,0,0,0,1
0,0,0,0,8,1,0,0,0,0,0,0,0,0,44.45,369.3,0,4909,41.03333333333333,0.009054797311061317,1,1,0,0,0,1,1,1,0,0,1,0,0,0,0,0,1,0,0,0,1,0,0,1
0,0,1,1,65,1,1,1,0,1,0,1,1,1,104.3,6725.3,0,4997,101.89848484848486,0.020872523514108465,6,0,0,1,0,1,0,0,1,0,0,0,1,0,1,0,0,0,0,1,0,0,0,1
0,0,1,1,70,1,1,1,1,1,1,1,1,1,89.0,6293.2,0,5650,88.63661971830986,0.01575221238938053,8,0,0,0,0,0,0,1,0,0,0,0,1,1,0,0,0,0,0,1,0,1,0,0
0,0,0,1,22,1,0,0,0,0,0,0,0,0,20.15,432.5,0,2722,18.804347826086957,0.007402645113886847,1,1,0,0,0,1,1,0,0,1,1,0,0,0,1,0,0,1,0,0,0,0,1,0
0,0,1,1,67,0,0,1,1,0,0,0,0,0,36.15,2434.45,0,6314,35.80073529411764,0.005725372188786822,2,0,0,0,0,1,0,1,0,0,0,0,1,1,0,0,0,0,0,1,0,1,0,0
0,0,0,0,25,1,0,0,0,0,0,0,0,1,19.2,532.1,0,2159,20.465384615384615,0.00889300602130616,1,1,0,0,0,1,1,0,0,1,1,0,0,0,1,0,0,0,1,0,0,0,1,0
0,0,1,0,20,1,0,0,0,0,0,0,0,0,19.25,375.25,0,4137,17.86904761904762,0.004653130287648054,1,1,0,0,0,1,1,0,0,1,1,0,0,1,0,0,0,1,0,0,0,0,0,1
0,0,0,1,2,1,0,1,0,0,0,0,1,1,61.2,125.95,0,5056,41.983333333333334,0.012104430379746836,3,1,0,0,0,1,0,1,0,0,1,0,0,0,1,0,0,0,0,0,1,0,0,1
0,0,0,0,51,1,0,0,0,0,0,0,0,0,20.45,1042.65,0,6097,20.05096153846154,0.003354108577989175,1,0,0,0,0,1,1,0,0,1,0,0,1,0,0,0,1,0,0,1,0,1,0,0
0,0,1,1,46,0,0,1,1,0,0,0,0,0,35.05,1620.25,0,4829,34.473404255319146,0.007258231517912611,2,1,0,0,0,1,0,1,0,0,1,0,0,1,0,0,0,0,1,0,0,0,0,1
0,0,0,1,13,1,0,0,0,0,0,0,0,0,44.0,659.35,0,5611,47.096428571428575,0.007841739440384958,1,1,0,0,0,1,1,1,0,0,1,0,0,0,0,0,1,1,0,0,0,1,0,0
0,0,1,1,26,1,0,0,0,1,0,0,0,0,50.35,1285.8,0,3386,47.62222222222222,0.014870053160070881,2,0,0,0,0,1,1,1,0,0,0,1,0,0,0,0,1,0,1,0,0,0,1,0
0,0,0,1,19,1,0,0,0,0,0,0,0,1,20.0,377.55,0,5188,18.8775,0.0038550501156515036,1,1,1,0,0,1,1,0,0,1,1,0,0,0,0,1,0,1,0,0,0,0,0,1
0,0,1,0,72,1,1,1,1,0,1,1,1,1,86.4,6058.95,0,6114,82.99931506849315,0.014131501472031405,7,0,0,0,0,0,0,1,0,0,0,0,1,1,0,0,0,0,0,1,0,1,0,0
0,1,0,0,18,1,1,1,1,0,0,0,0,1,58.4,964.9,0,2812,50.78421052631579,0.020768136557610242,4,1,0,0,1,1,0,1,0,0,1,0,0,0,1,0,0,1,0,0,0,0,1,0
0,0,0,0,24,1,1,0,0,0,0,1,1,1,94.1,2322.85,0,3192,92.914,0.029479949874686714,4,1,1,1,0,1,1,0,1,0,1,0,0,0,0,1,0,1,0,0,0,0,1,0
0,0,1,0,46,1,1,0,1,1,1,1,1,1,108.9,4854.3,0,5119,103.28297872340426,0.021273686266848994,7,0,0,1,0,0,1,0,1,0,0,0,1,0,1,0,0,0,1,0,0,0,0,1
0,1,0,0,72,1,1,1,1,1,1,0,1,1,107.4,7748.75,0,5294,106.1472602739726,0.020287117491499813,7,0,0,1,1,0,0,0,1,0,0,0,1,1,0,0,0,0,0,1,0,0,0,1
0,1,1,0,70,1,1,1,0,0,0,0,1,1,90.85,6470.1,0,5129,91.1281690140845,0.01771300448430493,4,1,1,1,1,1,0,0,1,0,1,0,0,0,0,1,0,0,0,1,0,0,0,1
0,0,0,0,2,1,0,0,0,0,0,0,0,0,19.9,57.4,0,2822,19.133333333333333,0.007051736357193479,1,1,1,0,0,1,1,0,0,1,1,0,0,0,0,1,0,0,0,0,1,0,1,0
0,0,1,0,31,1,0,0,0,1,1,0,1,1,66.4,2019.8,0,3282,63.11875,0.0202315661182206,4,1,0,0,0,0,1,1,0,0,1,0,0,0,1,0,0,0,1,0,0,0,1,0
0,0,1,1,16,1,0,1,0,1,0,1,1,0,100.7,1522.7,0,3337,89.57058823529412,0.030176805513934674,5,1,0,1,0,1,0,0,1,0,1,0,0,1,0,0,0,1,0,0,0,0,1,0
0,0,0,1,52,1,1,0,0,0,0,0,0,0,25.6,1334.5,0,5662,25.17924528301887,0.004521370540445073,2,0,0,0,0,1,1,0,0,1,0,0,1,0,1,0,0,0,0,1,0,1,0,0
0,0,1,1,13,1,0,0,0,0,0,0,0,1,19.85,252.0,0,2928,18.0,0.006779371584699454,1,1,0,0,0,1,1,0,0,1,1,0,0,0,0,0,1,1,0,0,0,0,1,0
0,0,0,0,35,1,0,0,0,0,0,0,0,0,20.75,700.45,0,4261,19.456944444444446,0.004869748885238207,1,0,0,0,0,1,1,0,0,1,0,1,0,0,0,0,1,0,1,0,0,0,0,1
0,0,0,0,59,1,0,0,0,1,0,1,1,0,95.8,5655.45,0,5470,94.2575,0.017513711151736746,4,0,1,1,0,1,1,0,1,0,0,0,1,0,0,1,0,0,0,1,0,1,0,0
0,0,1,0,72,1,0,0,0,1,0,1,1,1,94.65,6747.35,0,5943,92.42945205479452,0.015926299848561334,4,1,1,1,0,1,1,0,1,0,1,0,0,0,0,1,0,0,0,1,0,1,0,0
0,0,1,0,49,1,1,1,1,1,1,0,1,0,106.65,5174.35,0,5948,103.48700000000001,0.01793039677202421,7,0,0,1,0,0,0,0,1,0,0,0,1,0,1,0,0,0,0,1,0,1,0,0
0,0,0,0,2,1,0,0,0,0,0,0,0,1,45.85,105.6,0,2245,35.199999999999996,0.020423162583518933,1,1,0,0,0,1,1,1,0,0,1,0,0,0,0,0,1,0,0,0,1,0,1,0
0,1,0,0,21,1,1,0,1,1,0,1,1,1,104.35,2271.85,0,4934,103.26590909090909,0.021149169031211997,6,1,1,1,1,1,1,0,1,0,1,0,0,0,0,1,0,1,0,0,0,0,0,1
0,1,0,0,54,0,0,0,1,1,0,1,1,1,55.45,2966.95,0,4521,53.94454545454545,0.012264985622649856,4,0,1,0,1,1,1,1,0,0,0,1,0,0,0,1,0,0,0,1,0,0,0,1
0,0,0,0,1,1,1,1,1,0,0,0,0,0,61.15,61.15,0,4592,30.575,0.01331663763066202,4,1,1,0,0,1,0,1,0,0,1,0,0,0,0,1,0,0,0,0,1,0,0,1
0,0,0,0,6,1,0,1,1,0,0,0,0,1,78.95,494.95,0,4093,70.70714285714286,0.01928903005130711,3,1,1,1,0,1,0,0,1,0,1,0,0,0,0,1,0,0,0,0,1,0,0,1
0,0,0,1,49,1,1,1,1,1,0,1,1,1,109.2,5290.45,0,6005,105.809,0.018184845961698583,7,0,0,1,0,1,0,0,1,0,0,1,0,0,1,0,0,0,0,1,0,1,0,0
0,0,1,1,56,1,0,1,1,1,0,0,0,1,61.3,3346.8,0,4173,58.71578947368421,0.014689671699017493,4,0,0,0,0,1,0,1,0,0,0,0,1,0,1,0,0,0,0,1,0,0,0,1
0,1,0,0,56,1,1,1,1,0,0,0,1,1,96.85,5219.65,0,5679,91.57280701754385,0.017054058813171333,5,1,1,1,1,1,0,0,1,0,1,0,0,0,0,1,0,0,0,1,0,1,0,0
0,0,1,1,6,0,0,0,1,1,1,0,0,0,40.55,217.5,0,2866,31.071428571428573,0.014148639218422888,3,0,0,0,0,0,1,1,0,0,0,0,1,0,0,0,1,0,0,0,1,0,1,0
0,0,0,0,32,1,0,0,0,0,0,0,0,0,19.8,607.7,0,4636,18.415151515151518,0.004270923209663503,1,0,0,0,0,1,1,0,0,1,0,1,0,0,0,0,1,0,1,0,0,0,0,1
0,0,1,1,50,1,1,1,1,1,0,1,1,1,108.25,5431.4,0,4972,106.49803921568626,0.021771922767497988,7,0,1,1,0,1,0,0,1,0,0,1,0,0,0,1,0,0,0,1,0,0,0,1
0,0,1,1,58,1,1,0,0,1,1,1,1,1,105.05,6004.85,0,5870,101.7771186440678,0.017896081771720612,6,0,0,1,0,0,1,0,1,0,0,1,0,1,0,0,0,0,0,1,0,1,0,0
0,0,1,1,65,1,1,1,1,1,1,1,1,1,90.45,5957.9,0,5509,90.27121212121212,0.01641858776547468,8,0,0,0,0,0,0,1,0,0,0,0,1,0,0,0,1,0,0,1,0,1,0,0
0,0,0,0,64,1,1,1,1,1,1,1,1,1,86.4,5442.05,0,6474,83.72384615384615,0.01334569045412419,8,0,0,0,0,0,0,1,0,0,0,0,1,0,1,0,0,0,0,1,0,1,0,0
0,0,1,0,66,1,1,1,1,1,0,0,0,0,66.9,4370.25,0,5546,65.2276119402985,0.012062747926433467,5,0,0,0,0,1,0,1,0,0,0,0,1,1,0,0,0,0,0,1,0,1,0,0
0,0,1,0,38,1,1,1,0,1,1,1,1,1,110.7,4428.6,0,5461,113.55384615384617,0.020271012635048526,7,0,1,1,0,0,0,0,1,0,0,1,0,0,0,1,0,0,1,0,0,1,0,0
0,0,1,0,20,1,0,0,0,0,0,0,0,1,20.0,416.45,0,3585,19.83095238095238,0.005578800557880056,1,0,0,0,0,1,1,0,0,1,0,1,0,0,0,0,1,1,0,0,0,0,0,1
0,1,0,0,64,1,1,0,0,1,1,1,1,0,102.1,6688.1,0,6100,102.89384615384616,0.016737704918032784,6,0,1,1,1,0,1,0,1,0,0,1,0,0,0,1,0,0,0,1,0,1,0,0
0,0,0,0,60,1,0,0,1,1,1,1,0,1,70.15,4224.7,0,4260,69.25737704918032,0.01646713615023474,5,0,0,0,0,0,1,1,0,0,0,1,0,0,1,0,0,0,0,1,0,0,0,1
0,0,1,1,50,1,1,1,1,1,1,0,1,1,80.05,4042.2,0,5823,79.25882352941176,0.013747209342263438,7,0,0,0,0,0,0,1,0,0,0,1,0,1,0,0,0,0,0,1,0,1,0,0
0,0,1,0,72,0,0,1,1,1,0,0,1,1,49.2,3580.95,0,4700,49.05410958904109,0.010468085106382979,4,0,1,0,0,1,0,1,0,0,0,0,1,0,0,1,0,0,0,1,0,0,0,1
0,0,1,0,60,1,0,0,0,0,0,0,0,1,20.5,1198.8,0,5848,19.652459016393443,0.00350547195622435,1,0,0,0,0,1,1,0,0,1,0,0,1,1,0,0,0,0,0,1,0,1,0,0
0,0,0,0,46,0,0,1,0,1,1,0,0,0,38.25,1755.35,0,2653,37.34787234042553,0.014417640407086317,3,0,0,0,0,0,0,1,0,0,0,0,1,0,0,0,1,0,1,0,0,0,1,0
0,0,1,1,69,0,0,0,1,1,0,1,1,1,54.95,3772.5,0,4175,53.892857142857146,0.013161676646706588,4,0,0,0,0,1,1,1,0,0,0,0,1,0,1,0,0,0,0,1,0,0,0,1
0,1,0,0,31,1,1,0,0,1,1,1,0,1,96.6,2877.95,0,3364,89.9359375,0.02871581450653983,5,1,0,1,1,0,1,0,1,0,1,0,0,1,0,0,0,0,1,0,0,0,1,0
0,0,1,1,19,1,0,0,0,0,0,0,0,0,19.9,357.7,0,5964,17.884999999999998,0.0033366867873910124,1,0,0,0,0,1,1,0,0,1,0,1,0,0,0,0,1,1,0,0,0,1,0,0
0,0,1,1,71,1,0,0,0,0,0,0,0,0,19.9,1397.3,0,6015,19.406944444444445,0.003308395677472984,1,0,0,0,0,1,1,0,0,1,0,0,1,0,1,0,0,0,0,1,0,1,0,0
0,0,1,0,12,1,0,1,1,1,0,0,0,1,84.6,959.9,0,2499,73.83846153846153,0.03385354141656662,4,1,1,1,0,1,0,0,1,0,1,0,0,0,0,1,0,0,0,0,1,0,1,0
0,0,0,0,44,1,1,0,1,1,1,1,1,1,85.25,3704.15,0,2292,82.31444444444445,0.03719458987783595,7,0,0,0,0,0,1,1,0,0,0,1,0,1,0,0,0,0,1,0,0,0,1,0
0,0,1,1,56,1,1,1,1,1,1,1,0,0,81.25,4620.4,0,5907,81.05964912280702,0.013754867106822414,7,0,0,0,0,0,0,1,0,0,0,0,1,0,1,0,0,0,0,1,0,1,0,0
0,0,1,0,72,1,1,1,1,1,1,1,1,1,115.5,8312.75,0,4697,113.87328767123287,0.02459016393442623,8,0,0,1,0,0,0,0,1,0,0,0,1,1,0,0,0,0,0,1,0,0,0,1
0,0,0,0,11,1,1,1,0,0,0,0,0,1,79.0,929.3,0,3885,77.44166666666666,0.020334620334620336,3,1,0,1,0,1,0,0,1,0,1,0,0,1,0,0,0,0,0,0,1,0,0,1
0,1,1,0,15,1,0,0,1,0,0,1,1,1,94.65,1285.05,0,5868,80.315625,0.016129856850715746,4,1,1,1,1,1,1,0,1,0,1,0,0,0,0,1,0,1,0,0,0,1,0,0
0,0,0,0,72,1,0,0,0,0,0,0,0,1,20.8,1521.2,0,4626,20.838356164383562,0.004496325118893213,1,0,0,0,0,1,1,0,0,1,0,0,1,0,0,0,1,0,0,1,0,0,0,1
0,0,1,0,56,1,1,0,1,1,0,0,0,0,59.5,3389.25,0,5477,59.46052631578947,0.010863611466131094,4,0,0,0,0,1,1,1,0,0,0,0,1,0,1,0,0,0,0,1,0,1,0,0
0,1,0,0,64,1,0,0,0,0,0,0,0,1,20.05,1198.05,0,4309,18.431538461538462,0.00465305175214667,1,0,0,0,1,1,1,0,0,1,0,0,1,1,0,0,0,0,0,1,0,0,0,1
0,0,1,0,34,1,1,0,0,1,0,1,1,1,100.45,3414.65,0,3744,97.56142857142858,0.02682959401709402,5,1,1,1,0,1,1,0,1,0,1,0,0,0,0,1,0,0,1,0,0,0,0,1
0,0,0,0,35,1,0,0,0,0,0,0,0,0,20.6,754.0,0,2858,20.944444444444443,0.007207837648705389,1,0,0,0,0,1,1,0,0,1,0,1,0,1,0,0,0,0,1,0,0,0,1,0
0,0,0,0,22,1,0,0,0,0,0,0,0,0,20.3,467.15,0,2768,20.31086956521739,0.007333815028901735,1,0,0,0,0,1,1,0,0,1,0,1,0,0,1,0,0,1,0,0,0,0,1,0
0,0,0,0,9,0,0,1,1,1,0,0,0,0,39.55,373.0,0,3755,37.3,0.010532623169107856,3,0,0,0,0,1,0,1,0,0,0,1,0,0,0,0,1,0,0,0,1,0,0,1
0,0,0,0,23,1,0,0,0,0,0,0,0,0,20.45,481.1,0,3434,20.045833333333334,0.005955154338963308,1,0,0,0,0,1,1,0,0,1,0,1,0,0,0,0,1,1,0,0,0,0,1,0
0,0,1,0,68,1,1,0,0,0,0,0,0,0,25.25,1728.2,0,4571,25.046376811594204,0.005523955370816014,2,0,0,0,0,1,1,0,0,1,0,0,1,1,0,0,0,0,0,1,0,0,0,1
0,0,1,0,33,1,0,0,0,0,0,1,1,0,91.25,2964.05,0,3296,87.1779411764706,0.027685072815533982,3,1,1,1,0,1,1,0,1,0,1,0,0,0,0,1,0,0,1,0,0,0,1,0
0,0,0,0,31,1,0,1,1,1,1,1,0,1,72.45,2156.25,0,3175,67.3828125,0.022818897637795276,6,1,0,0,0,0,0,1,0,0,1,0,0,1,0,0,0,0,1,0,0,0,1,0
0,0,0,0,56,1,0,0,0,0,0,0,0,0,19.7,1051.9,0,4831,18.454385964912284,0.004077830676878493,1,0,0,0,0,1,1,0,0,1,0,0,1,1,0,0,0,0,0,1,0,0,0,1
0,0,1,1,66,1,0,1,1,1,1,1,0,1,75.1,5013.0,0,6123,74.82089552238806,0.01226522946268169,6,0,1,0,0,0,0,1,0,0,0,1,0,0,0,1,0,0,0,1,0,1,0,0
0,0,1,1,72,1,1,0,0,0,0,0,0,0,25.0,1738.9,0,4275,23.82054794520548,0.005847953216374269,2,0,0,0,0,1,1,0,0,1,0,0,1,1,0,0,0,0,0,1,0,0,0,1
0,1,0,0,34,1,0,0,0,0,0,0,0,0,69.15,2275.1,0,4478,65.00285714285714,0.015442161679321127,1,1,0,1,1,1,1,0,1,0,1,0,0,0,1,0,0,0,1,0,0,0,0,1
0,0,1,1,58,1,0,0,1,1,0,1,0,1,91.55,5511.65,0,6423,93.41779661016949,0.014253464113342674,4,1,1,1,0,1,1,0,1,0,1,0,0,0,0,1,0,0,0,1,0,1,0,0
0,0,0,0,37,0,0,0,0,0,0,1,0,0,35.8,1316.9,0,5658,34.65526315789474,0.006327324142806645,1,0,0,0,0,1,1,1,0,0,0,0,1,0,1,0,0,0,1,0,0,1,0,0
0,0,0,0,71,1,1,1,1,1,1,1,1,1,113.15,7993.3,0,4955,111.01805555555556,0.022835519677093845,8,0,0,1,0,0,0,0,1,0,0,0,1,0,1,0,0,0,0,1,0,0,0,1
0,0,1,1,1,1,0,0,0,0,0,0,0,0,19.85,19.85,0,2618,9.925,0.007582123758594348,1,0,0,0,0,1,1,0,0,1,0,1,0,0,1,0,0,0,0,0,1,0,1,0
0,1,1,1,71,1,0,0,0,0,0,0,0,0,19.8,1388.45,0,5819,19.28402777777778,0.003402646502835539,1,0,0,0,1,1,1,0,0,1,0,0,1,0,1,0,0,0,0,1,0,1,0,0
0,0,1,1,35,1,0,0,0,0,0,0,0,0,19.9,666.0,0,2334,18.5,0.008526135389888603,1,0,1,0,0,1,1,0,0,1,0,1,0,0,0,1,0,0,1,0,0,0,1,0
0,0,1,1,6,1,0,0,0,0,0,0,0,0,19.7,94.45,0,4122,13.492857142857144,0.004779233381853469,1,0,0,0,0,1,1,0,0,1,0,1,0,0,0,0,1,0,0,0,1,0,0,1
0,0,1,1,69,1,0,0,1,1,1,0,0,0,59.1,4134.7,0,5846,59.067142857142855,0.010109476565172767,4,0,0,0,0,0,1,1,0,0,0,1,0,1,0,0,0,0,0,1,0,1,0,0
0,0,1,0,53,1,1,0,0,0,1,0,1,1,91.15,4862.5,0,6439,90.04629629629629,0.014155924833048611,4,0,1,1,0,0,1,0,1,0,0,1,0,0,0,1,0,0,0,1,0,1,0,0
0,0,1,0,5,1,0,0,0,0,0,0,0,1,68.95,351.5,0,5536,58.583333333333336,0.012454841040462428,1,1,1,1,0,1,1,0,1,0,1,0,0,0,0,1,0,0,0,0,1,1,0,0
0,0,0,1,2,1,0,0,1,0,0,0,0,0,51.55,106.2,0,4057,35.4,0.01270643332511708,2,1,0,0,0,1,1,1,0,0,1,0,0,0,0,0,1,0,0,0,1,0,0,1
0,0,0,1,62,1,1,0,0,0,0,0,0,1,24.4,1413.0,0,4889,22.428571428571427,0.004990795663734915,2,0,0,0,0,1,1,0,0,1,0,0,1,0,0,0,1,0,0,1,0,0,0,1
0,0,1,0,19,1,0,0,0,1,0,1,1,1,96.8,1743.05,0,3249,87.1525,0.02979378270236996,4,1,1,1,0,1,1,0,1,0,1,0,0,0,0,1,0,1,0,0,0,0,1,0
0,0,0,0,9,1,0,0,0,0,0,0,0,0,70.05,657.5,0,3522,65.75,0.019889267461669507,1,1,0,1,0,1,1,0,1,0,1,0,0,0,0,0,1,0,0,0,1,0,0,1
0,0,0,0,53,1,0,0,0,0,0,0,0,0,19.5,1050.5,0,5625,19.453703703703702,0.0034666666666666665,1,0,0,0,0,1,1,0,0,1,0,0,1,0,1,0,0,0,0,1,0,1,0,0
0,0,0,0,5,1,0,0,0,0,0,0,1,0,78.75,426.35,0,2610,71.05833333333334,0.03017241379310345,2,1,0,1,0,1,1,0,1,0,1,0,0,0,0,0,1,0,0,0,1,0,1,0
0,1,1,1,71,1,1,1,1,0,0,1,0,0,69.2,4982.5,0,5546,69.20138888888889,0.012477461233321312,5,0,1,0,1,1,0,1,0,0,0,1,0,0,0,1,0,0,0,1,0,1,0,0
0,0,0,0,1,1,0,0,0,0,0,0,0,1,19.55,19.55,0,5607,9.775,0.0034867130372748354,1,1,0,0,0,1,1,0,0,1,1,0,0,0,0,0,1,0,0,0,1,1,0,0
0,0,0,0,72,1,1,0,1,1,0,1,1,1,103.65,7634.8,0,6088,104.58630136986302,0.017025295663600528,6,0,1,1,0,1,1,0,1,0,0,0,1,0,0,1,0,0,0,1,0,1,0,0
0,0,1,0,4,1,0,1,1,0,0,0,0,0,54.7,235.05,0,3475,47.010000000000005,0.015741007194244604,3,1,0,0,0,1,0,1,0,0,1,0,0,0,0,0,1,0,0,0,1,0,0,1
0,0,0,0,59,1,1,0,0,1,0,0,0,0,54.15,3116.15,0,4293,51.935833333333335,0.012613556953179594,3,0,0,0,0,1,1,1,0,0,0,0,1,0,1,0,0,0,0,1,0,0,0,1
0,1,1,0,31,1,1,0,0,0,0,0,1,1,84.85,2633.4,0,5603,82.29375,0.015143673032304121,3,1,1,1,1,1,1,0,1,0,1,0,0,0,0,1,0,0,1,0,0,1,0,0
0,0,1,0,3,1,0,0,0,0,0,0,0,0,20.0,49.65,0,3985,12.4125,0.005018820577164366,1,1,0,0,0,1,1,0,0,1,1,0,0,1,0,0,0,0,0,0,1,0,0,1
0,0,1,0,49,1,0,0,0,1,1,1,1,1,99.25,4920.8,0,4995,98.416,0.01986986986986987,5,0,0,1,0,0,1,0,1,0,0,1,0,0,1,0,0,0,0,1,0,0,0,1
0,0,0,0,2,1,0,0,0,0,0,0,0,0,19.35,46.35,0,5863,15.450000000000001,0.003300358178406959,1,1,0,0,0,1,1,0,0,1,1,0,0,0,0,0,1,0,0,0,1,1,0,0
0,0,1,0,55,1,0,1,0,0,0,1,1,1,94.75,5276.1,0,6021,94.21607142857144,0.015736588606543762,4,0,1,1,0,1,0,0,1,0,0,1,0,0,0,1,0,0,0,1,0,1,0,0
0,0,1,1,72,1,1,1,1,1,1,1,1,1,114.05,8289.2,0,6254,113.55068493150686,0.018236328749600256,8,0,0,1,0,0,0,0,1,0,0,0,1,0,1,0,0,0,0,1,0,1,0,0
0,1,0,0,36,1,1,0,0,0,0,0,0,1,74.9,2659.45,0,5041,71.87702702702703,0.01485816306288435,2,1,0,1,1,1,1,0,1,0,1,0,0,1,0,0,0,0,1,0,0,0,0,1
0,0,1,1,10,1,0,0,0,0,0,0,0,1,19.8,196.75,0,3196,17.886363636363637,0.006195244055068837,1,1,0,0,0,1,1,0,0,1,1,0,0,1,0,0,0,0,0,0,1,0,1,0
0,0,1,1,72,1,1,1,1,1,1,0,1,0,80.85,5824.75,0,6317,79.79109589041096,0.012798796897261357,7,0,0,0,0,0,0,1,0,0,0,0,1,1,0,0,0,0,0,1,0,1,0,0
0,0,0,0,28,1,0,0,1,0,1,0,0,0,54.65,1517.5,0,3185,52.327586206896555,0.0171585557299843,3,1,0,0,0,0,1,1,0,0,1,0,0,1,0,0,0,0,1,0,0,0,1,0
0,0,1,0,38,1,1,1,0,0,0,1,0,0,91.7,3479.05,0,3676,89.20641025641027,0.024945593035908598,4,1,0,1,0,1,0,0,1,0,1,0,0,1,0,0,0,0,1,0,0,0,0,1
0,0,0,0,61,1,1,1,1,1,1,1,1,1,118.6,7365.7,0,5536,118.8016129032258,0.021423410404624275,8,0,1,1,0,0,0,0,1,0,0,1,0,0,0,1,0,0,0,1,0,1,0,0
0,0,1,1,52,1,1,0,0,0,0,0,0,0,24.55,1331.05,0,5535,25.114150943396226,0.004435411020776874,2,0,0,0,0,1,1,0,0,1,0,0,1,0,0,0,1,0,0,1,0,1,0,0
0,0,0,0,67,1,0,0,0,0,0,0,0,1,19.45,1195.95,0,5343,17.587500000000002,0.0036402769979412314,1,0,0,0,0,1,1,0,0,1,0,1,0,0,0,0,1,0,0,1,0,0,0,1
0,0,0,1,34,1,1,1,1,1,1,1,1,1,116.15,3946.9,0,5104,112.76857142857143,0.02275666144200627,8,0,0,1,0,0,0,0,1,0,0,0,1,0,1,0,0,0,1,0,0,0,0,1
0,0,0,0,54,1,0,1,0,1,1,1,1,0,80.6,4299.95,0,4231,78.18090909090908,0.019049870007090523,6,0,1,0,0,0,0,1,0,0,0,0,1,0,0,1,0,0,0,1,0,0,0,1
0,0,1,0,1,1,0,0,0,0,0,0,0,1,20.3,20.3,0,4215,10.15,0.004816132858837485,1,1,0,0,0,1,1,0,0,1,1,0,0,1,0,0,0,0,0,0,1,0,0,1
0,0,0,1,46,1,0,0,1,1,0,1,1,1,99.8,4391.25,0,2405,93.43085106382979,0.041496881496881494,5,1,1,1,0,1,1,0,1,0,1,0,0,0,0,1,0,0,1,0,0,0,1,0
0,0,1,1,55,1,1,1,1,0,1,1,0,1,75.0,4213.9,0,5011,75.24821428571428,0.014967072440630613,6,0,0,0,0,0,0,1,0,0,0,1,0,0,1,0,0,0,0,1,0,0,0,1
0,0,0,0,1,1,0,0,0,0,0,0,0,0,19.9,19.9,0,5057,9.95,0.003935139410717816,1,1,0,0,0,1,1,0,0,1,1,0,0,0,0,0,1,0,0,0,1,0,0,1
0,1,1,0,64,1,0,1,0,1,0,0,0,0,80.3,5017.7,0,4270,77.19538461538461,0.018805620608899298,3,0,0,1,1,1,0,0,1,0,0,1,0,0,1,0,0,0,0,1,0,0,0,1
0,0,1,0,58,1,1,1,0,1,1,1,1,1,84.3,4916.4,0,5724,83.32881355932203,0.014727463312368972,7,0,1,0,0,0,0,1,0,0,0,0,1,0,0,1,0,0,0,1,0,1,0,0
0,0,1,0,56,0,0,0,0,1,1,1,1,1,54.05,2959.8,0,6445,51.92631578947369,0.00838634600465477,4,0,0,0,0,0,1,1,0,0,0,1,0,1,0,0,0,0,0,1,0,1,0,0
0,0,1,1,72,1,0,1,0,1,1,1,1,1,104.9,7559.55,0,5169,103.5554794520548,0.02029406074675953,6,0,0,1,0,0,0,0,1,0,0,0,1,0,1,0,0,0,0,1,0,0,0,1
0,1,1,0,72,1,1,0,1,0,0,1,1,1,97.25,7133.1,0,6156,97.71369863013699,0.01579759584145549,5,0,0,1,1,1,1,0,1,0,0,1,0,0,1,0,0,0,0,1,0,1,0,0
0,0,0,0,22,1,1,0,0,0,0,0,1,0,83.05,1799.3,0,5357,78.2304347826087,0.015503080082135523,3,1,1,1,0,1,1,0,1,0,1,0,0,0,0,1,0,1,0,0,0,0,0,1
0,0,0,0,39,0,0,0,1,1,1,0,0,0,41.1,1597.05,0,3618,39.926249999999996,0.011359867330016584,3,1,0,0,0,0,1,1,0,0,1,0,0,1,0,0,0,0,1,0,0,0,0,1
0,0,0,0,12,1,0,0,0,0,0,0,0,1,45.0,524.35,0,4998,40.33461538461539,0.00900360144057623,1,1,0,0,0,1,1,1,0,0,1,0,0,1,0,0,0,0,0,0,1,0,0,1
0,0,1,0,54,1,0,1,1,0,0,1,1,1,74.55,4191.45,0,4544,76.20818181818181,0.01640625,5,0,0,0,0,1,0,1,0,0,0,0,1,1,0,0,0,0,0,1,0,0,0,1
0,0,0,0,18,0,0,1,1,0,1,0,0,1,40.2,711.95,0,4624,37.47105263157895,0.00869377162629758,3,0,0,0,0,0,0,1,0,0,0,1,0,0,0,0,1,1,0,0,0,0,0,1
0,0,1,0,32,1,0,1,1,0,1,0,1,0,70.5,2201.75,0,5870,66.71969696969697,0.012010221465076661,5,0,0,0,0,0,0,1,0,0,0,1,0,0,0,0,1,0,1,0,0,1,0,0
0,0,0,0,41,1,0,0,0,0,0,0,0,1,19.75,806.95,0,5678,19.21309523809524,0.003478337442761536,1,0,0,0,0,1,1,0,0,1,0,1,0,0,0,0,1,0,1,0,0,1,0,0
0,0,1,1,67,1,1,0,0,0,0,0,0,0,24.65,1620.45,0,4444,23.83014705882353,0.005546804680468046,2,0,0,0,0,1,1,0,0,1,0,0,1,1,0,0,0,0,0,1,0,0,0,1
0,0,1,0,65,1,1,1,0,1,0,1,1,1,104.25,6812.95,0,5089,103.22651515151514,0.02048536058164669,6,1,1,1,0,1,0,0,1,0,1,0,0,0,0,1,0,0,0,1,0,0,0,1
0,0,0,0,25,1,1,1,1,1,1,1,0,1,78.35,1837.9,0,4855,70.68846153846154,0.016138002059732235,7,1,0,0,0,0,0,1,0,0,1,0,0,1,0,0,0,0,1,0,0,0,0,1
0,0,1,0,67,1,1,0,1,1,1,1,1,1,109.7,7344.45,0,4017,108.00661764705882,0.02730893701767488,7,0,0,1,0,0,1,0,1,0,0,1,0,0,1,0,0,0,0,1,0,0,0,1
0,1,0,0,43,0,0,1,1,0,0,0,0,1,33.45,1500.25,0,4757,34.09659090909091,0.007031742694975826,2,1,0,0,1,1,0,1,0,0,1,0,0,0,1,0,0,0,1,0,0,0,0,1
0,0,0,0,24,1,0,1,0,0,0,1,1,1,94.6,2283.15,0,3667,91.32600000000001,0.025797654758658303,4,1,1,1,0,1,0,0,1,0,1,0,0,0,0,1,0,1,0,0,0,0,0,1
0,0,1,1,69,1,0,0,0,0,0,0,0,0,20.2,1376.5,0,5463,19.664285714285715,0.003697602050155592,1,0,0,0,0,1,1,0,0,1,0,0,1,1,0,0,0,0,0,1,0,1,0,0
0,0,0,1,37,1,0,0,0,0,0,0,0,0,20.3,755.4,0,4186,19.878947368421052,0.004849498327759197,1,0,0,0,0,1,1,0,0,1,0,1,0,1,0,0,0,0,1,0,0,0,0,1
0,0,1,1,20,0,0,1,0,1,1,0,0,1,39.4,825.4,0,3899,39.304761904761904,0.010105155167991792,3,0,0,0,0,0,0,1,0,0,0,0,1,0,1,0,0,1,0,0,0,0,0,1
0,0,0,0,7,1,0,0,0,0,0,0,0,0,69.15,488.65,0,4320,61.08125,0.016006944444444445,1,1,0,1,0,1,1,0,1,0,1,0,0,1,0,0,0,0,0,0,1,0,0,1
0,0,0,0,41,0,0,0,0,1,0,1,1,1,51.35,2075.1,0,5622,49.40714285714286,0.009133760227676984,3,0,1,0,0,1,1,1,0,0,0,1,0,0,0,1,0,0,1,0,0,1,0,0
0,0,0,0,54,1,0,1,1,0,0,1,1,1,100.05,5299.65,0,4478,96.35727272727271,0.022342563644484142,5,0,0,1,0,1,0,0,1,0,0,1,0,0,1,0,0,0,0,1,0,0,0,1
0,1,0,0,69,1,0,0,0,0,0,0,0,0,20.3,1356.3,0,4042,19.375714285714285,0.005022266204849085,1,0,0,0,1,1,1,0,0,1,0,0,1,0,1,0,0,0,0,1,0,0,0,1
0,0,0,0,53,1,0,0,1,1,1,0,1,1,94.45,5042.75,0,5452,93.38425925925925,0.017323917828319883,5,0,0,1,0,0,1,0,1,0,0,1,0,0,1,0,0,0,0,1,0,1,0,0
0,0,1,1,18,0,0,0,1,1,0,1,0,0,46.4,812.4,0,4003,42.757894736842104,0.011591306520109918,3,0,0,0,0,1,1,1,0,0,0,1,0,0,1,0,0,1,0,0,0,0,0,1
0,0,1,0,64,1,0,1,1,0,1,1,1,1,104.05,6605.55,0,4337,101.62384615384616,0.023991238183075858,6,0,0,1,0,0,0,0,1,0,0,0,1,0,1,0,0,0,0,1,0,0,0,1
0,0,0,0,20,0,0,0,0,0,0,0,0,0,24.9,505.95,0,5942,24.09285714285714,0.004190508246381689,0,1,0,0,0,1,1,1,0,0,1,0,0,0,1,0,0,1,0,0,0,1,0,0
0,0,1,1,57,1,0,1,1,0,1,0,0,0,59.6,3509.4,0,4778,60.50689655172414,0.012473838426119715,4,0,0,0,0,0,0,1,0,0,0,1,0,0,0,0,1,0,0,1,0,0,0,1
0,1,1,0,63,1,1,1,1,1,0,1,1,0,108.5,6991.9,0,6453,109.2484375,0.016813885014721835,7,0,0,1,1,1,0,0,1,0,0,0,1,0,1,0,0,0,0,1,0,1,0,0
0,0,1,1,13,0,0,1,1,0,1,0,0,0,40.55,590.35,0,2898,42.167857142857144,0.013992408557625948,3,0,0,0,0,0,0,1,0,0,0,0,1,0,0,0,1,1,0,0,0,0,1,0
0,1,1,0,48,1,0,0,1,0,0,0,1,1,58.95,2789.7,0,4815,56.932653061224485,0.012242990654205609,3,0,0,0,1,1,1,1,0,0,0,1,0,1,0,0,0,0,1,0,0,0,0,1
0,0,1,1,57,1,0,0,0,0,0,0,0,0,20.75,1123.15,0,4937,19.364655172413794,0.004202957261494835,1,0,0,0,0,1,1,0,0,1,0,0,1,0,0,0,1,0,0,1,0,0,0,1
0,0,1,0,71,1,1,0,1,1,1,1,1,1,113.15,7953.25,0,4068,110.46180555555556,0.02781465093411996,7,0,0,1,0,0,1,0,1,0,0,1,0,1,0,0,0,0,0,1,0,0,0,1
0,0,1,1,7,1,1,0,0,0,0,0,0,0,48.8,349.8,0,4785,43.725,0.01019853709508882,2,1,1,0,0,1,1,1,0,0,1,0,0,0,0,1,0,0,0,0,1,0,0,1
0,0,0,0,16,1,1,0,0,0,0,0,1,1,63.05,1067.05,0,3214,62.76764705882353,0.01961729931549471,3,1,0,0,0,1,1,1,0,0,1,0,0,1,0,0,0,1,0,0,0,0,1,0
0,0,1,0,34,1,1,0,0,1,0,1,1,0,100.85,3527.3,0,5891,100.78,0.017119334578170088,5,1,1,1,0,1,1,0,1,0,1,0,0,0,0,1,0,0,1,0,0,1,0,0
0,0,0,0,16,1,1,0,1,0,0,0,0,1,80.55,1248.9,0,5183,73.46470588235294,0.015541192359637275,3,1,0,1,0,1,1,0,1,0,1,0,0,0,0,0,1,1,0,0,0,0,0,1
0,0,0,1,48,1,1,1,1,1,0,0,0,1,64.4,3035.35,0,2545,61.945918367346934,0.025304518664047152,5,0,0,0,0,1,0,1,0,0,0,1,0,1,0,0,0,0,1,0,0,0,1,0
0,0,1,1,58,1,0,0,1,0,1,1,1,1,75.2,4300.8,0,4559,72.89491525423729,0.016494845360824743,5,0,0,0,0,0,1,1,0,0,0,1,0,0,1,0,0,0,0,1,0,0,0,1
0,0,1,0,72,1,1,1,0,1,1,1,1,1,84.9,6065.3,0,4447,83.08630136986302,0.019091522374634587,7,0,0,0,0,0,0,1,0,0,0,0,1,1,0,0,0,0,0,1,0,0,0,1
0,0,0,0,7,1,0,0,0,0,0,0,0,0,19.3,144.95,0,4764,18.11875,0.0040512174643157015,1,1,0,0,0,1,1,0,0,1,1,0,0,0,0,0,1,0,0,0,1,0,0,1
0,0,0,0,30,1,0,1,1,1,1,1,0,0,74.65,2308.6,0,5616,74.47096774193548,0.013292378917378918,6,0,0,0,0,0,0,1,0,0,0,1,0,0,1,0,0,0,1,0,0,1,0,0
0,0,1,0,31,1,1,0,0,0,0,1,0,1,59.05,1882.8,0,5841,58.8375,0.010109570279061803,3,1,0,0,0,1,1,1,0,0,1,0,0,0,1,0,0,0,1,0,0,1,0,0
0,1,0,0,46,1,1,0,0,1,1,0,1,1,69.1,3255.35,0,3856,69.2627659574468,0.0179201244813278,5,0,0,0,1,0,1,1,0,0,0,1,0,0,1,0,0,0,1,0,0,0,0,1
0,0,1,0,50,1,0,0,0,0,0,0,0,0,20.55,1067.65,0,4745,20.9343137254902,0.004330874604847208,1,0,0,0,0,1,1,0,0,1,0,0,1,0,0,0,1,0,0,1,0,0,0,1
0,0,1,0,28,1,0,0,0,0,1,0,0,0,76.55,2065.4,0,2085,71.22068965517242,0.036714628297362106,2,1,0,1,0,0,1,0,1,0,1,0,0,1,0,0,0,0,1,0,0,0,1,0
0,0,0,0,66,0,0,1,1,1,1,1,1,1,62.5,4136.4,0,4165,61.73731343283581,0.015006002400960384,6,0,0,0,0,0,0,1,0,0,0,0,1,1,0,0,0,0,0,1,0,0,0,1
0,0,1,1,41,1,0,0,0,1,0,1,1,1,94.9,3848.0,0,3539,91.61904761904762,0.02681548460016954,4,1,0,1,0,1,1,0,1,0,1,0,0,1,0,0,0,0,1,0,0,0,0,1
0,1,1,0,72,1,1,0,1,1,1,1,1,1,111.65,8022.85,0,4406,109.90205479452055,0.025340444847934636,7,0,0,1,1,0,1,0,1,0,0,0,1,1,0,0,0,0,0,1,0,0,0,1
0,0,0,0,7,1,0,0,0,0,0,0,0,0,19.9,173.15,0,2750,21.64375,0.007236363636363636,1,0,0,0,0,1,1,0,0,1,0,1,0,0,0,0,1,0,0,0,1,0,1,0
0,0,1,1,38,1,0,0,0,0,0,0,0,0,20.45,781.25,0,5587,20.03205128205128,0.0036602827993556467,1,1,0,0,0,1,1,0,0,1,1,0,0,0,0,0,1,0,1,0,0,1,0,0
0,0,0,0,44,1,0,1,1,1,0,1,1,1,106.05,4510.8,0,4588,100.24000000000001,0.023114646904969484,6,0,1,1,0,1,0,0,1,0,0,1,0,0,0,1,0,0,1,0,0,0,0,1
0,0,1,1,47,1,1,1,1,1,1,1,1,1,113.45,5317.8,0,3729,110.78750000000001,0.030423706087422904,8,0,0,1,0,0,0,0,1,0,0,1,0,1,0,0,0,0,1,0,0,0,0,1
0,0,1,1,53,1,0,0,1,0,1,1,0,1,92.55,4779.45,0,4700,88.50833333333333,0.019691489361702126,4,1,1,1,0,0,1,0,1,0,1,0,0,0,0,1,0,0,0,1,0,0,0,1
0,0,1,0,4,1,1,0,0,1,0,1,0,0,65.6,250.1,0,4552,50.019999999999996,0.014411247803163444,4,1,1,0,0,1,1,1,0,0,1,0,0,0,0,1,0,0,0,0,1,0,0,1
0,1,0,0,20,1,1,0,0,0,0,1,0,1,84.35,1745.2,0,4915,83.1047619047619,0.0171617497456765,3,1,1,1,1,1,1,0,1,0,1,0,0,0,0,1,0,1,0,0,0,0,0,1
0,1,1,0,57,1,1,0,1,1,0,1,0,1,71.1,4140.1,0,5462,71.38103448275862,0.013017209813255217,5,0,0,0,1,1,1,1,0,0,0,1,0,0,1,0,0,0,0,1,0,1,0,0
0,1,1,0,44,1,0,1,1,0,1,0,0,1,85.15,3670.5,0,2672,81.56666666666666,0.03186751497005988,4,1,1,1,1,0,0,0,1,0,1,0,0,0,0,1,0,0,1,0,0,0,1,0
0,0,0,0,24,1,0,0,0,1,0,0,0,1,49.7,1167.8,0,5832,46.711999999999996,0.008521947873799725,2,1,0,0,0,1,1,1,0,0,1,0,0,0,0,0,1,1,0,0,0,1,0,0
0,0,1,1,15,0,0,1,0,0,0,0,0,1,30.2,469.65,0,5825,29.353125,0.005184549356223176,1,1,0,0,0,1,0,1,0,0,1,0,0,1,0,0,0,1,0,0,0,1,0,0
0,0,0,0,24,1,0,1,0,0,1,0,0,0,56.35,1381.2,0,5128,55.248000000000005,0.010988689547581903,3,1,0,0,0,0,0,1,0,0,1,0,0,0,1,0,0,1,0,0,0,0,0,1
0,0,0,0,33,1,1,0,1,1,0,1,1,0,107.55,3645.5,0,4800,107.22058823529412,0.02240625,6,1,1,1,0,1,1,0,1,0,1,0,0,0,0,1,0,0,1,0,0,0,0,1
0,0,1,1,58,1,0,0,0,0,0,0,0,1,19.85,1158.85,0,6440,19.64152542372881,0.003082298136645963,1,0,0,0,0,1,1,0,0,1,0,0,1,0,0,0,1,0,0,1,0,1,0,0
0,0,1,1,72,1,1,1,1,0,0,1,0,1,95.9,6954.15,0,4213,95.26232876712328,0.0227628768098742,5,0,0,1,0,1,0,0,1,0,0,0,1,1,0,0,0,0,0,1,0,0,0,1
0,0,1,0,71,1,1,0,0,0,0,0,0,0,23.85,1672.1,0,6166,23.22361111111111,0.003867985728186831,2,0,0,0,0,1,1,0,0,1,0,0,1,0,0,0,1,0,0,1,0,1,0,0
0,0,1,0,51,1,0,1,1,1,1,1,1,1,83.85,4307.1,0,5703,82.82884615384616,0.014702788006312466,7,0,0,0,0,0,0,1,0,0,0,0,1,0,1,0,0,0,0,1,0,1,0,0
0,1,1,0,72,1,0,1,1,0,1,0,0,1,84.8,6141.65,0,4240,84.13219178082191,0.02,4,0,0,1,1,0,0,0,1,0,0,0,1,0,1,0,0,0,0,1,0,0,0,1
0,0,0,1,14,1,0,1,1,1,1,0,1,0,76.1,1054.8,0,2045,70.32,0.03721271393643032,6,0,0,0,0,0,0,1,0,0,0,0,1,1,0,0,0,1,0,0,0,0,1,0
0,0,1,1,72,1,1,1,1,0,1,1,0,0,74.55,5430.65,0,4703,74.39246575342466,0.015851584095258345,6,0,0,0,0,0,0,1,0,0,0,0,1,0,0,0,1,0,0,1,0,0,0,1
0,0,1,1,22,0,0,0,1,0,0,1,0,0,39.2,849.9,0,3288,36.952173913043474,0.011922141119221411,2,1,1,0,0,1,1,1,0,0,1,0,0,0,0,1,0,1,0,0,0,0,1,0
0,0,0,0,2,1,1,0,1,0,0,0,0,0,79.55,151.75,0,5965,50.583333333333336,0.01333612740989103,3,1,1,1,0,1,1,0,1,0,1,0,0,0,0,1,0,0,0,0,1,1,0,0
0,0,0,0,15,1,0,0,0,0,0,0,0,0,19.6,299.4,0,3195,18.7125,0.0061345852895148675,1,1,0,0,0,1,1,0,0,1,1,0,0,0,0,0,1,1,0,0,0,0,1,0
0,0,1,1,51,1,0,0,0,0,0,0,0,0,19.55,1086.75,0,5974,20.89903846153846,0.003272514228322732,1,0,0,0,0,1,1,0,0,1,0,0,1,0,1,0,0,0,0,1,0,1,0,0
0,0,1,0,70,0,0,1,0,1,1,0,0,1,39.15,2692.75,0,5840,37.92605633802817,0.006703767123287671,3,0,0,0,0,0,0,1,0,0,0,0,1,0,1,0,0,0,0,1,0,1,0,0
0,0,1,1,71,1,0,0,0,0,0,0,0,0,20.1,1389.6,0,5043,19.299999999999997,0.003985722784057109,1,0,0,0,0,1,1,0,0,1,0,0,1,1,0,0,0,0,0,1,0,0,0,1
0,0,1,1,39,1,1,0,0,0,1,1,1,1,99.95,3767.4,0,4447,94.185,0.022475826399820105,5,1,0,1,0,0,1,0,1,0,1,0,0,0,1,0,0,0,1,0,0,0,0,1
0,0,1,1,61,1,1,1,1,0,0,0,0,0,59.8,3641.5,0,5381,58.733870967741936,0.011113175989593011,4,1,1,0,0,1,0,1,0,0,1,0,0,0,0,1,0,0,0,1,0,1,0,0
0,0,0,0,52,1,0,1,0,0,0,0,0,1,49.75,2535.55,0,6334,47.840566037735854,0.007854436375118408,2,1,0,0,0,1,0,1,0,0,1,0,0,1,0,0,0,0,0,1,0,1,0,0
0,0,1,0,64,1,1,1,0,1,1,1,1,1,108.5,6880.85,0,4576,105.85923076923078,0.023710664335664336,7,0,0,1,0,0,0,0,1,0,0,1,0,0,0,0,1,0,0,1,0,0,0,1
0,0,1,0,62,1,0,0,1,1,1,0,0,1,60.15,3753.2,0,4404,59.57460317460317,0.013658038147138965,4,0,0,0,0,0,1,1,0,0,0,0,1,0,1,0,0,0,0,1,0,0,0,1
0,0,1,0,30,1,0,0,0,0,0,0,0,0,19.05,637.55,0,2347,20.566129032258065,0.008116744780570942,1,0,0,0,0,1,1,0,0,1,0,0,1,0,0,0,1,0,1,0,0,0,1,0
0,1,1,0,63,1,0,1,1,1,1,1,1,1,84.0,5329.55,0,5688,83.27421875,0.014767932489451477,7,0,0,0,1,0,0,1,0,0,0,1,0,1,0,0,0,0,0,1,0,1,0,0
0,0,0,0,1,1,0,0,0,0,0,0,0,1,44.55,44.55,0,5825,22.275,0.007648068669527897,1,1,0,0,0,1,1,1,0,0,1,0,0,0,1,0,0,0,0,0,1,1,0,0
0,0,1,0,15,1,1,0,0,1,1,1,1,1,103.45,1539.8,0,5640,96.2375,0.018342198581560283,6,1,1,1,0,0,1,0,1,0,1,0,0,0,0,1,0,1,0,0,0,1,0,0
0,0,1,1,27,1,0,1,1,0,0,0,0,1,80.65,2209.75,0,5856,78.91964285714286,0.013772199453551914,3,0,0,1,0,1,0,0,1,0,0,1,0,0,1,0,0,0,1,0,0,1,0,0
0,0,0,1,4,0,0,1,1,1,0,1,1,1,57.2,223.75,0,2421,44.75,0.02362660057827344,5,1,0,0,0,1,0,1,0,0,1,0,0,0,0,0,1,0,0,0,1,0,1,0
0,0,1,0,72,1,1,1,1,1,0,1,1,1,110.75,7751.7,0,4848,106.18767123287671,0.02284447194719472,7,0,1,1,0,1,0,0,1,0,0,0,1,0,0,1,0,0,0,1,0,0,0,1
0,1,1,0,45,1,1,0,0,0,0,0,0,0,24.7,1174.35,0,5644,25.529347826086955,0.004376328844790929,2,0,0,0,1,1,1,0,0,1,0,1,0,0,1,0,0,0,1,0,0,1,0,0
0,1,0,0,45,1,1,1,1,0,1,1,0,1,97.05,4385.05,0,4735,95.32717391304348,0.020496304118268215,6,1,1,1,1,0,0,0,1,0,1,0,0,0,0,1,0,0,1,0,0,0,0,1
0,0,0,0,36,1,0,1,1,1,1,1,0,1,76.35,2606.35,0,4771,70.44189189189188,0.016002934395304966,6,0,0,0,0,0,0,1,0,0,0,1,0,0,0,0,1,0,1,0,0,0,0,1
0,0,0,0,1,1,0,0,0,0,0,0,0,0,18.9,18.9,0,4480,9.45,0.004218749999999999,1,1,0,0,0,1,1,0,0,1,1,0,0,0,0,0,1,0,0,0,1,0,0,1
0,1,0,0,16,1,1,0,0,0,0,0,0,1,74.45,1261.35,0,5111,74.1970588235294,0.014566621013500295,2,1,0,1,1,1,1,0,1,0,1,0,0,1,0,0,0,1,0,0,0,0,0,1
0,0,1,0,71,1,0,1,1,1,1,1,1,1,84.4,5969.3,0,5619,82.90694444444445,0.015020466275137926,7,0,0,0,0,0,0,1,0,0,0,0,1,0,1,0,0,0,0,1,0,1,0,0
0,0,1,1,10,1,1,0,0,0,0,0,0,1,24.4,253.9,0,4458,23.081818181818182,0.005473306415432929,2,1,0,0,0,1,1,0,0,1,1,0,0,0,0,0,1,0,0,0,1,0,0,1
0,0,1,1,20,1,0,0,0,0,0,0,0,0,20.05,400.0,0,4328,19.047619047619047,0.004632624768946395,1,0,0,0,0,1,1,0,0,1,0,0,1,0,0,0,1,1,0,0,0,0,0,1
0,0,0,0,4,1,0,0,0,0,0,1,0,0,55.5,227.35,0,2328,45.47,0.02384020618556701,2,1,0,0,0,1,1,1,0,0,1,0,0,0,1,0,0,0,0,0,1,0,1,0
0,1,1,0,29,1,1,0,0,0,0,0,1,1,84.3,2357.75,0,2217,78.59166666666667,0.038024357239512856,3,1,1,1,1,1,1,0,1,0,1,0,0,0,0,1,0,0,1,0,0,0,1,0
0,0,0,0,2,1,0,1,1,0,0,1,1,0,100.2,198.5,0,4855,66.16666666666667,0.02063851699279094,5,1,1,1,0,1,0,0,1,0,1,0,0,0,0,1,0,0,0,0,1,0,0,1
0,0,0,0,29,1,0,0,0,0,0,0,0,0,19.4,554.25,0,2265,18.475,0.008565121412803531,1,0,0,0,0,1,1,0,0,1,0,0,1,0,0,0,1,0,1,0,0,0,1,0
0,0,0,0,13,1,0,0,0,0,0,0,0,1,20.4,251.65,0,2486,17.975,0.008205953338696701,1,1,1,0,0,1,1,0,0,1,1,0,0,0,0,1,0,1,0,0,0,0,1,0
0,0,1,0,59,1,1,1,1,0,0,1,0,1,94.75,5597.65,0,5238,93.29416666666665,0.018088965253913708,5,1,1,1,0,1,0,0,1,0,1,0,0,0,0,1,0,0,0,1,0,0,0,1
0,0,1,0,18,1,0,0,0,0,0,0,0,1,44.35,768.05,0,2935,40.42368421052631,0.015110732538330495,1,1,0,0,0,1,1,1,0,0,1,0,0,1,0,0,0,1,0,0,0,0,1,0
0,0,1,1,17,1,0,1,1,0,0,1,1,0,74.55,1215.8,0,4451,67.54444444444444,0.016749045158391374,5,1,0,0,0,1,0,1,0,0,1,0,0,0,0,0,1,1,0,0,0,0,0,1
0,0,1,0,47,1,0,0,1,1,0,1,1,0,73.6,3522.65,0,4795,73.38854166666667,0.015349322210636078,5,0,1,0,0,1,1,1,0,0,0,0,1,0,0,1,0,0,1,0,0,0,0,1
0,0,1,1,19,1,1,0,0,0,0,0,0,0,50.1,910.45,0,5749,45.5225,0.008714559053748478,2,1,0,0,0,1,1,1,0,0,1,0,0,0,1,0,0,1,0,0,0,1,0,0
0,1,1,1,68,0,0,0,1,1,0,1,1,1,53.0,3656.25,0,5583,52.98913043478261,0.009493104065914384,4,0,1,0,1,1,1,1,0,0,0,0,1,0,0,1,0,0,0,1,0,1,0,0
0,0,1,0,2,1,0,0,0,0,0,0,0,0,19.85,52.0,0,4107,17.333333333333332,0.004833211589968347,1,1,0,0,0,1,1,0,0,1,1,0,0,1,0,0,0,0,0,0,1,0,0,1
0,0,0,0,7,0,0,0,0,0,0,0,0,1,24.35,150.85,0,4665,18.85625,0.005219721329046088,0,0,0,0,0,1,1,1,0,0,0,1,0,0,1,0,0,0,0,0,1,0,0,1
0,0,0,0,18,1,0,0,0,0,0,0,0,1,19.55,389.25,0,2386,20.486842105263158,0.00819362950544845,1,1,0,0,0,1,1,0,0,1,1,0,0,0,0,0,1,1,0,0,0,0,1,0
0,0,1,0,71,1,1,0,0,0,0,0,0,0,25.05,1873.7,0,6334,26.023611111111112,0.0039548468582254505,2,0,0,0,0,1,1,0,0,1,0,0,1,0,1,0,0,0,0,1,0,1,0,0
0,1,1,0,13,1,1,1,1,0,0,0,1,0,93.8,1261.0,0,5870,90.07142857142857,0.01597955706984668,5,1,0,1,1,1,0,0,1,0,1,0,0,0,1,0,0,1,0,0,0,1,0,0
0,0,1,0,72,1,1,0,1,1,0,1,1,1,103.75,7346.2,0,4655,100.63287671232877,0.02228786251342642,6,0,0,1,0,1,1,0,1,0,0,0,1,1,0,0,0,0,0,1,0,0,0,1
0,0,1,1,66,0,0,0,1,1,0,1,1,1,56.75,3708.4,0,5748,55.34925373134328,0.009872999304105776,4,0,0,0,0,1,1,1,0,0,0,0,1,0,1,0,0,0,0,1,0,1,0,0
0,0,1,1,24,1,0,0,0,0,0,0,0,1,20.8,469.65,0,4654,18.785999999999998,0.00446927374301676,1,0,0,0,0,1,1,0,0,1,0,1,0,0,1,0,0,1,0,0,0,0,0,1
0,0,1,1,56,1,1,0,0,0,0,0,0,1,24.45,1385.85,0,5577,24.31315789473684,0.004384077461000538,2,0,0,0,0,1,1,0,0,1,0,0,1,0,0,0,1,0,0,1,0,1,0,0
0,1,1,0,22,1,1,0,0,0,0,0,0,0,25.6,548.8,0,2628,23.86086956521739,0.009741248097412482,2,0,0,0,1,1,1,0,0,1,0,1,0,1,0,0,0,1,0,0,0,0,1,0
0,0,0,0,42,1,0,1,1,1,0,0,0,0,59.65,2536.55,0,3048,58.989534883720935,0.01957020997375328,4,1,0,0,0,1,0,1,0,0,1,0,0,1,0,0,0,0,1,0,0,0,1,0
0,0,1,1,72,1,1,1,0,1,1,1,1,1,83.3,6042.7,0,4505,82.77671232876712,0.01849056603773585,7,0,0,0,0,0,0,1,0,0,0,0,1,1,0,0,0,0,0,1,0,0,0,1
0,0,0,0,12,1,1,0,0,0,1,0,0,1,79.55,958.25,0,3445,73.71153846153847,0.02309143686502177,3,1,0,1,0,0,1,0,1,0,1,0,0,0,1,0,0,0,0,0,1,0,1,0
0,0,1,0,71,1,1,0,0,0,0,0,0,0,24.45,1730.65,0,4766,24.036805555555556,0.005130088124213177,2,0,0,0,0,1,1,0,0,1,0,0,1,1,0,0,0,0,0,1,0,0,0,1
0,0,1,0,26,1,0,0,0,0,0,0,0,0,19.2,459.6,0,3656,17.022222222222222,0.00525164113785558,1,0,0,0,0,1,1,0,0,1,0,1,0,0,0,0,1,0,1,0,0,0,0,1
0,0,0,1,7,0,0,1,0,0,0,0,0,0,29.8,201.95,0,4236,25.24375,0.007034938621340888,1,1,0,0,0,1,0,1,0,0,1,0,0,0,0,0,1,0,0,0,1,0,0,1
0,0,1,1,6,1,0,0,0,0,0,0,0,0,45.5,285.2,0,5450,40.74285714285714,0.00834862385321101,1,1,0,0,0,1,1,1,0,0,1,0,0,0,0,0,1,0,0,0,1,1,0,0
0,0,1,0,51,0,0,0,1,0,0,0,0,1,30.05,1529.45,0,5045,29.4125,0.0059563924677898915,1,1,0,0,0,1,1,1,0,0,1,0,0,0,1,0,0,0,0,1,0,0,0,1
0,0,1,1,72,0,0,1,1,1,1,1,1,1,65.65,4664.5,0,4934,63.897260273972606,0.01330563437373328,6,0,0,0,0,0,0,1,0,0,0,0,1,1,0,0,0,0,0,1,0,0,0,1
0,0,0,0,47,1,1,1,1,0,1,0,1,0,74.05,3496.3,0,2831,72.83958333333334,0.026156835040621686,6,0,0,0,0,0,0,1,0,0,0,0,1,0,0,0,1,0,1,0,0,0,1,0
0,1,0,0,62,1,1,0,1,1,1,1,1,1,110.75,7053.35,0,5166,111.95793650793651,0.021438250096786682,7,0,0,1,1,0,1,0,1,0,0,1,0,1,0,0,0,0,0,1,0,0,0,1
0,0,1,1,16,1,0,0,0,0,0,0,0,0,19.7,301.55,0,5293,17.738235294117647,0.0037218968448894767,1,0,0,0,0,1,1,0,0,1,0,0,1,0,0,0,1,1,0,0,0,0,0,1
0,0,0,0,6,1,0,0,0,0,1,0,0,1,49.5,312.7,0,5552,44.67142857142857,0.008915706051873199,2,1,0,0,0,0,1,1,0,0,1,0,0,0,1,0,0,0,0,0,1,1,0,0
0,0,1,1,69,0,0,1,0,1,0,0,1,1,43.95,2960.1,0,4479,42.287142857142854,0.009812458137977228,3,0,0,0,0,1,0,1,0,0,0,0,1,0,1,0,0,0,0,1,0,0,0,1
0,0,1,0,64,1,1,0,1,1,1,1,1,1,111.15,6953.4,0,5455,106.97538461538461,0.020375802016498627,7,1,1,1,0,0,1,0,1,0,1,0,0,0,0,1,0,0,0,1,0,1,0,0
0,0,0,0,25,1,0,0,0,0,0,0,0,0,20.6,541.5,0,2305,20.826923076923077,0.00893709327548807,1,1,0,0,0,1,1,0,0,1,1,0,0,0,0,0,1,0,1,0,0,0,1,0
0,0,0,0,6,1,0,0,0,0,0,0,0,0,19.65,116.85,0,3945,16.692857142857143,0.004980988593155893,1,0,0,0,0,1,1,0,0,1,0,0,1,0,1,0,0,0,0,0,1,0,0,1
0,0,1,0,66,1,1,1,1,1,1,1,1,0,115.8,7942.15,0,5845,118.53955223880597,0.01981180496150556,8,0,0,1,0,0,0,0,1,0,0,1,0,1,0,0,0,0,0,1,0,1,0,0
0,0,0,0,61,1,1,0,1,1,1,1,1,0,88.65,5321.25,0,4730,85.82661290322581,0.018742071881606766,7,0,0,0,0,0,1,1,0,0,0,0,1,0,1,0,0,0,0,1,0,0,0,1
0,1,1,0,43,1,1,1,1,0,0,1,0,1,94.5,4156.8,0,4745,94.47272727272728,0.019915700737618548,5,1,1,1,1,1,0,0,1,0,1,0,0,0,0,1,0,0,1,0,0,0,0,1
0,0,0,0,12,1,0,0,0,0,0,0,0,0,20.1,223.6,0,5179,17.2,0.003881058119328056,1,1,0,0,0,1,1,0,0,1,1,0,0,0,0,0,1,0,0,0,1,0,0,1
0,1,0,0,23,0,0,0,0,0,0,0,1,1,34.65,768.45,0,2307,32.018750000000004,0.015019505851755526,1,1,0,0,1,1,1,1,0,0,1,0,0,1,0,0,0,1,0,0,0,0,1,0
0,1,1,0,71,0,0,0,1,1,0,1,1,1,52.3,3765.05,0,5491,52.29236111111111,0.00952467674376252,4,1,0,0,1,1,1,1,0,0,1,0,0,1,0,0,0,0,0,1,0,1,0,0
0,0,0,0,34,1,1,0,0,0,1,1,0,0,65.0,2157.5,0,5567,61.642857142857146,0.011675947548051015,4,1,0,0,0,0,1,1,0,0,1,0,0,0,0,0,1,0,1,0,0,1,0,0
0,0,1,0,41,0,0,0,1,0,1,0,0,0,35.45,1391.65,0,2954,33.13452380952381,0.012000677048070413,2,0,0,0,0,0,1,1,0,0,0,1,0,0,0,0,1,0,1,0,0,0,1,0
0,0,1,1,72,1,0,0,0,0,0,0,0,0,19.7,1379.8,0,5451,18.9013698630137,0.003614015776921666,1,0,0,0,0,1,1,0,0,1,0,0,1,0,1,0,0,0,0,1,0,1,0,0
0,1,0,0,14,1,1,0,0,0,0,1,1,1,95.6,1273.3,0,3502,84.88666666666667,0.027298686464877212,4,1,1,1,1,1,1,0,1,0,1,0,0,0,0,1,0,1,0,0,0,0,0,1
0,0,0,0,41,1,0,0,0,0,0,0,0,1,19.85,810.45,0,3523,19.29642857142857,0.005634402497871133,1,0,0,0,0,1,1,0,0,1,0,0,1,0,0,0,1,0,1,0,0,0,0,1
0,0,1,1,23,1,1,1,0,0,0,0,0,0,81.85,1810.85,0,5939,75.45208333333333,0.013781781444687656,3,0,0,1,0,1,0,0,1,0,0,1,0,0,1,0,0,1,0,0,0,1,0,0
0,0,1,1,71,1,0,1,1,1,1,1,1,0,109.3,7782.85,0,5737,108.0951388888889,0.01905176921736099,7,0,0,1,0,0,0,0,1,0,0,0,1,0,1,0,0,0,0,1,0,1,0,0
0,0,1,0,72,1,1,0,0,0,0,0,0,0,25.4,1797.1,0,6011,24.61780821917808,0.004225586424887706,2,0,0,0,0,1,1,0,0,1,0,0,1,0,0,0,1,0,0,1,0,1,0,0
0,0,1,1,6,1,0,0,0,0,0,0,0,1,69.8,377.85,0,2651,53.978571428571435,0.026329686910599774,1,1,1,1,0,1,1,0,1,0,1,0,0,0,0,1,0,0,0,0,1,0,1,0
0,0,1,1,23,1,0,0,0,0,0,0,0,1,20.0,445.3,0,2170,18.554166666666667,0.009216589861751152,1,0,0,0,0,1,1,0,0,1,0,1,0,0,1,0,0,1,0,0,0,0,1,0
0,0,0,0,72,1,0,1,1,1,1,1,1,1,109.9,7624.2,0,5234,104.44109589041096,0.02099732518150554,7,0,1,1,0,0,0,0,1,0,0,0,1,0,0,1,0,0,0,1,0,0,0,1
0,0,1,0,7,1,0,1,0,0,0,0,0,1,50.3,355.1,0,2547,44.3875,0.019748723989006674,2,1,0,0,0,1,0,1,0,0,1,0,0,1,0,0,0,0,0,0,1,0,1,0
0,0,1,1,9,1,0,0,1,0,1,1,1,1,101.5,906.85,0,2757,90.685,0.03681537903518317,5,1,1,1,0,0,1,0,1,0,1,0,0,0,0,1,0,0,0,0,1,0,1,0
0,0,0,0,12,1,1,0,1,0,0,0,1,1,89.15,1057.55,0,4041,81.35,0.022061370947785205,4,1,1,1,0,1,1,0,1,0,1,0,0,0,0,1,0,0,0,0,1,0,0,1
0,0,0,0,1,1,0,0,0,0,0,0,0,1,19.4,19.4,0,2742,9.7,0.007075127644055434,1,1,0,0,0,1,1,0,0,1,1,0,0,0,0,0,1,0,0,0,1,0,1,0
0,1,1,1,48,0,0,0,1,0,0,0,0,0,29.9,1388.75,0,2617,28.341836734693878,0.011425296140619028,1,0,0,0,1,1,1,1,0,0,0,1,0,1,0,0,0,0,1,0,0,0,1,0
0,0,0,0,20,1,0,0,0,0,0,1,0,0,78.8,1641.3,0,2317,78.15714285714286,0.03400949503668537,2,1,1,1,0,1,1,0,1,0,1,0,0,0,0,1,0,1,0,0,0,0,1,0
0,0,0,0,10,1,0,0,0,0,0,0,0,1,19.3,185.2,0,4190,16.836363636363636,0.004606205250596659,1,0,0,0,0,1,1,0,0,1,0,1,0,0,0,0,1,0,0,0,1,0,0,1
0,0,1,1,20,1,1,0,1,0,1,1,0,0,96.8,1826.7,0,3222,86.9857142857143,0.03004345127250155,5,1,0,1,0,0,1,0,1,0,1,0,0,0,0,0,1,1,0,0,0,0,1,0
0,0,1,0,20,1,0,0,0,0,0,0,0,0,20.65,417.5,0,4147,19.88095238095238,0.004979503255365324,1,0,0,0,0,1,1,0,0,1,0,1,0,0,0,0,1,1,0,0,0,0,0,1
0,0,1,1,19,1,0,0,0,0,0,0,0,0,19.8,344.5,0,4464,17.225,0.004435483870967742,1,0,0,0,0,1,1,0,0,1,0,1,0,0,0,0,1,1,0,0,0,0,0,1
0,0,1,0,22,1,0,1,1,0,1,1,1,1,104.6,2180.55,0,2429,94.80652173913045,0.04306298888431453,6,1,1,1,0,0,0,0,1,0,1,0,0,0,0,1,0,1,0,0,0,0,1,0
0,0,0,0,35,1,1,0,0,0,1,0,0,0,80.05,2835.9,0,3999,78.775,0.020017504376094022,3,1,0,1,0,0,1,0,1,0,1,0,0,0,1,0,0,0,1,0,0,0,0,1
0,0,0,0,1,1,0,0,0,0,0,0,0,0,45.15,45.15,0,4131,22.575,0.01092955700798838,1,1,0,0,0,1,1,1,0,0,1,0,0,0,0,0,1,0,0,0,1,0,0,1
0,0,0,0,39,1,1,0,0,0,0,0,0,1,73.15,2730.85,0,3271,68.27125,0.022363191684500155,2,1,0,1,0,1,1,0,1,0,1,0,0,0,1,0,0,0,1,0,0,0,1,0
0,1,1,0,54,1,0,0,0,1,1,1,1,1,99.1,5437.1,0,4118,98.85636363636364,0.02406508013598834,5,0,1,1,1,0,1,0,1,0,0,1,0,0,0,1,0,0,0,1,0,0,0,1
0,0,0,0,56,1,1,1,0,0,1,1,1,1,105.35,5794.45,0,5680,101.65701754385965,0.018547535211267605,6,1,0,1,0,0,0,0,1,0,1,0,0,0,0,0,1,0,0,1,0,1,0,0
0,0,0,1,18,1,0,0,0,0,0,0,0,1,45.65,747.2,0,4403,39.32631578947369,0.01036793095616625,1,1,0,0,0,1,1,1,0,0,1,0,0,0,1,0,0,1,0,0,0,0,0,1
0,0,1,1,16,1,1,0,1,0,0,0,0,1,79.95,1267.95,0,3855,74.58529411764707,0.02073929961089494,3,1,0,1,0,1,1,0,1,0,1,0,0,0,1,0,0,1,0,0,0,0,0,1
0,0,0,0,68,1,0,1,0,1,0,0,0,1,54.45,3674.95,0,6309,53.26014492753623,0.00863052781740371,3,0,0,0,0,1,0,1,0,0,0,1,0,0,1,0,0,0,0,1,0,1,0,0
0,1,1,0,53,1,1,0,0,0,0,0,0,0,25.1,1275.6,0,5295,23.62222222222222,0.004740321057601511,2,0,0,0,1,1,1,0,0,1,0,0,1,0,1,0,0,0,0,1,0,0,0,1
0,0,1,1,72,1,1,1,0,1,1,1,1,0,84.7,5893.9,0,6375,80.73835616438356,0.013286274509803922,7,0,0,0,0,0,0,1,0,0,0,0,1,0,1,0,0,0,0,1,0,1,0,0
0,0,0,0,9,1,1,0,0,0,0,0,0,1,75.85,724.65,0,5212,72.465,0.014552954719877205,2,1,1,1,0,1,1,0,1,0,1,0,0,0,0,1,0,0,0,0,1,0,0,1
0,0,0,0,30,1,0,1,0,0,0,0,0,1,48.8,1536.75,0,4864,49.57258064516129,0.010032894736842105,2,1,0,0,0,1,0,1,0,0,1,0,0,0,0,0,1,0,1,0,0,0,0,1
0,0,0,0,18,0,0,0,0,1,1,0,0,1,35.2,607.3,0,5381,31.963157894736838,0.006541535030663446,2,1,1,0,0,0,1,1,0,0,1,0,0,0,0,1,0,1,0,0,0,1,0,0
0,1,1,1,55,1,1,1,0,1,1,1,0,0,76.25,4154.55,0,4319,74.18839285714286,0.017654549664274138,6,0,1,0,1,0,0,1,0,0,0,1,0,0,0,1,0,0,0,1,0,0,0,1
0,1,0,0,33,1,1,0,0,0,0,0,0,1,24.9,847.8,0,5756,24.935294117647057,0.004325920778318277,2,0,0,0,1,1,1,0,0,1,0,1,0,1,0,0,0,0,1,0,0,1,0,0
0,0,1,0,44,0,0,0,1,1,0,1,1,0,54.3,2390.45,0,3222,53.121111111111105,0.01685288640595903,4,0,0,0,0,1,1,1,0,0,0,0,1,1,0,0,0,0,1,0,0,0,1,0
0,0,1,1,30,1,0,1,0,0,1,0,1,0,66.3,1923.5,0,4631,62.04838709677419,0.01431656229755992,4,1,0,0,0,0,0,1,0,0,1,0,0,1,0,0,0,0,1,0,0,0,0,1
0,0,1,0,71,1,0,0,0,0,0,0,0,1,20.9,1493.2,0,4030,20.73888888888889,0.005186104218362283,1,0,0,0,0,1,1,0,0,1,0,0,1,1,0,0,0,0,0,1,0,0,0,1
0,0,1,0,1,1,0,0,0,1,0,0,0,0,75.35,75.35,0,3514,37.675,0.021442800227660784,2,1,0,1,0,1,1,0,1,0,1,0,0,0,1,0,0,0,0,0,1,0,0,1
0,1,1,0,23,1,1,0,1,1,0,1,1,1,104.45,2184.85,0,5883,91.03541666666666,0.01775454699983002,6,1,1,1,1,1,1,0,1,0,1,0,0,0,0,1,0,1,0,0,0,1,0,0
0,0,0,1,22,0,0,0,0,1,0,1,1,1,49.45,1031.4,0,5941,44.84347826086957,0.008323514559838412,3,0,0,0,0,1,1,1,0,0,0,1,0,0,1,0,0,1,0,0,0,1,0,0
0,0,0,1,49,1,0,0,0,0,0,0,0,0,19.45,921.3,0,4170,18.426,0.004664268585131894,1,0,0,0,0,1,1,0,0,1,0,1,0,0,1,0,0,0,0,1,0,0,0,1
0,0,1,1,42,1,0,0,0,1,0,1,1,1,92.15,3875.4,0,5697,90.12558139534885,0.01617517991925575,4,1,1,1,0,1,1,0,1,0,1,0,0,0,0,1,0,0,1,0,0,1,0,0
0,0,1,1,7,1,0,0,0,0,0,0,0,0,19.85,144.15,0,3973,18.01875,0.004996224515479487,1,0,0,0,0,1,1,0,0,1,0,0,1,0,0,0,1,0,0,0,1,0,0,1
0,0,1,1,67,1,1,1,0,1,1,0,1,1,100.25,6689.0,0,5588,98.36764705882354,0.017940229062276308,6,0,0,1,0,0,0,0,1,0,0,1,0,1,0,0,0,0,0,1,0,1,0,0
0,0,0,0,15,1,1,0,1,0,1,0,1,0,95.7,1451.1,0,4999,90.69375,0.01914382876575315,5,1,1,1,0,0,1,0,1,0,1,0,0,0,0,1,0,1,0,0,0,0,0,1
0,0,1,0,67,1,1,0,1,1,0,0,1,1,93.15,6368.2,0,4001,93.64999999999999,0.023281679580104974,5,0,1,1,0,1,1,0,1,0,0,0,1,0,0,1,0,0,0,1,0,0,0,1
0,0,1,1,53,1,0,1,1,0,1,1,0,1,69.7,3729.6,0,4590,69.06666666666666,0.015185185185185185,5,0,0,0,0,0,0,1,0,0,0,0,1,0,0,0,1,0,0,1,0,0,0,1
0,0,1,1,21,1,0,0,0,0,0,0,0,0,19.8,350.1,0,3243,15.913636363636364,0.006105457909343201,1,0,0,0,0,1,1,0,0,1,0,1,0,0,0,0,1,1,0,0,0,0,1,0
0,0,1,1,40,1,0,1,1,0,1,0,1,1,71.35,2847.2,0,5807,69.44390243902438,0.01228689512657138,5,1,0,0,0,0,0,1,0,0,1,0,0,0,0,0,1,0,1,0,0,1,0,0
0,0,1,1,22,1,0,0,0,0,0,0,0,0,20.75,452.35,0,2258,19.667391304347827,0.009189548272807794,1,0,0,0,0,1,1,0,0,1,0,1,0,1,0,0,0,1,0,0,0,0,1,0
0,0,0,0,39,0,0,0,0,0,1,0,1,1,40.6,1494.5,0,4436,37.3625,0.009152389540126241,2,1,1,0,0,0,1,1,0,0,1,0,0,0,0,1,0,0,1,0,0,0,0,1
0,0,1,0,2,1,0,0,0,0,0,0,0,0,20.35,41.85,0,5761,13.950000000000001,0.0035323728519354282,1,1,0,0,0,1,1,0,0,1,1,0,0,0,0,0,1,0,0,0,1,1,0,0
0,0,1,1,57,1,0,0,0,0,0,0,0,0,19.75,1272.05,0,4235,21.931896551724137,0.004663518299881936,1,0,0,0,0,1,1,0,0,1,0,0,1,1,0,0,0,0,0,1,0,0,0,1
0,0,1,1,8,1,0,0,0,0,0,1,0,1,54.4,475.1,0,4854,52.78888888888889,0.011207251751133086,2,1,1,0,0,1,1,1,0,0,1,0,0,0,0,1,0,0,0,0,1,0,0,1
0,0,1,1,7,1,0,0,0,0,0,0,0,0,20.45,150.75,0,4484,18.84375,0.004560660124888492,1,1,0,0,0,1,1,0,0,1,1,0,0,0,0,0,1,0,0,0,1,0,0,1
0,0,0,0,49,1,1,0,0,0,1,1,0,1,66.15,3199.0,0,6138,63.98,0.010777126099706746,4,0,0,0,0,0,1,1,0,0,0,0,1,1,0,0,0,0,0,1,0,1,0,0
0,0,0,0,65,1,1,1,1,0,1,0,0,1,89.85,5844.65,0,6421,88.55530303030302,0.013993147484815449,5,0,1,1,0,0,0,0,1,0,0,1,0,0,0,1,0,0,0,1,0,1,0,0
0,0,0,0,55,1,0,0,0,0,0,0,0,0,45.05,2462.6,0,4055,43.975,0.011109741060419235,1,0,0,0,0,1,1,1,0,0,0,1,0,1,0,0,0,0,0,1,0,0,0,1
0,0,1,1,71,1,1,1,1,1,1,1,1,0,86.85,6263.8,0,6452,86.99722222222222,0.013460942343459391,8,0,0,0,0,0,0,1,0,0,0,0,1,1,0,0,0,0,0,1,0,1,0,0
0,0,0,0,35,1,1,1,1,1,1,0,0,1,96.75,3403.4,0,5154,94.53888888888889,0.018771827706635623,6,1,0,1,0,0,0,0,1,0,1,0,0,0,0,0,1,0,1,0,0,0,0,1
0,0,0,0,17,1,1,1,1,1,1,1,0,1,106.65,1672.1,0,2754,92.89444444444445,0.03872549019607843,7,1,0,1,0,0,0,0,1,0,1,0,0,1,0,0,0,1,0,0,0,0,1,0
0,0,1,0,72,1,1,1,0,1,1,1,1,1,110.15,7881.2,0,4498,107.96164383561644,0.02448866162738995,7,0,0,1,0,0,0,0,1,0,0,0,1,0,1,0,0,0,0,1,0,0,0,1
0,0,1,1,28,1,0,1,0,0,0,0,1,1,82.85,2320.8,0,5802,80.02758620689656,0.014279558772836952,3,0,0,1,0,1,0,0,1,0,0,1,0,1,0,0,0,0,1,0,0,1,0,0
0,0,1,0,18,1,0,0,0,0,0,0,0,0,20.1,370.5,0,4329,19.5,0.004643104643104644,1,0,0,0,0,1,1,0,0,1,0,0,1,0,0,0,1,1,0,0,0,0,0,1
0,0,0,0,52,1,0,0,0,1,0,0,1,1,59.45,3043.7,0,6107,57.42830188679245,0.009734730636973965,3,1,1,0,0,1,1,1,0,0,1,0,0,0,0,1,0,0,0,1,0,1,0,0
0,0,1,0,47,1,0,0,1,0,0,1,0,1,58.6,2723.4,0,2613,56.737500000000004,0.022426329889016456,3,1,0,0,0,1,1,1,0,0,1,0,0,1,0,0,0,0,1,0,0,0,1,0
0,0,0,0,23,1,0,0,0,1,0,0,0,0,49.7,1081.25,0,4790,45.052083333333336,0.010375782881002089,2,1,0,0,0,1,1,1,0,0,1,0,0,0,1,0,0,1,0,0,0,0,0,1
0,0,1,1,66,1,0,1,1,1,1,0,0,0,65.85,4097.05,0,5500,61.150000000000006,0.011972727272727272,5,0,0,0,0,0,0,1,0,0,0,0,1,0,0,0,1,0,0,1,0,1,0,0
0,0,0,0,8,1,1,0,0,0,0,0,0,1,73.5,632.2,0,5777,70.24444444444445,0.012722866539726502,2,1,1,1,0,1,1,0,1,0,1,0,0,0,0,1,0,0,0,0,1,1,0,0
0,0,1,1,71,1,1,1,1,1,1,1,1,0,113.65,8166.8,0,6208,113.42777777777778,0.01830702319587629,8,0,0,1,0,0,0,0,1,0,0,0,1,0,1,0,0,0,0,1,0,1,0,0
0,1,0,0,50,1,1,1,1,0,0,0,0,1,83.4,4113.7,0,4977,80.66078431372549,0.01675708257986739,4,1,1,1,1,1,0,0,1,0,1,0,0,0,0,1,0,0,0,1,0,0,0,1
0,0,1,0,46,1,0,1,1,1,1,0,0,0,65.65,3047.15,0,2680,64.83297872340425,0.02449626865671642,5,0,0,0,0,0,0,1,0,0,0,0,1,0,0,0,1,0,1,0,0,0,1,0
0,0,0,0,66,0,0,1,0,1,1,1,1,1,61.35,4193.4,0,4824,62.58805970149253,0.012717661691542289,5,0,0,0,0,0,0,1,0,0,0,0,1,1,0,0,0,0,0,1,0,0,0,1
0,0,1,0,42,1,1,0,0,1,1,0,0,1,85.9,3729.75,0,2219,86.73837209302326,0.038711131140153225,4,1,0,1,0,0,1,0,1,0,1,0,0,0,1,0,0,0,1,0,0,0,1,0
0,0,0,0,5,1,0,0,0,0,1,0,0,1,75.65,399.45,0,2296,66.575,0.03294860627177701,2,1,0,1,0,0,1,0,1,0,1,0,0,0,0,0,1,0,0,0,1,0,1,0
0,0,0,0,29,1,1,0,1,1,0,0,1,0,70.9,1964.6,0,2064,65.48666666666666,0.03435077519379845,5,0,0,0,0,1,1,1,0,0,0,1,0,0,1,0,0,0,1,0,0,0,1,0
0,0,1,1,27,1,0,0,1,0,0,0,0,0,49.85,1336.15,0,5580,47.71964285714286,0.008933691756272401,2,1,0,0,0,1,1,1,0,0,1,0,0,0,0,0,1,0,1,0,0,1,0,0
0,0,1,1,25,1,0,0,0,0,0,0,0,0,20.1,486.05,0,5306,18.69423076923077,0.0037881643422540525,1,0,0,0,0,1,1,0,0,1,0,0,1,0,0,0,1,0,1,0,0,0,0,1
0,0,1,0,57,1,1,1,1,1,1,1,0,1,103.05,5925.75,0,5586,102.16810344827586,0.018447905477980666,7,1,1,1,0,0,0,0,1,0,1,0,0,0,0,1,0,0,0,1,0,1,0,0
0,1,1,0,47,1,1,0,0,1,0,1,1,0,99.7,4747.2,0,4787,98.89999999999999,0.020827240442866095,5,1,1,1,1,1,1,0,1,0,1,0,0,0,0,1,0,0,1,0,0,0,0,1
0,0,0,0,13,1,0,0,0,0,0,1,0,1,81.9,1028.9,0,2054,73.49285714285715,0.03987341772151899,2,1,0,1,0,1,1,0,1,0,1,0,0,0,0,0,1,1,0,0,0,0,1,0
0,0,1,1,71,1,1,1,0,0,0,1,0,1,66.2,4692.55,0,4756,65.17430555555556,0.013919259882253995,4,0,1,0,0,1,0,1,0,0,0,1,0,0,0,1,0,0,0,1,0,0,0,1
0,0,0,0,1,1,0,0,0,0,0,0,0,0,19.75,19.75,0,3666,9.875,0.0053873431533006,1,1,1,0,0,1,1,0,0,1,1,0,0,0,0,1,0,0,0,0,1,0,0,1
0,1,0,0,2,1,1,0,0,0,0,0,0,1,72.6,154.3,0,5098,51.43333333333334,0.014240878775990583,2,1,0,1,1,1,1,0,1,0,1,0,0,0,0,0,1,0,0,0,1,0,0,1
0,1,0,0,55,1,1,1,1,1,1,1,1,1,116.5,6382.55,0,4222,113.97410714285715,0.027593557555660824,8,1,1,1,1,0,0,0,1,0,1,0,0,0,0,1,0,0,0,1,0,0,0,1
0,1,0,0,71,1,1,0,1,0,1,1,1,1,106.8,7623.2,0,6423,105.87777777777778,0.016627744044838858,6,0,1,1,1,0,1,0,1,0,0,0,1,0,0,1,0,0,0,1,0,1,0,0
0,0,1,1,50,1,1,0,0,0,0,0,0,0,24.95,1261.45,0,6019,24.734313725490196,0.004145206844990862,2,0,0,0,0,1,1,0,0,1,0,0,1,0,0,0,1,0,0,1,0,1,0,0
0,0,0,0,1,1,0,0,0,0,0,1,1,1,89.25,89.25,0,5579,44.625,0.015997490589711418,3,1,1,1,0,1,1,0,1,0,1,0,0,0,0,1,0,0,0,0,1,1,0,0
0,0,0,0,5,1,0,0,0,0,0,0,0,1,19.25,86.05,0,3056,14.341666666666667,0.0062990837696335076,1,1,0,0,0,1,1,0,0,1,1,0,0,0,0,0,1,0,0,0,1,0,1,0
0,0,0,0,66,1,1,1,1,1,1,1,0,1,104.55,6779.05,0,4494,101.17985074626866,0.023264352469959945,7,0,0,1,0,0,0,0,1,0,0,1,0,1,0,0,0,0,0,1,0,0,0,1
0,0,1,1,49,1,0,1,1,1,1,1,1,1,87.2,4345.0,0,4567,86.9,0.019093496825049266,7,0,0,0,0,0,0,1,0,0,0,1,0,0,0,0,1,0,0,1,0,0,0,1
0,1,1,0,3,0,0,0,1,0,0,0,0,1,30.75,82.85,0,4133,20.7125,0.007440116138398258,1,1,1,0,1,1,1,1,0,0,1,0,0,0,0,1,0,0,0,0,1,0,0,1
0,0,1,1,66,1,1,0,0,0,0,0,0,1,25.7,1714.55,0,5517,25.590298507462688,0.004658328801885082,2,0,0,0,0,1,1,0,0,1,0,1,0,0,1,0,0,0,0,1,0,1,0,0
0,0,0,1,11,1,1,0,0,0,0,0,1,0,86.2,893.2,0,3157,74.43333333333334,0.027304402914159014,3,1,1,1,0,1,1,0,1,0,1,0,0,0,0,1,0,0,0,0,1,0,1,0
0,0,0,0,28,0,0,0,0,0,1,0,0,1,30.1,810.85,0,2653,27.96034482758621,0.011345646437994723,1,1,0,0,0,0,1,1,0,0,1,0,0,0,1,0,0,0,1,0,0,0,1,0
0,0,1,0,65,1,1,1,1,1,0,1,0,1,99.35,6347.55,0,6300,96.175,0.01576984126984127,6,0,1,1,0,1,0,0,1,0,0,0,1,0,0,1,0,0,0,1,0,1,0,0
0,0,0,0,62,1,0,0,0,0,0,0,0,1,19.2,1123.65,0,4937,17.835714285714285,0.0038890014178651,1,0,0,0,0,1,1,0,0,1,0,0,1,0,1,0,0,0,0,1,0,0,0,1
0,0,1,0,2,1,0,0,0,0,0,0,0,0,20.1,43.15,0,4158,14.383333333333333,0.004834054834054835,1,1,0,0,0,1,1,0,0,1,1,0,0,1,0,0,0,0,0,0,1,0,0,1
0,0,0,0,2,1,0,0,0,0,0,0,0,0,20.35,35.1,0,3746,11.700000000000001,0.005432461292044848,1,1,0,0,0,1,1,0,0,1,1,0,0,0,1,0,0,0,0,0,1,0,0,1
0,0,1,1,55,1,1,0,0,0,0,0,0,1,25.65,1388.0,0,4466,24.785714285714285,0.005743394536497985,2,0,0,0,0,1,1,0,0,1,0,0,1,0,1,0,0,0,0,1,0,0,0,1
0,1,1,0,41,1,0,0,1,0,0,1,1,1,94.55,3851.45,0,4914,91.70119047619048,0.01924094424094424,4,1,1,1,1,1,1,0,1,0,1,0,0,0,0,1,0,0,1,0,0,0,0,1
0,0,0,0,30,1,0,0,0,0,1,1,1,1,94.4,2638.1,0,4584,85.1,0.020593368237347295,4,0,0,1,0,0,1,0,1,0,0,1,0,1,0,0,0,0,1,0,0,0,0,1
0,0,0,0,17,1,0,1,1,0,0,0,0,0,56.1,946.95,0,5025,52.608333333333334,0.011164179104477612,3,0,0,0,0,1,0,1,0,0,0,1,0,0,0,0,1,1,0,0,0,0,0,1
0,0,1,1,16,1,0,1,1,0,1,0,1,0,68.25,1114.85,0,3559,65.57941176470588,0.019176735037932005,5,0,0,0,0,0,0,1,0,0,0,0,1,1,0,0,0,1,0,0,0,0,0,1
0,0,0,0,72,1,1,0,0,0,0,0,0,0,24.75,1777.6,0,5398,24.350684931506848,0.004585031493145609,2,0,0,0,0,1,1,0,0,1,0,0,1,1,0,0,0,0,0,1,0,1,0,0
0,0,0,0,9,1,1,0,0,0,0,0,0,1,76.25,684.85,0,2062,68.485,0.03697866149369544,2,1,1,1,0,1,1,0,1,0,1,0,0,0,0,1,0,0,0,0,1,0,1,0
0,0,0,0,1,1,0,0,1,0,0,0,0,0,74.35,74.35,0,4237,37.175,0.017547793249940994,2,1,1,1,0,1,1,0,1,0,1,0,0,0,0,1,0,0,0,0,1,0,0,1
0,0,0,1,23,1,0,0,1,0,1,0,0,0,54.15,1312.45,0,2496,54.68541666666667,0.021694711538461538,3,1,1,0,0,0,1,1,0,0,1,0,0,0,0,1,0,1,0,0,0,0,1,0
0,0,0,1,8,1,0,0,0,0,0,0,0,0,19.45,159.2,0,4119,17.688888888888886,0.004722019907744598,1,1,0,0,0,1,1,0,0,1,1,0,0,1,0,0,0,0,0,0,1,0,0,1
0,0,1,1,19,0,0,1,1,0,0,0,0,1,34.95,610.2,0,3422,30.51,0.010213325540619522,2,1,0,0,0,1,0,1,0,0,1,0,0,0,0,0,1,1,0,0,0,0,1,0
0,0,0,0,7,1,1,1,0,0,0,0,0,1,53.65,404.35,0,4389,50.54375,0.012223741171109592,3,1,1,0,0,1,0,1,0,0,1,0,0,0,0,1,0,0,0,0,1,0,0,1
0,0,0,0,61,1,1,1,0,1,0,1,1,0,104.0,6363.45,0,4344,102.63629032258065,0.02394106813996317,6,0,1,1,0,1,0,0,1,0,0,1,0,0,0,1,0,0,0,1,0,0,0,1
0,0,1,0,57,1,0,1,1,0,1,1,0,1,70.35,4124.65,0,5779,71.11465517241379,0.012173386399030973,5,0,0,0,0,0,0,1,0,0,0,0,1,0,1,0,0,0,0,1,0,1,0,0
0,0,0,1,15,1,0,1,0,1,0,0,1,0,64.85,950.75,0,4442,59.421875,0.01459927960378208,4,0,0,0,0,1,0,1,0,0,0,1,0,0,0,0,1,1,0,0,0,0,0,1
0,0,0,0,1,1,0,0,0,0,0,0,0,0,19.65,19.65,0,4639,9.825,0.004235826686785945,1,1,0,0,0,1,1,0,0,1,1,0,0,0,0,0,1,0,0,0,1,0,0,1
0,0,1,0,12,1,0,0,0,0,0,0,0,0,45.9,505.95,0,5790,38.919230769230765,0.007927461139896372,1,1,0,0,0,1,1,1,0,0,1,0,0,1,0,0,0,0,0,0,1,1,0,0
0,0,0,0,54,1,0,0,0,0,0,0,0,0,20.0,1149.65,0,6094,20.902727272727276,0.0032819166393173614,1,0,0,0,0,1,1,0,0,1,0,0,1,0,0,0,1,0,0,1,0,1,0,0
0,0,1,1,4,1,0,0,0,0,0,0,0,0,44.8,169.65,0,2114,33.93,0.02119205298013245,1,1,1,0,0,1,1,1,0,0,1,0,0,0,0,1,0,0,0,0,1,0,1,0
0,0,1,0,20,1,0,0,0,0,0,0,0,0,20.35,393.15,0,4390,18.72142857142857,0.004635535307517084,1,0,0,0,0,1,1,0,0,1,0,1,0,0,0,0,1,1,0,0,0,0,0,1
0,0,0,1,26,0,0,1,0,0,1,0,1,0,45.8,1147.0,0,3287,42.48148148148148,0.013933678125950715,3,1,0,0,0,0,0,1,0,0,1,0,0,0,0,0,1,0,1,0,0,0,1,0
0,0,1,0,53,1,1,0,1,1,1,1,1,1,108.95,5718.2,0,4163,105.89259259259259,0.026171030506846025,7,0,0,1,0,0,1,0,1,0,0,1,0,1,0,0,0,0,0,1,0,0,0,1
0,0,0,0,68,0,0,1,1,1,1,1,1,0,64.35,4539.6,0,4146,65.7913043478261,0.015520984081041966,6,0,0,0,0,0,0,1,0,0,0,0,1,0,1,0,0,0,0,1,0,0,0,1
0,0,1,1,72,1,1,1,1,1,1,1,1,1,90.8,6397.6,0,5028,87.63835616438357,0.01805887032617343,8,0,0,0,0,0,0,1,0,0,0,0,1,0,1,0,0,0,0,1,0,0,0,1
0,0,0,0,12,1,1,0,0,0,0,0,0,0,24.95,280.4,0,4443,21.569230769230767,0.005615575061895116,2,0,0,0,0,1,1,0,0,1,0,1,0,0,1,0,0,0,0,0,1,0,0,1
0,0,1,0,68,1,1,1,1,0,0,0,0,1,84.7,5711.05,0,5520,82.76884057971014,0.015344202898550725,4,0,0,1,0,1,0,0,1,0,0,0,1,1,0,0,0,0,0,1,0,1,0,0
0,0,0,1,50,1,0,1,0,1,1,1,0,1,70.8,3478.15,0,4798,68.19901960784314,0.014756148395164651,5,0,0,0,0,0,0,1,0,0,0,1,0,0,1,0,0,0,0,1,0,0,0,1
0,1,0,0,41,1,1,0,1,1,0,1,1,1,104.4,4133.95,0,4477,98.42738095238094,0.023319186955550592,6,1,1,1,1,1,1,0,1,0,1,0,0,0,0,1,0,0,1,0,0,0,0,1
0,1,1,0,30,1,1,0,0,0,1,1,1,1,101.5,2917.65,0,4828,94.11774193548388,0.021023198011599006,5,1,1,1,1,0,1,0,1,0,1,0,0,0,0,1,0,0,1,0,0,0,0,1
0,0,0,0,1,1,1,0,1,0,0,0,0,0,54.3,54.3,0,3259,27.15,0.01666155262350414,3,1,1,0,0,1,1,1,0,0,1,0,0,0,0,1,0,0,0,0,1,0,1,0
0,1,1,1,29,1,1,0,0,1,0,1,1,1,103.95,2964.8,0,3733,98.82666666666667,0.027846236271095635,5,1,1,1,1,1,1,0,1,0,1,0,0,0,0,1,0,0,1,0,0,0,0,1
0,0,1,1,23,1,1,1,1,1,1,1,1,1,91.1,2198.3,0,5991,91.59583333333335,0.015206142547154064,8,0,0,0,0,0,0,1,0,0,0,0,1,0,1,0,0,1,0,0,0,1,0,0
0,0,0,1,60,1,0,0,0,0,0,0,0,0,19.95,1189.9,0,5316,19.50655737704918,0.0037528216704288938,1,0,0,0,0,1,1,0,0,1,0,0,1,0,0,0,1,0,0,1,0,0,0,1
0,0,1,0,72,1,1,0,0,0,0,0,0,0,26.45,1914.5,0,5534,26.226027397260275,0.004779544633176726,2,0,0,0,0,1,1,0,0,1,0,0,1,0,1,0,0,0,0,1,0,1,0,0
0,0,0,0,72,1,0,1,1,1,1,1,0,1,75.1,5336.35,0,6284,73.10068493150685,0.011950986632718014,6,0,0,0,0,0,0,1,0,0,0,0,1,1,0,0,0,0,0,1,0,1,0,0
0,1,0,0,66,1,1,0,1,1,0,1,1,0,108.1,7238.6,0,4722,108.03880597014926,0.022892842016094875,6,0,0,1,1,1,1,0,1,0,0,1,0,1,0,0,0,0,0,1,0,0,0,1
0,0,1,0,72,1,1,0,1,1,1,1,1,1,110.15,7998.8,0,5065,109.57260273972604,0.021747285291214218,7,0,1,1,0,0,1,0,1,0,0,0,1,0,0,1,0,0,0,1,0,0,0,1
0,0,0,0,51,1,1,0,1,1,1,1,1,1,111.5,5703.25,0,4363,109.67788461538461,0.025555810222324088,7,0,1,1,0,0,1,0,1,0,0,1,0,0,0,1,0,0,0,1,0,0,0,1
0,0,1,1,70,1,1,0,1,1,0,1,1,1,106.5,7397.0,0,6319,104.1830985915493,0.016853932584269662,6,0,1,1,0,1,1,0,1,0,0,1,0,0,0,1,0,0,0,1,0,1,0,0
0,0,0,0,9,1,0,0,0,0,0,0,0,1,19.9,164.6,0,3643,16.46,0.005462530881141916,1,0,1,0,0,1,1,0,0,1,0,1,0,0,0,1,0,0,0,0,1,0,0,1
0,0,1,1,59,1,1,1,1,0,1,1,1,1,111.1,6555.2,0,4952,109.25333333333333,0.022435379644588044,7,0,0,1,0,0,0,0,1,0,0,0,1,0,0,0,1,0,0,1,0,0,0,1
0,0,0,1,3,1,0,0,0,0,1,1,1,0,70.7,225.65,0,2584,56.4125,0.027360681114551085,4,1,0,0,0,0,1,1,0,0,1,0,0,0,0,0,1,0,0,0,1,0,1,0
0,1,1,0,38,0,0,0,0,0,0,0,0,1,24.85,955.75,0,3511,24.506410256410255,0.0070777556251780125,0,1,1,0,1,1,1,1,0,0,1,0,0,0,0,1,0,0,1,0,0,0,0,1
0,0,0,0,37,1,1,1,1,1,0,0,0,0,91.2,3382.3,0,5135,89.0078947368421,0.017760467380720547,5,1,0,1,0,1,0,0,1,0,1,0,0,1,0,0,0,0,1,0,0,0,0,1
0,0,0,0,37,1,0,1,1,1,1,0,0,0,65.6,2313.8,0,3183,60.88947368421053,0.020609487904492615,5,0,0,0,0,0,0,1,0,0,0,0,1,1,0,0,0,0,1,0,0,0,1,0
0,0,1,1,14,1,0,1,1,0,1,0,0,0,59.45,780.85,0,5723,52.056666666666665,0.010387908439629565,4,1,0,0,0,0,0,1,0,0,1,0,0,1,0,0,0,1,0,0,0,1,0,0
0,0,1,0,72,1,1,1,1,0,1,1,1,1,109.95,7852.4,0,6258,107.56712328767122,0.017569511025886865,7,0,0,1,0,0,0,0,1,0,0,0,1,0,1,0,0,0,0,1,0,1,0,0
0,0,1,1,72,0,0,1,1,1,0,0,0,0,38.5,2763.0,0,4710,37.84931506849315,0.008174097664543524,3,0,0,0,0,1,0,1,0,0,0,0,1,0,1,0,0,0,0,1,0,0,0,1
0,1,1,0,17,1,1,0,0,0,0,1,1,1,92.55,1614.7,0,3689,89.70555555555556,0.025088099756031445,4,1,1,1,1,1,1,0,1,0,1,0,0,0,0,1,0,1,0,0,0,0,0,1
0,0,0,0,10,1,1,0,0,0,0,0,0,1,24.5,270.15,0,5594,24.55909090909091,0.004379692527708259,2,1,0,0,0,1,1,0,0,1,1,0,0,0,0,0,1,0,0,0,1,1,0,0
0,0,1,1,0,1,0,0,0,0,0,0,0,1,19.7,0.0,0,4890,0.0,0.004028629856850716,1,0,0,0,0,1,1,0,0,1,0,1,0,0,0,0,1,0,0,0,1,0,0,1
0,0,0,0,1,1,0,0,0,0,0,0,0,0,20.6,20.6,0,5370,10.3,0.0038361266294227193,1,1,0,0,0,1,1,0,0,1,1,0,0,0,0,0,1,0,0,0,1,0,0,1
0,0,0,0,29,1,0,1,0,1,1,0,0,0,58.0,1734.5,0,2810,57.81666666666667,0.020640569395017794,4,0,0,0,0,0,0,1,0,0,0,1,0,0,1,0,0,0,1,0,0,0,1,0
0,1,1,1,65,1,1,0,1,1,0,1,1,1,107.45,7047.5,0,6211,106.78030303030303,0.01729995169859926,6,0,1,1,1,1,1,0,1,0,0,1,0,0,0,1,0,0,0,1,0,1,0,0
0,0,0,0,8,1,1,1,1,1,0,0,0,1,65.5,573.15,0,3033,63.68333333333333,0.021595779756017144,5,1,0,0,0,1,0,1,0,0,1,0,0,1,0,0,0,0,0,0,1,0,1,0
0,0,1,0,61,1,1,0,0,0,0,0,0,0,25.45,1538.6,0,6015,24.816129032258065,0.004231088944305902,2,0,0,0,0,1,1,0,0,1,0,0,1,1,0,0,0,0,0,1,0,1,0,0
0,1,0,0,45,1,1,0,0,1,0,1,1,1,100.15,4459.8,0,2636,96.95217391304348,0.03799317147192716,5,0,0,1,1,1,1,0,1,0,0,1,0,1,0,0,0,0,1,0,0,0,1,0
0,0,1,1,72,1,1,0,1,1,0,1,1,1,104.45,7459.0,0,4750,102.17808219178082,0.021989473684210527,6,0,0,1,0,1,1,0,1,0,0,1,0,0,1,0,0,0,0,1,0,0,0,1
0,0,1,1,12,1,0,0,0,0,0,0,0,1,21.15,306.05,0,5209,23.542307692307695,0.004060280284123632,1,1,1,0,0,1,1,0,0,1,1,0,0,0,0,1,0,0,0,0,1,0,0,1
0,0,0,0,7,1,1,0,0,0,0,1,1,0,96.2,639.7,0,4329,79.9625,0.022222222222222223,4,1,1,1,0,1,1,0,1,0,1,0,0,0,0,1,0,0,0,0,1,0,0,1
0,0,0,0,9,1,0,0,0,0,0,0,0,1,44.4,348.15,0,5457,34.815,0.008136338647608576,1,1,0,0,0,1,1,1,0,0,1,0,0,0,0,0,1,0,0,0,1,1,0,0
0,0,1,1,58,1,1,0,0,1,1,0,1,0,94.35,5563.65,0,4777,94.29915254237288,0.019750889679715302,5,0,0,1,0,0,1,0,1,0,0,0,1,1,0,0,0,0,0,1,0,0,0,1
0,0,1,1,2,1,0,0,0,0,0,0,0,0,20.3,40.25,0,5113,13.416666666666666,0.003970271856053198,1,1,0,0,0,1,1,0,0,1,1,0,0,0,0,0,1,0,0,0,1,0,0,1
0,0,1,0,40,1,1,1,0,1,0,1,1,0,105.75,4228.55,0,4078,103.13536585365854,0.02593182932810201,6,0,0,1,0,1,0,0,1,0,0,1,0,1,0,0,0,0,1,0,0,0,0,1
0,0,0,0,9,1,1,1,0,0,0,0,0,1,81.15,784.45,0,4544,78.44500000000001,0.017858714788732397,3,1,1,1,0,1,0,0,1,0,1,0,0,0,0,1,0,0,0,0,1,0,0,1
0,0,0,0,41,1,0,0,1,0,1,1,0,1,89.55,3729.75,0,5549,88.80357142857143,0.01613804289061092,4,0,1,1,0,0,1,0,1,0,0,1,0,0,0,1,0,0,1,0,0,1,0,0
0,0,0,0,26,1,0,0,1,1,0,0,0,1,54.75,1406.9,0,4020,52.10740740740741,0.013619402985074627,3,1,0,0,0,1,1,1,0,0,1,0,0,0,1,0,0,0,1,0,0,0,0,1
0,0,1,0,33,1,0,0,1,0,1,0,0,1,53.75,1857.3,0,3160,54.62647058823529,0.017009493670886076,3,0,0,0,0,0,1,1,0,0,0,1,0,0,1,0,0,0,1,0,0,0,1,0
0,0,1,1,68,1,0,0,1,1,1,1,1,0,105.75,7322.5,0,4437,106.1231884057971,0.02383367139959432,6,0,0,1,0,0,1,0,1,0,0,1,0,0,1,0,0,0,0,1,0,0,0,1
0,1,1,0,65,1,0,0,1,1,1,1,1,1,105.85,6725.5,0,4872,101.90151515151516,0.021726190476190475,6,0,0,1,1,0,1,0,1,0,0,0,1,0,1,0,0,0,0,1,0,0,0,1
0,0,0,0,55,1,0,0,1,0,1,0,1,1,64.2,3627.3,0,5151,64.77321428571429,0.012463599301106581,4,0,1,0,0,0,1,1,0,0,0,1,0,0,0,1,0,0,0,1,0,0,0,1
0,0,0,0,19,1,0,0,0,0,1,0,1,1,87.7,1725.95,0,4446,86.2975,0.019725596041385515,3,0,0,1,0,0,1,0,1,0,0,1,0,0,1,0,0,1,0,0,0,0,0,1
0,0,0,0,45,1,1,0,0,1,0,0,1,1,89.3,4192.15,0,5470,91.1336956521739,0.016325411334552103,4,1,0,1,0,1,1,0,1,0,1,0,0,0,1,0,0,0,1,0,0,1,0,0
0,0,1,1,70,1,0,0,0,0,0,0,0,1,20.15,1411.2,0,5219,19.87605633802817,0.0038608928913584973,1,0,0,0,0,1,1,0,0,1,0,0,1,0,1,0,0,0,0,1,0,0,0,1
0,0,1,0,12,1,0,0,0,0,0,0,0,1,20.05,264.55,0,5453,20.35,0.0036768751146158078,1,0,1,0,0,1,1,0,0,1,0,0,1,0,0,1,0,0,0,0,1,1,0,0
0,0,0,1,72,0,0,1,1,1,1,1,1,0,67.2,4671.7,0,5592,63.9958904109589,0.01201716738197425,6,0,0,0,0,0,0,1,0,0,0,0,1,0,1,0,0,0,0,1,0,1,0,0
0,0,0,0,12,1,1,0,0,0,0,1,1,0,94.55,1173.55,0,5674,90.27307692307691,0.01666372929150511,4,1,1,1,0,1,1,0,1,0,1,0,0,0,0,1,0,0,0,0,1,1,0,0
0,1,1,0,71,1,1,1,1,1,0,1,1,1,107.5,7713.55,0,5775,107.13263888888889,0.018614718614718615,7,1,1,1,1,1,0,0,1,0,1,0,0,0,0,1,0,0,0,1,0,1,0,0
0,1,0,0,35,1,0,0,0,1,1,1,1,1,73.0,2471.25,0,2715,68.64583333333333,0.026887661141804787,5,0,1,0,1,0,1,1,0,0,0,1,0,0,0,1,0,0,1,0,0,0,1,0
0,0,1,1,70,1,1,1,1,1,1,1,1,0,114.75,7842.3,0,5035,110.4549295774648,0.02279046673286991,8,0,0,1,0,0,0,0,1,0,0,0,1,0,1,0,0,0,0,1,0,0,0,1
0,0,0,0,31,1,1,0,0,0,0,0,0,1,76.05,2227.8,0,2421,69.61875,0.03141263940520446,2,1,1,1,0,1,1,0,1,0,1,0,0,0,0,1,0,0,1,0,0,0,1,0
0,1,1,0,30,1,1,0,0,0,0,0,0,0,77.9,2351.45,0,2009,75.8532258064516,0.03877551020408163,2,1,0,1,1,1,1,0,1,0,1,0,0,0,0,0,1,0,1,0,0,0,1,0
0,0,0,0,33,1,1,1,0,0,0,0,1,1,90.65,2989.6,0,4460,87.92941176470588,0.02032511210762332,4,1,1,1,0,1,0,0,1,0,1,0,0,0,0,1,0,0,1,0,0,0,0,1
0,1,1,0,54,1,1,0,1,1,1,1,1,1,110.45,6077.75,0,4425,110.50454545454545,0.02496045197740113,7,0,1,1,1,0,1,0,1,0,0,0,1,0,0,1,0,0,0,1,0,0,0,1
0,0,0,0,59,1,1,1,0,0,1,0,1,0,68.7,4070.95,0,4244,67.84916666666666,0.0161875589066918,5,0,0,0,0,0,0,1,0,0,0,1,0,1,0,0,0,0,0,1,0,0,0,1
0,1,0,0,55,0,0,1,1,0,0,1,0,1,44.85,2479.05,0,5829,44.268750000000004,0.007694287184765826,3,1,1,0,1,1,0,1,0,0,1,0,0,0,0,1,0,0,0,1,0,1,0,0
0,1,1,0,69,0,0,0,0,1,0,0,0,1,29.8,2134.3,0,5681,30.490000000000002,0.005245555359971836,1,0,0,0,1,1,1,1,0,0,0,1,0,0,1,0,0,0,0,1,0,1,0,0
0,0,0,0,66,1,1,0,1,0,0,1,0,1,88.9,6000.1,0,5868,89.55373134328359,0.015149965916837083,4,0,0,1,0,1,1,0,1,0,0,1,0,1,0,0,0,0,0,1,0,1,0,0
0,0,1,1,37,1,0,1,0,1,1,0,0,1,58.75,2203.1,0,3483,57.97631578947368,0.016867642836635086,4,0,0,0,0,0,0,1,0,0,0,1,0,0,0,0,1,0,1,0,0,0,0,1
0,1,1,0,9,1,0,0,0,0,0,0,0,0,19.85,183.15,0,5601,18.315,0.0035440099982146046,1,0,0,0,1,1,1,0,0,1,0,1,0,0,1,0,0,0,0,0,1,1,0,0
0,0,1,1,69,1,1,1,0,1,1,1,1,0,86.9,6194.1,0,4667,88.48714285714286,0.01862009856438826,7,0,0,0,0,0,0,1,0,0,0,0,1,1,0,0,0,0,0,1,0,0,0,1
0,0,0,0,10,1,0,0,1,0,0,1,0,1,59.65,638.95,0,2385,58.08636363636364,0.0250104821802935,3,1,0,0,0,1,1,1,0,0,1,0,0,0,0,0,1,0,0,0,1,0,1,0
0,0,0,1,13,1,0,0,0,0,0,1,1,0,66.4,831.75,0,3660,59.410714285714285,0.01814207650273224,3,1,0,0,0,1,1,1,0,0,1,0,0,0,1,0,0,1,0,0,0,0,0,1
0,0,1,1,69,1,0,0,0,0,0,0,0,0,20.15,1337.5,0,4554,19.107142857142858,0.0044246815985946415,1,0,0,0,0,1,1,0,0,1,0,0,1,1,0,0,0,0,0,1,0,0,0,1
0,1,1,0,66,1,1,0,1,1,1,1,1,1,108.1,7181.95,0,5360,107.19328358208955,0.020167910447761193,7,0,0,1,1,0,1,0,1,0,0,1,0,0,1,0,0,0,0,1,0,0,0,1
0,0,1,1,46,1,0,1,0,1,1,0,0,0,56.9,2560.1,0,4258,54.47021276595744,0.01336308125880695,4,0,0,0,0,0,0,1,0,0,0,1,0,0,0,0,1,0,1,0,0,0,0,1
0,0,1,1,56,1,1,1,0,1,1,1,1,1,109.6,5953.0,0,5012,104.43859649122807,0.02186751795690343,7,1,0,1,0,0,0,0,1,0,1,0,0,0,0,0,1,0,0,1,0,0,0,1
0,0,1,1,70,1,1,0,0,0,0,0,0,0,25.15,1790.15,0,5114,25.213380281690142,0.004917872506843958,2,0,0,0,0,1,1,0,0,1,0,0,1,0,1,0,0,0,0,1,0,0,0,1
0,0,1,1,33,1,1,0,0,1,1,1,1,1,79.15,2531.4,0,3555,74.45294117647059,0.02226441631504923,6,0,1,0,0,0,1,1,0,0,0,1,0,0,0,1,0,0,1,0,0,0,0,1
0,0,1,1,72,1,1,1,1,0,1,0,0,0,66.75,4760.3,0,6063,65.2095890410959,0.011009401286491836,5,0,0,0,0,0,0,1,0,0,0,0,1,0,1,0,0,0,0,1,0,1,0,0
0,0,0,1,19,1,0,0,0,0,1,0,0,0,48.8,953.65,0,3749,47.6825,0.013016804481194985,2,1,0,0,0,0,1,1,0,0,1,0,0,0,0,0,1,1,0,0,0,0,0,1
0,0,1,0,71,1,0,0,1,1,1,1,1,1,80.7,5705.05,0,5617,79.23680555555556,0.014367099875378316,6,0,0,0,0,0,1,1,0,0,0,0,1,0,1,0,0,0,0,1,0,1,0,0
0,0,0,0,1,1,0,0,0,0,0,0,0,0,20.55,20.55,0,4801,10.275,0.004280358258696105,1,1,0,0,0,1,1,0,0,1,1,0,0,0,1,0,0,0,0,0,1,0,0,1
0,0,0,0,61,1,1,1,1,1,1,1,1,1,115.1,6993.65,0,4785,112.8008064516129,0.02405433646812957,8,0,0,1,0,0,0,0,1,0,0,1,0,0,0,0,1,0,0,1,0,0,0,1
0,0,1,1,71,0,0,1,1,0,1,1,1,0,59.7,4122.65,0,6420,57.259027777777774,0.009299065420560748,5,0,0,0,0,0,0,1,0,0,0,0,1,1,0,0,0,0,0,1,0,1,0,0
0,0,1,0,68,1,1,0,1,1,0,0,0,0,86.45,5762.95,0,4480,83.52101449275362,0.019296875,4,0,0,1,0,1,1,0,1,0,0,1,0,0,1,0,0,0,0,1,0,0,0,1
0,0,0,0,46,0,0,0,0,1,1,0,0,0,33.7,1537.85,0,3007,32.72021276595744,0.011207183239108747,2,0,0,0,0,0,1,1,0,0,0,1,0,0,1,0,0,0,1,0,0,0,1,0
0,0,0,0,33,1,1,1,0,0,0,0,0,0,80.1,2603.3,0,3957,76.56764705882354,0.020242608036391205,3,0,0,1,0,1,0,0,1,0,0,1,0,1,0,0,0,0,1,0,0,0,0,1
0,0,1,1,53,1,1,1,1,1,1,0,1,1,104.05,5566.4,0,4190,103.08148148148148,0.02483293556085919,7,0,0,1,0,0,0,0,1,0,0,0,1,1,0,0,0,0,0,1,0,0,0,1
0,1,1,0,50,1,1,1,1,1,0,1,1,0,108.75,5431.9,0,5211,106.5078431372549,0.02086931491076569,7,1,0,1,1,1,0,0,1,0,1,0,0,1,0,0,0,0,0,1,0,0,0,1
0,0,0,0,57,0,0,1,0,1,1,0,0,1,41.1,2258.25,0,5281,38.935344827586206,0.007782616928612006,3,0,0,0,0,0,0,1,0,0,0,1,0,0,1,0,0,0,0,1,0,0,0,1
0,0,1,1,54,1,0,0,0,0,0,0,0,1,20.35,1092.35,0,5646,19.86090909090909,0.0036043216436415166,1,0,0,0,0,1,1,0,0,1,0,0,1,1,0,0,0,0,0,1,0,1,0,0
0,1,1,0,60,1,1,0,1,1,0,1,1,1,105.9,6401.25,0,5084,104.93852459016394,0.020830055074744298,6,1,1,1,1,1,1,0,1,0,1,0,0,0,0,1,0,0,0,1,0,0,0,1
0,0,1,1,10,1,0,0,1,0,1,0,1,1,65.5,616.9,0,3137,56.08181818181818,0.020879821485495696,4,1,1,0,0,0,1,1,0,0,1,0,0,0,0,1,0,0,0,0,1,0,1,0
0,0,0,1,43,0,0,1,1,1,0,0,0,1,40.45,1912.85,0,3176,43.47386363636363,0.012736146095717885,3,1,1,0,0,1,0,1,0,0,1,0,0,0,0,1,0,0,1,0,0,0,1,0
0,1,1,0,13,1,0,0,0,0,0,0,0,0,70.45,849.1,0,5225,60.65,0.013483253588516746,1,1,0,1,1,1,1,0,1,0,1,0,0,1,0,0,0,1,0,0,0,0,0,1
0,0,1,0,43,1,0,1,0,1,1,1,1,1,78.8,3460.3,0,3972,78.64318181818182,0.019838872104733132,6,0,1,0,0,0,0,1,0,0,0,0,1,0,0,1,0,0,1,0,0,0,0,1
0,0,1,1,1,1,0,0,0,0,0,1,1,1,90.1,90.1,0,4142,45.05,0.0217527764365041,3,1,1,1,0,1,1,0,1,0,1,0,0,0,0,1,0,0,0,0,1,0,0,1
0,0,0,0,69,1,0,1,0,1,1,1,1,1,82.45,5555.3,0,4631,79.36142857142858,0.017803930036709135,6,0,0,0,0,0,0,1,0,0,0,0,1,0,1,0,0,0,0,1,0,0,0,1
0,0,1,0,61,1,0,0,0,0,0,0,0,0,20.25,1278.8,0,5974,20.625806451612902,0.003389688650820221,1,0,0,0,0,1,1,0,0,1,0,0,1,0,1,0,0,0,0,1,0,1,0,0
0,0,1,0,43,1,1,1,1,0,1,0,0,0,66.25,2907.35,0,2168,66.07613636363637,0.03055811808118081,5,1,0,0,0,0,0,1,0,0,1,0,0,1,0,0,0,0,1,0,0,0,1,0
0,0,1,0,56,1,0,0,0,0,0,1,1,0,89.7,4952.95,0,5955,86.8938596491228,0.015062972292191437,3,1,0,1,0,1,1,0,1,0,1,0,0,0,0,0,1,0,0,1,0,1,0,0
0,0,1,0,70,0,0,1,1,1,1,1,1,0,64.55,4504.9,0,4858,63.44929577464788,0.013287361053931659,6,0,0,0,0,0,0,1,0,0,0,0,1,1,0,0,0,0,0,1,0,0,0,1
0,0,1,1,49,1,1,0,1,1,0,1,0,1,93.65,4520.15,0,5542,90.40299999999999,0.016898231685312164,5,0,1,1,0,1,1,0,1,0,0,1,0,0,0,1,0,0,0,1,0,1,0,0
0,0,1,1,32,1,0,1,1,1,1,0,1,0,73.6,2316.85,0,4343,70.20757575757575,0.016946810960165783,6,0,0,0,0,0,0,1,0,0,0,0,1,0,0,0,1,0,1,0,0,0,0,1
0,1,1,0,72,1,1,1,0,1,1,1,1,1,109.75,8075.35,0,6010,110.62123287671233,0.018261231281198,7,0,0,1,1,0,0,0,1,0,0,0,1,0,0,0,1,0,0,1,0,1,0,0
0,0,0,1,37,1,0,1,1,0,1,0,0,0,61.45,2302.35,0,5447,60.58815789473684,0.011281439324398752,4,0,0,0,0,0,0,1,0,0,0,0,1,0,1,0,0,0,1,0,0,1,0,0
0,0,1,0,69,1,0,1,1,0,1,1,1,1,106.4,7251.9,0,4328,103.59857142857142,0.024584103512014788,6,0,0,1,0,0,0,0,1,0,0,1,0,0,1,0,0,0,0,1,0,0,0,1
0,0,1,0,26,1,0,0,1,1,1,1,1,0,81.9,2078.55,0,3350,76.98333333333333,0.024447761194029853,6,1,0,0,0,0,1,1,0,0,1,0,0,1,0,0,0,0,1,0,0,0,1,0
0,0,1,1,58,1,1,0,1,1,0,1,1,1,105.2,6225.4,0,4605,105.51525423728813,0.022844733984799134,6,0,0,1,0,1,1,0,1,0,0,1,0,0,1,0,0,0,0,1,0,0,0,1
0,0,0,0,24,1,1,0,0,0,1,0,0,0,54.6,1242.25,0,3398,49.69,0.016068275456150676,3,0,0,0,0,0,1,1,0,0,0,1,0,1,0,0,0,1,0,0,0,0,1,0
0,0,1,1,5,1,0,0,0,0,0,0,0,0,20.55,99.45,0,3629,16.575,0.005662717001928906,1,0,1,0,0,1,1,0,0,1,0,1,0,0,0,1,0,0,0,0,1,0,0,1
0,0,1,1,30,1,0,0,0,0,0,0,0,0,19.7,599.25,0,5045,19.330645161290324,0.003904856293359762,1,0,0,0,0,1,1,0,0,1,0,0,1,0,0,0,1,0,1,0,0,0,0,1
0,0,1,0,55,1,1,1,1,0,1,0,0,1,66.05,3462.1,0,5501,61.823214285714286,0.012006907834939101,5,0,0,0,0,0,0,1,0,0,0,1,0,0,1,0,0,0,0,1,0,1,0,0
0,0,1,1,44,0,0,1,1,1,1,0,1,1,54.05,2375.2,0,4896,52.78222222222222,0.011039624183006535,5,0,0,0,0,0,0,1,0,0,0,0,1,0,1,0,0,0,1,0,0,0,0,1
0,0,0,0,47,1,0,1,1,0,1,0,0,1,58.9,2813.05,0,5774,58.60520833333334,0.010200900588846554,4,0,0,0,0,0,0,1,0,0,0,1,0,0,0,0,1,0,1,0,0,1,0,0
0,0,1,0,64,1,0,1,0,0,1,1,1,1,96.9,6314.35,0,5369,97.14384615384616,0.01804805364127398,5,0,0,1,0,0,0,0,1,0,0,1,0,0,0,0,1,0,0,1,0,0,0,1
0,0,0,0,1,1,0,0,0,0,0,0,0,0,19.1,19.1,0,2091,9.55,0.009134385461501674,1,1,0,0,0,1,1,0,0,1,1,0,0,0,0,0,1,0,0,0,1,0,1,0
0,0,0,0,20,1,0,0,0,0,1,0,0,0,50.0,1003.05,0,5741,47.76428571428571,0.00870928409684724,2,1,0,0,0,0,1,1,0,0,1,0,0,0,0,0,1,1,0,0,0,1,0,0
0,0,1,0,37,0,0,1,0,0,1,1,0,0,45.4,1593.1,0,4051,41.92368421052631,0.011207109355714638,3,0,1,0,0,0,0,1,0,0,0,0,1,0,0,1,0,0,1,0,0,0,0,1
0,0,1,1,30,1,1,0,0,0,0,1,0,0,85.45,2509.95,0,3409,80.96612903225805,0.025066001760046936,3,1,1,1,0,1,1,0,1,0,1,0,0,0,0,1,0,0,1,0,0,0,1,0
0,0,0,0,38,1,1,1,1,1,0,1,1,0,84.1,3187.65,0,2604,81.73461538461538,0.03229646697388633,7,0,0,0,0,1,0,1,0,0,0,1,0,1,0,0,0,0,1,0,0,0,1,0
0,0,1,0,52,0,0,1,1,1,1,1,1,0,66.25,3330.1,0,4275,62.83207547169811,0.015497076023391813,6,0,0,0,0,0,0,1,0,0,0,0,1,0,1,0,0,0,0,1,0,0,0,1
0,0,0,1,71,1,0,1,1,1,1,1,0,1,76.9,5522.7,0,4633,76.70416666666667,0.016598316425642134,6,0,0,0,0,0,0,1,0,0,0,0,1,0,1,0,0,0,0,1,0,0,0,1
0,0,0,0,66,1,1,1,1,1,0,0,1,1,74.6,4798.4,0,4838,71.61791044776119,0.01541959487391484,6,0,0,0,0,1,0,1,0,0,0,0,1,0,1,0,0,0,0,1,0,0,0,1
0,0,1,0,72,1,1,1,1,1,1,1,1,1,116.95,8594.4,0,5949,117.73150684931507,0.01965876617918978,8,0,0,1,0,0,0,0,1,0,0,0,1,0,1,0,0,0,0,1,0,1,0,0
0,0,0,1,25,0,0,1,0,0,0,1,0,1,40.65,970.55,0,5079,37.32884615384615,0.00800354400472534,2,0,0,0,0,1,0,1,0,0,0,1,0,0,1,0,0,0,1,0,0,0,0,1
0,0,1,1,69,1,1,1,1,1,1,1,1,1,114.35,7665.8,0,6082,109.51142857142857,0.018801381124630055,8,0,0,1,0,0,0,0,1,0,0,0,1,1,0,0,0,0,0,1,0,1,0,0
0,0,1,1,53,1,1,1,1,0,0,0,1,0,69.7,3686.05,0,4975,68.2601851851852,0.014010050251256283,5,0,0,0,0,1,0,1,0,0,0,0,1,1,0,0,0,0,0,1,0,0,0,1
0,0,0,0,26,1,0,0,0,1,1,1,1,1,98.65,2537.0,0,4191,93.96296296296296,0.023538534955857792,5,1,1,1,0,0,1,0,1,0,1,0,0,0,0,1,0,0,1,0,0,0,0,1
0,0,0,0,21,1,0,0,0,1,0,0,1,0,61.65,1393.6,0,2926,63.345454545454544,0.02106971975393028,3,1,0,0,0,1,1,1,0,0,1,0,0,0,0,0,1,1,0,0,0,0,1,0
0,0,0,1,1,1,0,0,0,0,0,1,1,1,89.35,89.35,0,2432,44.675,0.036739309210526316,3,1,1,1,0,1,1,0,1,0,1,0,0,0,0,1,0,0,0,0,1,0,1,0
0,0,0,0,48,1,1,1,0,0,1,0,1,1,95.4,4445.3,0,4334,90.7204081632653,0.022011998154130134,5,1,1,1,0,0,0,0,1,0,1,0,0,0,0,1,0,0,1,0,0,0,0,1
0,0,1,0,26,0,0,1,0,1,0,0,0,0,35.4,978.6,0,2519,36.24444444444445,0.014053195712584359,2,0,0,0,0,1,0,1,0,0,0,1,0,0,1,0,0,0,1,0,0,0,1,0
0,0,1,0,60,1,0,0,0,0,0,0,0,0,19.95,1258.15,0,5971,20.625409836065575,0.0033411488862837044,1,0,0,0,0,1,1,0,0,1,0,0,1,0,0,0,1,0,0,1,0,1,0,0
0,0,0,0,18,1,0,0,0,0,0,0,0,0,19.25,331.35,0,4769,17.439473684210526,0.004036485636401761,1,1,0,0,0,1,1,0,0,1,1,0,0,0,0,0,1,1,0,0,0,0,0,1
0,0,0,1,4,1,0,0,0,0,0,0,0,1,20.4,84.75,0,5602,16.95,0.003641556586933238,1,0,0,0,0,1,1,0,0,1,0,1,0,0,0,0,1,0,0,0,1,1,0,0
0,0,1,1,65,1,1,0,0,0,0,0,0,0,24.75,1715.1,0,6263,25.986363636363635,0.003951780296982277,2,0,0,0,0,1,1,0,0,1,0,0,1,0,1,0,0,0,0,1,0,1,0,0
0,0,1,1,70,1,1,0,0,0,0,0,0,0,25.35,1715.15,0,6059,24.157042253521126,0.004183858722561479,2,0,0,0,0,1,1,0,0,1,0,0,1,0,0,0,1,0,0,1,0,1,0,0
0,0,0,1,62,1,0,0,0,0,0,0,0,0,20.0,1250.1,0,4402,19.84285714285714,0.004543389368468878,1,0,0,0,0,1,1,0,0,1,0,0,1,1,0,0,0,0,0,1,0,0,0,1
0,0,1,1,66,1,0,1,0,0,0,1,0,1,59.75,3996.8,0,5979,59.65373134328358,0.009993309918046495,3,0,1,0,0,1,0,1,0,0,0,0,1,0,0,1,0,0,0,1,0,1,0,0
0,0,1,1,65,1,1,1,1,0,1,1,1,1,82.5,5215.1,0,5314,79.01666666666667,0.01552502822732405,7,0,0,0,0,0,0,1,0,0,0,0,1,1,0,0,0,0,0,1,0,0,0,1
0,0,0,0,34,1,0,0,0,0,0,0,0,0,20.35,673.2,0,2864,19.234285714285715,0.007105446927374302,1,1,0,0,0,1,1,0,0,1,1,0,0,0,0,0,1,0,1,0,0,0,1,0
0,0,1,1,16,1,1,0,0,1,0,1,0,1,90.8,1442.2,0,5560,84.83529411764707,0.01633093525179856,4,1,0,1,0,1,1,0,1,0,1,0,0,1,0,0,0,1,0,0,0,1,0,0
0,1,0,0,50,1,1,0,0,1,1,1,1,1,104.95,5222.35,0,5570,102.39901960784314,0.01884201077199282,6,1,1,1,1,0,1,0,1,0,1,0,0,0,0,1,0,0,0,1,0,1,0,0
0,0,1,0,71,1,0,0,1,1,1,1,1,1,105.25,7291.75,0,6319,101.27430555555556,0.016656116474125654,6,0,1,1,0,0,1,0,1,0,0,0,1,0,0,1,0,0,0,1,0,1,0,0
0,0,0,0,18,1,1,0,0,0,0,0,0,0,23.75,424.5,0,3076,22.342105263157894,0.007721066319895969,2,0,0,0,0,1,1,0,0,1,0,1,0,0,0,0,1,1,0,0,0,0,1,0
0,0,0,0,4,1,0,0,0,0,1,1,0,1,61.3,249.4,0,5281,49.88,0.011607650066275326,3,1,1,0,0,0,1,1,0,0,1,0,0,0,0,1,0,0,0,0,1,0,0,1
0,0,1,1,58,1,1,1,0,1,1,1,0,0,75.8,4415.75,0,4292,74.84322033898304,0.01766076421248835,6,0,0,0,0,0,0,1,0,0,0,0,1,0,0,0,1,0,0,1,0,0,0,1
0,0,1,0,56,1,1,1,0,0,0,1,1,1,98.0,5270.6,0,4615,92.46666666666667,0.02123510292524377,5,0,1,1,0,1,0,0,1,0,0,1,0,0,0,1,0,0,0,1,0,0,0,1
0,0,1,1,56,0,0,1,1,0,1,1,0,1,52.0,2884.9,0,5845,50.612280701754386,0.008896492728828058,4,0,0,0,0,0,0,1,0,0,0,1,0,0,0,0,1,0,0,1,0,1,0,0
0,0,0,0,4,1,1,0,0,0,1,1,0,1,64.4,253.0,0,3334,50.6,0.019316136772645473,4,1,0,0,0,0,1,1,0,0,1,0,0,0,0,0,1,0,0,0,1,0,1,0
0,0,0,0,10,1,0,0,0,0,0,0,0,1,45.8,436.2,0,5586,39.654545454545456,0.00819906910132474,1,1,0,0,0,1,1,1,0,0,1,0,0,0,1,0,0,0,0,0,1,1,0,0
0,0,0,0,4,0,0,0,0,0,1,0,0,0,30.5,118.4,0,3030,23.68,0.010066006600660066,1,1,1,0,0,0,1,1,0,0,1,0,0,0,0,1,0,0,0,0,1,0,1,0
0,0,1,0,51,1,0,0,0,0,0,0,0,0,69.15,3649.6,0,5187,70.18461538461538,0.013331405436668596,1,1,0,1,0,1,1,0,1,0,1,0,0,0,0,0,1,0,0,1,0,0,0,1
0,0,0,0,6,0,0,0,0,0,1,1,1,1,49.25,255.6,0,2979,36.51428571428571,0.016532393420610945,3,0,0,0,0,0,1,1,0,0,0,1,0,0,0,0,1,0,0,0,1,0,1,0
0,0,1,1,63,0,0,0,1,1,1,0,0,0,39.35,2395.05,0,5374,37.42265625,0.007322292519538519,3,0,0,0,0,0,1,1,0,0,0,0,1,1,0,0,0,0,0,1,0,0,0,1
0,0,1,0,48,1,1,0,1,0,1,1,1,1,105.1,5083.55,0,3109,103.74591836734695,0.033805082019942104,6,1,0,1,0,0,1,0,1,0,1,0,0,0,1,0,0,0,1,0,0,0,1,0
0,0,0,1,35,1,0,0,0,0,0,0,0,1,20.1,644.5,0,3726,17.90277777777778,0.005394524959742351,1,0,0,0,0,1,1,0,0,1,0,1,0,0,1,0,0,0,1,0,0,0,0,1
0,0,0,0,2,1,0,0,0,0,0,0,0,0,19.75,39.3,0,4064,13.1,0.004859744094488189,1,1,0,0,0,1,1,0,0,1,1,0,0,0,0,0,1,0,0,0,1,0,0,1
0,0,0,0,50,1,0,0,0,0,0,0,0,0,19.75,989.05,0,4934,19.39313725490196,0.004002837454398054,1,0,0,0,0,1,1,0,0,1,0,1,0,1,0,0,0,0,0,1,0,0,0,1
0,0,0,0,33,1,0,0,0,0,0,0,0,1,70.4,2406.1,0,4860,70.76764705882353,0.014485596707818932,1,1,0,1,0,1,1,0,1,0,1,0,0,1,0,0,0,0,1,0,0,0,0,1
0,0,0,0,31,1,0,0,0,0,0,0,0,0,20.45,638.55,0,2598,19.9546875,0.007871439568899153,1,0,0,0,0,1,1,0,0,1,0,0,1,0,0,0,1,0,1,0,0,0,1,0
0,0,1,1,9,1,0,0,0,0,0,0,0,0,20.35,191.1,0,5352,19.11,0.0038023168908819134,1,0,0,0,0,1,1,0,0,1,0,0,1,0,0,0,1,0,0,0,1,0,0,1
0,0,1,1,54,1,1,0,1,1,1,1,1,1,86.2,4524.05,0,6275,82.25545454545455,0.013737051792828687,7,1,1,0,0,0,1,1,0,0,1,0,0,0,0,1,0,0,0,1,0,1,0,0
0,0,0,0,46,1,0,1,1,1,0,1,0,1,95.65,4664.2,0,4727,99.23829787234042,0.020234821239686906,5,0,0,1,0,1,0,0,1,0,0,1,0,0,1,0,0,0,1,0,0,0,0,1
0,0,0,1,34,1,1,1,1,0,0,1,1,1,103.8,3470.8,0,5382,99.16571428571429,0.019286510590858418,6,0,1,1,0,1,0,0,1,0,0,1,0,0,0,1,0,0,1,0,0,1,0,0
0,0,1,1,71,1,1,1,0,0,0,1,1,1,97.2,6910.3,0,4603,95.97638888888889,0.02111666304583967,5,0,1,1,0,1,0,0,1,0,0,0,1,0,0,1,0,0,0,1,0,0,0,1
0,0,1,1,63,1,0,1,1,1,1,0,0,0,63.55,4014.2,0,5733,62.721875,0.011084946799232514,5,0,0,0,0,0,0,1,0,0,0,0,1,0,0,0,1,0,0,1,0,1,0,0
0,0,0,0,51,1,1,0,0,0,0,0,0,0,24.95,1288.0,0,5458,24.76923076923077,0.004571271528032246,2,0,0,0,0,1,1,0,0,1,0,0,1,1,0,0,0,0,0,1,0,1,0,0
0,0,1,0,64,1,0,1,0,1,0,1,1,1,99.0,6375.8,0,5483,98.08923076923077,0.018055808863760715,5,0,0,1,0,1,0,0,1,0,0,0,1,1,0,0,0,0,0,1,0,1,0,0
0,1,1,0,61,1,1,0,1,0,1,0,0,1,85.55,5251.75,0,4845,84.70564516129032,0.01765737874097007,4,0,0,1,1,0,1,0,1,0,0,1,0,1,0,0,0,0,0,1,0,0,0,1
0,0,0,0,15,1,0,0,0,1,0,1,1,1,94.0,1505.45,0,4521,94.090625,0.0207918602079186,4,1,0,1,0,1,1,0,1,0,1,0,0,0,1,0,0,1,0,0,0,0,0,1
0,0,0,0,18,1,1,0,0,0,0,0,0,1,50.3,913.3,0,5877,48.06842105263158,0.008558788497532754,2,1,1,0,0,1,1,1,0,0,1,0,0,0,0,1,0,1,0,0,0,1,0,0
0,0,1,1,57,1,0,0,1,0,0,1,1,1,95.0,5535.8,0,6245,95.4448275862069,0.01521216973578863,4,0,1,1,0,1,1,0,1,0,0,1,0,0,0,1,0,0,0,1,0,1,0,0
0,0,1,1,14,1,0,1,1,0,0,0,1,1,61.4,815.55,0,3186,54.37,0.019271814187068425,4,0,0,0,0,1,0,1,0,0,0,0,1,1,0,0,0,1,0,0,0,0,1,0
0,1,0,0,18,1,1,0,1,0,0,0,0,1,80.55,1411.65,0,5137,74.29736842105264,0.015680358185711504,3,1,0,1,1,1,1,0,1,0,1,0,0,0,1,0,0,1,0,0,0,0,0,1
0,1,1,0,72,1,1,1,0,0,0,0,0,0,78.5,5602.25,0,6072,76.7431506849315,0.012928194993412384,3,0,0,1,1,1,0,0,1,0,0,0,1,1,0,0,0,0,0,1,0,1,0,0
0,0,1,0,70,1,1,1,1,1,1,1,1,0,114.3,8244.3,0,4280,116.11690140845069,0.026705607476635515,8,0,0,1,0,0,0,0,1,0,0,0,1,0,1,0,0,0,0,1,0,0,0,1
0,0,0,0,38,1,0,0,0,0,0,0,0,0,20.05,741.5,0,2295,19.012820512820515,0.008736383442265796,1,0,0,0,0,1,1,0,0,1,0,0,1,0,0,0,1,0,1,0,0,0,1,0
0,0,1,1,68,1,0,1,1,1,1,0,0,0,62.65,4375.8,0,5215,63.41739130434783,0.012013422818791947,5,0,0,0,0,0,0,1,0,0,0,0,1,0,1,0,0,0,0,1,0,0,0,1
0,1,1,0,65,1,1,1,1,0,0,1,0,1,92.7,5968.4,0,5205,90.43030303030302,0.017809798270893372,5,0,0,1,1,1,0,0,1,0,0,0,1,0,1,0,0,0,0,1,0,0,0,1
0,0,0,0,30,1,1,0,0,1,0,1,1,0,100.45,3096.9,0,3936,99.9,0.025520833333333333,5,1,1,1,0,1,1,0,1,0,1,0,0,0,0,1,0,0,1,0,0,0,0,1
0,0,1,0,51,1,1,0,0,0,1,1,1,1,75.2,3901.25,0,4708,75.02403846153847,0.01597281223449448,5,0,0,0,0,0,1,1,0,0,0,0,1,1,0,0,0,0,0,1,0,0,0,1
0,0,0,0,31,1,1,1,0,1,0,0,0,1,84.75,2613.4,0,3727,81.66875,0.02273946874161524,4,1,0,1,0,1,0,0,1,0,1,0,0,0,1,0,0,0,1,0,0,0,0,1
0,0,1,1,72,1,1,1,1,1,1,0,1,1,79.5,5661.7,0,4390,77.55753424657534,0.018109339407744875,7,0,0,0,0,0,0,1,0,0,0,0,1,1,0,0,0,0,0,1,0,0,0,1
0,0,0,0,37,1,0,0,0,0,0,0,0,1,19.8,695.05,0,5987,18.29078947368421,0.0033071655253048273,1,0,1,0,0,1,1,0,0,1,0,1,0,0,0,1,0,0,1,0,0,1,0,0
0,0,0,0,55,1,0,1,1,0,0,1,1,1,100.9,5552.05,0,5101,99.14375,0.019780435208782594,5,0,0,1,0,1,0,0,1,0,0,1,0,0,0,0,1,0,0,1,0,0,0,1
0,0,0,1,33,1,1,1,0,1,0,0,1,1,95.3,3275.15,0,3087,96.32794117647059,0.030871396177518627,5,1,0,1,0,1,0,0,1,0,1,0,0,1,0,0,0,0,1,0,0,0,1,0
0,0,1,1,46,1,0,0,0,1,1,0,1,0,90.95,4236.6,0,5187,90.1404255319149,0.017534220165799114,4,0,0,1,0,0,1,0,1,0,0,1,0,1,0,0,0,0,1,0,0,0,0,1
0,0,0,1,1,1,0,1,0,0,1,0,0,0,54.5,54.5,0,4359,27.25,0.012502867630190411,3,1,1,0,0,0,0,1,0,0,1,0,0,0,0,1,0,0,0,0,1,0,0,1
0,0,1,1,19,1,0,0,0,1,0,0,0,1,49.6,962.9,0,5735,48.144999999999996,0.008648648648648649,2,1,0,0,0,1,1,1,0,0,1,0,0,1,0,0,0,1,0,0,0,1,0,0
0,0,0,1,61,1,1,0,0,0,0,0,0,1,25.0,1498.35,0,4673,24.166935483870965,0.005349882302589343,2,0,0,0,0,1,1,0,0,1,0,0,1,0,1,0,0,0,0,1,0,0,0,1
0,0,0,0,26,1,0,0,0,0,0,0,0,0,45.45,1233.15,0,5451,45.672222222222224,0.008337919647771051,1,1,1,0,0,1,1,1,0,0,1,0,0,0,0,1,0,0,1,0,0,1,0,0
0,0,1,0,45,1,1,0,1,1,0,1,1,1,107.75,4882.8,0,3301,106.14782608695653,0.03264162375037867,6,1,0,1,0,1,1,0,1,0,1,0,0,1,0,0,0,0,1,0,0,0,1,0
0,0,1,1,62,1,1,0,0,1,0,1,0,1,89.1,5411.65,0,5995,85.89920634920634,0.014862385321100917,4,0,0,1,0,1,1,0,1,0,0,0,1,0,1,0,0,0,0,1,0,1,0,0
0,0,0,0,3,1,0,0,0,0,0,0,0,0,44.75,148.05,0,3422,37.0125,0.013077147866744594,1,1,0,0,0,1,1,1,0,0,1,0,0,0,0,0,1,0,0,0,1,0,1,0
0,0,1,1,41,1,1,1,1,1,0,0,1,1,101.6,3930.55,0,3275,93.58452380952382,0.031022900763358778,6,0,0,1,0,1,0,0,1,0,0,1,0,1,0,0,0,0,1,0,0,0,1,0
0,0,1,1,67,1,0,0,1,1,1,1,1,0,103.15,6895.5,0,4376,101.40441176470588,0.023571755027422304,6,0,0,1,0,0,1,0,1,0,0,0,1,1,0,0,0,0,0,1,0,0,0,1
0,0,1,0,71,1,1,1,1,0,0,1,0,0,95.65,6856.95,0,5856,95.23541666666667,0.01633367486338798,5,0,0,1,0,1,0,0,1,0,0,1,0,0,0,0,1,0,0,1,0,1,0,0
0,0,1,1,37,1,0,1,1,0,0,1,1,0,75.1,2658.8,0,4131,69.96842105263158,0.018179617526022752,5,0,0,0,0,1,0,1,0,0,0,1,0,1,0,0,0,0,1,0,0,0,0,1
0,0,1,0,60,1,0,1,1,0,1,0,0,1,61.35,3766.2,0,6174,61.74098360655737,0.009936831875607385,4,0,0,0,0,0,0,1,0,0,0,0,1,0,0,0,1,0,0,1,0,1,0,0
0,0,0,0,6,1,0,0,0,0,0,0,0,0,19.7,129.55,0,5387,18.50714285714286,0.003656951921291999,1,1,0,0,0,1,1,0,0,1,1,0,0,0,1,0,0,0,0,0,1,1,0,0
0,0,1,1,11,1,0,1,0,0,0,0,0,0,51.0,581.7,0,5777,48.475,0.00882811147654492,2,1,0,0,0,1,0,1,0,0,1,0,0,1,0,0,0,0,0,0,1,1,0,0
0,0,1,1,10,1,0,0,0,0,0,1,1,1,88.85,929.45,0,4531,84.49545454545455,0.019609357757669386,3,1,1,1,0,1,1,0,1,0,1,0,0,0,0,1,0,0,0,0,1,0,0,1
0,0,1,0,34,1,0,0,0,0,0,0,0,0,20.05,679.0,0,2236,19.4,0.008966905187835422,1,0,0,0,0,1,1,0,0,1,0,0,1,0,1,0,0,0,1,0,0,0,1,0
0,0,0,0,62,1,0,1,0,0,1,0,1,1,65.1,3846.75,0,5172,61.05952380952381,0.012587006960556844,4,0,0,0,0,0,0,1,0,0,0,0,1,0,0,0,1,0,0,1,0,0,0,1
0,0,1,0,64,1,1,0,1,0,1,0,1,1,70.15,4480.7,0,5037,68.93384615384615,0.013926940639269407,5,0,0,0,0,0,1,1,0,0,0,1,0,0,0,0,1,0,0,1,0,0,0,1
0,0,0,0,25,1,0,0,0,0,0,0,0,1,20.75,499.4,0,5161,19.207692307692305,0.0040205386552993605,1,0,0,0,0,1,1,0,0,1,0,0,1,0,0,0,1,0,1,0,0,0,0,1
0,0,0,0,26,1,0,0,1,1,0,0,0,1,56.05,1553.2,0,3079,57.525925925925925,0.018203962325430333,3,0,0,0,0,1,1,1,0,0,0,1,0,0,0,0,1,0,1,0,0,0,1,0
0,0,0,1,10,1,0,0,0,0,0,0,0,1,19.95,219.5,0,3044,19.954545454545453,0.0065538764783180025,1,0,0,0,0,1,1,0,0,1,0,1,0,1,0,0,0,0,0,0,1,0,1,0
0,0,0,0,53,1,1,1,1,1,0,1,0,0,98.6,5311.85,0,4635,98.3675925925926,0.021272923408845738,6,0,0,1,0,1,0,0,1,0,0,1,0,0,0,0,1,0,0,1,0,0,0,1
0,0,0,0,33,1,0,0,1,1,0,0,0,1,79.0,2576.8,0,4396,75.78823529411765,0.01797088262056415,3,1,0,1,0,1,1,0,1,0,1,0,0,0,1,0,0,0,1,0,0,0,0,1
0,1,1,0,71,1,0,0,1,1,0,0,1,0,89.45,6435.25,0,6004,89.37847222222223,0.01489840106595603,4,0,0,1,1,1,1,0,1,0,0,0,1,0,1,0,0,0,0,1,0,1,0,0
0,0,0,0,29,1,1,0,0,0,0,0,0,1,74.2,1993.25,0,3982,66.44166666666666,0.018633852335509796,2,1,1,1,0,1,1,0,1,0,1,0,0,0,0,1,0,0,1,0,0,0,0,1
0,0,1,1,24,1,1,1,0,0,1,1,1,0,81.0,1923.85,0,3019,76.954,0.026830076184166943,6,1,0,0,0,0,0,1,0,0,1,0,0,1,0,0,0,1,0,0,0,0,1,0
0,0,1,1,20,1,0,0,0,1,0,0,0,1,49.6,939.8,0,3235,44.75238095238095,0.015332302936630604,2,1,1,0,0,1,1,1,0,0,1,0,0,0,0,1,0,1,0,0,0,0,1,0
0,0,0,0,1,1,1,0,0,0,0,1,0,1,84.6,84.6,0,2196,42.3,0.038524590163934426,3,1,1,1,0,1,1,0,1,0,1,0,0,0,0,1,0,0,0,0,1,0,1,0
0,0,1,1,72,1,1,1,0,1,1,1,1,1,84.2,5986.55,0,5598,82.00753424657535,0.01504108610217935,7,0,0,0,0,0,0,1,0,0,0,0,1,1,0,0,0,0,0,1,0,1,0,0
0,0,1,0,52,1,0,1,1,1,1,1,1,1,106.3,5487.0,0,4969,103.52830188679245,0.021392634332863755,7,0,1,1,0,0,0,0,1,0,0,0,1,0,0,1,0,0,0,1,0,0,0,1
0,0,0,0,9,1,0,0,0,0,0,0,0,0,69.05,651.5,0,5121,65.15,0.013483694590900215,1,1,1,1,0,1,1,0,1,0,1,0,0,0,0,1,0,0,0,0,1,0,0,1
0,0,0,0,1,1,0,0,0,0,0,0,0,1,45.4,45.4,0,4916,22.7,0.009235150528885272,1,1,0,0,0,1,1,1,0,0,1,0,0,0,0,0,1,0,0,0,1,0,0,1
0,0,1,1,69,1,1,0,0,0,1,1,1,1,99.35,6856.45,0,4637,97.94928571428571,0.021425490618934655,5,0,1,1,0,0,1,0,1,0,0,0,1,0,0,1,0,0,0,1,0,0,0,1
0,0,0,0,1,1,0,1,0,0,0,0,0,1,50.75,50.75,0,2250,25.375,0.022555555555555554,2,1,0,0,0,1,0,1,0,0,1,0,0,0,0,0,1,0,0,0,1,0,1,0
0,0,0,0,54,1,1,1,0,1,1,1,1,0,87.1,4735.2,0,5418,86.09454545454545,0.016076042820228866,7,0,0,0,0,0,0,1,0,0,0,0,1,1,0,0,0,0,0,1,0,1,0,0
0,0,0,1,33,1,0,0,0,0,0,0,0,1,20.15,682.15,0,5759,20.063235294117646,0.003498871331828442,1,0,0,0,0,1,1,0,0,1,0,1,0,0,0,0,1,0,1,0,0,1,0,0
0,1,1,0,45,1,1,0,1,1,1,1,0,1,98.7,4525.8,0,2535,98.38695652173914,0.03893491124260355,6,0,0,1,1,0,1,0,1,0,0,1,0,1,0,0,0,0,1,0,0,0,1,0
0,0,0,1,11,0,0,0,0,0,0,0,0,0,25.2,321.05,0,5916,26.754166666666666,0.004259634888438134,0,1,1,0,0,1,1,1,0,0,1,0,0,0,0,1,0,0,0,0,1,1,0,0
0,0,0,0,6,1,0,1,1,0,0,0,0,1,55.7,335.65,0,2482,47.949999999999996,0.022441579371474618,3,1,0,0,0,1,0,1,0,0,1,0,0,1,0,0,0,0,0,0,1,0,1,0
0,0,0,0,21,1,0,1,0,1,0,1,0,0,65.35,1424.4,0,2887,64.74545454545455,0.022635954277797018,4,1,0,0,0,1,0,1,0,0,1,0,0,1,0,0,0,1,0,0,0,0,1,0
0,0,1,1,65,1,1,0,0,0,0,0,0,1,25.3,1748.55,0,4533,26.493181818181817,0.0055812927421133906,2,0,0,0,0,1,1,0,0,1,0,0,1,1,0,0,0,0,0,1,0,0,0,1
0,0,1,1,43,1,1,0,0,0,0,0,0,0,24.25,1077.95,0,4432,24.498863636363637,0.005471570397111913,2,0,0,0,0,1,1,0,0,1,0,0,1,0,0,0,1,0,1,0,0,0,0,1
0,0,1,1,60,1,0,1,1,1,0,0,0,0,60.5,3694.45,0,6026,60.56475409836065,0.010039827414537007,4,0,0,0,0,1,0,1,0,0,0,0,1,1,0,0,0,0,0,1,0,1,0,0
0,0,0,0,17,0,0,0,0,0,0,0,0,0,25.1,382.8,0,4580,21.266666666666666,0.0054803493449781665,0,1,0,0,0,1,1,1,0,0,1,0,0,0,1,0,0,1,0,0,0,0,0,1
0,0,1,1,35,1,0,0,0,0,0,0,0,0,20.05,746.75,0,3942,20.743055555555557,0.00508625063419584,1,0,0,0,0,1,1,0,0,1,0,1,0,1,0,0,0,0,1,0,0,0,0,1
0,0,1,1,12,0,0,0,0,0,1,0,0,0,30.25,368.85,0,5988,28.373076923076926,0.005051770207080829,1,0,0,0,0,0,1,1,0,0,0,1,0,0,1,0,0,0,0,0,1,1,0,0
0,0,0,0,1,1,0,0,0,0,0,0,0,0,20.2,20.2,0,4496,10.1,0.00449288256227758,1,1,0,0,0,1,1,0,0,1,1,0,0,0,0,0,1,0,0,0,1,0,0,1
0,0,0,0,28,1,0,1,1,0,1,0,0,1,59.9,1654.7,0,4131,57.05862068965517,0.014500121036068748,4,0,1,0,0,0,0,1,0,0,0,1,0,0,0,1,0,0,1,0,0,0,0,1
0,0,1,0,70,1,1,0,0,0,0,0,0,0,25.15,1940.85,0,4279,27.335915492957746,0.005877541481654592,2,0,0,0,0,1,1,0,0,1,0,0,1,1,0,0,0,0,0,1,0,0,0,1
0,0,0,0,18,1,0,0,1,1,0,1,1,0,101.3,1794.65,0,5948,94.45526315789475,0.01703093476798924,5,1,0,1,0,1,1,0,1,0,1,0,0,0,1,0,0,1,0,0,0,1,0,0
0,0,1,0,70,1,1,1,0,0,1,1,1,1,76.95,5289.8,0,6280,74.50422535211268,0.012253184713375796,6,0,0,0,0,0,0,1,0,0,0,0,1,0,1,0,0,0,0,1,0,1,0,0
0,0,1,1,9,1,1,0,1,0,0,0,0,1,55.3,501.2,0,4291,50.12,0.012887438825448613,3,1,0,0,0,1,1,1,0,0,1,0,0,0,0,0,1,0,0,0,1,0,0,1
0,1,0,0,67,1,0,1,1,0,1,1,0,1,92.45,6140.85,0,5857,90.30661764705883,0.01578453133003244,5,0,0,1,1,0,0,0,1,0,0,0,1,1,0,0,0,0,0,1,0,1,0,0
0,0,0,0,1,1,0,1,0,0,0,0,0,1,48.45,48.45,0,5838,24.225,0.008299075025693731,2,1,0,0,0,1,0,1,0,0,1,0,0,1,0,0,0,0,0,0,1,1,0,0
0,0,1,1,18,1,0,0,0,0,0,0,0,0,19.35,309.25,0,2269,16.276315789473685,0.00852798589687087,1,0,0,0,0,1,1,0,0,1,0,0,1,0,0,0,1,1,0,0,0,0,1,0
0,1,1,1,71,1,0,1,1,1,0,0,0,1,86.7,6179.35,0,4485,85.82430555555555,0.019331103678929765,4,0,0,1,1,1,0,0,1,0,0,1,0,1,0,0,0,0,0,1,0,0,0,1
0,0,1,0,1,1,0,1,0,1,0,0,0,0,55.7,55.7,0,5664,27.85,0.009834039548022599,3,1,0,0,0,1,0,1,0,0,1,0,0,0,0,0,1,0,0,0,1,1,0,0
0,0,0,0,55,1,1,1,0,1,0,0,0,1,84.25,4589.85,0,5735,81.96160714285715,0.014690496948561465,4,0,0,1,0,1,0,0,1,0,0,1,0,0,1,0,0,0,0,1,0,1,0,0
0,0,0,0,59,1,0,0,0,1,1,1,0,1,64.65,3735.45,0,5687,62.2575,0.011368032354492704,4,1,1,0,0,0,1,1,0,0,1,0,0,0,0,1,0,0,0,1,0,1,0,0
0,0,1,0,7,1,0,0,0,0,0,0,0,1,69.2,477.55,0,2551,59.69375,0.027126617012936106,1,1,0,1,0,1,1,0,1,0,1,0,0,1,0,0,0,0,0,0,1,0,1,0
0,0,1,1,45,1,0,1,0,0,1,0,0,0,54.65,2553.7,0,5083,55.51521739130435,0.010751524690143616,3,0,0,0,0,0,0,1,0,0,0,0,1,1,0,0,0,0,1,0,0,0,0,1
0,0,1,1,54,1,1,0,0,0,0,0,0,1,24.75,1342.15,0,6466,24.402727272727276,0.003827714197339932,2,0,0,0,0,1,1,0,0,1,0,1,0,1,0,0,0,0,0,1,0,1,0,0
0,0,1,1,51,1,1,0,0,0,0,0,0,1,23.95,1216.35,0,5895,23.39134615384615,0.004062765055131467,2,0,0,0,0,1,1,0,0,1,0,1,0,0,0,0,1,0,0,1,0,1,0,0
0,1,1,0,72,1,1,0,1,1,0,1,1,0,105.0,7578.05,0,6423,103.80890410958904,0.016347501167678656,6,0,0,1,1,1,1,0,1,0,0,1,0,0,1,0,0,0,0,1,0,1,0,0
0,0,1,0,44,1,0,1,1,0,1,0,0,1,59.85,2603.95,0,5981,57.86555555555555,0.010006687844842,4,0,0,0,0,0,0,1,0,0,0,1,0,1,0,0,0,0,1,0,0,1,0,0
0,0,0,0,2,1,0,0,0,0,0,0,0,0,20.05,42.7,0,4394,14.233333333333334,0.004563040509786072,1,1,0,0,0,1,1,0,0,1,1,0,0,0,0,0,1,0,0,0,1,0,0,1
0,0,0,0,66,1,1,0,0,1,0,1,0,1,92.15,6056.9,0,4928,90.40149253731343,0.018699269480519483,4,0,0,1,0,1,1,0,1,0,0,1,0,1,0,0,0,0,0,1,0,0,0,1
0,0,1,1,68,0,0,1,1,0,0,1,0,0,44.8,2983.65,0,4112,43.24130434782609,0.010894941634241245,3,0,0,0,0,1,0,1,0,0,0,1,0,0,0,0,1,0,0,1,0,0,0,1
0,0,0,0,31,1,0,0,0,0,0,0,0,0,20.9,689.35,0,5581,21.5421875,0.0037448485934420354,1,0,0,0,0,1,1,0,0,1,0,0,1,0,1,0,0,0,1,0,0,1,0,0
0,1,0,0,21,1,1,0,0,0,0,1,1,1,95.4,2025.1,0,5691,92.05,0.01676331049024776,4,1,0,1,1,1,1,0,1,0,1,0,0,1,0,0,0,1,0,0,0,1,0,0
0,0,0,1,21,1,1,1,0,0,0,0,0,0,80.35,1747.2,0,4579,79.41818181818182,0.017547499454029263,3,1,1,1,0,1,0,0,1,0,1,0,0,0,0,1,0,1,0,0,0,0,0,1
0,0,1,1,55,1,1,1,0,1,1,1,1,1,85.1,4657.95,0,5661,83.17767857142857,0.01503267973856209,7,0,0,0,0,0,0,1,0,0,0,0,1,1,0,0,0,0,0,1,0,1,0,0
0,1,1,0,71,1,1,1,1,1,1,1,1,1,115.05,8016.6,0,4438,111.34166666666667,0.02592383956737269,8,0,0,1,1,0,0,0,1,0,0,0,1,1,0,0,0,0,0,1,0,0,0,1
0,0,1,1,22,1,0,0,0,0,0,0,0,0,19.95,433.5,0,2233,18.847826086956523,0.008934169278996864,1,0,0,0,0,1,1,0,0,1,0,1,0,0,0,0,1,1,0,0,0,0,1,0
0,0,1,0,67,1,1,0,1,1,1,1,1,0,86.15,5883.85,0,5037,86.52720588235294,0.017103434584077825,7,0,0,0,0,0,1,1,0,0,0,0,1,1,0,0,0,0,0,1,0,0,0,1
0,1,0,0,14,1,0,1,1,0,0,0,0,0,78.85,1043.8,0,5327,69.58666666666666,0.014801952318378072,3,1,1,1,1,1,0,0,1,0,1,0,0,0,0,1,0,1,0,0,0,0,0,1
0,1,1,0,21,1,0,0,0,1,0,1,0,0,86.55,1857.25,0,5318,84.42045454545455,0.016274915381722453,3,1,0,1,1,1,1,0,1,0,1,0,0,1,0,0,0,1,0,0,0,0,0,1
0,0,0,0,4,0,0,1,1,0,1,0,0,0,42.4,146.4,0,4282,29.28,0.009901914992993928,3,1,0,0,0,0,0,1,0,0,1,0,0,0,0,0,1,0,0,0,1,0,0,1
0,0,1,0,70,1,1,0,0,0,0,0,0,0,24.25,1724.15,0,4118,24.28380281690141,0.00588878096163186,2,0,0,0,0,1,1,0,0,1,0,0,1,1,0,0,0,0,0,1,0,0,0,1
0,1,0,0,21,1,0,0,0,0,0,0,0,0,20.5,429.55,0,5766,19.525000000000002,0.003555324314949705,1,0,0,0,1,1,1,0,0,1,0,1,0,1,0,0,0,1,0,0,0,1,0,0
0,0,0,0,20,1,0,0,0,0,0,0,0,1,19.6,356.15,0,5909,16.95952380952381,0.0033169741072939588,1,1,0,0,0,1,1,0,0,1,1,0,0,0,1,0,0,1,0,0,0,1,0,0
0,0,1,1,22,1,0,0,0,0,0,0,0,0,20.25,488.25,0,3339,21.22826086956522,0.006064690026954178,1,0,0,0,0,1,1,0,0,1,0,1,0,1,0,0,0,1,0,0,0,0,1,0
0,0,0,0,63,1,0,0,0,0,0,0,0,1,20.6,1298.7,0,6469,20.2921875,0.0031844179935074973,1,0,0,0,0,1,1,0,0,1,0,0,1,0,0,0,1,0,0,1,0,1,0,0
0,0,1,1,70,1,0,0,0,0,0,0,0,0,19.8,1378.75,0,5169,19.419014084507044,0.0038305281485780615,1,0,0,0,0,1,1,0,0,1,0,0,1,1,0,0,0,0,0,1,0,0,0,1
0,0,0,0,5,1,0,0,0,0,0,1,0,0,80.2,384.25,0,3391,64.04166666666667,0.023650840460041286,2,1,1,1,0,1,1,0,1,0,1,0,0,0,0,1,0,0,0,0,1,0,1,0
0,0,1,1,72,1,1,1,1,1,1,1,1,1,116.4,8543.25,0,6491,117.03082191780823,0.017932521953474043,8,0,0,1,0,0,0,0,1,0,0,0,1,0,1,0,0,0,0,1,0,1,0,0
0,0,0,0,13,0,0,0,1,0,0,0,0,1,31.65,389.95,0,4959,27.853571428571428,0.006382335148215366,1,1,1,0,0,1,1,1,0,0,1,0,0,0,0,1,0,1,0,0,0,0,0,1
0,0,1,0,61,1,0,0,1,1,1,0,1,0,94.15,5731.85,0,4806,92.4491935483871,0.01959009571369122,5,1,0,1,0,0,1,0,1,0,1,0,0,0,1,0,0,0,0,1,0,0,0,1
0,0,0,0,1,1,0,0,0,0,0,0,0,0,20.65,20.65,0,2729,10.325,0.007566874312935141,1,1,1,0,0,1,1,0,0,1,1,0,0,0,0,1,0,0,0,0,1,0,1,0
0,1,1,0,56,1,1,0,0,0,1,0,0,1,76.85,4275.75,0,6035,75.01315789473684,0.012734051367025682,3,1,0,1,1,0,1,0,1,0,1,0,0,1,0,0,0,0,0,1,0,1,0,0
0,0,0,0,4,1,0,0,0,0,0,0,0,0,20.15,84.5,0,5535,16.9,0.0036404697380307133,1,1,0,0,0,1,1,0,0,1,1,0,0,0,0,0,1,0,0,0,1,1,0,0
0,0,0,0,35,1,1,1,0,0,0,0,0,0,55.25,1924.1,0,5498,53.44722222222222,0.0100491087668243,3,0,0,0,0,1,0,1,0,0,0,0,1,0,0,0,1,0,1,0,0,1,0,0
0,0,1,0,72,1,1,0,1,1,0,1,1,0,82.15,5784.3,0,4552,79.23698630136987,0.018047012302284712,6,0,0,0,0,1,1,1,0,0,0,0,1,1,0,0,0,0,0,1,0,0,0,1
0,1,0,0,49,1,1,1,1,1,1,0,1,0,103.0,5166.2,0,5023,103.324,0.020505673900059727,7,0,0,1,1,0,0,0,1,0,0,1,0,1,0,0,0,0,0,1,0,0,0,1
0,0,1,0,44,1,1,1,1,1,1,0,0,1,95.1,4060.55,0,2221,90.23444444444445,0.04281855020261143,6,1,0,1,0,0,0,0,1,0,1,0,0,0,1,0,0,0,1,0,0,0,1,0
0,0,1,1,37,1,1,0,1,1,0,0,1,1,95.15,3532.85,0,3407,92.96973684210526,0.02792779571470502,5,1,1,1,0,1,1,0,1,0,1,0,0,0,0,1,0,0,1,0,0,0,1,0
0,0,1,0,61,1,1,0,1,1,0,1,1,1,79.8,4914.8,0,6432,79.2709677419355,0.012406716417910447,6,0,1,0,0,1,1,1,0,0,0,1,0,0,0,1,0,0,0,1,0,1,0,0
0,0,1,0,70,1,1,1,0,1,1,0,1,1,74.8,5315.8,0,6447,74.87042253521128,0.011602295641383589,6,0,0,0,0,0,0,1,0,0,0,0,1,0,1,0,0,0,0,1,0,1,0,0
0,0,0,0,41,1,0,0,0,0,0,0,0,0,20.45,775.6,0,2839,18.46666666666667,0.0072032405776681924,1,1,1,0,0,1,1,0,0,1,1,0,0,0,0,1,0,0,1,0,0,0,1,0
0,0,1,1,70,1,1,1,1,1,1,0,1,0,78.35,5445.95,0,4422,76.70352112676056,0.017718227046585253,7,0,0,0,0,0,0,1,0,0,0,1,0,1,0,0,0,0,0,1,0,0,0,1
0,0,0,0,51,1,0,0,0,0,0,0,0,0,19.1,1007.8,0,4120,19.38076923076923,0.0046359223300970875,1,0,1,0,0,1,1,0,0,1,0,1,0,0,0,1,0,0,0,1,0,0,0,1
0,0,1,1,42,1,0,0,0,0,0,0,0,0,20.0,833.55,0,3413,19.384883720930233,0.005859947260474656,1,0,0,0,0,1,1,0,0,1,0,0,1,0,0,0,1,0,1,0,0,0,1,0
0,0,0,0,48,1,0,0,0,0,0,0,0,0,19.95,1004.5,0,4254,20.5,0.0046897038081805354,1,0,0,0,0,1,1,0,0,1,0,1,0,1,0,0,0,0,1,0,0,0,0,1
0,0,0,0,48,1,1,0,0,0,0,0,0,0,24.0,1183.05,0,3948,24.143877551020406,0.0060790273556231,2,0,0,0,0,1,1,0,0,1,0,0,1,0,1,0,0,0,1,0,0,0,0,1
0,0,0,0,27,1,0,0,0,0,0,0,0,0,19.15,501.35,0,5606,17.905357142857145,0.0034159828754905456,1,0,0,0,0,1,1,0,0,1,0,1,0,0,0,0,1,0,1,0,0,1,0,0
0,1,0,0,46,1,0,0,1,1,0,1,0,1,91.3,4126.35,0,3191,87.79468085106383,0.02861172046380445,4,0,0,1,1,1,1,0,1,0,0,1,0,1,0,0,0,0,1,0,0,0,1,0
0,0,1,1,25,1,0,0,0,0,0,0,0,1,19.15,477.6,0,3829,18.36923076923077,0.0050013058239749275,1,1,0,0,0,1,1,0,0,1,1,0,0,0,0,0,1,0,1,0,0,0,0,1
0,0,0,0,13,1,0,0,0,0,0,0,0,0,19.75,265.75,0,2016,18.982142857142858,0.009796626984126984,1,0,0,0,0,1,1,0,0,1,0,0,1,0,0,0,1,1,0,0,0,0,1,0
0,0,1,0,31,1,0,1,1,1,1,0,1,1,75.5,2424.45,0,5611,75.7640625,0.013455711994296916,6,0,0,0,0,0,0,1,0,0,0,1,0,0,1,0,0,0,1,0,0,1,0,0
0,0,1,1,23,1,1,0,0,0,0,1,0,1,83.75,1849.95,0,3585,77.08125,0.023361227336122732,3,1,1,1,0,1,1,0,1,0,1,0,0,0,0,1,0,1,0,0,0,0,0,1
0,0,0,0,2,1,0,0,0,0,0,0,0,0,19.4,61.05,0,5816,20.349999999999998,0.0033356258596973862,1,1,0,0,0,1,1,0,0,1,1,0,0,0,0,0,1,0,0,0,1,1,0,0
0,0,0,0,65,1,1,0,0,0,0,0,0,0,26.5,1698.55,0,4404,25.73560606060606,0.0060172570390554046,2,0,0,0,0,1,1,0,0,1,0,0,1,1,0,0,0,0,0,1,0,0,0,1
0,0,1,1,55,1,0,0,0,0,0,0,0,0,19.15,998.1,0,5390,17.823214285714286,0.003552875695732838,1,0,0,0,0,1,1,0,0,1,0,1,0,0,1,0,0,0,0,1,0,1,0,0
0,0,1,1,35,0,0,0,0,0,1,1,0,0,40.9,1383.6,0,5691,38.43333333333333,0.007186786153575821,2,0,0,0,0,0,1,1,0,0,0,1,0,0,0,0,1,0,1,0,0,1,0,0
0,0,0,0,6,1,0,1,0,1,1,1,1,1,80.25,493.4,0,2706,70.48571428571428,0.02965631929046563,6,0,0,0,0,0,0,1,0,0,0,0,1,0,0,0,1,0,0,0,1,0,1,0
0,0,0,0,17,1,0,0,0,0,0,0,0,1,70.8,1207.0,0,5420,67.05555555555556,0.013062730627306273,1,1,1,1,0,1,1,0,1,0,1,0,0,0,0,1,0,1,0,0,0,1,0,0
0,0,1,1,10,1,0,0,0,1,0,1,0,0,60.2,563.5,0,5318,51.22727272727273,0.011320045129748026,3,1,0,0,0,1,1,1,0,0,1,0,0,0,0,0,1,0,0,0,1,0,0,1
0,0,0,1,15,1,0,0,0,1,1,0,0,0,55.2,864.55,0,3608,54.034375,0.015299334811529935,3,0,0,0,0,0,1,1,0,0,0,1,0,0,1,0,0,1,0,0,0,0,0,1
0,0,1,1,13,1,0,1,0,0,1,0,0,0,54.15,701.05,0,4977,50.074999999999996,0.010880048221820373,3,0,0,0,0,0,0,1,0,0,0,1,0,1,0,0,0,1,0,0,0,0,0,1
0,1,1,0,58,1,1,0,0,0,1,1,1,1,100.4,5749.8,0,4005,97.4542372881356,0.025068664169787768,5,1,0,1,1,0,1,0,1,0,1,0,0,1,0,0,0,0,0,1,0,0,0,1
0,0,0,0,45,1,0,1,1,0,1,0,0,1,62.55,2796.45,0,2935,60.792391304347824,0.02131175468483816,4,0,0,0,0,0,0,1,0,0,0,1,0,0,1,0,0,0,1,0,0,0,1,0
0,0,1,1,72,1,1,1,1,1,1,0,0,1,70.45,5165.7,0,4463,70.76301369863013,0.015785346179699754,6,0,0,0,0,0,0,1,0,0,0,0,1,1,0,0,0,0,0,1,0,0,0,1
0,0,1,1,68,1,1,1,1,0,0,0,0,1,85.5,5696.6,0,4380,82.55942028985508,0.01952054794520548,4,0,0,1,0,1,0,0,1,0,0,1,0,1,0,0,0,0,0,1,0,0,0,1
0,0,1,1,38,1,0,1,1,0,0,0,0,0,54.5,2076.05,0,5499,53.23205128205129,0.009910892889616293,3,1,1,0,0,1,0,1,0,0,1,0,0,0,0,1,0,0,1,0,0,1,0,0
0,0,0,0,2,1,0,0,0,0,0,0,0,0,20.75,44.2,0,3976,14.733333333333334,0.005218812877263582,1,1,0,0,0,1,1,0,0,1,1,0,0,0,0,0,1,0,0,0,1,0,0,1
0,0,0,0,11,1,0,0,0,0,0,0,0,0,20.35,215.25,0,5597,17.9375,0.0036358763623369665,1,1,0,0,0,1,1,0,0,1,1,0,0,0,0,0,1,0,0,0,1,1,0,0
0,1,1,0,20,1,0,0,0,0,0,1,1,1,91.0,1859.5,0,3748,88.54761904761905,0.024279615795090716,3,0,0,1,1,1,1,0,1,0,0,1,0,1,0,0,0,1,0,0,0,0,0,1
0,0,1,0,72,1,1,0,1,1,0,1,1,1,104.8,7470.1,0,4165,102.33013698630137,0.02516206482593037,6,0,0,1,0,1,1,0,1,0,0,0,1,1,0,0,0,0,0,1,0,0,0,1
0,0,0,0,40,1,0,0,0,0,1,0,0,1,51.1,2092.9,0,3355,51.046341463414635,0.015230998509687035,2,1,1,0,0,0,1,1,0,0,1,0,0,0,0,1,0,0,1,0,0,0,1,0
0,1,1,0,62,1,1,0,1,0,0,0,1,1,89.8,5629.55,0,4981,89.35793650793651,0.01802850833166031,4,1,0,1,1,1,1,0,1,0,1,0,0,1,0,0,0,0,0,1,0,0,0,1
0,0,0,1,22,1,0,0,0,0,0,0,0,1,20.55,469.85,0,3169,20.428260869565218,0.0064846954875355,1,1,1,0,0,1,1,0,0,1,1,0,0,0,0,1,0,1,0,0,0,0,1,0
0,0,0,0,11,1,0,1,0,1,0,0,1,0,64.05,733.95,0,4171,61.1625,0.015356029729081754,4,1,0,0,0,1,0,1,0,0,1,0,0,1,0,0,0,0,0,0,1,0,0,1
0,1,1,0,7,1,1,0,0,0,0,0,0,1,74.85,485.25,0,2259,60.65625,0.03313413014608233,2,1,1,1,1,1,1,0,1,0,1,0,0,0,0,1,0,0,0,0,1,0,1,0
0,0,1,0,3,0,0,0,0,0,0,0,0,0,25.0,78.25,0,2730,19.5625,0.009157509157509158,0,1,0,0,0,1,1,1,0,0,1,0,0,0,0,0,1,0,0,0,1,0,1,0
0,0,0,0,58,1,0,0,0,0,0,0,0,0,20.3,1131.5,0,4335,19.177966101694917,0.004682814302191465,1,0,0,0,0,1,1,0,0,1,0,0,1,0,1,0,0,0,0,1,0,0,0,1
0,0,0,1,6,1,1,0,0,0,0,0,0,0,26.35,184.05,0,2189,26.292857142857144,0.012037460027409777,2,1,0,0,0,1,1,0,0,1,1,0,0,0,0,0,1,0,0,0,1,0,1,0
0,0,1,0,22,1,0,0,1,1,0,0,0,1,54.7,1178.75,0,5722,51.25,0.009559594547361064,3,1,0,0,0,1,1,1,0,0,1,0,0,0,0,0,1,1,0,0,0,1,0,0
0,0,1,1,64,1,1,0,0,1,0,0,1,0,90.25,5629.15,0,4799,86.60230769230769,0.01880600125026047,4,0,0,1,0,1,1,0,1,0,0,1,0,0,1,0,0,0,0,1,0,0,0,1
0,0,0,0,6,1,0,0,0,0,0,0,0,0,20.65,109.3,0,3266,15.614285714285714,0.0063227189222290255,1,1,0,0,0,1,1,0,0,1,1,0,0,0,0,0,1,0,0,0,1,0,1,0
0,0,0,1,39,1,1,0,0,0,0,0,0,0,25.45,958.45,0,5986,23.96125,0.00425158703641831,2,0,0,0,0,1,1,0,0,1,0,1,0,1,0,0,0,0,1,0,0,1,0,0
0,0,0,0,20,1,0,0,0,0,0,0,0,0,19.5,403.15,0,4700,19.197619047619046,0.0041489361702127655,1,0,0,0,0,1,1,0,0,1,0,1,0,0,0,0,1,1,0,0,0,0,0,1
0,0,1,0,64,1,1,1,0,0,0,1,0,1,66.15,4392.5,0,4703,67.57692307692308,0.014065490112694026,4,0,0,0,0,1,0,1,0,0,0,1,0,0,1,0,0,0,0,1,0,0,0,1
0,0,1,0,46,1,0,0,1,0,0,1,1,1,69.1,3168.0,0,2333,67.40425531914893,0.02961851693099014,4,1,0,0,0,1,1,1,0,0,1,0,0,0,1,0,0,0,1,0,0,0,1,0
0,1,1,1,28,0,0,0,1,0,0,0,1,1,39.1,1096.6,0,2305,37.813793103448276,0.016963123644251628,2,0,1,0,1,1,1,1,0,0,0,1,0,0,0,1,0,0,1,0,0,0,1,0
0,0,1,0,33,1,0,0,0,0,0,0,0,0,20.05,669.45,0,5759,19.689705882352943,0.0034815072061121725,1,1,0,0,0,1,1,0,0,1,1,0,0,0,0,0,1,0,1,0,0,1,0,0
0,0,1,1,39,1,0,1,1,1,0,0,0,0,59.8,2343.85,0,3093,58.59625,0.0193339799547365,4,0,1,0,0,1,0,1,0,0,0,1,0,0,0,1,0,0,1,0,0,0,1,0
0,0,0,0,1,1,0,0,1,0,0,0,0,1,48.6,48.6,0,3704,24.3,0.013120950323974083,2,1,1,0,0,1,1,1,0,0,1,0,0,0,0,1,0,0,0,0,1,0,0,1
0,1,1,0,70,1,0,1,1,1,0,1,1,0,105.35,7511.9,0,5866,105.80140845070422,0.01795942720763723,6,0,0,1,1,1,0,0,1,0,0,0,1,0,1,0,0,0,0,1,0,1,0,0
0,0,0,0,65,1,1,0,0,0,0,0,0,1,25.1,1725.0,0,5449,26.136363636363637,0.004606349788952102,2,0,0,0,0,1,1,0,0,1,0,0,1,1,0,0,0,0,0,1,0,1,0,0
0,0,0,0,1,1,0,1,0,0,0,0,0,0,49.75,49.75,0,2908,24.875,0.017107977991746907,2,1,1,0,0,1,0,1,0,0,1,0,0,0,0,1,0,0,0,0,1,0,1,0
0,0,1,0,18,1,1,0,0,0,0,1,1,1,94.75,1691.9,0,4477,89.04736842105264,0.021163725709180254,4,1,1,1,0,1,1,0,1,0,1,0,0,0,0,1,0,1,0,0,0,0,0,1
0,0,1,0,24,1,1,0,0,0,0,1,1,1,93.0,2248.05,0,5886,89.92200000000001,0.01580020387359837,4,1,1,1,0,1,1,0,1,0,1,0,0,0,0,1,0,1,0,0,0,1,0,0
0,0,0,0,63,1,1,1,0,1,1,0,1,1,71.9,4479.2,0,5816,69.9875,0.01236244841815681,6,0,0,0,0,0,0,1,0,0,0,0,1,1,0,0,0,0,0,1,0,1,0,0
0,0,0,1,44,1,1,0,1,0,0,1,1,1,77.55,3471.1,0,5044,77.13555555555556,0.015374702616970657,5,0,0,0,0,1,1,1,0,0,0,1,0,0,0,0,1,0,1,0,0,0,0,1
0,0,0,0,4,1,0,0,0,0,0,0,0,1,19.85,63.0,0,5918,12.6,0.0033541737073335587,1,1,1,0,0,1,1,0,0,1,1,0,0,0,0,1,0,0,0,0,1,1,0,0
0,0,1,1,37,1,1,0,0,0,0,1,1,1,95.25,3314.15,0,2969,87.21447368421053,0.03208150892556416,4,1,1,1,0,1,1,0,1,0,1,0,0,0,0,1,0,0,1,0,0,0,1,0
0,0,0,0,34,0,0,0,0,0,0,0,0,1,25.05,852.7,0,3800,24.362857142857145,0.006592105263157895,0,1,0,0,0,1,1,1,0,0,1,0,0,1,0,0,0,0,1,0,0,0,0,1
0,0,1,0,35,0,0,1,0,1,0,1,1,0,53.15,1930.9,0,5638,53.63611111111111,0.009427101809152181,4,0,0,0,0,1,0,1,0,0,0,1,0,0,1,0,0,0,1,0,0,1,0,0
0,0,1,0,4,1,0,0,0,0,0,0,0,0,20.15,91.4,0,2198,18.28,0.009167424931756141,1,1,1,0,0,1,1,0,0,1,1,0,0,0,0,1,0,0,0,0,1,0,1,0
0,1,1,0,39,1,1,0,0,0,1,1,1,1,101.25,3949.15,0,3172,98.72875,0.03191992433795712,5,1,1,1,1,0,1,0,1,0,1,0,0,0,0,1,0,0,1,0,0,0,1,0
0,1,1,0,43,1,0,0,1,1,0,1,1,1,100.55,4304.0,0,4499,97.81818181818181,0.022349410980217827,5,0,0,1,1,1,1,0,1,0,0,1,0,1,0,0,0,0,1,0,0,0,0,1
0,0,1,0,61,1,1,0,0,0,0,0,0,0,25.3,1554.9,0,4501,25.07903225806452,0.005620973117085092,2,0,0,0,0,1,1,0,0,1,0,0,1,1,0,0,0,0,0,1,0,0,0,1
0,0,1,0,49,1,1,1,1,1,0,0,1,0,71.8,3472.05,0,6193,69.441,0.0115937348619409,6,0,1,0,0,1,0,1,0,0,0,1,0,0,0,1,0,0,0,1,0,1,0,0
0,0,0,0,4,1,0,0,0,0,0,0,0,0,19.7,117.8,0,5018,23.56,0.0039258668792347545,1,0,0,0,0,1,1,0,0,1,0,1,0,0,0,0,1,0,0,0,1,0,0,1
0,0,1,1,64,0,0,0,1,1,1,0,1,0,49.85,3210.35,0,5644,49.39,0.008832388377037563,4,0,1,0,0,0,1,1,0,0,0,0,1,0,0,1,0,0,0,1,0,1,0,0
0,0,0,0,3,1,0,0,0,0,0,0,0,1,69.6,207.4,0,5487,51.85,0.012684527063969381,1,1,0,1,0,1,1,0,1,0,1,0,0,0,0,0,1,0,0,0,1,1,0,0
0,0,1,1,1,1,0,0,0,0,0,0,0,0,19.75,19.75,0,3068,9.875,0.0064374185136897005,1,1,1,0,0,1,1,0,0,1,1,0,0,0,0,1,0,0,0,0,1,0,1,0
0,0,1,0,40,1,0,0,1,1,0,0,0,0,80.8,3132.75,0,3387,76.40853658536585,0.02385591969294361,3,0,1,1,0,1,1,0,1,0,0,1,0,0,0,1,0,0,1,0,0,0,1,0
0,1,1,0,34,1,0,0,0,1,1,1,0,0,64.2,2106.3,0,2225,60.18000000000001,0.028853932584269663,4,0,0,0,1,0,1,1,0,0,0,1,0,1,0,0,0,0,1,0,0,0,1,0
0,0,1,0,1,0,0,0,0,0,0,0,1,0,35.0,35.0,0,4099,17.5,0.008538667967797023,1,1,1,0,0,1,1,1,0,0,1,0,0,0,0,1,0,0,0,0,1,0,0,1
0,0,1,1,45,1,0,0,0,0,0,0,0,0,19.2,903.7,0,3451,19.645652173913046,0.0055636047522457256,1,0,1,0,0,1,1,0,0,1,0,0,1,0,0,1,0,0,1,0,0,0,1,0
0,0,0,0,43,1,0,1,1,1,1,0,0,1,90.65,3882.3,0,2496,88.23409090909091,0.03631810897435898,5,0,0,1,0,0,0,0,1,0,0,1,0,0,1,0,0,0,1,0,0,0,1,0
0,0,1,1,41,1,0,0,0,0,0,0,0,1,20.0,879.8,0,5743,20.947619047619046,0.0034825004353125546,1,0,0,0,0,1,1,0,0,1,0,0,1,0,0,0,1,0,1,0,0,1,0,0
0,0,0,0,5,1,0,0,1,0,0,0,0,1,74.65,383.65,0,3319,63.94166666666666,0.022491714371798737,2,1,1,1,0,1,1,0,1,0,1,0,0,0,0,1,0,0,0,0,1,0,1,0
0,0,0,0,72,0,0,1,0,1,1,1,1,1,61.2,4390.25,0,4085,60.14041095890411,0.014981640146878826,5,0,0,0,0,0,0,1,0,0,0,0,1,0,1,0,0,0,0,1,0,0,0,1
0,0,0,0,4,1,0,0,0,0,0,0,0,0,19.95,68.2,0,2195,13.64,0.00908883826879271,1,0,0,0,0,1,1,0,0,1,0,1,0,0,0,0,1,0,0,0,1,0,1,0
0,0,1,1,9,1,0,0,1,0,1,0,0,0,54.8,452.8,0,2848,45.28,0.019241573033707864,3,1,0,0,0,0,1,1,0,0,1,0,0,0,0,0,1,0,0,0,1,0,1,0
0,1,1,0,72,1,1,0,0,1,0,1,1,1,73.45,5329.0,0,5540,73.0,0.01325812274368231,5,0,0,0,1,1,1,1,0,0,0,0,1,0,1,0,0,0,0,1,0,1,0,0
0,0,1,0,33,1,0,0,0,0,1,0,0,1,51.45,1758.9,0,4935,51.73235294117647,0.010425531914893617,2,0,0,0,0,0,1,1,0,0,0,1,0,0,0,0,1,0,1,0,0,0,0,1
0,0,1,0,72,1,1,1,0,0,0,0,0,0,80.45,5737.6,0,4202,78.59726027397261,0.019145644930985247,3,0,0,1,0,1,0,0,1,0,0,0,1,1,0,0,0,0,0,1,0,0,0,1
0,0,0,0,15,1,0,0,0,1,0,1,0,0,85.3,1219.85,0,5559,76.240625,0.015344486418420579,3,1,1,1,0,1,1,0,1,0,1,0,0,0,0,1,0,1,0,0,0,1,0,0
0,1,1,0,29,1,1,0,0,0,1,0,0,1,79.3,2414.55,0,3172,80.485,0.024999999999999998,3,1,1,1,1,0,1,0,1,0,1,0,0,0,0,1,0,0,1,0,0,0,1,0
0,0,1,1,15,1,0,0,1,1,1,1,1,0,76.5,1155.6,0,3851,72.225,0.01986497013762659,6,1,0,0,0,0,1,1,0,0,1,0,0,1,0,0,0,1,0,0,0,0,0,1
0,1,0,0,72,1,1,0,0,0,0,0,0,0,25.4,1809.35,0,6141,24.785616438356165,0.004136134180100961,2,0,0,0,1,1,1,0,0,1,0,0,1,1,0,0,0,0,0,1,0,1,0,0
0,0,1,0,19,1,1,0,0,0,0,1,0,1,86.85,1564.4,0,5072,78.22,0.017123422712933753,3,1,1,1,0,1,1,0,1,0,1,0,0,0,0,1,0,1,0,0,0,0,0,1
0,0,0,0,1,1,0,0,0,0,0,0,0,0,19.65,19.65,0,3192,9.825,0.006156015037593984,1,1,0,0,0,1,1,0,0,1,1,0,0,0,0,0,1,0,0,0,1,0,1,0
0,0,0,0,2,1,0,0,0,0,0,0,0,0,45.55,84.4,0,4372,28.133333333333336,0.010418572735590118,1,1,1,0,0,1,1,1,0,0,1,0,0,0,0,1,0,0,0,0,1,0,0,1
0,1,1,1,11,1,1,0,0,1,0,0,0,1,78.1,864.85,0,2333,72.07083333333334,0.033476210887269604,3,1,0,1,1,1,1,0,1,0,1,0,0,0,1,0,0,0,0,0,1,0,1,0
0,0,0,0,12,1,0,0,0,0,0,0,0,0,19.3,228.75,0,2868,17.596153846153847,0.006729428172942817,1,0,0,0,0,1,1,0,0,1,0,1,0,0,0,0,1,0,0,0,1,0,1,0
0,0,1,0,70,1,1,0,1,1,1,1,1,1,110.5,7752.05,0,5979,109.1838028169014,0.01848135139655461,7,0,1,1,0,0,1,0,1,0,0,0,1,0,0,1,0,0,0,1,0,1,0,0
0,0,0,0,23,1,0,0,0,0,0,0,0,1,20.3,470.6,0,3630,19.608333333333334,0.005592286501377411,1,1,0,0,0,1,1,0,0,1,1,0,0,1,0,0,0,1,0,0,0,0,0,1
0,1,0,0,49,1,1,1,1,1,1,0,1,0,81.35,4060.9,0,4537,81.218,0.01793035045184042,7,0,0,0,1,0,0,1,0,0,0,0,1,0,1,0,0,0,0,1,0,0,0,1
0,0,0,1,2,1,0,0,0,0,0,0,1,1,55.3,108.65,0,4594,36.21666666666667,0.012037440139312145,2,1,1,0,0,1,1,1,0,0,1,0,0,0,0,1,0,0,0,0,1,0,0,1
0,1,1,0,69,0,0,1,1,0,0,1,1,0,56.55,3952.65,0,4162,56.46642857142857,0.013587217683805861,4,0,0,0,1,1,0,1,0,0,0,0,1,0,1,0,0,0,0,1,0,0,0,1
0,0,1,1,24,1,0,0,0,0,0,0,0,1,19.7,494.05,0,3594,19.762,0.005481357818586533,1,0,0,0,0,1,1,0,0,1,0,0,1,0,0,0,1,1,0,0,0,0,0,1
0,0,0,0,32,1,1,0,1,1,0,1,1,1,104.05,3416.85,0,2335,103.54090909090908,0.0445610278372591,6,0,0,1,0,1,1,0,1,0,0,1,0,0,1,0,0,0,1,0,0,0,1,0
0,0,0,0,27,1,0,1,1,0,0,0,0,0,52.85,1498.65,0,2842,53.52321428571429,0.018596059113300492,3,0,0,0,0,1,0,1,0,0,0,0,1,1,0,0,0,0,1,0,0,0,1,0
0,0,0,0,58,1,1,0,0,0,1,0,0,0,80.65,4807.35,0,6043,81.48050847457628,0.013346020188648023,3,1,0,1,0,0,1,0,1,0,1,0,0,1,0,0,0,0,0,1,0,1,0,0
0,0,1,1,18,1,1,0,0,0,0,0,0,1,24.65,471.35,0,5231,24.807894736842105,0.004712292104760084,2,0,0,0,0,1,1,0,0,1,0,0,1,0,1,0,0,1,0,0,0,0,0,1
0,0,1,1,47,1,0,0,0,0,0,0,0,1,21.3,1041.8,0,2861,21.704166666666666,0.007444949318420133,1,0,0,0,0,1,1,0,0,1,0,0,1,1,0,0,0,0,1,0,0,0,1,0
0,0,1,1,70,1,1,0,1,1,1,1,1,1,110.2,7689.8,0,4098,108.30704225352113,0.026891166422645194,7,0,1,1,0,0,1,0,1,0,0,0,1,0,0,1,0,0,0,1,0,0,0,1
0,0,1,1,36,1,0,1,0,0,0,0,0,0,51.05,1815.0,0,2161,49.054054054054056,0.023623322535863026,2,1,0,0,0,1,0,1,0,0,1,0,0,0,1,0,0,0,1,0,0,0,1,0
0,0,0,0,67,1,0,0,0,0,0,0,0,1,19.8,1311.3,0,4260,19.283823529411762,0.0046478873239436625,1,0,0,0,0,1,1,0,0,1,0,0,1,0,0,0,1,0,0,1,0,0,0,1
0,0,0,0,10,1,0,0,0,0,0,0,0,1,19.9,199.45,0,5811,18.13181818181818,0.0034245396661504043,1,1,0,0,0,1,1,0,0,1,1,0,0,0,0,0,1,0,0,0,1,1,0,0
0,1,0,0,19,1,0,1,0,0,0,0,1,1,87.3,1637.3,0,4447,81.865,0.019631212053069485,3,1,1,1,1,1,0,0,1,0,1,0,0,0,0,1,0,1,0,0,0,0,0,1
0,0,1,1,71,1,0,0,0,0,0,0,0,0,19.85,1326.35,0,6342,18.421527777777776,0.0031299274676758124,1,0,0,0,0,1,1,0,0,1,0,0,1,1,0,0,0,0,0,1,0,1,0,0
0,0,1,1,72,1,1,1,1,1,1,1,1,1,89.4,6376.55,0,6044,87.35000000000001,0.014791528788881536,8,0,0,0,0,0,0,1,0,0,0,0,1,0,0,0,1,0,0,1,0,1,0,0
0,0,1,1,48,1,0,0,0,0,0,0,0,0,20.0,935.9,0,2608,19.099999999999998,0.007668711656441718,1,0,0,0,0,1,1,0,0,1,0,0,1,0,0,0,1,0,1,0,0,0,1,0
0,0,0,0,1,1,0,0,0,0,0,0,0,0,20.05,20.05,0,2067,10.025,0.009700048379293663,1,1,0,0,0,1,1,0,0,1,1,0,0,0,0,0,1,0,0,0,1,0,1,0
0,0,1,1,18,1,0,1,0,1,1,1,1,0,83.25,1611.15,0,2065,84.79736842105264,0.040314769975786924,6,1,1,0,0,0,0,1,0,0,1,0,0,0,0,1,0,1,0,0,0,0,1,0
0,1,1,0,67,1,1,0,1,0,1,1,1,0,102.9,6989.7,0,5869,102.78970588235293,0.017532799454762313,6,0,0,1,1,0,1,0,1,0,0,0,1,1,0,0,0,0,0,1,0,1,0,0
0,0,1,1,69,0,0,1,0,1,1,0,0,0,39.1,2779.5,0,5987,39.707142857142856,0.0065308167696676135,3,0,0,0,0,0,0,1,0,0,0,0,1,0,0,0,1,0,0,1,0,1,0,0
0,1,1,0,72,1,1,1,1,1,1,1,1,1,114.5,8331.95,0,6051,114.13630136986302,0.01892249215005784,8,0,0,1,1,0,0,0,1,0,0,0,1,0,0,0,1,0,0,1,0,1,0,0
0,1,0,0,38,1,0,0,0,0,0,0,0,0,20.2,735.9,0,4947,18.869230769230768,0.004083282797655145,1,0,0,0,1,1,1,0,0,1,0,0,1,0,0,0,1,0,1,0,0,0,0,1
0,1,1,0,40,1,0,0,0,0,0,0,1,0,55.8,2283.3,0,3587,55.69024390243903,0.015556175076665736,2,0,1,0,1,1,1,1,0,0,0,1,0,0,0,1,0,0,1,0,0,0,0,1
0,0,1,1,61,1,1,0,0,0,0,0,0,1,24.2,1445.2,0,6201,23.309677419354838,0.003902596355426544,2,0,0,0,0,1,1,0,0,1,0,0,1,0,0,0,1,0,0,1,0,1,0,0
0,0,1,0,32,1,1,1,0,0,1,1,0,1,72.8,2333.05,0,3278,70.69848484848485,0.022208663819402074,5,0,0,0,0,0,0,1,0,0,0,1,0,0,1,0,0,0,1,0,0,0,1,0
0,0,0,0,21,1,1,0,1,0,0,1,1,1,99.85,1992.55,0,2113,90.57045454545454,0.047255087553241835,5,1,0,1,0,1,1,0,1,0,1,0,0,0,1,0,0,1,0,0,0,0,1,0
0,1,0,0,59,1,1,0,0,1,0,1,1,1,99.5,5890.0,0,5513,98.16666666666667,0.018048249591873754,5,0,1,1,1,1,1,0,1,0,0,1,0,0,0,1,0,0,0,1,0,1,0,0
0,0,0,0,47,1,0,0,0,0,0,0,0,0,20.25,1029.8,0,5134,21.454166666666666,0.003944292948967667,1,0,0,0,0,1,1,0,0,1,0,0,1,0,1,0,0,0,1,0,0,0,0,1
0,0,1,1,69,1,1,0,0,0,0,0,0,1,26.0,1796.55,0,4933,25.665,0.005270626393675248,2,0,0,0,0,1,1,0,0,1,0,0,1,1,0,0,0,0,0,1,0,0,0,1
0,0,0,0,2,1,0,0,0,0,0,0,0,1,19.9,33.7,0,5824,11.233333333333334,0.003416895604395604,1,1,0,0,0,1,1,0,0,1,1,0,0,0,1,0,0,0,0,0,1,1,0,0
0,0,1,1,22,1,0,0,0,0,0,0,0,0,19.05,454.05,0,4312,19.741304347826087,0.004417903525046382,1,1,0,0,0,1,1,0,0,1,1,0,0,1,0,0,0,1,0,0,0,0,0,1
0,1,1,0,15,1,1,1,0,1,0,1,0,1,96.5,1392.25,0,2394,87.015625,0.04030910609857978,5,1,1,1,1,1,0,0,1,0,1,0,0,0,0,1,0,1,0,0,0,0,1,0
0,0,0,0,53,1,0,0,0,0,0,0,0,0,19.85,1049.6,0,6338,19.437037037037037,0.0031319028084569266,1,0,0,0,0,1,1,0,0,1,0,0,1,0,1,0,0,0,0,1,0,1,0,0
0,1,1,0,28,1,1,0,0,0,0,0,0,0,25.7,734.6,0,3136,25.33103448275862,0.00819515306122449,2,1,0,0,1,1,1,0,0,1,1,0,0,0,0,0,1,0,1,0,0,0,1,0
0,0,0,0,22,1,0,0,0,0,0,0,0,0,20.3,475.1,0,4510,20.656521739130437,0.004501108647450111,1,0,0,0,0,1,1,0,0,1,0,1,0,0,0,0,1,1,0,0,0,0,0,1
0,1,1,0,16,1,0,0,0,1,1,0,1,1,91.55,1540.05,0,4045,90.59117647058824,0.022632880098887514,4,1,1,1,1,0,1,0,1,0,1,0,0,0,0,1,0,1,0,0,0,0,0,1
0,0,1,1,48,0,0,1,1,0,1,0,0,0,39.4,1978.65,0,5701,40.38061224489796,0.0069110682336432205,3,0,0,0,0,0,0,1,0,0,0,0,1,0,0,0,1,0,1,0,0,1,0,0
0,1,1,0,30,1,1,1,1,1,1,1,0,1,105.7,3181.8,0,2455,102.63870967741936,0.04305498981670061,7,1,0,1,1,0,0,0,1,0,1,0,0,1,0,0,0,0,1,0,0,0,1,0
0,0,0,0,3,1,0,0,0,0,0,0,0,1,70.25,229.7,0,2156,57.425,0.0325834879406308,1,1,1,1,0,1,1,0,1,0,1,0,0,0,0,1,0,0,0,0,1,0,1,0
0,1,0,0,57,1,1,1,0,0,1,0,1,0,93.75,5625.55,0,4276,96.99224137931034,0.021924695977549112,5,0,1,1,1,0,0,0,1,0,0,0,1,0,0,1,0,0,0,1,0,0,0,1
0,0,1,0,23,1,0,0,0,0,1,1,0,0,60.0,1347.15,0,3835,56.13125,0.01564537157757497,3,0,0,0,0,0,1,1,0,0,0,1,0,1,0,0,0,1,0,0,0,0,0,1
0,0,1,0,65,1,0,0,0,0,1,1,0,1,59.8,3808.2,0,6034,57.699999999999996,0.009910507126284388,3,0,0,0,0,0,1,1,0,0,0,0,1,0,1,0,0,0,0,1,0,1,0,0
0,0,1,0,44,1,0,0,0,0,0,1,1,1,90.65,3974.15,0,3786,88.31444444444445,0.023943475964078184,3,0,0,1,0,1,1,0,1,0,0,1,0,1,0,0,0,0,1,0,0,0,0,1
0,0,1,1,71,1,1,1,1,1,0,1,1,1,109.0,7661.8,0,4204,106.41388888888889,0.025927687916270217,7,0,0,1,0,1,0,0,1,0,0,0,1,1,0,0,0,0,0,1,0,0,0,1
0,0,1,0,37,1,1,1,0,1,1,0,0,0,68.1,2479.25,0,2873,65.24342105263158,0.023703445875391575,5,0,0,0,0,0,0,1,0,0,0,1,0,0,1,0,0,0,1,0,0,0,1,0
0,0,0,0,12,1,0,0,0,0,0,0,0,0,20.4,266.6,0,4497,20.50769230769231,0.004536357571714476,1,1,0,0,0,1,1,0,0,1,1,0,0,0,0,0,1,0,0,0,1,0,0,1
0,0,1,1,69,1,1,0,1,1,1,1,1,1,81.95,5601.4,0,6182,80.02,0.013256227758007118,7,0,0,0,0,0,1,1,0,0,0,0,1,1,0,0,0,0,0,1,0,1,0,0
0,0,0,0,35,1,0,1,1,1,0,0,0,0,60.55,1982.6,0,3463,55.07222222222222,0.01748483973433439,4,1,1,0,0,1,0,1,0,0,1,0,0,0,0,1,0,0,1,0,0,0,1,0
0,0,0,0,5,1,0,0,1,0,1,0,1,1,65.6,339.9,0,5636,56.65,0.011639460610361958,4,1,0,0,0,0,1,1,0,0,1,0,0,1,0,0,0,0,0,0,1,1,0,0
0,0,1,1,58,1,1,0,0,0,0,1,0,0,82.5,4828.05,0,4348,81.8313559322034,0.018974241030358784,3,0,0,1,0,1,1,0,1,0,0,0,1,1,0,0,0,0,0,1,0,0,0,1
0,0,1,0,72,1,1,1,1,1,1,0,1,1,82.3,5980.55,0,5219,81.92534246575343,0.01576930446445679,7,0,0,0,0,0,0,1,0,0,0,0,1,1,0,0,0,0,0,1,0,0,0,1
0,0,1,0,72,1,1,1,1,1,1,0,0,0,68.15,4808.7,0,4613,65.87260273972602,0.014773466290916975,6,0,0,0,0,0,0,1,0,0,0,0,1,0,0,0,1,0,0,1,0,0,0,1
0,0,0,0,1,1,0,0,0,0,0,0,0,0,20.3,20.3,0,2507,10.15,0.008097327483047468,1,1,0,0,0,1,1,0,0,1,1,0,0,0,1,0,0,0,0,0,1,0,1,0
0,0,1,1,53,1,0,0,0,0,0,0,0,0,20.2,1068.15,0,6050,19.78055555555556,0.0033388429752066115,1,0,0,0,0,1,1,0,0,1,0,1,0,0,1,0,0,0,0,1,0,1,0,0
0,0,0,0,27,1,0,0,0,1,1,0,1,1,89.2,2383.6,0,4384,85.12857142857142,0.020346715328467154,4,1,1,1,0,0,1,0,1,0,1,0,0,0,0,1,0,0,1,0,0,0,0,1
0,0,1,0,18,1,0,1,0,0,0,0,0,0,74.8,1438.05,0,4809,75.68684210526315,0.015554169265959658,2,1,1,1,0,1,0,0,1,0,1,0,0,0,0,1,0,1,0,0,0,0,0,1
0,0,1,1,46,1,0,0,0,0,0,0,0,1,20.2,917.45,0,3136,19.52021276595745,0.006441326530612245,1,0,0,0,0,1,1,0,0,1,0,0,1,0,0,0,1,0,1,0,0,0,1,0
0,0,1,0,72,1,1,1,0,1,1,1,1,1,84.4,6096.45,0,5046,83.51301369863013,0.016726119698771306,7,0,0,0,0,0,0,1,0,0,0,0,1,0,1,0,0,0,0,1,0,0,0,1
0,0,1,0,4,0,0,0,0,0,0,0,0,1,25.15,99.95,0,3891,19.990000000000002,0.0064636340272423536,0,1,1,0,0,1,1,1,0,0,1,0,0,0,0,1,0,0,0,0,1,0,0,1
0,0,0,0,25,1,0,0,0,0,0,0,0,0,19.8,475.2,0,3875,18.276923076923076,0.005109677419354839,1,0,0,0,0,1,1,0,0,1,0,0,1,0,1,0,0,0,1,0,0,0,0,1
0,0,1,1,40,0,0,0,1,0,0,1,1,1,50.85,2036.55,0,2819,49.671951219512195,0.018038311457963817,3,1,1,0,0,1,1,1,0,0,1,0,0,0,0,1,0,0,1,0,0,0,1,0
0,0,1,0,63,1,1,0,1,1,0,1,1,1,102.4,6444.05,0,5096,100.68828125,0.020094191522762952,6,1,1,1,0,1,1,0,1,0,1,0,0,0,0,1,0,0,0,1,0,0,0,1
0,0,0,0,14,1,1,0,1,0,0,0,0,1,55.5,767.55,0,3520,51.169999999999995,0.015767045454545454,3,1,0,0,0,1,1,1,0,0,1,0,0,0,1,0,0,1,0,0,0,0,0,1
0,1,1,0,72,1,1,0,1,1,1,1,1,1,109.75,7932.5,0,4265,108.66438356164383,0.025732708089097302,7,0,0,1,1,0,1,0,1,0,0,0,1,1,0,0,0,0,0,1,0,0,0,1
0,0,0,0,39,1,1,1,1,0,0,1,1,1,106.4,4040.65,0,4111,101.01625,0.02588178058866456,6,1,1,1,0,1,0,0,1,0,1,0,0,0,0,1,0,0,1,0,0,0,0,1
0,0,1,1,47,0,0,1,1,1,0,1,1,1,60.0,2768.65,0,3248,57.68020833333333,0.01847290640394089,5,0,0,0,0,1,0,1,0,0,0,0,1,0,1,0,0,0,1,0,0,0,1,0
0,0,1,0,19,1,1,1,1,0,1,0,0,1,88.8,1672.35,0,4600,83.61749999999999,0.019304347826086955,5,1,0,1,0,0,0,0,1,0,1,0,0,0,1,0,0,1,0,0,0,0,0,1
0,0,0,0,17,1,1,0,0,1,0,0,0,0,80.05,1345.65,0,3443,74.75833333333334,0.023250072611094973,3,1,0,1,0,1,1,0,1,0,1,0,0,1,0,0,0,1,0,0,0,0,1,0
0,1,1,0,34,1,1,0,0,0,0,0,0,1,75.55,2425.4,0,5381,69.29714285714286,0.014040141237688162,2,1,1,1,1,1,1,0,1,0,1,0,0,0,0,1,0,0,1,0,0,1,0,0
0,0,0,0,42,1,0,0,1,0,0,0,0,1,49.55,2077.95,0,3637,48.32441860465116,0.01362386582348089,2,1,1,0,0,1,1,1,0,0,1,0,0,0,0,1,0,0,1,0,0,0,0,1
0,0,1,1,71,1,1,0,0,0,0,0,0,0,23.9,1663.5,0,5471,23.104166666666668,0.004368488393346737,2,0,0,0,0,1,1,0,0,1,0,0,1,0,1,0,0,0,0,1,0,1,0,0
0,1,1,0,19,1,0,1,0,1,0,1,0,0,66.4,1286.05,0,4533,64.3025,0.014648135892345027,4,1,0,0,1,1,0,1,0,0,1,0,0,1,0,0,0,1,0,0,0,0,0,1
0,0,0,0,57,1,0,0,0,0,0,0,0,0,18.8,1094.35,0,6466,18.86810344827586,0.002907516238787504,1,0,0,0,0,1,1,0,0,1,0,0,1,0,1,0,0,0,0,1,0,1,0,0
0,0,1,0,72,1,1,0,1,1,1,1,1,1,108.4,7719.5,0,4394,105.74657534246575,0.024670004551661358,7,0,1,1,0,0,1,0,1,0,0,0,1,0,0,1,0,0,0,1,0,0,0,1
0,0,0,0,6,1,0,0,1,0,0,0,1,1,85.95,514.6,0,3291,73.51428571428572,0.026116681859617137,3,1,0,1,0,1,1,0,1,0,1,0,0,0,0,0,1,0,0,0,1,0,1,0
0,0,1,0,61,1,1,0,1,1,0,1,1,0,80.9,4932.5,0,4161,79.55645161290323,0.01944244172074021,6,0,0,0,0,1,1,1,0,0,0,0,1,1,0,0,0,0,0,1,0,0,0,1
0,0,1,1,48,1,1,1,1,1,1,1,1,0,111.8,5443.65,0,3922,111.09489795918367,0.02850586435492096,8,0,0,1,0,0,0,0,1,0,0,0,1,0,1,0,0,0,1,0,0,0,0,1
0,0,0,0,16,1,0,0,0,0,0,0,0,1,20.6,330.25,0,5667,19.426470588235293,0.003635080289394742,1,1,0,0,0,1,1,0,0,1,1,0,0,0,1,0,0,1,0,0,0,1,0,0
0,0,0,0,3,1,0,0,0,0,0,0,0,0,44.6,122.7,0,3122,30.675,0.014285714285714287,1,1,1,0,0,1,1,1,0,0,1,0,0,0,0,1,0,0,0,0,1,0,1,0
0,0,0,0,65,1,1,0,1,1,0,1,1,0,105.1,6631.85,0,5649,100.48257575757576,0.01860506284298106,6,0,0,1,0,1,1,0,1,0,0,0,1,0,1,0,0,0,0,1,0,1,0,0
0,0,1,1,70,1,1,1,1,1,1,1,1,1,115.15,8250.0,0,4388,116.19718309859155,0.026242023701002735,8,0,0,1,0,0,0,0,1,0,0,0,1,0,1,0,0,0,0,1,0,0,0,1
0,0,1,0,60,1,0,1,0,0,0,1,0,1,59.8,3561.15,0,5488,58.37950819672131,0.010896501457725947,3,0,0,0,0,1,0,1,0,0,0,1,0,0,0,0,1,0,0,1,0,1,0,0
0,0,1,0,69,1,1,0,0,0,0,0,0,1,26.3,1763.55,0,5418,25.193571428571428,0.004854189737910668,2,0,1,0,0,1,1,0,0,1,0,1,0,0,0,1,0,0,0,1,0,1,0,0
0,1,0,0,35,1,0,0,0,0,0,0,0,0,70.55,2419.0,0,5873,67.19444444444444,0.012012600034054145,1,1,1,1,1,1,1,0,1,0,1,0,0,0,0,1,0,0,1,0,0,1,0,0
0,0,0,0,22,1,0,0,0,0,0,0,0,1,20.05,470.2,0,5555,20.443478260869565,0.0036093609360936096,1,1,0,0,0,1,1,0,0,1,1,0,0,0,0,0,1,1,0,0,0,1,0,0
0,0,1,1,66,1,1,0,1,1,0,1,1,0,79.85,5234.95,0,6236,78.13358208955223,0.012804682488774855,6,0,0,0,0,1,1,1,0,0,0,0,1,1,0,0,0,0,0,1,0,1,0,0
0,0,1,1,34,1,1,0,0,1,0,0,1,1,90.05,3097.0,0,4648,88.48571428571428,0.019373924268502582,4,1,0,1,0,1,1,0,1,0,1,0,0,0,1,0,0,0,1,0,0,0,0,1
0,0,1,1,72,1,1,0,0,0,0,0,0,0,24.45,1709.1,0,5335,23.412328767123288,0.00458294283036551,2,0,0,0,0,1,1,0,0,1,0,0,1,1,0,0,0,0,0,1,0,0,0,1
0,0,1,1,31,0,0,1,0,1,1,1,1,0,59.95,1848.8,0,4337,57.775,0.013822919068480518,5,0,1,0,0,0,0,1,0,0,0,1,0,0,0,1,0,0,1,0,0,0,0,1
0,0,0,1,30,1,1,0,0,0,0,0,0,0,25.35,723.3,0,5915,23.33225806451613,0.004285714285714286,2,0,0,0,0,1,1,0,0,1,0,1,0,1,0,0,0,0,1,0,0,1,0,0
0,1,1,0,19,0,0,0,1,1,0,0,0,1,34.3,577.15,0,4615,28.857499999999998,0.007432286023835319,2,1,0,0,1,1,1,1,0,0,1,0,0,0,1,0,0,1,0,0,0,0,0,1
0,0,1,0,65,1,1,1,0,1,0,1,1,1,105.05,6914.95,0,5313,104.77196969696969,0.019772256728778467,6,1,1,1,0,1,0,0,1,0,1,0,0,0,0,1,0,0,0,1,0,0,0,1
0,0,1,1,30,1,0,0,0,0,0,0,0,0,19.3,602.9,0,4453,19.448387096774194,0.004334156748259601,1,0,0,0,0,1,1,0,0,1,0,0,1,0,0,0,1,0,1,0,0,0,0,1
0,0,0,0,6,1,0,0,0,0,0,0,0,0,19.15,124.4,0,5322,17.771428571428572,0.0035982713265689586,1,0,0,0,0,1,1,0,0,1,0,1,0,0,0,0,1,0,0,0,1,0,0,1
0,0,0,0,2,0,0,0,1,0,0,1,1,0,51.4,96.8,0,2580,32.266666666666666,0.019922480620155038,3,1,1,0,0,1,1,1,0,0,1,0,0,0,0,1,0,0,0,0,1,0,1,0
0,0,1,1,53,1,1,1,0,0,1,0,1,0,71.85,3827.9,0,4903,70.88703703703703,0.014654293289822557,5,1,1,0,0,0,0,1,0,0,1,0,0,0,0,1,0,0,0,1,0,0,0,1
0,1,1,0,7,1,1,0,0,0,0,0,0,1,75.4,533.05,0,3533,66.63125,0.021341636003396548,2,1,1,1,1,1,1,0,1,0,1,0,0,0,0,1,0,0,0,0,1,0,0,1
0,0,1,1,61,1,0,1,0,0,0,0,0,1,49.7,2961.4,0,4577,47.76451612903226,0.010858641031243173,2,0,0,0,0,1,0,1,0,0,0,1,0,1,0,0,0,0,0,1,0,0,0,1
0,0,0,0,13,1,1,1,0,1,0,1,1,1,78.75,995.35,0,5631,71.09642857142858,0.013985082578582844,6,1,1,0,0,1,0,1,0,0,1,0,0,0,0,1,0,1,0,0,0,1,0,0
0,1,1,0,35,1,1,0,0,1,0,0,0,1,81.6,2815.25,0,2300,78.20138888888889,0.035478260869565216,3,0,0,1,1,1,1,0,1,0,0,1,0,1,0,0,0,0,1,0,0,0,1,0
0,0,1,0,2,1,0,0,0,0,0,0,0,1,70.4,154.8,0,5748,51.6,0.012247738343771748,1,1,0,1,0,1,1,0,1,0,1,0,0,0,1,0,0,0,0,0,1,1,0,0
0,0,0,0,3,1,1,0,0,0,0,0,0,0,76.1,257.6,0,2650,64.4,0.02871698113207547,2,1,1,1,0,1,1,0,1,0,1,0,0,0,0,1,0,0,0,0,1,0,1,0
0,0,0,0,62,1,1,0,0,0,0,1,1,1,94.0,5757.2,0,4778,91.38412698412698,0.019673503557974047,4,0,0,1,0,1,1,0,1,0,0,1,0,1,0,0,0,0,0,1,0,0,0,1
0,0,1,1,72,1,1,1,1,1,1,0,1,0,103.95,7517.7,0,4495,102.98219178082192,0.023125695216907678,7,0,0,1,0,0,0,0,1,0,0,0,1,0,1,0,0,0,0,1,0,0,0,1
0,0,1,0,63,1,0,0,0,0,0,0,0,1,19.95,1234.8,0,5151,19.29375,0.003873034362259755,1,0,0,0,0,1,1,0,0,1,0,0,1,1,0,0,0,0,0,1,0,0,0,1
0,1,0,0,35,1,1,1,1,1,1,1,1,1,110.8,3836.3,0,2125,106.5638888888889,0.05214117647058823,8,0,0,1,1,0,0,0,1,0,0,1,0,1,0,0,0,0,1,0,0,0,1,0
0,0,1,0,62,1,1,1,1,0,0,0,1,0,96.1,6001.45,0,6139,95.2611111111111,0.015654015311940054,5,0,1,1,0,1,0,0,1,0,0,1,0,0,0,1,0,0,0,1,0,1,0,0
0,0,0,0,15,1,1,0,0,0,0,0,0,1,48.8,720.1,0,2577,45.00625,0.01893674815677144,2,1,0,0,0,1,1,1,0,0,1,0,0,0,0,0,1,1,0,0,0,0,1,0
0,0,0,0,55,1,0,1,0,0,0,0,0,1,50.55,2832.75,0,6250,50.58482142857143,0.008088,2,1,0,0,0,1,0,1,0,0,1,0,0,0,1,0,0,0,0,1,0,1,0,0
0,0,0,0,11,1,0,0,0,0,0,0,0,1,44.65,472.25,0,4492,39.354166666666664,0.009939893143365984,1,1,0,0,0,1,1,1,0,0,1,0,0,0,0,0,1,0,0,0,1,0,0,1
0,0,0,0,61,1,0,0,0,0,0,0,0,0,19.45,1336.35,0,4559,21.554032258064513,0.004266286466330336,1,0,0,0,0,1,1,0,0,1,0,1,0,1,0,0,0,0,0,1,0,0,0,1
0,0,1,0,71,1,1,1,1,1,1,1,1,0,89.3,6388.65,0,4658,88.73124999999999,0.019171318162301415,8,0,0,0,0,0,0,1,0,0,0,0,1,0,1,0,0,0,0,1,0,0,0,1
0,0,0,0,35,1,0,0,0,0,0,0,0,0,19.25,677.9,0,2682,18.830555555555556,0.007177479492915735,1,0,0,0,0,1,1,0,0,1,0,0,1,0,0,0,1,0,1,0,0,0,1,0
0,0,0,0,17,1,0,0,0,0,0,0,0,0,70.5,1165.6,0,3650,64.75555555555555,0.019315068493150685,1,1,0,1,0,1,1,0,1,0,1,0,0,1,0,0,0,1,0,0,0,0,0,1
0,0,1,0,47,1,0,0,0,0,0,0,0,0,19.65,921.55,0,4159,19.198958333333334,0.0047246934359220965,1,0,0,0,0,1,1,0,0,1,0,0,1,1,0,0,0,0,1,0,0,0,0,1
0,0,1,0,3,1,0,0,0,0,0,0,0,0,20.85,72.0,0,5867,18.0,0.003553775353673087,1,1,0,0,0,1,1,0,0,1,1,0,0,0,0,0,1,0,0,0,1,1,0,0
0,0,0,0,3,1,0,0,0,0,0,0,0,1,19.65,68.35,0,4852,17.0875,0.0040498763396537504,1,1,0,0,0,1,1,0,0,1,1,0,0,0,0,0,1,0,0,0,1,0,0,1
0,1,1,0,44,1,0,0,0,0,0,0,0,1,19.35,847.25,0,4975,18.82777777777778,0.003889447236180905,1,0,0,0,1,1,1,0,0,1,0,0,1,0,1,0,0,0,1,0,0,0,0,1
0,0,0,0,1,1,0,0,0,0,0,0,0,1,44.0,44.0,0,4138,22.0,0.010633156114064766,1,1,0,0,0,1,1,1,0,0,1,0,0,0,0,0,1,0,0,0,1,0,0,1
0,0,1,1,44,1,1,0,1,1,0,0,1,0,94.4,4295.35,0,5019,95.45222222222223,0.018808527595138475,5,0,1,1,0,1,1,0,1,0,0,1,0,0,0,1,0,0,1,0,0,0,0,1
0,0,0,0,18,1,0,1,0,0,0,0,0,1,75.4,1380.4,0,4792,72.65263157894738,0.015734557595993324,2,1,1,1,0,1,0,0,1,0,1,0,0,0,0,1,0,1,0,0,0,0,0,1
0,0,1,0,65,1,0,1,1,1,0,0,1,0,71.0,4386.2,0,6308,66.45757575757575,0.01125554850982879,5,0,0,0,0,1,0,1,0,0,0,0,1,1,0,0,0,0,0,1,0,1,0,0
0,0,0,0,3,1,0,0,0,0,0,0,0,0,21.2,52.05,0,2088,13.0125,0.010153256704980842,1,0,0,0,0,1,1,0,0,1,0,1,0,0,0,0,1,0,0,0,1,0,1,0
0,0,1,0,33,1,0,1,1,0,1,0,0,1,61.05,2018.4,0,3215,59.36470588235294,0.018989113530326594,4,0,0,0,0,0,0,1,0,0,0,0,1,0,0,0,1,0,1,0,0,0,1,0
0,0,0,0,34,1,0,1,0,1,1,1,1,1,79.95,2727.3,0,3570,77.92285714285715,0.022394957983193277,6,0,0,0,0,0,0,1,0,0,0,1,0,1,0,0,0,0,1,0,0,0,0,1
0,0,1,1,14,1,0,0,0,0,0,0,0,1,19.7,263.65,0,2966,17.576666666666664,0.006641942009440323,1,0,0,0,0,1,1,0,0,1,0,0,1,0,0,0,1,1,0,0,0,0,1,0
0,0,0,0,13,1,0,0,0,0,0,0,0,1,20.3,275.4,0,5332,19.67142857142857,0.0038072018004501125,1,1,0,0,0,1,1,0,0,1,1,0,0,0,0,0,1,1,0,0,0,0,0,1
0,0,1,1,23,1,1,0,0,0,0,0,0,0,24.35,538.5,0,4031,22.4375,0.0060406846936244115,2,0,0,0,0,1,1,0,0,1,0,1,0,0,0,0,1,1,0,0,0,0,0,1
0,0,1,1,47,1,0,0,0,0,0,0,0,0,19.75,948.9,0,3843,19.76875,0.0051392141556075984,1,0,0,0,0,1,1,0,0,1,0,0,1,0,0,0,1,0,1,0,0,0,0,1
0,0,0,1,17,1,0,1,0,0,0,0,0,1,50.3,846.8,0,3202,47.044444444444444,0.01570893191755153,2,1,0,0,0,1,0,1,0,0,1,0,0,0,0,0,1,1,0,0,0,0,1,0
0,1,1,0,59,0,0,0,1,0,0,1,1,1,50.25,2997.45,0,5546,49.957499999999996,0.00906058420483231,3,1,1,0,1,1,1,1,0,0,1,0,0,0,0,1,0,0,0,1,0,1,0,0
0,0,0,0,69,1,1,1,0,1,1,1,1,1,85.35,5897.4,0,6499,84.24857142857142,0.013132789659947684,7,0,0,0,0,0,0,1,0,0,0,0,1,0,1,0,0,0,0,1,0,1,0,0
0,0,0,0,10,1,0,1,0,0,0,0,0,1,51.65,524.5,0,4292,47.68181818181818,0.012034016775396086,2,1,0,0,0,1,0,1,0,0,1,0,0,0,0,0,1,0,0,0,1,0,0,1
0,0,1,1,12,1,1,0,0,0,0,0,0,1,24.0,269.65,0,3705,20.74230769230769,0.006477732793522267,2,0,0,0,0,1,1,0,0,1,0,0,1,1,0,0,0,0,0,0,1,0,0,1
0,0,1,1,39,1,0,0,0,1,0,1,0,1,59.85,2341.5,0,3900,58.5375,0.015346153846153846,3,1,0,0,0,1,1,1,0,0,1,0,0,0,0,0,1,0,1,0,0,0,0,1
0,1,1,0,71,1,1,0,0,0,0,0,0,0,25.45,1789.65,0,5341,24.856250000000003,0.004765025276165512,2,0,0,0,1,1,1,0,0,1,0,0,1,0,1,0,0,0,0,1,0,0,0,1
0,0,1,1,71,1,1,0,0,0,0,0,0,0,23.9,1626.4,0,5574,22.58888888888889,0.004287764621456763,2,0,0,0,0,1,1,0,0,1,0,0,1,0,1,0,0,0,0,1,0,1,0,0
0,0,1,1,33,1,1,0,0,0,0,0,0,0,24.15,800.3,0,4501,23.538235294117644,0.005365474339035769,2,0,0,0,0,1,1,0,0,1,0,1,0,0,1,0,0,0,1,0,0,0,0,1
0,1,0,0,67,1,1,0,0,0,0,0,0,1,75.7,5060.85,0,5823,74.42426470588236,0.013000171732783788,2,1,0,1,1,1,1,0,1,0,1,0,0,0,0,0,1,0,0,1,0,1,0,0
0,0,1,0,9,1,0,0,1,0,0,0,0,0,50.85,466.6,0,4623,46.660000000000004,0.01099935107073329,2,1,0,0,0,1,1,1,0,0,1,0,0,0,0,0,1,0,0,0,1,0,0,1
0,0,1,0,52,1,1,1,0,1,1,0,0,1,91.6,4627.8,0,6069,87.31698113207547,0.015093096061954192,5,0,0,1,0,0,0,0,1,0,0,0,1,0,1,0,0,0,0,1,0,1,0,0
0,0,0,0,70,1,1,0,1,0,0,1,1,0,98.9,6838.6,0,5980,96.31830985915494,0.01653846153846154,5,0,1,1,0,1,1,0,1,0,0,1,0,0,0,1,0,0,0,1,0,1,0,0
0,0,0,0,1,1,0,0,1,0,0,0,1,1,85.0,85.0,0,5754,42.5,0.014772332290580465,3,1,1,1,0,1,1,0,1,0,1,0,0,0,0,1,0,0,0,0,1,1,0,0
0,0,0,0,1,1,0,0,0,0,0,0,0,1,44.3,44.3,0,4427,22.15,0.01000677659814773,1,1,0,0,0,1,1,1,0,0,1,0,0,0,0,0,1,0,0,0,1,0,0,1
0,0,0,0,52,1,1,0,1,0,0,0,0,1,80.2,4297.6,0,5597,81.0867924528302,0.014329104877613007,3,0,0,1,0,1,1,0,1,0,0,1,0,0,0,0,1,0,0,1,0,1,0,0
0,0,0,0,6,1,0,0,0,1,0,1,0,0,60.9,414.1,0,2191,59.15714285714286,0.02779552715654952,3,1,0,0,0,1,1,1,0,0,1,0,0,0,0,0,1,0,0,0,1,0,1,0
0,0,1,0,7,0,0,1,1,0,0,0,0,0,34.2,256.6,0,5100,32.075,0.006705882352941177,2,1,0,0,0,1,0,1,0,0,1,0,0,0,0,0,1,0,0,0,1,0,0,1
0,0,0,0,26,1,0,1,0,1,1,0,0,1,87.15,2274.1,0,5689,84.22592592592592,0.015319036737563721,4,0,0,1,0,0,0,0,1,0,0,1,0,0,1,0,0,0,1,0,0,1,0,0
0,0,1,1,25,1,0,1,0,0,1,0,0,0,54.3,1296.8,0,3971,49.87692307692308,0.013674137496852177,3,1,1,0,0,0,0,1,0,0,1,0,0,0,0,1,0,0,1,0,0,0,0,1
0,0,0,0,69,1,0,0,0,0,0,0,0,1,19.1,1268.85,0,4535,18.12642857142857,0.004211686879823594,1,0,0,0,0,1,1,0,0,1,0,0,1,0,0,0,1,0,0,1,0,0,0,1
0,0,0,0,72,1,1,1,1,1,1,1,1,1,112.75,8192.6,0,4927,112.22739726027397,0.02288410797645626,8,0,0,1,0,0,0,0,1,0,0,0,1,0,1,0,0,0,0,1,0,0,0,1
0,0,0,0,4,1,0,0,0,0,0,0,0,1,19.95,59.25,0,3172,11.85,0.006289407313997478,1,1,0,0,0,1,1,0,0,1,1,0,0,0,0,0,1,0,0,0,1,0,1,0
0,0,1,1,59,1,0,0,0,0,0,0,0,0,19.5,1147.85,0,5293,19.13083333333333,0.003684111090119025,1,0,0,0,0,1,1,0,0,1,0,0,1,0,0,0,1,0,0,1,0,0,0,1
0,0,0,0,67,1,0,1,0,1,0,0,1,0,65.55,4361.55,0,6035,64.14044117647059,0.010861640430820215,4,0,0,0,0,1,0,1,0,0,0,0,1,1,0,0,0,0,0,1,0,1,0,0
0,1,0,0,26,1,0,0,0,0,0,0,1,1,78.8,2006.1,0,4509,74.3,0.01747615879352406,2,1,1,1,1,1,1,0,1,0,1,0,0,0,0,1,0,0,1,0,0,0,0,1
0,0,0,0,27,1,0,0,1,1,1,1,1,0,78.2,2078.95,0,2297,74.24821428571428,0.03404440574662604,6,0,0,0,0,0,1,1,0,0,0,1,0,0,0,0,1,0,1,0,0,0,1,0
0,0,1,1,72,1,1,1,0,1,0,1,1,0,105.25,7609.75,0,4427,104.2431506849315,0.023774565168285522,6,0,0,1,0,1,0,0,1,0,0,0,1,1,0,0,0,0,0,1,0,0,0,1
0,0,0,0,6,1,0,0,0,1,1,0,1,1,89.25,487.05,0,4430,69.57857142857144,0.020146726862302483,4,1,1,1,0,0,1,0,1,0,1,0,0,0,0,1,0,0,0,0,1,0,0,1
0,0,1,1,62,1,0,0,0,0,0,0,0,0,20.65,1218.45,0,6403,19.340476190476192,0.0032250507574574415,1,0,0,0,0,1,1,0,0,1,0,0,1,0,1,0,0,0,0,1,0,1,0,0
0,0,0,0,20,1,1,0,1,0,1,1,0,1,68.7,1416.2,0,2989,67.43809523809524,0.02298427567748411,5,0,1,0,0,0,1,1,0,0,0,1,0,0,0,1,0,1,0,0,0,0,1,0
0,0,0,0,6,1,0,1,0,1,1,1,1,0,78.65,483.3,0,2724,69.04285714285714,0.028872980910425845,6,1,0,0,0,0,0,1,0,0,1,0,0,0,1,0,0,0,0,0,1,0,1,0
0,0,0,0,51,1,1,0,0,0,0,0,0,0,24.75,1234.6,0,5080,23.74230769230769,0.0048720472440944886,2,0,0,0,0,1,1,0,0,1,0,0,1,0,0,0,1,0,0,1,0,0,0,1
0,0,1,1,61,1,0,0,0,0,0,0,0,0,19.75,1311.6,0,6108,21.154838709677417,0.003233464309102816,1,0,0,0,0,1,1,0,0,1,0,0,1,0,1,0,0,0,0,1,0,1,0,0
0,1,1,0,62,1,1,1,1,1,0,0,0,1,89.1,5618.3,0,4415,89.17936507936508,0.02018120045300113,5,1,1,1,1,1,0,0,1,0,1,0,0,0,0,1,0,0,0,1,0,0,0,1
0,0,0,0,72,1,1,1,0,0,1,0,0,1,84.7,6185.15,0,4520,84.72808219178081,0.018738938053097346,4,0,0,1,0,0,0,0,1,0,0,0,1,1,0,0,0,0,0,1,0,0,0,1
0,1,0,0,13,1,0,0,1,0,0,1,0,1,59.9,788.35,0,5254,56.31071428571429,0.011400837457175485,3,1,1,0,1,1,1,1,0,0,1,0,0,0,0,1,0,1,0,0,0,0,0,1
0,0,1,1,38,1,0,0,0,0,0,0,0,1,19.95,756.4,0,3614,19.394871794871793,0.005520199225235196,1,0,0,0,0,1,1,0,0,1,0,0,1,0,0,0,1,0,1,0,0,0,0,1
0,1,1,1,34,1,1,0,1,1,1,1,1,1,108.9,3625.2,0,5151,103.57714285714285,0.021141525917297614,7,1,1,1,1,0,1,0,1,0,1,0,0,0,0,1,0,0,1,0,0,0,0,1
0,0,0,0,18,0,0,1,0,1,0,0,0,0,33.6,550.35,0,5388,28.96578947368421,0.0062360801781737195,2,1,0,0,0,1,0,1,0,0,1,0,0,0,0,0,1,1,0,0,0,1,0,0
0,0,1,1,56,1,0,0,1,1,1,0,0,1,85.85,4793.8,0,5058,84.10175438596491,0.016973111901937524,4,0,0,1,0,0,1,0,1,0,0,1,0,0,0,0,1,0,0,1,0,0,0,1
0,0,0,0,36,0,0,0,1,0,1,0,0,1,34.85,1267.2,0,4452,34.24864864864865,0.007827942497753818,2,1,0,0,0,0,1,1,0,0,1,0,0,1,0,0,0,0,1,0,0,0,0,1
0,1,1,1,57,1,0,0,1,1,1,1,0,1,95.3,5567.45,0,4912,95.99051724137931,0.0194014657980456,5,1,0,1,1,0,1,0,1,0,1,0,0,0,1,0,0,0,0,1,0,0,0,1
0,0,1,0,70,1,0,1,1,0,1,0,0,0,84.6,5706.2,0,5679,80.36901408450704,0.014896988906497622,4,0,0,1,0,0,0,0,1,0,0,0,1,1,0,0,0,0,0,1,0,1,0,0
0,0,0,0,68,0,0,0,1,0,1,0,1,0,44.95,3085.35,0,5750,44.71521739130435,0.007817391304347826,3,1,1,0,0,0,1,1,0,0,1,0,0,0,0,1,0,0,0,1,0,1,0,0
0,0,0,1,1,0,0,0,0,0,0,0,0,1,24.7,24.7,0,3518,12.35,0.007021034678794769,0,1,1,0,0,1,1,1,0,0,1,0,0,0,0,1,0,0,0,0,1,0,0,1
0,0,0,0,37,1,1,0,0,0,1,1,1,0,100.3,3541.4,0,4040,93.19473684210527,0.024826732673267324,5,1,0,1,0,0,1,0,1,0,1,0,0,0,1,0,0,0,1,0,0,0,0,1
0,0,0,1,4,1,1,0,0,0,0,0,0,1,25.45,84.2,0,2616,16.84,0.009728593272171253,2,1,0,0,0,1,1,0,0,1,1,0,0,0,0,0,1,0,0,0,1,0,1,0
0,0,0,0,1,1,0,1,0,0,0,0,0,1,50.7,50.7,0,3007,25.35,0.01686065846358497,2,1,0,0,0,1,0,1,0,0,1,0,0,0,0,0,1,0,0,0,1,0,1,0
0,0,0,0,20,0,0,1,1,1,1,1,0,1,55.0,1165.55,0,4481,55.50238095238095,0.012274045971881276,5,1,0,0,0,0,0,1,0,0,1,0,0,0,1,0,0,1,0,0,0,0,0,1
0,0,1,1,72,1,0,1,1,0,1,1,0,0,68.4,4855.35,0,5504,66.51164383561644,0.01242732558139535,5,0,0,0,0,0,0,1,0,0,0,0,1,1,0,0,0,0,0,1,0,1,0,0
0,0,1,0,11,1,0,0,0,0,0,1,0,1,55.05,608.15,0,2762,50.67916666666667,0.01993120926864591,2,1,0,0,0,1,1,1,0,0,1,0,0,1,0,0,0,0,0,0,1,0,1,0
0,0,1,1,33,1,0,0,0,0,0,0,0,0,19.8,641.35,0,2635,18.863235294117647,0.007514231499051234,1,0,0,0,0,1,1,0,0,1,0,0,1,0,1,0,0,0,1,0,0,0,1,0
0,1,0,0,62,1,1,0,0,0,0,1,0,0,84.45,4959.15,0,4166,78.71666666666665,0.02027124339894383,3,0,1,1,1,1,1,0,1,0,0,1,0,0,0,1,0,0,0,1,0,0,0,1
0,0,0,0,1,0,0,0,0,1,1,0,0,0,35.9,35.9,0,3929,17.95,0.009137185034359887,2,1,0,0,0,0,1,1,0,0,1,0,0,0,0,0,1,0,0,0,1,0,0,1
0,0,1,0,16,1,0,1,1,0,0,0,0,0,80.75,1321.3,0,2942,77.7235294117647,0.027447314751869477,3,1,0,1,0,1,0,0,1,0,1,0,0,1,0,0,0,1,0,0,0,0,1,0
0,0,1,1,22,1,1,0,0,1,1,1,1,1,78.65,1663.75,0,3571,72.33695652173913,0.02202464295715486,6,0,0,0,0,0,1,1,0,0,0,1,0,0,0,0,1,1,0,0,0,0,0,1
0,0,1,1,49,1,0,1,0,1,1,0,0,0,61.75,3024.15,0,5511,60.483000000000004,0.011204863001270188,4,1,0,0,0,0,0,1,0,0,1,0,0,1,0,0,0,0,0,1,0,1,0,0
0,0,1,1,36,1,0,1,0,1,0,0,1,1,63.7,2188.5,0,2504,59.148648648648646,0.02543929712460064,4,0,0,0,0,1,0,1,0,0,0,1,0,0,1,0,0,0,1,0,0,0,1,0
0,0,0,0,31,1,0,1,0,1,1,0,0,0,87.6,2724.25,0,5094,85.1328125,0.01719670200235571,4,1,1,1,0,0,0,0,1,0,1,0,0,0,0,1,0,0,1,0,0,0,0,1
0,0,1,0,5,1,1,1,0,0,0,0,1,1,89.15,413.25,0,2576,68.875,0.034607919254658386,4,1,1,1,0,1,0,0,1,0,1,0,0,0,0,1,0,0,0,0,1,0,1,0
0,0,1,1,66,1,0,0,0,0,0,0,0,0,20.0,1374.2,0,5011,20.51044776119403,0.003991219317501496,1,0,0,0,0,1,1,0,0,1,0,0,1,0,1,0,0,0,0,1,0,0,0,1
0,0,0,0,64,1,1,0,1,1,0,1,1,1,104.4,6692.65,0,5617,102.96384615384615,0.018586434039522877,6,0,0,1,0,1,1,0,1,0,0,0,1,1,0,0,0,0,0,1,0,1,0,0
0,0,1,1,10,1,0,0,0,0,0,0,0,1,20.05,218.5,0,2049,19.863636363636363,0.009785261102977063,1,1,0,0,0,1,1,0,0,1,1,0,0,0,1,0,0,0,0,0,1,0,1,0
0,0,0,0,29,0,0,0,1,0,1,0,0,0,34.3,1004.75,0,2555,33.49166666666667,0.013424657534246574,2,1,1,0,0,0,1,1,0,0,1,0,0,0,0,1,0,0,1,0,0,0,1,0
0,0,0,0,57,1,0,0,0,0,0,0,0,0,20.65,1125.6,0,4193,19.406896551724138,0.004924874791318865,1,0,0,0,0,1,1,0,0,1,0,0,1,1,0,0,0,0,0,1,0,0,0,1
0,0,0,0,46,1,1,1,1,0,0,0,0,0,84.25,3847.6,0,3509,81.86382978723404,0.024009689370190938,4,1,0,1,0,1,0,0,1,0,1,0,0,0,0,0,1,0,1,0,0,0,0,1
0,0,0,0,53,1,0,0,0,0,0,0,0,0,19.65,978.0,0,5878,18.11111111111111,0.003342973800612453,1,0,0,0,0,1,1,0,0,1,0,0,1,1,0,0,0,0,0,1,0,1,0,0
0,0,0,0,17,1,0,1,1,0,1,1,1,0,79.85,1387.35,0,5574,77.07499999999999,0.014325439540724792,6,0,0,0,0,0,0,1,0,0,0,1,0,0,1,0,0,1,0,0,0,1,0,0
0,0,1,1,38,1,0,0,0,0,0,0,0,1,20.2,746.05,0,2631,19.129487179487178,0.007677689091600152,1,0,0,0,0,1,1,0,0,1,0,0,1,0,0,0,1,0,1,0,0,0,1,0
0,0,0,0,15,1,0,0,0,0,0,0,0,0,19.8,304.6,0,5753,19.0375,0.0034416826003824093,1,0,0,0,0,1,1,0,0,1,0,1,0,0,0,0,1,1,0,0,0,1,0,0
0,0,0,0,22,0,0,0,1,0,0,1,1,1,50.35,1098.85,0,2875,47.77608695652174,0.01751304347826087,3,1,1,0,0,1,1,1,0,0,1,0,0,0,0,1,0,1,0,0,0,0,1,0
0,0,1,0,57,1,1,0,1,1,1,1,0,0,74.6,4368.95,0,4546,75.32672413793104,0.01641003079630444,6,0,0,0,0,0,1,1,0,0,0,1,0,1,0,0,0,0,0,1,0,0,0,1
0,1,0,0,11,1,0,0,0,0,0,0,1,1,79.15,827.7,0,3355,68.97500000000001,0.023591654247391954,2,1,0,1,1,1,1,0,1,0,1,0,0,0,1,0,0,0,0,0,1,0,1,0
0,0,1,1,1,1,0,0,0,0,0,0,0,0,20.35,20.35,0,4836,10.175,0.004208023159636063,1,0,0,0,0,1,1,0,0,1,0,0,1,0,0,0,1,0,0,0,1,0,0,1
0,0,1,1,12,1,0,0,0,0,0,0,0,0,21.05,262.05,0,4843,20.157692307692308,0.004346479454883337,1,0,0,0,0,1,1,0,0,1,0,0,1,1,0,0,0,0,0,0,1,0,0,1
0,0,0,1,36,1,0,0,1,0,0,1,1,1,94.7,3512.5,0,4671,94.93243243243244,0.020274031256690216,4,1,1,1,0,1,1,0,1,0,1,0,0,0,0,1,0,0,1,0,0,0,0,1
0,0,0,0,2,1,0,0,1,0,0,0,0,0,74.95,151.75,0,3969,50.583333333333336,0.01888384983623079,2,1,1,1,0,1,1,0,1,0,1,0,0,0,0,1,0,0,0,0,1,0,0,1
0,0,1,1,72,1,0,1,1,1,1,1,1,0,111.95,8033.1,0,4004,110.04246575342466,0.02795954045954046,7,0,0,1,0,0,0,0,1,0,0,0,1,1,0,0,0,0,0,1,0,0,0,1
0,0,0,0,62,1,0,0,0,0,0,0,0,0,19.85,1253.65,0,4278,19.899206349206352,0.004640018700327256,1,0,0,0,0,1,1,0,0,1,0,0,1,1,0,0,0,0,0,1,0,0,0,1
0,0,0,0,6,1,1,0,1,0,0,1,0,1,89.75,552.65,0,2370,78.95,0.037869198312236285,4,1,1,1,0,1,1,0,1,0,1,0,0,0,0,1,0,0,0,0,1,0,1,0
0,0,1,0,48,1,0,0,0,0,0,0,0,1,20.05,1036.0,0,2964,21.142857142857142,0.00676450742240216,1,0,0,0,0,1,1,0,0,1,0,0,1,0,0,0,1,0,1,0,0,0,1,0
0,0,0,0,35,1,1,1,0,1,1,1,1,1,108.95,4025.5,0,5903,111.81944444444444,0.01845671692359817,7,0,1,1,0,0,0,0,1,0,0,0,1,0,0,1,0,0,1,0,0,1,0,0
0,0,0,1,52,1,0,0,0,0,0,0,0,0,19.65,928.4,0,4279,17.516981132075472,0.004592194437952792,1,0,0,0,0,1,1,0,0,1,0,1,0,0,1,0,0,0,0,1,0,0,0,1
0,0,0,0,1,0,0,0,0,0,0,0,0,1,24.9,24.9,0,5318,12.45,0.004682211357653253,0,1,0,0,0,1,1,1,0,0,1,0,0,0,0,0,1,0,0,0,1,0,0,1
0,0,1,0,71,1,1,1,1,1,1,1,1,0,93.2,6506.15,0,4493,90.36319444444445,0.020743378588916093,8,0,0,0,0,0,0,1,0,0,0,0,1,0,1,0,0,0,0,1,0,0,0,1
0,0,1,1,67,1,0,1,1,1,0,0,0,0,84.8,5598.3,0,6072,82.32794117647059,0.01396574440052701,4,0,0,1,0,1,0,0,1,0,0,1,0,1,0,0,0,0,0,1,0,1,0,0
0,1,0,0,60,1,1,1,1,0,0,0,1,1,71.75,4374.55,0,4964,71.71393442622951,0.014454069298952458,5,0,1,0,1,1,0,1,0,0,0,1,0,0,0,1,0,0,0,1,0,0,0,1
0,0,1,1,23,0,0,0,0,0,1,0,0,1,30.35,678.75,0,4960,28.28125,0.0061189516129032265,1,1,0,0,0,0,1,1,0,0,1,0,0,1,0,0,0,1,0,0,0,0,0,1
0,0,0,1,39,0,0,0,0,1,1,1,1,0,54.85,2191.7,0,3884,54.7925,0.014122039134912463,4,0,0,0,0,0,1,1,0,0,0,1,0,1,0,0,0,0,1,0,0,0,0,1
0,0,1,1,15,1,0,0,0,0,0,0,0,1,19.5,239.75,0,5471,14.984375,0.0035642478523121917,1,0,0,0,0,1,1,0,0,1,0,1,0,0,0,0,1,1,0,0,0,1,0,0
0,0,1,1,24,1,1,0,0,0,0,0,0,0,24.2,609.05,0,5865,24.362,0.00412617220801364,2,0,0,0,0,1,1,0,0,1,0,0,1,0,0,0,1,1,0,0,0,1,0,0
0,0,1,1,37,1,0,0,0,0,0,0,0,0,19.35,683.75,0,2360,17.99342105263158,0.008199152542372882,1,1,1,0,0,1,1,0,0,1,1,0,0,0,0,1,0,0,1,0,0,0,1,0
0,1,1,0,50,1,1,0,0,0,1,1,1,1,100.65,5189.75,0,5791,101.75980392156863,0.017380417889829046,5,0,1,1,1,0,1,0,1,0,0,1,0,0,0,1,0,0,0,1,0,1,0,0
0,0,0,0,54,1,0,0,0,1,0,1,1,1,94.1,5060.9,0,4084,92.01636363636364,0.023041136141038195,4,0,0,1,0,1,1,0,1,0,0,1,0,0,1,0,0,0,0,1,0,0,0,1
0,0,0,0,3,1,0,1,0,0,0,0,0,1,74.55,233.65,0,5125,58.4125,0.014546341463414634,2,1,1,1,0,1,0,0,1,0,1,0,0,0,0,1,0,0,0,0,1,0,0,1
0,0,0,0,5,1,0,0,0,1,1,0,0,0,56.15,291.45,0,5232,48.574999999999996,0.010732033639143731,3,1,1,0,0,0,1,1,0,0,1,0,0,0,0,1,0,0,0,0,1,0,0,1
0,0,0,0,33,1,0,0,0,0,0,0,0,0,20.35,689.75,0,2507,20.28676470588235,0.008117271639409654,1,0,0,0,0,1,1,0,0,1,0,0,1,0,0,0,1,0,1,0,0,0,1,0
0,0,0,0,41,1,1,0,1,1,0,1,1,1,80.55,3263.9,0,4176,77.71190476190476,0.019288793103448276,6,0,1,0,0,1,1,1,0,0,0,1,0,0,0,1,0,0,1,0,0,0,0,1
0,0,1,1,34,0,0,1,0,1,1,1,1,0,61.25,1993.2,0,3607,56.94857142857143,0.01698087052952592,5,0,0,0,0,0,0,1,0,0,0,1,0,0,0,0,1,0,1,0,0,0,0,1
0,0,1,1,13,1,0,0,0,0,0,0,0,1,20.45,254.5,0,5417,18.178571428571427,0.0037751522983201034,1,1,0,0,0,1,1,0,0,1,1,0,0,0,0,0,1,1,0,0,0,1,0,0
0,0,0,0,20,1,0,0,0,0,0,0,0,1,18.9,347.65,0,4277,16.554761904761904,0.0044189852700491,1,1,0,0,0,1,1,0,0,1,1,0,0,0,1,0,0,1,0,0,0,0,0,1
0,1,0,0,51,1,0,0,0,0,0,0,0,0,19.6,967.9,0,4224,18.61346153846154,0.0046401515151515155,1,0,0,0,1,1,1,0,0,1,0,0,1,0,1,0,0,0,0,1,0,0,0,1
0,0,0,1,41,1,0,0,0,0,0,0,0,0,45.2,1841.9,0,4418,43.85476190476191,0.010230873698506112,1,1,0,0,0,1,1,1,0,0,1,0,0,1,0,0,0,0,1,0,0,0,0,1
0,0,0,0,13,1,0,0,0,0,0,0,0,0,19.45,232.1,0,2783,16.57857142857143,0.006988860941430111,1,1,0,0,0,1,1,0,0,1,1,0,0,0,1,0,0,1,0,0,0,0,1,0
0,0,1,1,35,1,1,0,0,0,0,0,0,0,25.45,809.25,0,4873,22.479166666666668,0.0052226554483890825,2,0,0,0,0,1,1,0,0,1,0,0,1,1,0,0,0,0,1,0,0,0,0,1
0,0,0,0,4,1,0,1,1,0,1,0,1,1,94.9,360.55,0,3094,72.11,0.030672268907563027,5,1,0,1,0,0,0,0,1,0,1,0,0,0,0,0,1,0,0,0,1,0,1,0
0,1,1,1,12,0,0,0,0,0,1,0,0,1,29.3,355.9,0,3353,27.376923076923074,0.008738443185207277,1,1,0,0,1,0,1,1,0,0,1,0,0,0,0,0,1,0,0,0,1,0,1,0
0,0,0,0,7,1,0,0,0,0,0,0,0,0,20.25,129.15,0,4208,16.14375,0.004812262357414449,1,0,0,0,0,1,1,0,0,1,0,1,0,0,0,0,1,0,0,0,1,0,0,1
0,0,1,0,53,1,0,1,1,1,1,1,1,0,110.5,5835.5,0,4135,108.06481481481481,0.02672309552599758,7,0,1,1,0,0,0,0,1,0,0,1,0,0,0,1,0,0,0,1,0,0,0,1
0,1,0,0,63,1,1,1,1,1,0,1,1,1,109.4,7031.45,0,5961,109.86640625,0.018352625398423084,7,1,0,1,1,1,0,0,1,0,1,0,0,1,0,0,0,0,0,1,0,1,0,0
0,0,0,0,5,1,0,0,0,0,0,0,0,0,19.95,109.6,0,5252,18.266666666666666,0.0037985529322162983,1,1,0,0,0,1,1,0,0,1,1,0,0,0,0,0,1,0,0,0,1,0,0,1
0,1,1,0,37,1,0,0,0,0,0,0,0,0,19.6,727.8,0,5730,19.152631578947368,0.0034205933682373477,1,0,0,0,1,1,1,0,0,1,0,1,0,0,0,0,1,0,1,0,0,1,0,0
0,0,0,1,12,1,1,0,0,0,0,0,0,1,76.6,893.0,0,3280,68.6923076923077,0.023353658536585366,2,1,1,1,0,1,1,0,1,0,1,0,0,0,0,1,0,0,0,0,1,0,1,0
0,0,1,1,38,1,0,0,0,0,0,0,0,0,19.6,763.1,0,4623,19.566666666666666,0.004239671209171534,1,0,0,0,0,1,1,0,0,1,0,1,0,0,1,0,0,0,1,0,0,0,0,1
0,0,0,0,9,1,0,0,0,1,0,0,1,1,85.3,781.4,0,5850,78.14,0.014581196581196582,3,1,0,1,0,1,1,0,1,0,1,0,0,0,1,0,0,0,0,0,1,1,0,0
0,0,1,0,13,1,1,1,0,0,0,0,1,1,65.85,902.25,0,2731,64.44642857142857,0.02411204686927865,4,1,1,0,0,1,0,1,0,0,1,0,0,0,0,1,0,1,0,0,0,0,1,0
0,0,1,1,47,1,0,0,0,0,0,0,0,0,20.05,1016.7,0,3260,21.181250000000002,0.006150306748466258,1,0,0,0,0,1,1,0,0,1,0,0,1,0,1,0,0,0,1,0,0,0,1,0
0,0,1,0,61,1,1,1,0,1,1,1,0,0,99.4,5943.65,0,5404,95.86532258064516,0.01839378238341969,6,1,0,1,0,0,0,0,1,0,1,0,0,1,0,0,0,0,0,1,0,1,0,0
0,0,0,0,16,1,0,0,0,0,0,0,0,0,20.0,275.7,0,3705,16.21764705882353,0.005398110661268556,1,1,0,0,0,1,1,0,0,1,1,0,0,0,0,0,1,1,0,0,0,0,0,1
0,0,1,1,41,1,0,1,1,0,1,1,1,0,78.45,3126.45,0,5468,74.43928571428572,0.014347110460863205,6,0,1,0,0,0,0,1,0,0,0,0,1,0,0,1,0,0,1,0,0,1,0,0
0,0,0,1,43,1,1,0,0,0,0,0,0,1,25.1,1070.15,0,4797,24.32159090909091,0.005232436939754013,2,0,1,0,0,1,1,0,0,1,0,0,1,0,0,1,0,0,1,0,0,0,0,1
0,0,0,0,6,1,0,0,0,0,0,0,1,1,55.0,340.4,0,2629,48.628571428571426,0.02092050209205021,2,1,1,0,0,1,1,1,0,0,1,0,0,0,0,1,0,0,0,0,1,0,1,0
0,0,0,0,58,1,1,1,1,1,1,0,0,1,71.1,4299.2,0,5395,72.86779661016949,0.013178869323447636,6,0,0,0,0,0,0,1,0,0,0,1,0,0,1,0,0,0,0,1,0,1,0,0
0,0,0,0,19,1,0,0,0,0,1,1,0,1,61.55,1093.2,0,5831,54.660000000000004,0.010555650831761276,3,1,0,0,0,0,1,1,0,0,1,0,0,0,1,0,0,1,0,0,0,1,0,0
0,0,1,0,11,1,0,0,0,0,0,0,0,1,45.9,521.9,0,3880,43.49166666666667,0.011829896907216494,1,1,0,0,0,1,1,1,0,0,1,0,0,1,0,0,0,0,0,0,1,0,0,1
0,0,0,0,39,0,0,1,1,0,1,0,0,1,40.3,1630.4,0,3424,40.760000000000005,0.011769859813084111,3,0,0,0,0,0,0,1,0,0,0,1,0,1,0,0,0,0,1,0,0,0,1,0
0,1,0,0,8,1,0,0,1,0,0,1,0,1,87.1,713.6,0,3950,79.28888888888889,0.022050632911392403,3,1,1,1,1,1,1,0,1,0,1,0,0,0,0,1,0,0,0,0,1,0,0,1
0,0,0,1,26,1,1,0,0,0,0,0,0,1,49.5,1265.65,0,4196,46.87592592592593,0.011796949475691135,2,1,0,0,0,1,1,1,0,0,1,0,0,0,0,0,1,0,1,0,0,0,0,1
0,1,0,0,53,1,0,0,1,0,0,0,0,1,73.8,4003.85,0,6469,74.14537037037037,0.01140825475343948,2,1,0,1,1,1,1,0,1,0,1,0,0,0,1,0,0,0,0,1,0,1,0,0
0,0,1,1,70,1,0,0,0,0,0,0,0,1,19.2,1401.4,0,5261,19.738028169014086,0.0036494962934803267,1,0,0,0,0,1,1,0,0,1,0,0,1,0,0,0,1,0,0,1,0,0,0,1
0,0,0,0,59,1,1,0,0,0,0,0,0,0,25.0,1510.5,0,5537,25.175,0.004515080368430558,2,0,0,0,0,1,1,0,0,1,0,0,1,0,0,0,1,0,0,1,0,1,0,0
0,0,0,0,7,0,0,1,0,1,0,0,0,0,35.3,264.8,0,3463,33.1,0.010193473866589661,2,0,0,0,0,1,0,1,0,0,0,1,0,0,0,0,1,0,0,0,1,0,1,0
0,0,1,1,59,1,0,0,1,1,1,1,1,0,76.75,4541.9,0,5918,75.69833333333332,0.01296890841500507,6,0,0,0,0,0,1,1,0,0,0,1,0,0,1,0,0,0,0,1,0,1,0,0
0,0,1,1,61,1,1,0,0,1,1,1,1,1,81.0,4976.15,0,4151,80.26048387096773,0.019513370272223562,6,0,0,0,0,0,1,1,0,0,0,0,1,1,0,0,0,0,0,1,0,0,0,1
0,0,1,1,72,1,1,1,0,1,0,1,1,1,105.55,7542.25,0,4331,103.31849315068493,0.024370815054259986,6,0,0,1,0,1,0,0,1,0,0,0,1,1,0,0,0,0,0,1,0,0,0,1
0,0,1,1,13,1,0,0,0,0,0,0,0,0,18.8,251.25,0,2333,17.946428571428573,0.008058294042006002,1,1,0,0,0,1,1,0,0,1,1,0,0,0,0,0,1,1,0,0,0,0,1,0
0,0,1,1,64,1,1,0,0,0,0,0,0,0,24.9,1595.5,0,5038,24.546153846153846,0.0049424374751885665,2,0,0,0,0,1,1,0,0,1,0,1,0,0,0,0,1,0,0,1,0,0,0,1
0,0,0,0,10,1,0,0,1,0,1,0,1,0,64.9,685.55,0,4883,62.32272727272727,0.013291009625230393,4,0,0,0,0,0,1,1,0,0,0,1,0,0,0,0,1,0,0,0,1,0,0,1
0,0,1,1,65,1,0,1,1,1,0,0,0,0,61.35,3874.1,0,6354,58.698484848484846,0.00965533522190746,4,0,0,0,0,1,0,1,0,0,0,1,0,1,0,0,0,0,0,1,0,1,0,0
0,0,1,0,62,1,1,1,1,1,1,1,1,0,113.95,6891.4,0,6193,109.38730158730158,0.018399806232843534,8,0,0,1,0,0,0,0,1,0,0,0,1,0,0,0,1,0,0,1,0,1,0,0
0,0,1,0,55,1,1,1,1,1,1,1,1,1,90.15,4916.95,0,4712,87.80267857142857,0.01913200339558574,8,0,1,0,0,0,0,1,0,0,0,1,0,0,0,1,0,0,0,1,0,0,0,1
0,0,1,0,25,1,1,0,1,0,0,0,0,0,54.1,1373.0,0,5701,52.80769230769231,0.00948956323452026,3,1,1,0,0,1,1,1,0,0,1,0,0,0,0,1,0,0,1,0,0,1,0,0
0,0,0,0,1,1,0,1,0,0,0,0,0,1,49.8,49.8,0,2978,24.9,0.01672263263935527,2,1,0,0,0,1,0,1,0,0,1,0,0,0,1,0,0,0,0,0,1,0,1,0
0,1,1,1,64,1,1,0,0,0,0,0,0,1,24.4,1548.65,0,4772,23.825384615384618,0.005113160100586756,2,0,0,0,1,1,1,0,0,1,0,0,1,1,0,0,0,0,0,1,0,0,0,1
0,0,1,0,36,1,1,0,0,0,0,1,1,1,95.0,3440.25,0,3057,92.97972972972973,0.031076218514883874,4,1,0,1,0,1,1,0,1,0,1,0,0,1,0,0,0,0,1,0,0,0,1,0
0,0,1,0,61,1,1,1,0,1,0,0,1,1,69.9,4226.7,0,5117,68.17258064516129,0.013660347860074263,5,0,0,0,0,1,0,1,0,0,0,0,1,0,0,0,1,0,0,1,0,0,0,1
0,0,0,1,26,0,0,0,1,0,0,1,0,1,39.95,1023.75,0,2715,37.916666666666664,0.014714548802946594,2,0,0,0,0,1,1,1,0,0,0,1,0,1,0,0,0,0,1,0,0,0,1,0
0,0,1,1,68,1,0,1,1,1,0,1,1,1,103.25,7074.4,0,4751,102.52753623188406,0.021732266891180803,6,0,0,1,0,1,0,0,1,0,0,0,1,0,1,0,0,0,0,1,0,0,0,1
0,0,1,0,72,1,1,1,1,1,1,0,0,1,94.25,6849.75,0,6295,93.83219178082192,0.014972200158856235,6,0,0,1,0,0,0,0,1,0,0,0,1,1,0,0,0,0,0,1,0,1,0,0
0,0,1,0,71,0,0,0,0,1,1,0,1,1,47.05,3263.6,0,6302,45.327777777777776,0.007465883846397969,3,0,1,0,0,0,1,1,0,0,0,0,1,0,0,1,0,0,0,1,0,1,0,0
0,0,0,0,57,1,0,0,0,0,0,0,0,0,20.55,1252.85,0,4565,21.600862068965515,0.004501642935377875,1,0,0,0,0,1,1,0,0,1,0,0,1,0,1,0,0,0,0,1,0,0,0,1
0,0,0,0,4,1,0,0,0,0,0,0,0,1,19.65,67.55,0,4925,13.51,0.00398984771573604,1,1,0,0,0,1,1,0,0,1,1,0,0,0,0,0,1,0,0,0,1,0,0,1
0,1,0,0,1,1,0,0,0,0,0,0,0,1,70.2,70.2,0,2422,35.1,0.02898431048720066,1,1,1,1,1,1,1,0,1,0,1,0,0,0,0,1,0,0,0,0,1,0,1,0
0,0,1,1,72,1,1,1,1,1,1,0,1,0,81.0,5750.0,0,4237,78.76712328767124,0.019117299976398393,7,0,0,0,0,0,0,1,0,0,0,0,1,0,1,0,0,0,0,1,0,0,0,1
0,0,1,1,21,1,1,1,0,0,0,1,1,1,75.9,1549.75,0,3503,70.44318181818181,0.021667142449329147,5,0,0,0,0,1,0,1,0,0,0,1,0,1,0,0,0,1,0,0,0,0,0,1
0,0,1,1,71,1,1,0,0,0,0,0,0,0,24.7,1810.55,0,5187,25.146527777777777,0.0047619047619047615,2,0,0,0,0,1,1,0,0,1,0,0,1,1,0,0,0,0,0,1,0,0,0,1
0,1,0,0,69,1,1,1,0,1,1,1,1,0,110.25,7467.55,0,4948,106.67928571428571,0.022281729991915925,7,0,0,1,1,0,0,0,1,0,0,0,1,0,1,0,0,0,0,1,0,0,0,1
0,0,1,0,64,1,1,1,0,1,1,1,1,1,85.0,5484.4,0,5472,84.3753846153846,0.015533625730994151,7,0,0,0,0,0,0,1,0,0,0,0,1,0,1,0,0,0,0,1,0,1,0,0
0,0,0,0,16,1,0,0,0,0,0,0,0,0,19.75,294.9,0,5433,17.34705882352941,0.003635192343088533,1,1,0,0,0,1,1,0,0,1,1,0,0,0,1,0,0,1,0,0,0,1,0,0
0,0,0,0,4,1,1,0,0,0,0,0,0,0,23.9,97.5,0,5685,19.5,0.004204045734388742,2,0,1,0,0,1,1,0,0,1,0,1,0,0,0,1,0,0,0,0,1,1,0,0
0,0,0,0,1,1,0,0,0,0,0,0,0,0,19.95,19.95,0,5916,9.975,0.003372210953346856,1,1,0,0,0,1,1,0,0,1,1,0,0,0,0,0,1,0,0,0,1,1,0,0
0,0,0,0,18,0,0,0,0,0,0,0,0,0,25.15,476.8,0,2675,25.094736842105263,0.009401869158878504,0,1,0,0,0,1,1,1,0,0,1,0,0,0,0,0,1,1,0,0,0,0,1,0
0,0,0,0,2,1,1,0,1,0,0,0,0,0,54.15,101.65,0,3527,33.88333333333333,0.015352991210660617,3,1,0,0,0,1,1,1,0,0,1,0,0,0,0,0,1,0,0,0,1,0,0,1
0,0,1,0,19,1,0,0,1,0,0,0,1,1,59.8,1130.85,0,3652,56.5425,0.01637458926615553,3,1,0,0,0,1,1,1,0,0,1,0,0,0,0,0,1,1,0,0,0,0,0,1
0,0,0,0,40,1,1,0,0,0,0,0,1,0,83.85,3532.25,0,4294,86.15243902439025,0.019527247321844434,3,1,0,1,0,1,1,0,1,0,1,0,0,1,0,0,0,0,1,0,0,0,0,1
0,1,1,1,66,1,1,0,1,1,0,1,1,1,104.9,6891.45,0,4892,102.85746268656716,0.021443172526574,6,0,1,1,1,1,1,0,1,0,0,1,0,0,0,1,0,0,0,1,0,0,0,1
0,0,0,0,21,1,1,0,0,0,0,0,0,0,75.3,1570.7,0,2847,71.39545454545454,0.02644889357218124,2,1,0,1,0,1,1,0,1,0,1,0,0,0,0,0,1,1,0,0,0,0,1,0
0,0,0,0,8,1,0,0,1,0,1,1,0,1,66.65,520.95,0,3804,57.88333333333334,0.017521030494216615,4,1,1,0,0,0,1,1,0,0,1,0,0,0,0,1,0,0,0,0,1,0,0,1
0,0,1,1,72,1,0,1,1,1,1,1,1,1,109.5,7854.9,0,6419,107.60136986301369,0.017058731889702444,7,0,0,1,0,0,0,0,1,0,0,0,1,0,1,0,0,0,0,1,0,1,0,0
0,0,0,0,48,1,1,0,1,1,1,1,0,1,73.85,3581.4,0,4740,73.08979591836734,0.015580168776371308,6,0,0,0,0,0,1,1,0,0,0,1,0,1,0,0,0,0,1,0,0,0,0,1
0,0,0,0,69,1,0,0,0,0,0,0,0,1,19.3,1447.9,0,5028,20.684285714285714,0.0038385043754972157,1,0,0,0,0,1,1,0,0,1,0,0,1,1,0,0,0,0,0,1,0,0,0,1
0,0,0,0,72,1,1,1,1,1,1,1,1,1,118.2,8547.15,0,4886,117.08424657534246,0.024191567744576342,8,0,1,1,0,0,0,0,1,0,0,0,1,0,0,1,0,0,0,1,0,0,0,1
0,0,0,0,14,1,0,0,1,0,0,0,0,0,51.45,727.85,0,4298,48.52333333333333,0.011970684039087949,2,0,0,0,0,1,1,1,0,0,0,1,0,0,1,0,0,1,0,0,0,0,0,1
0,0,0,0,6,1,0,0,1,0,0,1,0,0,59.45,357.6,0,2393,51.08571428571429,0.024843292937735063,3,1,1,0,0,1,1,1,0,0,1,0,0,0,0,1,0,0,0,0,1,0,1,0
0,0,1,1,8,1,0,0,0,0,0,0,0,0,19.5,159.35,0,5206,17.705555555555556,0.0037456780637725702,1,0,0,0,0,1,1,0,0,1,0,0,1,1,0,0,0,0,0,0,1,0,0,1
0,0,0,0,17,1,0,0,0,0,0,0,0,0,19.55,280.85,0,4947,15.60277777777778,0.003951890034364261,1,0,0,0,0,1,1,0,0,1,0,1,0,0,0,0,1,1,0,0,0,0,0,1
0,0,0,0,65,1,1,1,0,0,1,0,1,0,93.55,6069.25,0,5774,91.95833333333333,0.016201939729823346,5,0,1,1,0,0,0,0,1,0,0,1,0,0,0,1,0,0,0,1,0,1,0,0
0,0,1,1,57,1,0,1,0,1,1,0,0,1,59.3,3274.35,0,6287,56.45431034482758,0.009432161603308413,4,0,0,0,0,0,0,1,0,0,0,1,0,0,0,0,1,0,0,1,0,1,0,0
0,0,1,0,56,1,1,1,1,1,0,1,1,0,109.8,6109.65,0,5648,107.18684210526315,0.019440509915014163,7,0,0,1,0,1,0,0,1,0,0,1,0,1,0,0,0,0,0,1,0,1,0,0
0,0,1,0,14,1,0,0,0,0,0,0,1,1,78.1,1122.4,0,3157,74.82666666666667,0.024738675958188152,2,1,1,1,0,1,1,0,1,0,1,0,0,0,0,1,0,1,0,0,0,0,1,0
0,0,1,0,52,0,0,1,0,0,0,0,1,1,39.9,2020.9,0,6371,38.130188679245286,0.006262753099984304,2,1,1,0,0,1,0,1,0,0,1,0,0,0,0,1,0,0,0,1,0,1,0,0
0,0,0,0,58,1,0,1,1,1,1,0,0,1,64.9,3795.45,0,5040,64.32966101694915,0.012876984126984127,5,0,0,0,0,0,0,1,0,0,0,0,1,0,1,0,0,0,0,1,0,0,0,1
0,0,0,0,67,0,0,0,0,1,1,1,1,1,53.4,3579.15,0,5990,52.63455882352941,0.008914858096828047,4,1,0,0,0,0,1,1,0,0,1,0,0,0,1,0,0,0,0,1,0,1,0,0
0,0,0,0,2,0,0,0,0,0,0,0,0,1,24.9,49.7,0,4033,16.566666666666666,0.006174063972229109,0,1,0,0,0,1,1,1,0,0,1,0,0,0,1,0,0,0,0,0,1,0,0,1
0,1,0,0,6,1,0,0,0,0,0,0,0,0,44.7,276.5,0,4270,39.5,0.010468384074941453,1,1,0,0,1,1,1,1,0,0,1,0,0,0,1,0,0,0,0,0,1,0,0,1
0,0,1,1,71,1,1,1,1,1,1,1,1,1,114.0,8175.9,0,5600,113.55416666666666,0.02035714285714286,8,0,0,1,0,0,0,0,1,0,0,0,1,1,0,0,0,0,0,1,0,1,0,0
0,0,1,1,46,1,0,0,0,0,0,0,0,0,20.25,890.35,0,3879,18.943617021276598,0.005220417633410673,1,0,0,0,0,1,1,0,0,1,0,0,1,1,0,0,0,0,1,0,0,0,0,1
0,1,1,0,67,1,1,1,1,0,0,0,0,0,83.85,5588.8,0,5261,82.18823529411765,0.015938034594183616,4,1,0,1,1,1,0,0,1,0,1,0,0,1,0,0,0,0,0,1,0,0,0,1
0,0,0,1,3,1,0,0,0,0,0,0,0,0,20.2,50.6,0,3594,12.65,0.00562047857540345,1,1,0,0,0,1,1,0,0,1,1,0,0,1,0,0,0,0,0,0,1,0,0,1
0,0,0,0,3,1,0,0,0,0,0,0,0,0,19.95,58.0,0,5949,14.5,0.0033535047907211294,1,1,0,0,0,1,1,0,0,1,1,0,0,0,0,0,1,0,0,0,1,1,0,0
0,0,1,1,50,1,0,0,0,0,0,0,0,1,20.35,938.95,0,6391,18.41078431372549,0.0031841652323580036,1,0,0,0,0,1,1,0,0,1,0,1,0,0,0,0,1,0,0,1,0,1,0,0
0,1,1,0,23,1,0,1,1,0,0,0,1,1,90.0,2024.1,0,4999,84.33749999999999,0.01800360072014403,4,1,1,1,1,1,0,0,1,0,1,0,0,0,0,1,0,1,0,0,0,0,0,1
0,0,1,1,67,0,0,1,1,1,1,1,0,0,54.2,3623.95,0,5261,53.29338235294117,0.01030222391180384,5,0,0,0,0,0,0,1,0,0,0,0,1,0,1,0,0,0,0,1,0,0,0,1
0,1,1,0,39,1,0,1,1,0,0,1,1,0,99.1,3877.95,0,4599,96.94874999999999,0.021548162644053053,5,0,0,1,1,1,0,0,1,0,0,1,0,0,0,0,1,0,1,0,0,0,0,1
0,0,0,0,69,1,1,1,1,0,1,0,0,1,66.9,4577.9,0,5059,65.39857142857143,0.013223957303814985,5,0,0,0,0,0,0,1,0,0,0,0,1,0,0,0,1,0,0,1,0,0,0,1
0,0,0,0,1,0,0,0,0,0,0,0,0,0,25.85,25.85,0,4467,12.925,0.005786881576001791,0,0,0,0,0,1,1,1,0,0,0,1,0,0,0,0,1,0,0,0,1,0,0,1
0,0,0,0,32,1,0,0,0,0,0,1,1,0,91.05,2871.5,0,2716,87.01515151515152,0.03352356406480118,3,1,1,1,0,1,1,0,1,0,1,0,0,0,0,1,0,0,1,0,0,0,1,0
0,0,1,1,60,1,0,0,0,0,0,0,0,1,20.95,1270.55,0,4425,20.828688524590163,0.004734463276836158,1,0,0,0,0,1,1,0,0,1,0,0,1,1,0,0,0,0,0,1,0,0,0,1
0,0,1,1,72,1,1,0,1,1,1,1,1,1,109.2,7711.45,0,6130,105.636301369863,0.017814029363784668,7,0,0,1,0,0,1,0,1,0,0,0,1,1,0,0,0,0,0,1,0,1,0,0
0,1,0,0,26,1,0,1,0,0,0,1,0,1,85.8,2193.65,0,5700,81.2462962962963,0.015052631578947368,3,1,0,1,1,1,0,0,1,0,1,0,0,0,1,0,0,0,1,0,0,1,0,0
0,0,0,0,2,1,0,0,0,0,0,0,0,1,19.65,31.2,0,4841,10.4,0.004059078702747366,1,1,1,0,0,1,1,0,0,1,1,0,0,0,0,1,0,0,0,0,1,0,0,1
0,0,0,1,2,1,0,0,0,0,0,0,0,0,20.5,38.25,0,4486,12.75,0.004569772625947392,1,0,0,0,0,1,1,0,0,1,0,1,0,1,0,0,0,0,0,0,1,0,0,1
0,0,0,0,36,1,1,1,0,1,1,1,1,1,89.65,3348.1,0,4844,90.48918918918919,0.0185074318744839,7,0,0,0,0,0,0,1,0,0,0,1,0,0,1,0,0,0,1,0,0,0,0,1
0,0,0,0,7,1,0,1,0,0,0,0,0,0,74.35,533.6,0,2463,66.7,0.030186764108810393,2,1,0,1,0,1,0,0,1,0,1,0,0,0,0,0,1,0,0,0,1,0,1,0
0,1,1,0,60,0,0,0,1,0,0,1,1,1,49.45,2907.55,0,4277,47.66475409836066,0.011561842412906243,3,0,0,0,1,1,1,1,0,0,0,0,1,0,1,0,0,0,0,1,0,0,0,1
0,0,1,0,19,1,1,0,1,0,0,0,1,1,89.1,1620.8,0,3624,81.03999999999999,0.024586092715231787,4,1,1,1,0,1,1,0,1,0,1,0,0,0,0,1,0,1,0,0,0,0,0,1
0,1,1,0,45,1,1,1,0,1,1,0,1,0,75.15,3480.35,0,5837,75.65978260869565,0.01287476443378448,6,0,0,0,1,0,0,1,0,0,0,0,1,0,1,0,0,0,1,0,0,1,0,0
0,1,0,0,4,1,0,0,0,0,0,0,0,1,70.65,293.85,0,4510,58.77,0.01566518847006652,1,1,1,1,1,1,1,0,1,0,1,0,0,0,0,1,0,0,0,0,1,0,0,1
0,0,1,1,47,1,0,1,0,1,0,0,1,0,90.05,4137.2,0,3291,86.19166666666666,0.027362503798237618,4,1,1,1,0,1,0,0,1,0,1,0,0,0,0,1,0,0,1,0,0,0,1,0
0,0,0,0,1,1,0,0,0,0,0,0,0,0,19.4,19.4,0,5566,9.7,0.0034854473589651454,1,1,0,0,0,1,1,0,0,1,1,0,0,0,1,0,0,0,0,0,1,1,0,0
0,1,1,1,59,1,1,0,0,1,0,0,1,1,88.75,5348.65,0,6492,89.14416666666666,0.013670671595810228,4,1,0,1,1,1,1,0,1,0,1,0,0,0,1,0,0,0,0,1,0,1,0,0
0,1,0,0,35,1,1,1,0,0,0,0,1,0,91.0,3180.5,0,5527,88.34722222222223,0.016464628188890898,4,1,0,1,1,1,0,0,1,0,1,0,0,0,1,0,0,0,1,0,0,1,0,0
0,0,1,1,32,1,0,1,1,0,0,0,1,1,90.8,3023.85,0,2722,91.63181818181818,0.033357825128581924,4,0,1,1,0,1,0,0,1,0,0,1,0,0,0,1,0,0,1,0,0,0,1,0
0,1,1,0,54,1,0,0,0,0,0,0,0,1,18.95,1031.1,0,5548,18.747272727272726,0.0034156452775775054,1,0,0,0,1,1,1,0,0,1,0,0,1,0,0,0,1,0,0,1,0,1,0,0
0,1,0,0,66,1,1,1,0,0,0,1,1,1,102.4,6471.85,0,4861,96.594776119403,0.021065624357128165,5,0,0,1,1,1,0,0,1,0,0,0,1,1,0,0,0,0,0,1,0,0,0,1
0,0,1,1,61,1,1,0,0,1,0,1,1,1,99.9,6241.35,0,5641,100.66693548387097,0.01770962595284524,5,0,1,1,0,1,1,0,1,0,0,1,0,0,0,1,0,0,0,1,0,1,0,0
0,0,1,1,72,1,1,1,1,1,1,1,1,0,88.7,6501.35,0,4641,89.05958904109589,0.01911226028873088,8,0,0,0,0,0,0,1,0,0,0,0,1,0,1,0,0,0,0,1,0,0,0,1
0,0,1,1,44,0,0,0,0,1,1,1,1,1,54.3,2317.1,0,3423,51.49111111111111,0.01586327782646801,4,0,1,0,0,0,1,1,0,0,0,1,0,0,0,1,0,0,1,0,0,0,1,0
0,0,0,0,41,1,1,0,0,1,0,0,0,1,55.7,2237.55,0,5590,53.275000000000006,0.00996422182468694,3,1,0,0,0,1,1,1,0,0,1,0,0,1,0,0,0,0,1,0,0,1,0,0
0,0,1,0,50,1,1,1,0,1,0,1,1,1,103.95,5231.3,0,4363,102.57450980392157,0.023825349530139813,6,0,1,1,0,1,0,0,1,0,0,1,0,0,0,1,0,0,0,1,0,0,0,1
0,0,1,1,8,1,0,0,0,0,0,0,0,0,20.15,165.5,0,3899,18.38888888888889,0.005167991792767376,1,0,0,0,0,1,1,0,0,1,0,0,1,0,0,0,1,0,0,0,1,0,0,1
0,0,0,0,18,1,0,0,0,0,0,0,0,0,20.05,358.5,0,4204,18.86842105263158,0.0047692673644148436,1,1,0,0,0,1,1,0,0,1,1,0,0,0,0,0,1,1,0,0,0,0,0,1
0,0,1,1,72,1,1,1,1,1,1,1,1,1,91.95,6614.9,0,4403,90.61506849315067,0.020883488530547355,8,0,0,0,0,0,0,1,0,0,0,0,1,0,1,0,0,0,0,1,0,0,0,1
0,1,0,0,42,1,1,0,0,1,0,0,0,0,55.65,2421.75,0,5831,56.31976744186046,0.009543817527010804,3,1,1,0,1,1,1,1,0,0,1,0,0,0,0,1,0,0,1,0,0,1,0,0
0,1,0,0,18,1,0,0,1,0,0,0,0,1,74.7,1294.6,0,3896,68.13684210526316,0.0191735112936345,2,1,1,1,1,1,1,0,1,0,1,0,0,0,0,1,0,1,0,0,0,0,0,1
0,0,0,1,13,1,1,0,1,1,0,1,1,1,104.15,1299.1,0,2810,92.79285714285713,0.03706405693950178,6,0,0,1,0,1,1,0,1,0,0,1,0,0,1,0,0,1,0,0,0,0,1,0
0,0,1,1,68,1,1,0,1,0,1,0,0,1,83.65,5733.4,0,5958,83.0927536231884,0.014039946290701578,4,0,0,1,0,0,1,0,1,0,0,1,0,1,0,0,0,0,0,1,0,1,0,0
0,0,0,0,69,1,1,1,1,1,0,1,1,1,110.05,7430.75,0,5798,106.15357142857142,0.018980682994135908,7,0,0,1,0,1,0,0,1,0,0,0,1,0,1,0,0,0,0,1,0,1,0,0
0,0,1,1,25,1,1,0,0,0,0,0,0,0,25.5,630.6,0,5230,24.253846153846155,0.004875717017208413,2,0,0,0,0,1,1,0,0,1,0,0,1,0,1,0,0,0,1,0,0,0,0,1
0,0,1,1,59,1,0,0,0,0,0,0,0,0,19.5,1222.65,0,4579,20.3775,0.004258571740554706,1,0,0,0,0,1,1,0,0,1,0,0,1,0,1,0,0,0,0,1,0,0,0,1
0,1,0,0,5,1,0,1,1,0,0,0,0,0,80.7,374.8,0,3468,62.46666666666667,0.023269896193771625,3,1,1,1,1,1,0,0,1,0,1,0,0,0,0,1,0,0,0,0,1,0,1,0
0,0,1,1,69,1,1,1,1,1,1,1,0,1,105.1,7234.8,0,4686,103.35428571428572,0.02242851045667947,7,0,0,1,0,0,0,0,1,0,0,1,0,0,1,0,0,0,0,1,0,0,0,1
0,0,0,0,13,0,0,0,0,0,0,0,0,1,25.15,331.85,0,4943,23.70357142857143,0.005088003236900667,0,1,0,0,0,1,1,1,0,0,1,0,0,1,0,0,0,1,0,0,0,0,0,1
0,0,1,0,52,1,1,0,1,0,1,0,1,1,95.65,5088.4,0,4465,96.00754716981132,0.021422172452407615,5,1,0,1,0,0,1,0,1,0,1,0,0,0,1,0,0,0,0,1,0,0,0,1
0,0,1,0,61,1,1,1,1,1,1,0,1,1,80.8,4860.85,0,4302,78.40080645161291,0.018781961878196186,7,0,0,0,0,0,0,1,0,0,0,0,1,1,0,0,0,0,0,1,0,0,0,1
0,0,0,0,29,0,0,0,0,0,0,0,0,1,24.85,788.05,0,4161,26.26833333333333,0.005972122086037011,0,0,0,0,0,1,1,1,0,0,0,1,0,0,0,0,1,0,1,0,0,0,0,1
0,0,0,1,25,1,0,0,1,0,1,0,0,1,54.75,1266.35,0,5136,48.70576923076923,0.010660046728971962,3,0,0,0,0,0,1,1,0,0,0,1,0,0,1,0,0,0,1,0,0,0,0,1
0,0,0,0,15,0,0,0,0,1,0,1,1,0,50.75,688.2,0,5091,43.0125,0.009968571989785896,3,0,1,0,0,1,1,1,0,0,0,1,0,0,0,1,0,1,0,0,0,0,0,1
0,0,1,1,19,1,0,0,0,0,0,0,0,0,20.15,387.7,0,4246,19.384999999999998,0.004745642958078191,1,0,0,0,0,1,1,0,0,1,0,0,1,0,0,0,1,1,0,0,0,0,0,1
0,0,0,0,44,1,0,0,0,0,0,0,0,0,20.05,845.25,0,2798,18.783333333333335,0.007165832737669764,1,0,0,0,0,1,1,0,0,1,0,0,1,0,0,0,1,0,1,0,0,0,1,0
0,0,1,1,58,1,1,1,1,1,1,0,0,0,71.6,4230.25,0,4747,71.69915254237289,0.015083210448704443,6,0,0,0,0,0,0,1,0,0,0,0,1,0,1,0,0,0,0,1,0,0,0,1
0,0,1,1,62,1,0,1,1,0,0,0,0,1,81.45,4983.05,0,5179,79.09603174603176,0.015726974319366673,3,0,0,1,0,1,0,0,1,0,0,1,0,0,1,0,0,0,0,1,0,0,0,1
0,0,1,1,70,0,0,0,1,1,1,1,1,1,58.4,4113.15,0,4117,57.93169014084506,0.014185086227835802,5,0,0,0,0,0,1,1,0,0,0,1,0,1,0,0,0,0,0,1,0,0,0,1
0,0,1,1,10,0,0,1,1,1,1,0,1,0,53.7,521.0,0,5671,47.36363636363637,0.009469229412801976,5,0,0,0,0,0,0,1,0,0,0,0,1,0,1,0,0,0,0,0,1,1,0,0
0,0,0,0,26,1,0,0,0,0,0,0,0,1,19.6,471.85,0,3722,17.475925925925928,0.005265986029016658,1,0,0,0,0,1,1,0,0,1,0,1,0,1,0,0,0,0,1,0,0,0,0,1
0,0,0,0,66,1,1,0,1,0,0,0,1,0,89.4,5976.9,0,4889,89.20746268656715,0.018285948046635307,4,1,0,1,0,1,1,0,1,0,1,0,0,0,1,0,0,0,0,1,0,0,0,1
0,0,1,1,51,1,1,0,1,0,1,0,0,0,84.2,4299.75,0,4952,82.6875,0.017003231017770598,4,0,0,1,0,0,1,0,1,0,0,1,0,1,0,0,0,0,0,1,0,0,0,1
0,0,1,1,72,1,1,1,1,1,1,1,0,1,106.1,7548.6,0,4890,103.4054794520548,0.02169734151329243,7,0,0,1,0,0,0,0,1,0,0,0,1,0,1,0,0,0,0,1,0,0,0,1
0,0,0,0,65,1,1,0,0,0,0,0,0,0,25.75,1654.75,0,5707,25.071969696969695,0.004512002803574558,2,0,0,0,0,1,1,0,0,1,0,0,1,0,0,0,1,0,0,1,0,1,0,0
0,0,0,1,70,1,1,1,1,0,1,0,0,0,64.95,4551.5,0,5392,64.1056338028169,0.012045623145400594,5,0,0,0,0,0,0,1,0,0,0,1,0,1,0,0,0,0,0,1,0,1,0,0
0,0,1,0,72,1,1,0,1,1,1,1,1,1,85.45,6227.5,0,5641,85.3082191780822,0.015148023400106365,7,0,0,0,0,0,1,1,0,0,0,0,1,0,1,0,0,0,0,1,0,1,0,0
0,0,1,1,1,1,0,0,0,0,0,0,0,0,20.05,20.05,0,5811,10.025,0.00345035277921184,1,1,0,0,0,1,1,0,0,1,1,0,0,0,0,0,1,0,0,0,1,1,0,0
0,0,0,0,3,1,0,0,0,0,0,0,0,0,20.7,57.5,0,2011,14.375,0.010293386374937841,1,1,0,0,0,1,1,0,0,1,1,0,0,0,0,0,1,0,0,0,1,0,1,0
0,0,0,0,58,1,1,0,0,0,0,0,0,1,25.3,1474.35,0,4477,24.988983050847455,0.005651105651105651,2,0,0,0,0,1,1,0,0,1,0,0,1,0,1,0,0,0,0,1,0,0,0,1
0,1,1,0,33,1,1,0,1,0,0,1,1,1,100.6,3270.25,0,3669,96.18382352941177,0.02741891523575906,5,1,0,1,1,1,1,0,1,0,1,0,0,1,0,0,0,0,1,0,0,0,0,1
0,1,1,0,54,1,1,0,0,0,0,0,0,0,74.0,3919.15,0,4991,71.25727272727273,0.014826688038469244,2,1,0,1,1,1,1,0,1,0,1,0,0,1,0,0,0,0,0,1,0,0,0,1
0,0,1,0,72,1,1,0,1,0,0,1,1,1,99.4,7285.7,0,6022,99.80410958904109,0.01650614413816008,5,0,1,1,0,1,1,0,1,0,0,0,1,0,0,1,0,0,0,1,0,1,0,0
0,0,1,1,72,1,1,1,1,1,1,0,1,0,107.45,7658.3,0,4505,104.90821917808219,0.023851276359600444,7,0,0,1,0,0,0,0,1,0,0,0,1,0,1,0,0,0,0,1,0,0,0,1
0,0,1,1,72,1,1,1,1,1,0,1,1,1,83.6,5959.3,0,4116,81.63424657534247,0.02031098153547133,7,0,0,0,0,1,0,1,0,0,0,0,1,0,1,0,0,0,0,1,0,0,0,1
0,1,1,0,54,1,1,0,0,1,0,1,1,1,99.05,5295.7,0,4011,96.28545454545454,0.02469458987783595,5,1,0,1,1,1,1,0,1,0,1,0,0,0,1,0,0,0,0,1,0,0,0,1
0,0,1,0,59,1,1,0,1,0,1,1,1,1,80.1,4693.2,0,4093,78.22,0.0195699975568043,6,0,1,0,0,0,1,1,0,0,0,1,0,0,0,1,0,0,0,1,0,0,0,1
0,0,0,0,54,1,0,1,1,0,0,1,0,1,65.3,3512.9,0,4556,63.870909090909095,0.014332748024582967,4,0,0,0,0,1,0,1,0,0,0,0,1,1,0,0,0,0,0,1,0,0,0,1
0,0,0,0,60,1,1,0,0,1,0,1,0,1,89.55,5231.2,0,5874,85.75737704918032,0.01524514811031665,4,0,1,1,0,1,1,0,1,0,0,0,1,0,0,1,0,0,0,1,0,1,0,0
0,0,1,0,60,0,0,0,1,1,1,1,1,0,60.8,3603.45,0,5784,59.07295081967213,0.010511756569847855,5,0,0,0,0,0,1,1,0,0,0,0,1,0,1,0,0,0,0,1,0,1,0,0
0,0,0,0,3,1,1,0,0,0,0,0,0,0,74.5,217.45,0,5203,54.3625,0.01431866231020565,2,1,1,1,0,1,1,0,1,0,1,0,0,0,0,1,0,0,0,0,1,0,0,1
0,0,1,0,69,1,1,1,0,0,0,1,1,0,99.15,6875.35,0,5031,98.21928571428572,0.019707811568276685,5,0,0,1,0,1,0,0,1,0,0,0,1,1,0,0,0,0,0,1,0,0,0,1
0,0,1,1,1,1,0,0,0,0,0,0,0,0,19.25,19.25,0,2053,9.625,0.009376522162688748,1,1,1,0,0,1,1,0,0,1,1,0,0,0,0,1,0,0,0,0,1,0,1,0
0,0,1,1,50,0,0,1,0,0,0,1,0,1,39.45,2021.35,0,6018,39.634313725490195,0.0065553339980059825,2,1,0,0,0,1,0,1,0,0,1,0,0,0,1,0,0,0,0,1,0,1,0,0
0,0,0,0,56,0,0,0,0,0,0,1,1,1,44.85,2564.95,0,4021,44.99912280701754,0.011153941805521015,2,1,0,0,0,1,1,1,0,0,1,0,0,0,1,0,0,0,0,1,0,0,0,1
0,0,1,0,60,1,0,1,0,0,1,1,1,1,97.2,5611.75,0,4905,91.99590163934427,0.01981651376146789,5,0,1,1,0,0,0,0,1,0,0,0,1,0,0,1,0,0,0,1,0,0,0,1
0,1,1,0,69,1,1,1,0,1,1,1,1,1,110.55,7610.1,0,4887,108.71571428571428,0.022621240024554942,7,0,0,1,1,0,0,0,1,0,0,1,0,0,0,0,1,0,0,1,0,0,0,1
0,0,1,0,3,1,0,0,0,0,0,0,0,1,19.9,45.75,0,3716,11.4375,0.005355220667384284,1,1,0,0,0,1,1,0,0,1,1,0,0,0,0,0,1,0,0,0,1,0,0,1
0,0,1,1,60,1,0,0,1,0,1,1,1,0,76.95,4543.95,0,5053,74.49098360655738,0.015228577082921038,5,0,0,0,0,0,1,1,0,0,0,0,1,1,0,0,0,0,0,1,0,0,0,1
0,0,0,0,13,0,0,0,0,1,1,0,0,0,35.4,450.4,0,3239,32.17142857142857,0.010929299166409384,2,0,0,0,0,0,1,1,0,0,0,0,1,0,0,0,1,1,0,0,0,0,1,0
0,0,1,1,62,1,0,0,0,0,0,0,0,0,20.45,1297.35,0,5746,20.59285714285714,0.0035589975635224504,1,0,0,0,0,1,1,0,0,1,0,0,1,1,0,0,0,0,0,1,0,1,0,0
0,0,0,0,45,1,1,1,1,0,0,0,1,0,96.75,4442.75,0,3682,96.58152173913044,0.026276480173818575,5,0,0,1,0,1,0,0,1,0,0,1,0,1,0,0,0,0,1,0,0,0,0,1
0,0,0,0,25,0,0,0,0,1,1,1,1,0,54.2,1423.15,0,4458,54.736538461538466,0.012157918349035443,4,0,1,0,0,0,1,1,0,0,0,1,0,0,0,1,0,0,1,0,0,0,0,1
0,0,0,0,44,1,0,0,0,1,1,1,1,0,100.1,4378.35,0,4025,97.29666666666668,0.024869565217391303,5,0,0,1,0,0,1,0,1,0,0,0,1,1,0,0,0,0,1,0,0,0,0,1
0,0,0,0,2,1,0,0,0,0,0,0,0,1,45.25,74.2,0,5441,24.733333333333334,0.008316485940084543,1,1,0,0,0,1,1,1,0,0,1,0,0,0,0,0,1,0,0,0,1,1,0,0
0,0,0,0,22,1,0,0,0,0,0,0,0,0,20.85,450.65,0,3171,19.593478260869563,0.006575212866603596,1,0,0,0,0,1,1,0,0,1,0,1,0,1,0,0,0,1,0,0,0,0,1,0
0,0,0,0,35,0,0,0,0,1,1,0,0,1,33.45,1175.85,0,2553,32.662499999999994,0.01310223266745006,2,1,0,0,0,0,1,1,0,0,1,0,0,0,0,0,1,0,1,0,0,0,1,0
0,0,1,1,29,1,0,0,0,0,0,0,0,0,20.2,558.8,0,2784,18.626666666666665,0.007255747126436781,1,0,0,0,0,1,1,0,0,1,0,0,1,0,0,0,1,0,1,0,0,0,1,0
0,1,1,0,27,1,1,1,0,1,0,0,0,1,85.9,2220.1,0,5755,79.28928571428571,0.014926151172893138,4,0,1,1,1,1,0,0,1,0,0,1,0,0,0,1,0,0,1,0,0,1,0,0
0,0,0,1,54,1,0,0,1,1,1,0,0,1,61.0,3283.05,0,5594,59.691818181818185,0.010904540579191992,4,0,1,0,0,0,1,1,0,0,0,1,0,0,0,1,0,0,0,1,0,1,0,0
0,0,0,0,57,1,1,0,0,0,0,1,0,1,86.9,4939.25,0,6109,85.15948275862068,0.01422491406122115,3,0,1,1,0,1,1,0,1,0,0,1,0,0,0,1,0,0,0,1,0,1,0,0
0,0,0,0,62,1,1,1,1,1,1,0,0,0,69.4,4237.5,0,6469,67.26190476190476,0.010728087803369918,6,0,0,0,0,0,0,1,0,0,0,0,1,1,0,0,0,0,0,1,0,1,0,0
0,0,1,1,15,1,0,0,0,0,0,0,0,0,20.35,335.95,0,3205,20.996875,0.006349453978159127,1,0,0,0,0,1,1,0,0,1,0,1,0,0,1,0,0,1,0,0,0,0,1,0
0,0,1,0,70,1,1,0,0,1,1,1,1,1,104.3,7188.5,0,5583,101.24647887323944,0.018681712341035286,6,0,0,1,0,0,1,0,1,0,0,0,1,1,0,0,0,0,0,1,0,1,0,0
0,0,1,1,21,1,0,0,0,0,0,0,0,1,44.95,926.25,0,3752,42.10227272727273,0.011980277185501067,1,1,1,0,0,1,1,1,0,0,1,0,0,0,0,1,0,1,0,0,0,0,0,1
0,0,0,1,23,1,0,0,0,0,1,0,0,1,49.45,1119.35,0,5237,46.63958333333333,0.009442428871491312,2,0,1,0,0,0,1,1,0,0,0,1,0,0,0,1,0,1,0,0,0,0,0,1
0,0,0,0,6,1,0,0,0,0,0,0,0,0,20.6,116.6,0,4439,16.657142857142855,0.004640684838927687,1,0,0,0,0,1,1,0,0,1,0,1,0,0,0,0,1,0,0,0,1,0,0,1
0,0,1,1,4,1,0,0,0,0,0,0,0,0,19.55,68.8,0,5573,13.76,0.0035079849273281895,1,0,0,0,0,1,1,0,0,1,0,0,1,0,1,0,0,0,0,0,1,1,0,0
0,0,0,0,23,1,1,0,0,0,0,1,1,1,93.5,2341.55,0,4861,97.56458333333335,0.019234725365151202,4,1,1,1,0,1,1,0,1,0,1,0,0,0,0,1,0,1,0,0,0,0,0,1
0,0,0,0,26,0,0,1,0,0,1,1,1,0,54.55,1362.85,0,4296,50.47592592592592,0.012697858472998137,4,0,0,0,0,0,0,1,0,0,0,1,0,0,1,0,0,0,1,0,0,0,0,1
0,0,0,1,8,1,0,0,0,0,0,0,0,0,20.05,163.6,0,2675,18.177777777777777,0.007495327102803738,1,1,0,0,0,1,1,0,0,1,1,0,0,0,0,0,1,0,0,0,1,0,1,0
0,0,0,0,2,1,1,0,1,0,0,0,0,1,79.45,145.15,0,2657,48.38333333333333,0.029902145276627778,3,1,1,1,0,1,1,0,1,0,1,0,0,0,0,1,0,0,0,0,1,0,1,0
0,0,0,0,59,1,1,1,1,1,1,0,1,0,79.85,4786.1,0,6041,79.76833333333335,0.013218010263201456,7,0,0,0,0,0,0,1,0,0,0,1,0,0,1,0,0,0,0,1,0,1,0,0
0,0,1,1,39,1,1,0,0,1,0,1,1,0,100.0,3835.55,0,5434,95.88875,0.01840264998159735,5,0,1,1,0,1,1,0,1,0,0,1,0,0,0,1,0,0,1,0,0,1,0,0
0,0,0,1,21,1,0,0,0,0,0,0,0,0,19.6,397.0,0,2447,18.045454545454547,0.008009807928075196,1,0,0,0,0,1,1,0,0,1,0,0,1,0,0,0,1,1,0,0,0,0,1,0
0,0,1,1,48,1,0,0,0,0,0,0,0,0,20.2,1027.25,0,3828,20.964285714285715,0.005276907001044932,1,0,0,0,0,1,1,0,0,1,0,0,1,1,0,0,0,0,1,0,0,0,0,1
0,1,1,0,31,0,0,1,1,1,0,0,1,1,50.4,1580.1,0,2166,49.378125,0.02326869806094183,4,0,0,0,1,1,0,1,0,0,0,1,0,0,1,0,0,0,1,0,0,0,1,0
0,0,1,1,64,1,1,1,1,1,1,1,1,0,113.35,7222.75,0,4952,111.11923076923077,0.022889741518578352,8,0,1,1,0,0,0,0,1,0,0,1,0,0,0,1,0,0,0,1,0,0,0,1
0,0,1,1,46,1,1,0,1,0,0,0,0,1,80.0,3769.7,0,3315,80.2063829787234,0.024132730015082957,3,1,0,1,0,1,1,0,1,0,1,0,0,1,0,0,0,0,1,0,0,0,1,0
0,0,0,0,52,1,1,0,0,1,1,1,1,1,80.95,4233.95,0,4924,79.88584905660377,0.016439886271324127,6,0,0,0,0,0,1,1,0,0,0,0,1,1,0,0,0,0,0,1,0,0,0,1
0,0,1,1,67,1,1,0,0,0,0,0,0,1,24.9,1680.25,0,5847,24.709558823529413,0.004258594150846588,2,0,0,0,0,1,1,0,0,1,0,0,1,0,0,0,1,0,0,1,0,1,0,0
0,1,0,0,67,1,1,0,1,0,0,0,0,0,54.9,3725.5,0,4826,54.786764705882355,0.011375880646498134,3,1,1,0,1,1,1,1,0,0,1,0,0,0,0,1,0,0,0,1,0,0,0,1
0,0,1,0,71,1,1,0,1,1,1,1,1,0,109.25,7707.7,0,5044,107.05138888888888,0.0216593973037272,7,0,1,1,0,0,1,0,1,0,0,0,1,0,0,1,0,0,0,1,0,0,0,1
0,0,0,0,71,1,1,1,1,1,1,1,1,1,116.3,8309.55,0,4644,115.41041666666666,0.025043066322136088,8,0,0,1,0,0,0,0,1,0,0,1,0,1,0,0,0,0,0,1,0,0,0,1
0,0,0,0,32,1,0,0,0,0,0,0,0,0,19.9,601.55,0,4374,18.228787878787877,0.004549611339734796,1,1,0,0,0,1,1,0,0,1,1,0,0,1,0,0,0,0,1,0,0,0,0,1
0,0,0,0,2,1,0,0,0,0,0,0,0,0,70.35,139.25,0,3430,46.416666666666664,0.020510204081632653,1,1,1,1,0,1,1,0,1,0,1,0,0,0,0,1,0,0,0,0,1,0,1,0
0,0,1,0,71,1,1,0,0,0,0,0,0,0,25.6,1888.25,0,5063,26.225694444444443,0.005056290736717361,2,0,0,0,0,1,1,0,0,1,0,0,1,0,1,0,0,0,0,1,0,0,0,1
0,0,0,0,60,0,0,1,0,1,0,0,1,1,44.45,2773.9,0,4928,45.47377049180328,0.009019886363636364,3,0,1,0,0,1,0,1,0,0,0,1,0,0,0,1,0,0,0,1,0,0,0,1
0,1,0,0,55,1,1,0,0,1,0,1,1,1,100.15,5409.75,0,5182,96.60267857142857,0.01932651485912775,5,0,1,1,1,1,1,0,1,0,0,1,0,0,0,1,0,0,0,1,0,0,0,1
0,0,0,0,6,1,1,0,0,0,0,0,0,1,73.85,401.3,0,4220,57.32857142857143,0.017499999999999998,2,1,0,1,0,1,1,0,1,0,1,0,0,0,0,0,1,0,0,0,1,0,0,1
0,0,1,1,48,1,0,1,1,1,0,0,1,1,70.1,3238.4,0,5476,66.08979591836734,0.012801314828341855,5,0,0,0,0,1,0,1,0,0,0,0,1,0,1,0,0,0,1,0,0,1,0,0
0,0,1,1,63,1,1,0,0,0,0,0,0,0,25.25,1573.05,0,6245,24.57890625,0.004043234587670136,2,0,0,0,0,1,1,0,0,1,0,0,1,0,0,0,1,0,0,1,0,1,0,0
0,0,0,1,12,1,0,0,0,0,0,0,0,0,21.05,235.8,0,4001,18.138461538461538,0.0052611847038240445,1,1,0,0,0,1,1,0,0,1,1,0,0,0,1,0,0,0,0,0,1,0,0,1
0,1,1,0,54,0,0,0,0,0,0,0,0,1,24.95,1364.75,0,4691,24.813636363636363,0.005318695374120656,0,1,0,0,1,1,1,1,0,0,1,0,0,1,0,0,0,0,0,1,0,0,0,1
0,0,1,1,30,1,0,0,0,1,1,1,0,1,64.5,1985.15,0,2215,64.03709677419356,0.029119638826185103,4,0,1,0,0,0,1,1,0,0,0,1,0,0,0,1,0,0,1,0,0,0,1,0
0,0,0,0,40,1,1,0,0,1,1,1,1,1,105.95,4335.2,0,3784,105.73658536585366,0.027999471458773784,6,0,0,1,0,0,1,0,1,0,0,1,0,0,1,0,0,0,1,0,0,0,0,1
0,0,1,1,9,1,0,0,0,0,1,0,0,1,75.85,647.5,0,4843,64.75,0.015661779888498862,2,1,1,1,0,0,1,0,1,0,1,0,0,0,0,1,0,0,0,0,1,0,0,1
0,0,0,0,62,0,0,0,1,1,0,0,1,1,43.6,2748.7,0,4507,43.630158730158726,0.00967384069225649,3,0,0,0,0,1,1,1,0,0,0,0,1,0,1,0,0,0,0,1,0,0,0,1
0,0,0,0,28,1,0,0,1,0,1,1,0,1,91.25,2483.65,0,2886,85.64310344827587,0.03161815661815662,4,0,0,1,0,0,1,0,1,0,0,1,0,1,0,0,0,0,1,0,0,0,1,0
0,0,0,0,70,1,1,1,1,1,1,1,1,0,89.75,6367.2,0,5150,89.67887323943661,0.017427184466019416,8,0,0,0,0,0,0,1,0,0,0,0,1,0,1,0,0,0,0,1,0,0,0,1
0,0,0,0,46,1,0,0,1,1,1,1,1,1,104.4,4904.2,0,4190,104.34468085106383,0.024916467780429597,6,0,0,1,0,0,1,0,1,0,0,0,1,1,0,0,0,0,1,0,0,0,0,1
0,0,1,0,23,1,1,0,0,1,0,0,1,0,90.15,2044.95,0,5110,85.20625,0.01764187866927593,4,1,0,1,0,1,1,0,1,0,1,0,0,0,0,0,1,1,0,0,0,0,0,1
0,0,1,1,47,0,0,1,0,1,1,0,0,0,40.3,1794.8,0,5040,37.391666666666666,0.007996031746031746,3,0,1,0,0,0,0,1,0,0,0,1,0,0,0,1,0,0,1,0,0,0,0,1
0,0,1,1,68,1,0,1,1,1,0,1,1,1,105.25,7173.15,0,5795,103.9586956521739,0.01816220880069025,6,0,0,1,0,1,0,0,1,0,0,0,1,1,0,0,0,0,0,1,0,1,0,0
0,0,0,1,67,1,1,0,1,0,1,1,1,1,104.0,7039.05,0,4741,103.51544117647059,0.02193630035857414,6,0,1,1,0,0,1,0,1,0,0,0,1,0,0,1,0,0,0,1,0,0,0,1
0,0,0,0,14,1,0,0,0,0,1,1,1,1,69.65,921.4,0,5351,61.42666666666666,0.013016258643244254,4,1,1,0,0,0,1,1,0,0,1,0,0,0,0,1,0,1,0,0,0,0,0,1
0,0,1,1,57,1,1,0,0,0,0,0,0,1,74.3,4018.35,0,4133,69.28189655172413,0.017977256230341156,2,1,1,1,0,1,1,0,1,0,1,0,0,0,0,1,0,0,0,1,0,0,0,1
0,0,1,1,55,1,1,1,0,0,0,1,1,0,100.9,5448.6,0,6153,97.29642857142858,0.01639850479440923,5,0,0,1,0,1,0,0,1,0,0,1,0,0,0,0,1,0,0,1,0,1,0,0
0,0,0,0,1,1,0,0,0,0,0,0,0,1,20.25,20.25,0,4769,10.125,0.004246173201929126,1,1,0,0,0,1,1,0,0,1,1,0,0,0,0,0,1,0,0,0,1,0,0,1
0,0,0,0,23,1,1,0,0,1,1,1,0,1,96.9,2085.45,0,3875,86.89375,0.025006451612903227,5,1,0,1,0,0,1,0,1,0,1,0,0,0,1,0,0,1,0,0,0,0,0,1
0,0,1,0,47,1,1,0,1,1,0,1,1,1,104.1,5135.15,0,3142,106.98229166666665,0.033131763208147674,6,1,1,1,0,1,1,0,1,0,1,0,0,0,0,1,0,0,1,0,0,0,1,0
0,0,0,0,38,1,0,0,0,0,0,0,0,0,20.1,730.1,0,2907,18.72051282051282,0.006914344685242518,1,0,0,0,0,1,1,0,0,1,0,1,0,0,0,0,1,0,1,0,0,0,1,0
0,1,0,0,2,1,1,0,1,0,0,0,0,1,56.55,118.25,0,2069,39.416666666666664,0.027332044465925565,3,1,0,0,1,1,1,1,0,0,1,0,0,0,1,0,0,0,0,0,1,0,1,0
0,0,1,0,15,1,0,0,0,0,0,0,0,1,68.6,1108.6,0,3351,69.2875,0.020471501044464338,1,1,0,1,0,1,1,0,1,0,1,0,0,1,0,0,0,1,0,0,0,0,1,0
0,0,0,0,26,1,0,0,0,0,0,0,0,1,69.05,1815.65,0,5379,67.2462962962963,0.012836958542480015,1,1,0,1,0,1,1,0,1,0,1,0,0,0,1,0,0,0,1,0,0,0,0,1
0,0,1,1,35,1,0,0,0,0,0,0,0,0,19.7,730.4,0,5636,20.288888888888888,0.003495386799148332,1,0,0,0,0,1,1,0,0,1,0,0,1,0,1,0,0,0,1,0,0,1,0,0
0,0,0,1,3,1,0,0,0,0,0,0,0,1,20.05,75.45,0,2948,18.8625,0.006801221166892809,1,1,0,0,0,1,1,0,0,1,1,0,0,0,0,0,1,0,0,0,1,0,1,0
0,0,1,0,42,1,1,1,0,1,0,0,1,1,94.4,4014.6,0,2662,93.36279069767441,0.03546205860255447,5,1,1,1,0,1,0,0,1,0,1,0,0,0,0,1,0,0,1,0,0,0,1,0
0,0,1,0,10,1,0,1,0,0,1,0,0,1,54.95,568.85,0,3519,51.71363636363637,0.015615231599886332,3,1,0,0,0,0,0,1,0,0,1,0,0,0,1,0,0,0,0,0,1,0,0,1
0,0,1,0,61,1,0,1,1,0,1,0,1,0,93.7,5860.7,0,4300,94.52741935483871,0.021790697674418606,5,0,0,1,0,0,0,0,1,0,0,1,0,1,0,0,0,0,0,1,0,0,0,1
0,0,0,0,68,1,1,1,1,0,1,1,1,0,110.25,7279.35,0,5502,105.49782608695652,0.020038167938931296,7,0,0,1,0,0,0,0,1,0,0,0,1,0,1,0,0,0,0,1,0,1,0,0
0,0,0,0,10,1,0,1,0,1,0,1,1,1,98.9,1064.95,0,4614,96.81363636363636,0.02143476376246207,5,0,1,1,0,1,0,0,1,0,0,1,0,0,0,1,0,0,0,0,1,0,0,1
0,0,1,1,72,1,0,1,0,1,1,1,1,1,80.45,5886.85,0,4480,80.64178082191782,0.017957589285714285,6,0,0,0,0,0,0,1,0,0,0,0,1,1,0,0,0,0,0,1,0,0,0,1
0,0,1,1,55,1,0,0,1,0,1,0,0,0,79.4,4238.45,0,4162,75.68660714285714,0.019077366650648728,3,1,1,1,0,0,1,0,1,0,1,0,0,0,0,1,0,0,0,1,0,0,0,1
0,0,0,0,7,1,0,0,0,1,1,0,1,0,62.8,418.3,0,4080,52.2875,0.015392156862745098,4,1,0,0,0,0,1,1,0,0,1,0,0,1,0,0,0,0,0,0,1,0,0,1
0,0,0,0,2,1,1,0,0,0,0,0,0,1,74.9,136.05,0,2044,45.35,0.03664383561643836,2,1,0,1,0,1,1,0,1,0,1,0,0,0,0,0,1,0,0,0,1,0,1,0
0,0,0,0,9,1,0,1,0,0,0,0,0,1,74.85,708.2,0,5770,70.82000000000001,0.012972270363951472,2,1,1,1,0,1,0,0,1,0,1,0,0,0,0,1,0,0,0,0,1,1,0,0
0,0,0,1,27,1,1,0,0,0,0,0,0,1,25.85,788.55,0,2682,28.162499999999998,0.009638329604772558,2,0,0,0,0,1,1,0,0,1,0,0,1,0,1,0,0,0,1,0,0,0,1,0
0,0,1,0,64,1,0,0,1,1,1,0,1,1,68.3,4378.8,0,5425,67.36615384615385,0.012589861751152074,5,0,0,0,0,0,1,1,0,0,0,0,1,0,0,0,1,0,0,1,0,1,0,0
0,0,0,0,70,0,0,1,0,1,1,0,1,0,48.4,3442.8,0,4483,48.49014084507043,0.010796341735445015,4,0,0,0,0,0,0,1,0,0,0,0,1,1,0,0,0,0,0,1,0,0,0,1
0,1,0,0,67,1,0,1,1,0,1,1,1,1,105.05,7171.7,0,4143,105.46617647058824,0.025356022206130823,6,0,1,1,1,0,0,0,1,0,0,0,1,0,0,1,0,0,0,1,0,0,0,1
0,0,0,0,24,1,1,0,0,0,0,0,0,0,25.15,553.0,0,3904,22.12,0.006442110655737705,2,0,0,0,0,1,1,0,0,1,0,0,1,0,1,0,0,1,0,0,0,0,0,1
0,0,1,1,4,1,0,0,0,0,0,0,0,0,19.5,96.85,0,5390,19.369999999999997,0.0036178107606679036,1,0,0,0,0,1,1,0,0,1,0,0,1,0,1,0,0,0,0,0,1,1,0,0
0,0,1,1,44,1,0,0,0,1,0,1,1,1,92.95,4122.9,0,5635,91.61999999999999,0.016495119787045254,4,1,0,1,0,1,1,0,1,0,1,0,0,1,0,0,0,0,1,0,0,1,0,0
0,0,1,1,72,1,0,0,0,0,0,0,0,1,20.7,1482.3,0,4528,20.305479452054794,0.004571554770318021,1,0,0,0,0,1,1,0,0,1,0,0,1,0,0,0,1,0,0,1,0,0,0,1
0,0,0,0,66,1,0,0,0,0,0,0,0,0,19.35,1240.8,0,5637,18.519402985074628,0.003432676955827568,1,0,0,0,0,1,1,0,0,1,0,0,1,1,0,0,0,0,0,1,0,1,0,0
0,1,1,0,65,1,1,0,1,1,0,1,1,1,104.35,6578.55,0,4073,99.675,0.02561993616498895,6,1,1,1,1,1,1,0,1,0,1,0,0,0,0,1,0,0,0,1,0,0,0,1
0,0,0,1,1,1,0,0,0,0,0,0,0,0,19.55,19.55,0,5272,9.775,0.003708270106221548,1,1,0,0,0,1,1,0,0,1,1,0,0,0,0,0,1,0,0,0,1,0,0,1
0,0,1,1,38,1,0,1,1,1,1,1,0,0,74.05,2802.3,0,5975,71.85384615384616,0.012393305439330543,6,0,1,0,0,0,0,1,0,0,0,1,0,0,0,1,0,0,1,0,0,1,0,0
0,0,0,1,23,0,0,1,0,1,1,0,0,0,40.1,857.75,0,2327,35.739583333333336,0.017232488182208853,3,0,0,0,0,0,0,1,0,0,0,0,1,0,0,0,1,1,0,0,0,0,1,0
0,0,1,0,10,1,0,0,0,0,0,0,0,0,20.1,184.4,0,3509,16.763636363636365,0.00572812767170134,1,0,0,0,0,1,1,0,0,1,0,1,0,0,0,0,1,0,0,0,1,0,0,1
0,0,1,1,72,1,1,1,0,1,1,1,1,1,83.55,6093.3,0,5940,83.46986301369863,0.014065656565656566,7,0,0,0,0,0,0,1,0,0,0,0,1,0,1,0,0,0,0,1,0,1,0,0
0,0,1,0,35,1,0,0,1,0,1,0,0,0,56.85,1861.1,0,3102,51.69722222222222,0.01832688588007737,3,1,1,0,0,0,1,1,0,0,1,0,0,0,0,1,0,0,1,0,0,0,1,0
0,0,1,1,58,1,0,0,0,0,0,0,0,0,19.55,1079.65,0,4125,18.299152542372884,0.00473939393939394,1,0,0,0,0,1,1,0,0,1,0,0,1,0,1,0,0,0,0,1,0,0,0,1
0,0,1,1,70,1,0,0,1,1,1,1,1,1,106.15,7475.1,0,4649,105.2830985915493,0.02283286728328673,6,0,1,1,0,0,1,0,1,0,0,1,0,0,0,1,0,0,0,1,0,0,0,1
0,0,1,1,38,1,1,0,1,1,0,1,1,0,78.95,2862.55,0,2125,73.39871794871796,0.03715294117647059,6,0,0,0,0,1,1,1,0,0,0,1,0,0,1,0,0,0,1,0,0,0,1,0
0,0,1,1,60,0,0,0,1,0,0,1,1,1,49.75,3069.45,0,6307,50.31885245901639,0.00788806088473125,3,1,1,0,0,1,1,1,0,0,1,0,0,0,0,1,0,0,0,1,0,1,0,0
0,0,0,0,26,1,1,1,1,0,0,1,0,1,92.4,2349.8,0,5461,87.02962962962964,0.016919978026002563,5,1,0,1,0,1,0,0,1,0,1,0,0,0,1,0,0,0,1,0,0,1,0,0
0,0,0,0,8,1,0,1,1,0,1,0,0,0,58.2,469.25,0,3325,52.138888888888886,0.01750375939849624,4,0,0,0,0,0,0,1,0,0,0,1,0,1,0,0,0,0,0,0,1,0,1,0
0,1,1,0,36,1,1,0,1,0,0,1,0,1,91.95,3301.05,0,3273,89.21756756756757,0.028093492208982586,4,1,0,1,1,1,1,0,1,0,1,0,0,0,1,0,0,0,1,0,0,0,1,0
0,1,0,0,54,1,0,0,0,1,1,0,1,0,65.25,3529.95,0,6161,64.18090909090908,0.010590813179678624,4,0,0,0,1,0,1,1,0,0,0,1,0,1,0,0,0,0,0,1,0,1,0,0
0,0,0,0,55,1,1,0,0,0,0,0,0,1,73.1,4144.9,0,5832,74.01607142857142,0.01253429355281207,2,1,1,1,0,1,1,0,1,0,1,0,0,0,0,1,0,0,0,1,0,1,0,0
0,0,0,0,72,1,1,1,1,0,0,0,0,0,59.75,4265.0,0,4515,58.42465753424658,0.013233665559246955,4,0,0,0,0,1,0,1,0,0,0,0,1,1,0,0,0,0,0,1,0,0,0,1
0,0,1,1,54,1,1,0,1,1,0,0,0,1,59.8,3246.45,0,5898,59.026363636363634,0.010139030179721939,4,0,0,0,0,1,1,1,0,0,0,0,1,1,0,0,0,0,0,1,0,1,0,0
0,0,1,1,72,1,1,1,1,1,1,1,1,1,116.6,8337.45,0,5227,114.21164383561644,0.022307250813085898,8,0,0,1,0,0,0,0,1,0,0,0,1,1,0,0,0,0,0,1,0,0,0,1
0,0,0,0,52,1,1,1,0,1,1,1,1,1,109.3,5731.4,0,5624,108.13962264150943,0.01943456614509246,7,0,1,1,0,0,0,0,1,0,0,0,1,0,0,1,0,0,0,1,0,1,0,0
0,1,0,0,60,1,1,1,0,0,0,1,1,1,101.4,6176.6,0,4483,101.25573770491803,0.022618782065581086,5,0,0,1,1,1,0,0,1,0,0,1,0,1,0,0,0,0,0,1,0,0,0,1
0,0,0,0,39,0,0,0,0,1,0,1,1,1,50.65,1905.4,0,5433,47.635000000000005,0.00932265783176882,3,1,0,0,0,1,1,1,0,0,1,0,0,0,1,0,0,0,1,0,0,1,0,0
0,0,0,0,15,1,0,0,0,0,0,1,0,0,56.15,931.9,0,5473,58.24375,0.010259455508861684,2,0,0,0,0,1,1,1,0,0,0,1,0,0,0,0,1,1,0,0,0,1,0,0
0,0,1,1,43,1,0,0,0,0,0,0,0,1,19.2,776.25,0,5594,17.642045454545453,0.003432248838040758,1,0,0,0,0,1,1,0,0,1,0,1,0,0,0,0,1,0,1,0,0,1,0,0
0,1,0,0,63,1,1,1,1,1,1,1,0,0,83.0,5243.05,0,5428,81.92265625,0.015291083271923361,7,0,0,0,1,0,0,1,0,0,0,1,0,1,0,0,0,0,0,1,0,1,0,0
0,1,1,0,2,1,0,0,0,0,0,0,0,0,70.1,141.65,0,5592,47.21666666666667,0.012535765379113018,1,1,1,1,1,1,1,0,1,0,1,0,0,0,0,1,0,0,0,0,1,1,0,0
0,0,1,1,72,1,0,1,1,1,1,1,1,1,108.3,7679.65,0,4183,105.20068493150684,0.02589050920392063,7,0,0,1,0,0,0,0,1,0,0,0,1,1,0,0,0,0,0,1,0,0,0,1
0,0,1,1,40,1,1,0,0,0,0,0,0,0,25.25,1006.9,0,3217,24.558536585365854,0.007848927572272303,2,0,0,0,0,1,1,0,0,1,0,0,1,0,1,0,0,0,1,0,0,0,1,0
0,0,1,0,58,0,0,1,1,0,0,1,0,1,45.35,2540.1,0,5137,43.052542372881355,0.008828109791707223,3,0,1,0,0,1,0,1,0,0,0,1,0,0,0,1,0,0,0,1,0,0,0,1
0,0,0,0,67,0,0,1,0,0,1,1,0,0,43.9,3097.2,0,6344,45.54705882352941,0.006919924337957125,3,0,1,0,0,0,0,1,0,0,0,0,1,0,0,1,0,0,0,1,0,1,0,0
0,0,1,0,31,1,1,0,0,1,1,1,1,1,79.3,2484.0,0,5238,77.625,0.015139366170294004,6,0,0,0,0,0,1,1,0,0,0,1,0,0,0,0,1,0,1,0,0,0,0,1
0,1,1,0,69,1,1,1,1,0,0,0,0,1,84.9,5785.65,0,4503,82.65214285714285,0.018854097268487677,4,1,0,1,1,1,0,0,1,0,1,0,0,0,1,0,0,0,0,1,0,0,0,1
0,0,1,0,32,1,1,0,0,0,1,0,0,1,79.25,2619.15,0,2735,79.36818181818182,0.028976234003656308,3,0,1,1,0,0,1,0,1,0,0,1,0,0,0,1,0,0,1,0,0,0,1,0
0,0,0,0,21,1,0,1,1,0,1,1,0,0,71.05,1524.85,0,5138,69.31136363636364,0.0138283378746594,5,0,0,0,0,0,0,1,0,0,0,0,1,0,1,0,0,1,0,0,0,0,0,1
0,0,0,0,52,1,0,1,0,1,0,0,0,0,53.75,2790.65,0,5957,52.653773584905665,0.009022998153432936,3,0,1,0,0,1,0,1,0,0,0,1,0,0,0,1,0,0,0,1,0,1,0,0
0,0,1,1,72,1,1,0,0,0,0,0,0,0,24.25,1784.5,0,5897,24.445205479452056,0.0041122604714261485,2,0,0,0,0,1,1,0,0,1,0,0,1,0,1,0,0,0,0,1,0,1,0,0
0,0,1,1,52,0,0,1,0,1,0,0,1,0,44.25,2276.1,0,6340,42.945283018867926,0.006979495268138802,3,0,0,0,0,1,0,1,0,0,0,1,0,1,0,0,0,0,0,1,0,1,0,0
0,0,0,0,41,1,0,0,0,0,1,0,0,0,50.05,2029.05,0,2157,48.31071428571428,0.023203523412146498,2,0,0,0,0,0,1,1,0,0,0,1,0,1,0,0,0,0,1,0,0,0,1,0
0,0,0,0,41,1,0,0,0,0,0,0,0,0,20.15,802.35,0,4982,19.103571428571428,0.0040445604175030105,1,0,0,0,0,1,1,0,0,1,0,0,1,0,0,0,1,0,1,0,0,0,0,1
0,0,1,1,67,1,1,1,1,1,1,0,0,1,69.35,4653.25,0,5589,68.43014705882354,0.01240830202182859,6,0,0,0,0,0,0,1,0,0,0,1,0,0,1,0,0,0,0,1,0,1,0,0
0,0,1,1,16,1,0,0,0,0,0,0,0,0,19.35,275.9,0,4146,16.22941176470588,0.0046671490593342985,1,1,0,0,0,1,1,0,0,1,1,0,0,0,0,0,1,1,0,0,0,0,0,1
0,0,0,0,17,1,0,0,0,0,0,0,0,0,19.15,343.45,0,2717,19.080555555555556,0.007048214942951785,1,0,0,0,0,1,1,0,0,1,0,0,1,0,0,0,1,1,0,0,0,0,1,0
0,0,1,0,35,1,0,1,1,1,0,0,0,0,61.0,2130.45,0,4355,59.17916666666666,0.014006888633754305,4,1,0,0,0,1,0,1,0,0,1,0,0,0,0,0,1,0,1,0,0,0,0,1
0,0,1,1,58,1,0,0,0,0,0,0,0,0,20.5,1191.4,0,6186,20.193220338983053,0.00331393469123828,1,0,0,0,0,1,1,0,0,1,0,0,1,0,1,0,0,0,0,1,0,1,0,0
0,0,1,1,52,0,0,0,1,1,1,1,0,0,50.2,2554.0,0,5396,48.18867924528302,0.009303187546330615,4,0,0,0,0,0,1,1,0,0,0,0,1,0,0,0,1,0,0,1,0,1,0,0
0,0,0,0,70,1,0,1,0,1,1,1,1,0,79.6,5589.45,0,5474,78.72464788732394,0.01454146876141761,6,0,0,0,0,0,0,1,0,0,0,0,1,1,0,0,0,0,0,1,0,1,0,0
0,0,1,1,19,1,1,0,0,0,0,0,0,1,24.9,467.7,0,5396,23.384999999999998,0.004614529280948851,2,0,0,0,0,1,1,0,0,1,0,0,1,1,0,0,0,1,0,0,0,1,0,0
0,0,1,1,35,1,0,1,0,1,1,1,1,1,106.9,3756.45,0,5447,104.34583333333333,0.01962548191665137,6,1,1,1,0,0,0,0,1,0,1,0,0,0,0,1,0,0,1,0,0,1,0,0
0,0,0,0,32,1,1,0,0,1,0,1,1,1,101.35,3334.9,0,4341,101.05757575757576,0.023347155033402442,5,1,1,1,0,1,1,0,1,0,1,0,0,0,0,1,0,0,1,0,0,0,0,1
0,0,1,1,17,1,0,1,0,0,1,0,0,1,55.35,920.5,0,5465,51.138888888888886,0.010128087831655993,3,1,0,0,0,0,0,1,0,0,1,0,0,0,1,0,0,1,0,0,0,1,0,0
0,0,1,1,67,1,0,0,1,0,0,0,0,0,50.55,3431.75,0,5122,50.466911764705884,0.009869191721983599,2,0,0,0,0,1,1,1,0,0,0,1,0,0,1,0,0,0,0,1,0,0,0,1
0,0,0,0,9,1,0,0,0,0,0,0,0,0,19.5,150.35,0,4883,15.035,0.003993446651648577,1,1,0,0,0,1,1,0,0,1,1,0,0,1,0,0,0,0,0,0,1,0,0,1
0,0,0,0,4,1,1,1,0,0,0,1,0,0,90.65,367.95,0,3559,73.59,0.025470637819612254,4,1,1,1,0,1,0,0,1,0,1,0,0,0,0,1,0,0,0,0,1,0,0,1
0,1,1,1,58,1,1,1,1,0,1,0,0,1,89.85,5125.75,0,5035,86.87711864406779,0.017845084409136045,5,0,0,1,1,0,0,0,1,0,0,1,0,1,0,0,0,0,0,1,0,0,0,1
0,0,0,0,60,1,0,1,0,1,1,1,1,0,79.0,4801.1,0,4807,78.70655737704918,0.016434366548783025,6,0,0,0,0,0,0,1,0,0,0,1,0,0,0,0,1,0,0,1,0,0,0,1
0,0,0,0,1,1,0,0,0,0,0,0,0,0,19.55,19.55,0,3718,9.775,0.005258203335126412,1,1,0,0,0,1,1,0,0,1,1,0,0,0,0,0,1,0,0,0,1,0,0,1
0,0,1,1,27,1,0,0,0,0,0,0,0,0,19.9,550.1,0,4870,19.646428571428572,0.004086242299794661,1,0,0,0,0,1,1,0,0,1,0,0,1,0,0,0,1,0,1,0,0,0,0,1
0,1,1,1,66,1,1,1,1,1,1,1,1,1,116.25,7862.25,0,4578,117.34701492537313,0.025393184796854523,8,0,1,1,1,0,0,0,1,0,0,1,0,0,0,1,0,0,0,1,0,0,0,1
0,0,0,0,15,1,1,1,0,0,0,1,0,1,87.75,1242.2,0,5415,77.6375,0.016204986149584488,4,1,0,1,0,1,0,0,1,0,1,0,0,1,0,0,0,1,0,0,0,1,0,0
0,0,0,0,41,1,1,1,0,0,0,0,0,1,81.3,3190.65,0,2299,75.96785714285714,0.03536320139190952,3,1,0,1,0,1,0,0,1,0,1,0,0,0,1,0,0,0,1,0,0,0,1,0
0,0,1,0,59,0,0,0,0,0,0,1,1,1,44.3,2666.75,0,5905,44.44583333333333,0.00750211685012701,2,1,1,0,0,1,1,1,0,0,1,0,0,0,0,1,0,0,0,1,0,1,0,0
0,0,0,1,50,1,0,0,0,0,0,0,0,0,70.35,3533.6,0,5521,69.28627450980392,0.012742256837529432,1,0,0,1,0,1,1,0,1,0,0,0,1,0,1,0,0,0,0,1,0,1,0,0
0,0,1,1,17,0,0,1,0,1,0,1,0,0,44.45,792.15,0,3522,44.00833333333333,0.012620670073821692,3,0,0,0,0,1,0,1,0,0,0,1,0,0,1,0,0,1,0,0,0,0,0,1
0,0,1,1,6,1,0,1,0,0,0,0,0,1,49.15,295.65,0,4076,42.23571428571428,0.012058390578999018,2,1,1,0,0,1,0,1,0,0,1,0,0,0,0,1,0,0,0,0,1,0,0,1
0,1,1,0,51,0,0,0,1,0,0,0,0,1,29.45,1459.35,0,6285,28.064423076923074,0.0046857597454256165,1,1,0,0,1,1,1,1,0,0,1,0,0,0,1,0,0,0,0,1,0,1,0,0
0,0,1,0,49,1,0,0,1,0,0,1,0,1,85.3,4297.95,0,4696,85.959,0.018164395229982963,3,1,0,1,0,1,1,0,1,0,1,0,0,0,1,0,0,0,0,1,0,0,0,1
0,0,1,0,59,1,1,1,0,0,1,0,1,1,69.1,4096.9,0,4765,68.28166666666667,0.014501573976915004,5,0,0,0,0,0,0,1,0,0,0,1,0,0,0,0,1,0,0,1,0,0,0,1
0,1,0,0,50,1,1,1,1,0,0,1,0,1,70.35,3454.6,0,5596,67.73725490196078,0.012571479628305932,5,1,0,0,1,1,0,1,0,0,1,0,0,1,0,0,0,0,0,1,0,1,0,0
0,0,1,1,59,1,0,0,0,0,0,0,0,0,20.6,1286.0,0,6325,21.433333333333334,0.003256916996047431,1,0,0,0,0,1,1,0,0,1,0,0,1,0,0,0,1,0,0,1,0,1,0,0
0,0,0,0,18,1,1,0,0,0,0,0,0,0,74.15,1387.0,0,2643,73.0,0.02805524025728339,2,1,0,1,0,1,1,0,1,0,1,0,0,0,0,0,1,1,0,0,0,0,1,0
0,0,0,0,10,1,1,0,0,0,0,0,0,0,75.05,786.3,0,3399,71.48181818181818,0.022080023536334214,2,1,1,1,0,1,1,0,1,0,1,0,0,0,0,1,0,0,0,0,1,0,1,0
0,0,1,0,14,1,0,0,0,0,0,0,0,0,44.6,641.25,0,4612,42.75,0.009670424978317433,1,0,1,0,0,1,1,1,0,0,0,1,0,0,0,1,0,1,0,0,0,0,0,1
0,0,0,0,35,1,0,0,0,0,0,0,0,0,21.45,705.45,0,3967,19.595833333333335,0.005407108646332241,1,0,0,0,0,1,1,0,0,1,0,0,1,1,0,0,0,0,1,0,0,0,0,1
0,0,1,1,8,1,0,0,0,0,0,0,0,1,43.45,345.5,0,4184,38.388888888888886,0.010384799235181645,1,0,0,0,0,1,1,1,0,0,0,1,0,0,0,0,1,0,0,0,1,0,0,1
0,0,1,1,18,1,0,0,0,0,0,0,0,0,20.05,345.9,0,4458,18.205263157894734,0.004497532525796322,1,0,0,0,0,1,1,0,0,1,0,1,0,1,0,0,0,1,0,0,0,0,0,1
0,0,1,1,60,1,1,1,1,0,0,1,0,0,94.15,5811.8,0,6399,95.27540983606558,0.01471323644319425,5,0,0,1,0,1,0,0,1,0,0,1,0,1,0,0,0,0,0,1,0,1,0,0
0,0,0,0,6,1,0,0,0,0,0,0,0,0,19.55,124.45,0,5980,17.77857142857143,0.0032692307692307695,1,0,0,0,0,1,1,0,0,1,0,0,1,0,0,0,1,0,0,0,1,1,0,0
0,0,0,1,19,1,1,1,1,0,1,1,0,1,75.9,1375.6,0,4198,68.78,0.018080038113387327,6,1,0,0,0,0,0,1,0,0,1,0,0,0,0,0,1,1,0,0,0,0,0,1
0,0,1,1,53,1,1,1,1,0,1,0,0,0,64.15,3491.55,0,5570,64.65833333333333,0.01151705565529623,5,0,0,0,0,0,0,1,0,0,0,1,0,1,0,0,0,0,0,1,0,1,0,0
0,1,1,0,72,1,1,1,1,1,0,1,1,1,109.55,7920.7,0,4086,108.5027397260274,0.02681106216348507,7,0,0,1,1,1,0,0,1,0,0,0,1,1,0,0,0,0,0,1,0,0,0,1
0,0,1,0,60,1,1,0,1,1,1,1,1,1,110.8,6640.7,0,5942,108.8639344262295,0.018646920228879166,7,0,0,1,0,0,1,0,1,0,0,0,1,0,1,0,0,0,0,1,0,1,0,0
0,0,0,1,13,1,0,0,0,1,1,0,0,0,53.45,718.1,0,4335,51.292857142857144,0.012329873125720878,3,1,0,0,0,0,1,1,0,0,1,0,0,0,0,0,1,1,0,0,0,0,0,1
0,0,1,1,5,1,0,0,0,0,0,0,0,0,69.95,320.4,0,3850,53.4,0.01816883116883117,1,1,0,1,0,1,1,0,1,0,1,0,0,0,1,0,0,0,0,0,1,0,0,1
0,0,1,1,13,1,0,0,0,1,0,1,1,0,97.0,1334.45,0,5282,95.31785714285715,0.01836425596365013,4,1,1,1,0,1,1,0,1,0,1,0,0,0,0,1,0,1,0,0,0,0,0,1
0,0,0,0,37,1,1,1,1,1,1,1,1,1,90.6,3358.65,0,2546,88.38552631578948,0.03558523173605656,8,0,0,0,0,0,0,1,0,0,0,1,0,1,0,0,0,0,1,0,0,0,1,0
0,0,1,0,64,1,0,1,0,0,0,0,0,1,73.55,4764.0,0,5018,73.29230769230769,0.014657233957752092,2,1,0,1,0,1,0,0,1,0,1,0,0,0,0,0,1,0,0,1,0,0,0,1
0,0,1,0,61,1,1,0,1,0,1,0,1,1,94.35,5703.0,0,4676,91.98387096774194,0.02017750213857998,5,0,0,1,0,0,1,0,1,0,0,0,1,1,0,0,0,0,0,1,0,0,0,1
0,0,0,0,26,1,0,0,0,0,0,0,0,0,19.4,525.55,0,4602,19.46481481481481,0.004215558452846588,1,0,0,0,0,1,1,0,0,1,0,1,0,0,0,0,1,0,1,0,0,0,0,1
0,0,1,0,24,1,0,0,0,0,0,0,0,0,19.75,483.15,0,3455,19.326,0.005716353111432706,1,0,0,0,0,1,1,0,0,1,0,0,1,0,0,0,1,1,0,0,0,0,1,0
0,0,1,0,17,0,0,0,0,1,1,1,1,0,54.6,934.8,0,4590,51.93333333333333,0.011895424836601307,4,0,1,0,0,0,1,1,0,0,0,1,0,0,0,1,0,1,0,0,0,0,0,1
0,0,0,1,26,0,0,0,0,1,0,0,0,1,29.8,786.5,0,3746,29.12962962962963,0.00795515216230646,1,1,0,0,0,1,1,1,0,0,1,0,0,0,0,0,1,0,1,0,0,0,0,1
0,0,0,0,52,1,1,0,1,1,0,1,1,1,103.05,5364.8,0,5432,101.22264150943397,0.018970913107511044,6,1,1,1,0,1,1,0,1,0,1,0,0,0,0,1,0,0,0,1,0,1,0,0
0,0,0,0,1,1,0,0,0,0,0,0,0,0,20.3,20.3,0,5203,10.15,0.0039015952335191236,1,1,0,0,0,1,1,0,0,1,1,0,0,0,0,0,1,0,0,0,1,0,0,1
0,0,0,0,21,0,0,1,0,0,1,0,0,0,35.1,770.4,0,2991,35.018181818181816,0.011735205616850552,2,0,0,0,0,0,0,1,0,0,0,0,1,0,0,0,1,1,0,0,0,0,1,0
0,0,1,0,67,1,1,0,1,1,0,1,1,1,105.7,6816.95,0,5027,100.24926470588235,0.021026457131489956,6,0,0,1,0,1,1,0,1,0,0,1,0,1,0,0,0,0,0,1,0,0,0,1
0,0,1,1,44,1,0,1,0,0,1,0,0,0,56.25,2419.55,0,3918,53.76777777777778,0.014356814701378255,3,1,0,0,0,0,0,1,0,0,1,0,0,1,0,0,0,0,1,0,0,0,0,1
0,0,1,1,70,0,0,0,1,1,1,1,1,0,60.35,4138.7,0,4122,58.291549295774644,0.014640950994662786,5,0,1,0,0,0,1,1,0,0,0,1,0,0,0,1,0,0,0,1,0,0,0,1
0,0,1,1,56,1,0,1,1,1,0,0,0,1,59.8,3457.45,0,4964,60.657017543859645,0.012046736502820305,4,0,0,0,0,1,0,1,0,0,0,0,1,1,0,0,0,0,0,1,0,0,0,1
0,0,1,1,46,1,1,1,0,1,1,0,1,0,99.65,4630.2,0,4736,98.51489361702127,0.02104096283783784,6,0,0,1,0,0,0,0,1,0,0,0,1,0,0,0,1,0,1,0,0,0,0,1
0,0,1,1,63,1,0,1,0,0,0,0,0,1,50.65,3221.25,0,4847,50.33203125,0.010449762739839075,2,0,0,0,0,1,0,1,0,0,0,0,1,1,0,0,0,0,0,1,0,0,0,1
0,0,0,0,11,1,0,0,1,1,1,0,0,1,60.9,688.5,0,2726,57.375,0.022340425531914895,4,1,1,0,0,0,1,1,0,0,1,0,0,0,0,1,0,0,0,0,1,0,1,0
0,0,1,1,15,1,1,0,0,1,1,0,0,1,59.65,867.1,0,3974,54.19375,0.015010065425264217,4,1,0,0,0,0,1,1,0,0,1,0,0,1,0,0,0,1,0,0,0,0,0,1
0,0,1,0,72,0,0,1,1,1,1,1,1,1,64.7,4746.05,0,6075,65.01438356164384,0.010650205761316874,6,0,1,0,0,0,0,1,0,0,0,0,1,0,0,1,0,0,0,1,0,1,0,0
0,0,1,1,6,1,0,0,0,0,0,1,0,0,54.85,355.1,0,5729,50.728571428571435,0.009574096700994938,2,1,1,0,0,1,1,1,0,0,1,0,0,0,0,1,0,0,0,0,1,1,0,0
0,0,1,1,63,1,1,0,1,0,0,0,1,1,91.35,5764.7,0,4512,90.0734375,0.02024601063829787,4,0,1,1,0,1,1,0,1,0,0,1,0,0,0,1,0,0,0,1,0,0,0,1
0,0,1,1,18,1,1,0,0,0,0,0,0,0,25.1,428.45,0,3675,22.55,0.006829931972789116,2,0,0,0,0,1,1,0,0,1,0,0,1,0,0,0,1,1,0,0,0,0,0,1
0,0,1,0,43,0,0,1,0,0,1,0,0,0,34.0,1505.35,0,5409,34.2125,0.006285819929746719,2,1,0,0,0,0,0,1,0,0,1,0,0,1,0,0,0,0,1,0,0,1,0,0
0,0,0,0,15,0,0,1,1,1,1,0,0,0,45.9,693.45,0,3572,43.340625,0.012849944008958567,4,0,0,0,0,0,0,1,0,0,0,1,0,0,0,0,1,1,0,0,0,0,0,1
0,0,1,1,55,1,0,0,0,0,0,0,0,0,20.5,1177.95,0,5011,21.03482142857143,0.004090999800439034,1,0,0,0,0,1,1,0,0,1,0,0,1,0,0,0,1,0,0,1,0,0,0,1
0,0,1,1,70,1,0,0,0,0,0,0,0,0,20.35,1458.1,0,5748,20.536619718309858,0.0035403618649965207,1,0,0,0,0,1,1,0,0,1,0,0,1,0,1,0,0,0,0,1,0,1,0,0
0,1,1,0,63,0,0,1,0,0,1,0,0,0,36.1,2298.9,0,5089,35.9203125,0.007093731577913146,2,0,0,0,1,0,0,1,0,0,0,1,0,1,0,0,0,0,0,1,0,0,0,1
0,0,0,0,25,1,0,0,1,0,1,0,1,1,65.8,1679.65,0,3962,64.60192307692309,0.016607773851590107,4,1,0,0,0,0,1,1,0,0,1,0,0,1,0,0,0,0,1,0,0,0,0,1
0,1,0,0,18,1,0,0,0,0,0,0,0,0,20.35,369.6,0,4713,19.45263157894737,0.00431784426055591,1,0,0,0,1,1,1,0,0,1,0,1,0,1,0,0,0,1,0,0,0,0,0,1
0,1,1,0,28,1,1,0,1,0,1,1,1,1,105.8,2998.0,0,4174,103.37931034482759,0.025347388596070913,6,1,1,1,1,0,1,0,1,0,1,0,0,0,0,1,0,0,1,0,0,0,0,1
0,1,0,0,53,1,0,1,1,0,1,0,1,1,96.75,5206.55,0,4766,96.4175925925926,0.020300041963911036,5,0,0,1,1,0,0,0,1,0,0,1,0,0,0,0,1,0,0,1,0,0,0,1
0,0,0,0,1,0,0,0,0,0,0,0,0,0,24.4,24.4,0,4570,12.2,0.005339168490153172,0,1,0,0,0,1,1,1,0,0,1,0,0,0,0,0,1,0,0,0,1,0,0,1
0,0,1,0,26,1,0,0,1,0,1,1,1,1,73.05,1959.5,0,2753,72.57407407407408,0.02653468942971304,5,1,1,0,0,0,1,1,0,0,1,0,0,0,0,1,0,0,1,0,0,0,1,0
0,0,0,0,34,1,0,1,1,0,0,0,1,0,64.35,2053.05,0,3445,58.658571428571435,0.018679245283018866,4,0,1,0,0,1,0,1,0,0,0,1,0,0,0,1,0,0,1,0,0,0,1,0
0,0,0,1,19,1,0,0,0,0,0,0,0,0,20.5,398.55,0,4855,19.927500000000002,0.004222451081359423,1,0,0,0,0,1,1,0,0,1,0,0,1,0,0,0,1,1,0,0,0,0,0,1
0,0,1,1,62,1,0,1,0,1,0,0,0,0,54.75,3425.35,0,5010,54.37063492063492,0.010928143712574851,3,0,0,0,0,1,0,1,0,0,0,1,0,0,1,0,0,0,0,1,0,0,0,1
0,0,0,0,24,1,0,1,0,0,0,0,0,1,51.15,1275.7,0,5796,51.028,0.008825051759834368,2,1,1,0,0,1,0,1,0,0,1,0,0,0,0,1,0,1,0,0,0,1,0,0
0,1,1,0,68,0,0,1,1,1,0,0,0,1,41.95,2965.75,0,5607,42.981884057971016,0.007481719279472089,3,0,1,0,1,1,0,1,0,0,0,0,1,0,0,1,0,0,0,1,0,1,0,0
0,0,1,1,31,1,0,0,0,1,1,0,0,0,54.35,1647.0,0,3615,51.46875,0.015034578146611343,3,1,0,0,0,0,1,1,0,0,1,0,0,0,0,0,1,0,1,0,0,0,0,1
0,0,1,0,63,1,0,0,1,0,0,1,1,1,96.0,6109.75,0,5016,95.46484375,0.019138755980861243,4,0,1,1,0,1,1,0,1,0,0,1,0,0,0,1,0,0,0,1,0,0,0,1
0,0,1,1,61,0,0,0,1,1,1,1,1,1,61.45,3751.15,0,5063,60.502419354838715,0.012137072881690698,5,0,0,0,0,0,1,1,0,0,0,0,1,1,0,0,0,0,0,1,0,0,0,1
0,0,0,0,18,1,0,0,0,0,0,0,0,0,19.65,411.25,0,4695,21.644736842105264,0.004185303514376996,1,0,0,0,0,1,1,0,0,1,0,1,0,0,0,0,1,1,0,0,0,0,0,1
0,0,1,1,6,1,0,0,0,0,0,0,0,0,19.0,105.5,0,5518,15.071428571428571,0.003443276549474447,1,0,0,0,0,1,1,0,0,1,0,1,0,0,1,0,0,0,0,0,1,1,0,0
0,0,0,0,33,1,1,0,1,0,0,1,1,1,100.0,3320.6,0,4643,97.66470588235293,0.021537798836958864,5,1,1,1,0,1,1,0,1,0,1,0,0,0,0,1,0,0,1,0,0,0,0,1
0,0,1,0,56,1,0,0,0,1,1,1,1,1,98.7,5669.5,0,5141,99.46491228070175,0.019198599494261816,5,1,1,1,0,0,1,0,1,0,1,0,0,0,0,1,0,0,0,1,0,0,0,1
0,0,0,1,23,1,0,0,0,0,0,0,0,0,19.8,465.45,0,3058,19.39375,0.006474820143884892,1,0,0,0,0,1,1,0,0,1,0,1,0,0,0,0,1,1,0,0,0,0,1,0
0,0,0,0,9,1,0,0,0,1,0,0,0,1,73.8,704.3,0,4895,70.42999999999999,0.015076608784473953,2,1,1,1,0,1,1,0,1,0,1,0,0,0,0,1,0,0,0,0,1,0,0,1
0,0,0,0,5,1,0,0,0,0,0,0,0,0,20.05,95.55,0,2483,15.924999999999999,0.008074909383809907,1,1,0,0,0,1,1,0,0,1,1,0,0,0,1,0,0,0,0,0,1,0,1,0
0,0,1,0,61,1,1,1,1,0,0,1,1,1,106.2,6375.2,0,6298,102.8258064516129,0.01686249603048587,6,1,1,1,0,1,0,0,1,0,1,0,0,0,0,1,0,0,0,1,0,1,0,0
0,0,1,1,70,1,1,1,1,1,1,1,1,1,116.55,8152.3,0,6116,114.82112676056339,0.019056572923479398,8,0,0,1,0,0,0,0,1,0,0,0,1,0,1,0,0,0,0,1,0,1,0,0
0,0,0,0,15,1,1,1,0,0,0,1,1,1,99.7,1566.75,0,4157,97.921875,0.023983642049554967,5,1,1,1,0,1,0,0,1,0,1,0,0,0,0,1,0,1,0,0,0,0,0,1
0,0,1,1,8,1,0,0,0,0,0,0,0,0,19.7,130.25,0,5962,14.472222222222221,0.003304260315330426,1,0,0,0,0,1,1,0,0,1,0,0,1,0,0,0,1,0,0,0,1,1,0,0
0,0,1,1,8,1,0,0,0,0,0,0,0,0,19.5,162.15,0,3598,18.016666666666666,0.005419677598665925,1,0,0,0,0,1,1,0,0,1,0,0,1,0,0,0,1,0,0,0,1,0,0,1
0,0,0,0,4,0,0,1,0,0,0,0,0,1,29.15,110.05,0,2657,22.009999999999998,0.010971019947308995,1,1,0,0,0,1,0,1,0,0,1,0,0,0,0,0,1,0,0,0,1,0,1,0
0,0,0,0,34,1,0,1,1,0,0,0,0,0,55.0,1885.15,0,4027,53.861428571428576,0.013657809783958282,3,0,0,0,0,1,0,1,0,0,0,1,0,0,0,0,1,0,1,0,0,0,0,1
0,0,1,0,68,1,1,1,1,1,1,1,1,1,90.8,6302.85,0,4265,91.34565217391305,0.021289566236811254,8,0,0,0,0,0,0,1,0,0,0,0,1,0,1,0,0,0,0,1,0,0,0,1
0,0,1,1,45,0,0,0,1,1,1,0,1,0,51.0,2264.5,0,4534,49.22826086956522,0.011248345831495369,4,0,0,0,0,0,1,1,0,0,0,1,0,1,0,0,0,0,1,0,0,0,0,1
0,1,0,0,9,1,1,0,0,1,0,1,0,1,90.1,816.8,0,2893,81.67999999999999,0.031144141030072587,4,1,1,1,1,1,1,0,1,0,1,0,0,0,0,1,0,0,0,0,1,0,1,0
0,0,0,0,22,1,1,1,0,0,1,0,0,1,59.05,1253.5,0,3995,54.5,0.014780976220275344,4,1,0,0,0,0,0,1,0,0,1,0,0,0,0,0,1,1,0,0,0,0,0,1
0,0,0,0,2,1,0,0,0,0,0,0,0,0,20.3,41.2,0,5074,13.733333333333334,0.00400078833267639,1,1,0,0,0,1,1,0,0,1,1,0,0,0,0,0,1,0,0,0,1,0,0,1
0,0,1,0,70,1,1,0,1,1,1,1,0,0,72.95,5265.55,0,6466,74.16267605633803,0.011282090937210023,6,0,0,0,0,0,1,1,0,0,0,0,1,1,0,0,0,0,0,1,0,1,0,0
0,0,0,1,10,1,1,1,0,1,1,0,1,0,73.55,693.3,0,4434,63.027272727272724,0.016587731168245377,6,0,0,0,0,0,0,1,0,0,0,1,0,0,1,0,0,0,0,0,1,0,0,1
0,0,0,0,72,1,1,1,0,1,1,1,1,0,84.3,5997.1,0,6012,82.15205479452055,0.01402195608782435,7,0,0,0,0,0,0,1,0,0,0,0,1,0,1,0,0,0,0,1,0,1,0,0
0,0,1,1,49,1,0,0,1,1,0,1,1,0,78.0,3824.2,0,4200,76.484,0.018571428571428572,5,0,0,0,0,1,1,1,0,0,0,1,0,0,1,0,0,0,0,1,0,0,0,1
0,1,0,0,54,1,1,0,1,0,1,1,0,0,72.1,3886.05,0,4277,70.65545454545455,0.01685761047463175,5,0,0,0,1,0,1,1,0,0,0,1,0,0,0,0,1,0,0,1,0,0,0,1
0,0,0,0,71,1,1,1,1,1,0,1,1,1,106.75,7283.25,0,5610,101.15625,0.019028520499108734,7,0,0,1,0,1,0,0,1,0,0,0,1,0,1,0,0,0,0,1,0,1,0,0
0,0,0,0,22,1,0,0,0,0,0,0,0,1,19.25,412.55,0,2691,17.93695652173913,0.007153474544778893,1,0,0,0,0,1,1,0,0,1,0,1,0,0,0,0,1,1,0,0,0,0,1,0
0,0,1,1,50,1,0,0,0,0,0,0,0,0,20.55,1070.25,0,4878,20.985294117647058,0.004212792127921279,1,0,0,0,0,1,1,0,0,1,0,0,1,0,1,0,0,0,0,1,0,0,0,1
0,0,1,1,43,1,0,0,0,0,0,0,0,0,20.0,817.95,0,4882,18.589772727272727,0.004096681687832855,1,0,0,0,0,1,1,0,0,1,0,1,0,0,0,0,1,0,1,0,0,0,0,1
0,0,1,1,45,1,1,0,0,0,0,0,0,1,24.65,1171.3,0,2194,25.463043478260868,0.011235186873290793,2,0,0,0,0,1,1,0,0,1,0,0,1,0,1,0,0,0,1,0,0,0,1,0
0,1,0,0,64,1,1,1,1,0,0,1,1,1,103.5,6548.65,0,5125,100.74846153846153,0.020195121951219513,6,1,0,1,1,1,0,0,1,0,1,0,0,1,0,0,0,0,0,1,0,0,0,1
0,0,1,1,23,1,1,0,0,0,0,0,0,0,23.85,625.65,0,5945,26.068749999999998,0.004011774600504626,2,0,0,0,0,1,1,0,0,1,0,0,1,0,0,0,1,1,0,0,0,1,0,0
0,0,1,0,68,1,1,0,0,0,0,0,0,0,25.8,1911.5,0,4747,27.702898550724637,0.00543501158626501,2,0,0,0,0,1,1,0,0,1,0,0,1,0,1,0,0,0,0,1,0,0,0,1
0,0,0,0,26,1,0,0,0,0,1,1,0,0,59.45,1507.0,0,2074,55.81481481481482,0.028664416586306654,3,0,0,0,0,0,1,1,0,0,0,1,0,0,1,0,0,0,1,0,0,0,1,0
0,0,0,0,14,1,0,0,0,0,0,0,0,1,20.05,299.3,0,5728,19.953333333333333,0.0035003491620111734,1,1,1,0,0,1,1,0,0,1,1,0,0,0,0,1,0,1,0,0,0,1,0,0
0,0,1,0,71,1,0,1,0,1,1,1,1,1,82.55,5832.65,0,4668,81.00902777777777,0.017684233076263923,6,0,1,0,0,0,0,1,0,0,0,0,1,0,0,1,0,0,0,1,0,0,0,1
0,0,0,0,64,1,1,1,1,1,1,1,0,0,81.25,5567.55,0,4761,85.65461538461538,0.017065742491073305,7,0,1,0,0,0,0,1,0,0,0,1,0,0,0,1,0,0,0,1,0,0,0,1
0,0,0,0,57,1,0,1,1,1,1,1,0,1,74.3,4166.35,0,5741,71.83362068965518,0.012941996167914997,6,0,0,0,0,0,0,1,0,0,0,0,1,0,1,0,0,0,0,1,0,1,0,0
0,1,1,0,72,1,1,0,1,1,1,1,1,0,109.7,7898.45,0,4319,108.19794520547946,0.025399398008798334,7,0,0,1,1,0,1,0,1,0,0,0,1,0,1,0,0,0,0,1,0,0,0,1
0,0,1,1,40,1,1,0,1,1,0,1,0,1,96.35,3915.4,0,2004,95.49756097560976,0.04807884231536926,5,1,0,1,0,1,1,0,1,0,1,0,0,0,1,0,0,0,1,0,0,0,1,0
0,0,1,0,14,1,1,0,0,0,1,1,0,1,66.6,979.5,0,3516,65.3,0.0189419795221843,4,1,0,0,0,0,1,1,0,0,1,0,0,0,1,0,0,1,0,0,0,0,0,1
0,0,1,1,2,1,0,0,0,0,0,0,0,1,44.5,90.05,0,5456,30.016666666666666,0.00815615835777126,1,1,1,0,0,1,1,1,0,0,1,0,0,0,0,1,0,0,0,0,1,1,0,0
0,0,0,0,5,1,0,0,0,0,0,1,0,1,80.1,398.55,0,5225,66.425,0.015330143540669855,2,1,0,1,0,1,1,0,1,0,1,0,0,0,0,0,1,0,0,0,1,0,0,1
0,0,1,1,29,1,1,1,0,0,1,1,0,0,69.05,1958.45,0,4459,65.28166666666667,0.015485534873289976,5,0,0,0,0,0,0,1,0,0,0,1,0,1,0,0,0,0,1,0,0,0,0,1
0,0,0,0,3,1,0,0,0,0,0,0,0,0,20.4,63.15,0,5695,15.7875,0.0035820895522388056,1,1,0,0,0,1,1,0,0,1,1,0,0,0,0,0,1,0,0,0,1,1,0,0
0,0,1,1,71,1,0,0,0,0,0,0,0,0,19.7,1301.1,0,4808,18.070833333333333,0.0040973377703826955,1,0,0,0,0,1,1,0,0,1,0,0,1,0,1,0,0,0,0,1,0,0,0,1
0,0,0,1,9,1,0,0,1,0,0,0,0,1,50.1,484.05,0,4738,48.405,0.010574081891093288,2,1,1,0,0,1,1,1,0,0,1,0,0,0,0,1,0,0,0,0,1,0,0,1
0,0,0,0,48,1,1,1,1,1,0,1,1,1,83.45,3887.85,0,4250,79.34387755102041,0.01963529411764706,7,0,0,0,0,1,0,1,0,0,0,1,0,0,1,0,0,0,1,0,0,0,0,1
0,0,0,0,26,1,1,1,1,0,0,0,0,1,86.65,2208.75,0,4469,81.80555555555556,0.019389125083911392,4,1,0,1,0,1,0,0,1,0,1,0,0,0,1,0,0,0,1,0,0,0,0,1
0,0,0,0,9,1,0,0,0,0,0,0,0,0,20.15,238.15,0,3772,23.815,0.005341993637327677,1,1,0,0,0,1,1,0,0,1,1,0,0,1,0,0,0,0,0,0,1,0,0,1
0,0,1,1,46,1,0,0,0,0,0,0,0,0,19.4,958.15,0,4630,20.386170212765958,0.004190064794816414,1,0,0,0,0,1,1,0,0,1,0,0,1,0,1,0,0,0,1,0,0,0,0,1
0,0,1,1,64,0,0,1,0,1,1,1,1,1,60.05,3845.45,0,4120,59.160769230769226,0.014575242718446601,5,0,0,0,0,0,0,1,0,0,0,0,1,1,0,0,0,0,0,1,0,0,0,1
0,0,1,0,59,1,0,0,0,0,0,0,0,0,20.35,1267.0,0,5757,21.116666666666667,0.0035348271669272194,1,0,0,0,0,1,1,0,0,1,0,1,0,0,0,0,1,0,0,1,0,1,0,0
0,0,0,0,7,1,0,0,1,0,0,1,1,1,94.05,633.45,0,5545,79.18125,0.01696122633002705,4,0,0,1,0,1,1,0,1,0,0,1,0,0,0,0,1,0,0,0,1,1,0,0
0,1,1,0,72,1,1,1,1,1,0,1,1,1,84.1,6129.65,0,4999,83.96780821917808,0.016823364672934587,7,0,0,0,1,1,0,1,0,0,0,0,1,0,1,0,0,0,0,1,0,0,0,1
0,1,0,0,16,1,0,0,0,0,0,0,1,1,78.75,1218.25,0,4351,71.66176470588235,0.018099287520110318,2,1,1,1,1,1,1,0,1,0,1,0,0,0,0,1,0,1,0,0,0,0,0,1
0,0,1,0,25,1,1,0,0,1,0,0,0,0,55.55,1405.3,0,2950,54.05,0.01883050847457627,3,1,0,0,0,1,1,1,0,0,1,0,0,0,1,0,0,0,1,0,0,0,1,0
0,0,1,0,24,1,0,0,0,0,0,0,0,0,20.1,533.9,0,5689,21.355999999999998,0.003533134118474249,1,0,0,0,0,1,1,0,0,1,0,1,0,0,0,0,1,1,0,0,0,1,0,0
0,0,1,1,10,1,1,1,1,0,0,1,0,0,70.3,676.15,0,5496,61.46818181818182,0.012791120815138281,5,0,1,0,0,1,0,1,0,0,0,1,0,0,0,1,0,0,0,0,1,1,0,0
0,0,1,0,69,1,0,1,1,0,0,0,0,1,53.65,3804.4,0,6092,54.34857142857143,0.008806631648063033,3,0,0,0,0,1,0,1,0,0,0,1,0,0,1,0,0,0,0,1,0,1,0,0
0,0,0,0,57,1,0,0,0,0,0,0,0,0,20.75,1118.8,0,6271,19.28965517241379,0.0033088821559559877,1,0,0,0,0,1,1,0,0,1,0,0,1,0,0,0,1,0,0,1,0,1,0,0
0,0,1,1,50,1,0,0,1,1,1,1,1,1,103.4,5236.4,0,5437,102.67450980392157,0.019017840720985838,6,0,0,1,0,0,1,0,1,0,0,1,0,1,0,0,0,0,0,1,0,1,0,0
0,0,1,1,28,0,0,1,0,1,1,1,0,0,50.8,1386.8,0,3240,47.820689655172416,0.015679012345679012,4,0,0,0,0,0,0,1,0,0,0,1,0,0,0,0,1,0,1,0,0,0,1,0
0,0,0,0,25,1,0,1,1,0,1,1,1,1,79.0,1902.0,0,5263,73.15384615384616,0.015010450313509406,6,1,0,0,0,0,0,1,0,0,1,0,0,0,0,0,1,0,1,0,0,0,0,1
0,1,1,0,3,1,0,0,1,0,0,0,0,1,74.6,239.05,0,3711,59.7625,0.020102398275397466,2,1,0,1,1,1,1,0,1,0,1,0,0,1,0,0,0,0,0,0,1,0,0,1
0,0,1,0,61,1,1,0,0,0,0,1,1,1,96.5,5673.7,0,5926,91.51129032258065,0.0162841714478569,4,0,0,1,0,1,1,0,1,0,0,1,0,1,0,0,0,0,0,1,0,1,0,0
0,0,0,0,2,1,0,0,0,0,0,0,0,0,20.1,39.8,0,2051,13.266666666666666,0.009800097513408094,1,1,0,0,0,1,1,0,0,1,1,0,0,0,0,0,1,0,0,0,1,0,1,0
0,0,1,1,51,1,0,0,0,0,0,0,0,0,19.4,997.75,0,4025,19.1875,0.004819875776397515,1,0,0,0,0,1,1,0,0,1,0,1,0,0,0,0,1,0,0,1,0,0,0,1
0,0,1,1,71,1,0,1,0,1,0,1,1,0,77.55,5574.35,0,5097,77.42152777777778,0.015214832254267216,5,0,0,0,0,1,0,1,0,0,0,0,1,0,1,0,0,0,0,1,0,0,0,1
0,0,1,1,20,1,0,0,0,0,0,0,0,0,20.05,406.05,0,2698,19.335714285714285,0.007431430689399556,1,1,0,0,0,1,1,0,0,1,1,0,0,0,0,0,1,1,0,0,0,0,1,0
0,0,1,1,6,1,0,0,0,0,0,0,0,0,19.85,138.85,0,2186,19.835714285714285,0.009080512351326625,1,1,0,0,0,1,1,0,0,1,1,0,0,0,1,0,0,0,0,0,1,0,1,0
0,0,0,0,6,1,0,0,0,0,0,0,0,0,20.2,123.65,0,5029,17.664285714285715,0.00401670312189302,1,1,0,0,0,1,1,0,0,1,1,0,0,0,0,0,1,0,0,0,1,0,0,1
0,0,0,0,29,1,1,1,1,0,1,0,0,0,67.45,1801.1,0,3152,60.03666666666666,0.021399111675126904,5,1,0,0,0,0,0,1,0,0,1,0,0,0,0,0,1,0,1,0,0,0,1,0
0,0,0,0,36,1,0,0,0,0,0,0,0,1,18.55,689.0,0,5703,18.62162162162162,0.003252674031211643,1,0,0,0,0,1,1,0,0,1,0,0,1,0,1,0,0,0,1,0,0,1,0,0
0,0,0,0,28,0,0,0,0,1,0,0,0,1,29.75,790.7,0,5463,27.26551724137931,0.0054457257916895475,1,1,0,0,0,1,1,1,0,0,1,0,0,0,0,0,1,0,1,0,0,1,0,0
0,0,0,0,63,1,1,0,0,0,0,0,0,0,24.2,1618.2,0,4948,25.284375,0.004890864995957963,2,0,0,0,0,1,1,0,0,1,0,0,1,0,0,0,1,0,0,1,0,0,0,1
0,0,1,1,48,1,1,0,0,0,0,0,0,0,23.55,1173.35,0,5019,23.945918367346938,0.004692169754931261,2,0,0,0,0,1,1,0,0,1,0,0,1,0,0,0,1,0,1,0,0,0,0,1
0,0,1,0,49,1,0,0,0,0,0,0,0,0,20.45,900.9,0,6061,18.018,0.0033740306880052796,1,0,0,0,0,1,1,0,0,1,0,1,0,1,0,0,0,0,0,1,0,1,0,0
0,0,1,0,72,1,1,1,1,1,1,1,1,0,92.3,6719.9,0,5136,92.05342465753424,0.017971183800623052,8,0,0,0,0,0,0,1,0,0,0,0,1,0,1,0,0,0,0,1,0,0,0,1
0,0,1,1,72,0,0,0,1,0,1,1,1,0,53.65,3784.0,0,5498,51.83561643835616,0.00975809385230993,4,0,0,0,0,0,1,1,0,0,0,0,1,0,1,0,0,0,0,1,0,1,0,0
0,0,0,0,47,0,0,1,1,0,1,0,0,0,39.65,1798.65,0,4670,37.471875000000004,0.008490364025695932,3,0,0,0,0,0,0,1,0,0,0,1,0,0,1,0,0,0,1,0,0,0,0,1
0,0,0,0,1,1,0,0,0,0,0,1,0,1,54.65,54.65,0,5882,27.325,0.009291057463447806,2,1,1,0,0,1,1,1,0,0,1,0,0,0,0,1,0,0,0,0,1,1,0,0
0,0,0,0,36,1,1,0,1,1,0,1,1,1,104.8,3886.45,0,5319,105.03918918918919,0.019702951682647112,6,0,0,1,0,1,1,0,1,0,0,1,0,1,0,0,0,0,1,0,0,0,0,1
0,0,1,1,43,0,0,0,1,0,0,0,0,0,29.3,1224.05,0,4741,27.81931818181818,0.006180130774098291,1,1,0,0,0,1,1,1,0,0,1,0,0,0,1,0,0,0,1,0,0,0,0,1
0,1,1,0,27,1,1,0,1,1,1,1,1,0,83.85,2310.2,0,5907,82.50714285714285,0.01419502285424073,7,1,1,0,1,0,1,1,0,0,1,0,0,0,0,1,0,0,1,0,0,1,0,0
0,0,0,0,38,1,1,0,0,1,1,1,1,1,103.65,3988.5,0,2511,102.26923076923077,0.04127837514934289,6,1,1,1,0,0,1,0,1,0,1,0,0,0,0,1,0,0,1,0,0,0,1,0
0,1,0,0,35,1,1,1,0,0,0,1,1,1,99.05,3554.6,0,3484,98.73888888888888,0.02842996555683123,5,1,1,1,1,1,0,0,1,0,1,0,0,0,0,1,0,0,1,0,0,0,0,1
0,0,1,1,0,1,1,0,1,1,1,1,0,0,73.35,0.0,0,2342,0.0,0.03131938514090521,6,0,0,0,0,0,1,1,0,0,0,0,1,0,0,0,1,0,0,0,1,0,1,0
0,0,1,0,59,1,0,0,1,0,1,1,1,1,100.05,6034.85,0,4521,100.58083333333335,0.022130059721300596,5,0,0,1,0,0,1,0,1,0,0,0,1,0,0,0,1,0,0,1,0,0,0,1
0,0,0,0,27,1,0,0,0,0,0,0,0,0,20.35,531.6,0,4962,18.985714285714288,0.004101168883514712,1,0,0,0,0,1,1,0,0,1,0,0,1,0,1,0,0,0,1,0,0,0,0,1
0,1,0,0,2,1,0,0,0,0,0,0,0,0,43.95,85.1,0,4057,28.366666666666664,0.010833127927039686,1,1,1,0,1,1,1,1,0,0,1,0,0,0,0,1,0,0,0,0,1,0,0,1
0,0,0,0,7,1,1,0,0,0,0,0,0,0,23.5,173.0,0,5508,21.625,0.0042665214233841686,2,1,0,0,0,1,1,0,0,1,1,0,0,0,0,0,1,0,0,0,1,1,0,0
0,0,0,0,36,1,1,0,1,0,1,0,1,1,70.7,2511.95,0,3566,67.89054054054054,0.019826135726303984,5,0,0,0,0,0,1,1,0,0,0,1,0,0,0,0,1,0,1,0,0,0,0,1
0,0,1,1,41,1,1,1,1,0,0,1,0,1,94.3,3893.6,0,2196,92.70476190476191,0.04294171220400728,5,1,0,1,0,1,0,0,1,0,1,0,0,1,0,0,0,0,1,0,0,0,1,0
0,0,0,0,13,0,0,0,1,0,0,0,0,0,29.15,357.15,0,2876,25.510714285714283,0.010135605006954103,1,1,1,0,0,1,1,1,0,0,1,0,0,0,0,1,0,1,0,0,0,0,1,0
0,0,0,1,19,1,0,0,0,0,0,0,0,0,20.85,467.5,0,2654,23.375,0.007856066314996232,1,0,0,0,0,1,1,0,0,1,0,0,1,0,1,0,0,1,0,0,0,0,1,0
0,0,1,0,60,0,0,1,1,0,1,0,0,0,37.7,2288.7,0,5148,37.51967213114754,0.0073232323232323236,3,0,0,0,0,0,0,1,0,0,0,0,1,1,0,0,0,0,0,1,0,0,0,1
0,0,1,0,69,1,1,0,1,0,1,1,0,1,92.45,6460.55,0,4452,92.29357142857143,0.0207659478885894,5,0,0,1,0,0,1,0,1,0,0,0,1,0,0,0,1,0,0,1,0,0,0,1
0,0,0,0,43,0,0,0,0,1,1,0,1,0,44.15,1931.3,0,2522,43.893181818181816,0.017505947660586836,3,0,1,0,0,0,1,1,0,0,0,1,0,0,0,1,0,0,1,0,0,0,1,0
0,0,0,1,11,0,0,1,0,0,1,0,0,1,36.05,402.6,0,4265,33.550000000000004,0.008452520515826494,2,0,0,0,0,0,0,1,0,0,0,1,0,0,0,0,1,0,0,0,1,0,0,1
0,0,1,0,45,1,0,0,0,1,0,0,0,1,50.25,2221.55,0,2036,48.29456521739131,0.02468074656188605,2,1,0,0,0,1,1,1,0,0,1,0,0,0,1,0,0,0,1,0,0,0,1,0
0,0,1,0,72,1,1,0,1,1,1,1,1,1,109.75,7758.9,0,5791,106.28630136986301,0.01895182179243654,7,0,0,1,0,0,1,0,1,0,0,0,1,0,1,0,0,0,0,1,0,1,0,0
0,0,1,1,12,1,0,0,0,0,0,0,0,0,20.3,224.5,0,5190,17.26923076923077,0.0039113680154142585,1,0,0,0,0,1,1,0,0,1,0,0,1,1,0,0,0,0,0,0,1,0,0,1
0,0,1,1,67,1,1,0,1,1,1,1,1,1,112.35,7388.45,0,5427,108.65367647058824,0.020702045328910998,7,0,0,1,0,0,1,0,1,0,0,1,0,0,1,0,0,0,0,1,0,1,0,0
0,0,1,0,37,1,1,0,0,1,1,1,0,0,94.3,3460.95,0,2615,91.07763157894736,0.03606118546845124,5,0,0,1,0,0,1,0,1,0,0,0,1,0,0,0,1,0,1,0,0,0,1,0
0,0,0,0,39,0,0,1,1,0,1,0,0,0,41.15,1700.9,0,3445,42.5225,0.011944847605224964,3,0,0,0,0,0,0,1,0,0,0,1,0,1,0,0,0,0,1,0,0,0,1,0
0,0,0,0,41,1,1,1,0,1,1,0,1,1,74.65,3090.65,0,3859,73.58690476190476,0.019344389738274164,6,1,0,0,0,0,0,1,0,0,1,0,0,1,0,0,0,0,1,0,0,0,0,1
0,0,0,0,25,0,0,0,0,1,0,1,1,1,48.25,1293.8,0,4284,49.76153846153846,0.011262838468720822,3,1,1,0,0,1,1,1,0,0,1,0,0,0,0,1,0,0,1,0,0,0,0,1
0,0,1,1,8,1,1,1,1,0,1,0,1,1,76.15,645.8,0,4457,71.75555555555555,0.01708548350908683,6,0,0,0,0,0,0,1,0,0,0,0,1,0,1,0,0,0,0,0,1,0,0,1
0,0,1,1,71,1,1,1,1,1,1,0,0,0,71.1,5224.95,0,6090,72.56875,0.01167487684729064,6,0,0,0,0,0,0,1,0,0,0,0,1,0,0,0,1,0,0,1,0,1,0,0
0,0,0,0,5,1,1,0,1,1,0,0,1,0,96.55,500.1,0,3787,83.35000000000001,0.02549511486664906,5,1,1,1,0,1,1,0,1,0,1,0,0,0,0,1,0,0,0,0,1,0,0,1
0,0,0,0,30,1,1,1,0,1,0,1,1,1,79.3,2427.1,0,2655,78.29354838709678,0.029868173258003766,6,0,0,0,0,1,0,1,0,0,0,1,0,0,1,0,0,0,1,0,0,0,1,0
0,0,0,0,40,1,0,0,1,0,1,0,1,1,89.6,3488.15,0,2524,85.07682926829268,0.03549920760697305,4,0,0,1,0,0,1,0,1,0,0,1,0,0,1,0,0,0,1,0,0,0,1,0
0,0,0,0,54,1,0,0,0,0,0,0,0,1,20.5,1035.7,0,5946,18.830909090909092,0.003447695930037,1,0,0,0,0,1,1,0,0,1,0,0,1,0,0,0,1,0,0,1,0,1,0,0
0,0,1,0,72,1,1,0,1,1,0,1,1,1,106.3,7565.35,0,4634,103.63493150684933,0.022939145446698315,6,0,0,1,0,1,1,0,1,0,0,0,1,1,0,0,0,0,0,1,0,0,0,1
0,0,1,1,28,1,0,0,1,1,0,1,1,0,100.35,2799.0,0,3411,96.51724137931035,0.02941952506596306,5,0,0,1,0,1,1,0,1,0,0,1,0,1,0,0,0,0,1,0,0,0,1,0
0,0,1,1,18,1,0,0,0,0,1,0,1,1,85.6,1601.5,0,5968,84.28947368421052,0.014343163538873993,3,1,1,1,0,0,1,0,1,0,1,0,0,0,0,1,0,1,0,0,0,1,0,0
0,0,1,1,59,1,1,0,1,1,0,1,1,1,106.15,6256.2,0,5096,104.27,0.02083006279434851,6,0,1,1,0,1,1,0,1,0,0,1,0,0,0,1,0,0,0,1,0,0,0,1
0,0,1,1,22,1,0,0,0,0,1,0,0,1,51.1,1232.9,0,5329,53.60434782608696,0.009589041095890411,2,1,1,0,0,0,1,1,0,0,1,0,0,0,0,1,0,1,0,0,0,0,0,1
0,0,0,0,1,1,0,0,0,0,0,0,0,0,19.9,19.9,0,4050,9.95,0.00491358024691358,1,1,0,0,0,1,1,0,0,1,1,0,0,0,0,0,1,0,0,0,1,0,0,1
0,1,1,0,72,1,1,0,0,0,0,0,0,1,25.7,1937.4,0,5079,26.53972602739726,0.005060051191179366,2,0,0,0,1,1,1,0,0,1,0,0,1,0,1,0,0,0,0,1,0,0,0,1
0,0,1,0,50,1,1,0,0,0,1,1,1,0,99.4,5059.75,0,6479,99.21078431372548,0.01534187374594845,5,0,1,1,0,0,1,0,1,0,0,1,0,0,0,1,0,0,0,1,0,1,0,0
0,0,1,1,48,1,0,1,0,1,1,1,0,0,69.7,3023.65,0,3442,61.707142857142856,0.020249854735618827,5,0,0,0,0,0,0,1,0,0,0,1,0,1,0,0,0,0,1,0,0,0,1,0
0,0,1,1,49,1,1,0,1,0,0,1,1,1,98.35,4889.2,0,4325,97.78399999999999,0.022739884393063584,5,1,1,1,0,1,1,0,1,0,1,0,0,0,0,1,0,0,0,1,0,0,0,1
0,0,1,1,28,1,0,0,0,1,0,1,0,0,85.45,2289.9,0,4022,78.96206896551725,0.02124564893088016,3,1,1,1,0,1,1,0,1,0,1,0,0,0,0,1,0,0,1,0,0,0,0,1
0,1,0,0,68,1,1,0,1,1,0,0,1,1,95.9,6503.2,0,5080,94.24927536231884,0.01887795275590551,5,1,1,1,1,1,1,0,1,0,1,0,0,0,0,1,0,0,0,1,0,0,0,1
0,0,0,0,13,1,1,0,0,0,1,1,1,0,100.75,1313.25,0,5985,93.80357142857143,0.01683375104427736,5,1,1,1,0,0,1,0,1,0,1,0,0,0,0,1,0,1,0,0,0,1,0,0
0,0,0,0,11,1,1,0,0,1,0,1,0,1,89.2,990.3,0,3734,82.52499999999999,0.02388859132297804,4,1,1,1,0,1,1,0,1,0,1,0,0,0,0,1,0,0,0,0,1,0,0,1
0,0,1,0,72,1,1,0,0,0,0,0,0,0,25.75,1864.2,0,4413,25.536986301369865,0.0058350328574665765,2,0,0,0,0,1,1,0,0,1,0,0,1,0,1,0,0,0,0,1,0,0,0,1
0,0,1,1,70,1,1,0,1,1,1,1,1,1,84.1,5979.7,0,5568,84.22112676056338,0.015104166666666665,7,0,1,0,0,0,1,1,0,0,0,0,1,0,0,1,0,0,0,1,0,1,0,0
0,0,1,1,49,1,1,0,1,0,1,1,1,0,79.3,3902.45,0,6366,78.04899999999999,0.012456801759346528,6,0,0,0,0,0,1,1,0,0,0,0,1,1,0,0,0,0,0,1,0,1,0,0
0,1,1,0,67,1,1,1,0,1,0,1,1,1,107.05,7142.5,0,4126,105.03676470588235,0.025945225399903054,6,0,0,1,1,1,0,0,1,0,0,1,0,0,1,0,0,0,0,1,0,0,0,1
0,0,0,0,46,1,0,0,0,0,0,0,0,0,20.05,902.0,0,2942,19.19148936170213,0.006815091774303195,1,0,0,0,0,1,1,0,0,1,0,0,1,1,0,0,0,0,1,0,0,0,1,0
0,0,1,0,37,1,0,0,0,0,0,0,0,0,19.5,805.2,0,3924,21.189473684210526,0.004969418960244648,1,1,0,0,0,1,1,0,0,1,1,0,0,1,0,0,0,0,1,0,0,0,0,1
0,1,1,0,13,0,0,0,0,0,0,1,1,0,45.3,528.45,0,4118,37.746428571428574,0.011000485672656629,2,1,1,0,1,1,1,1,0,0,1,0,0,0,0,1,0,1,0,0,0,0,0,1
0,0,1,0,72,1,1,1,1,1,1,1,1,0,115.15,8349.7,0,4761,114.37945205479453,0.024186095358118043,8,0,1,1,0,0,0,0,1,0,0,0,1,0,0,1,0,0,0,1,0,0,0,1
0,0,1,1,68,1,0,0,0,1,1,1,1,1,72.95,4953.25,0,4499,71.78623188405797,0.01621471438097355,5,0,0,0,0,0,1,1,0,0,0,0,1,1,0,0,0,0,0,1,0,0,0,1
0,0,1,1,15,1,0,0,0,0,0,0,0,0,19.65,332.65,0,5928,20.790625,0.0033147773279352225,1,0,0,0,0,1,1,0,0,1,0,1,0,0,0,0,1,1,0,0,0,1,0,0
0,0,0,0,24,1,0,0,0,0,0,0,0,1,19.55,470.2,0,2511,18.808,0.007785742731979291,1,0,0,0,0,1,1,0,0,1,0,0,1,1,0,0,0,1,0,0,0,0,1,0
0,0,0,0,24,1,1,0,0,0,1,0,1,1,89.55,2259.35,0,5352,90.374,0.016732062780269057,4,1,1,1,0,0,1,0,1,0,1,0,0,0,0,1,0,1,0,0,0,0,0,1
0,0,0,0,27,1,0,1,0,0,0,0,0,0,50.35,1411.35,0,5578,50.40535714285714,0.00902653280745787,2,1,0,0,0,1,0,1,0,0,1,0,0,0,0,0,1,0,1,0,0,1,0,0
0,0,1,1,71,1,0,1,1,1,1,1,1,0,87.25,6328.7,0,4135,87.89861111111111,0.02110036275695284,7,0,0,0,0,0,0,1,0,0,0,0,1,0,1,0,0,0,0,1,0,0,0,1
0,0,1,1,67,1,0,0,0,0,0,0,0,1,20.8,1411.9,0,5626,20.76323529411765,0.0036971205119089943,1,0,0,0,0,1,1,0,0,1,0,0,1,0,0,0,1,0,0,1,0,1,0,0
0,0,1,0,63,1,1,0,1,1,1,1,1,1,109.25,6841.4,0,5700,106.896875,0.019166666666666665,7,0,0,1,0,0,1,0,1,0,0,0,1,1,0,0,0,0,0,1,0,1,0,0
0,0,0,0,1,1,0,0,0,0,0,0,0,0,20.35,20.35,0,2648,10.175,0.007685045317220545,1,1,0,0,0,1,1,0,0,1,1,0,0,0,0,0,1,0,0,0,1,0,1,0
0,0,0,0,4,1,0,0,0,0,0,0,1,1,55.9,238.5,0,3545,47.7,0.015768688293370945,2,1,1,0,0,1,1,1,0,0,1,0,0,0,0,1,0,0,0,0,1,0,0,1
0,0,1,1,52,1,0,1,1,1,0,1,1,0,79.2,4016.3,0,4509,75.77924528301887,0.017564870259481037,6,0,1,0,0,1,0,1,0,0,0,0,1,0,0,1,0,0,0,1,0,0,0,1
0,0,0,0,10,1,1,0,0,0,0,0,0,1,24.0,226.55,0,5299,20.595454545454547,0.004529156444612191,2,1,1,0,0,1,1,0,0,1,1,0,0,0,0,1,0,0,0,0,1,0,0,1
0,0,0,0,68,1,1,1,1,1,0,1,0,0,101.35,7110.75,0,4941,103.05434782608695,0.02051204209674155,6,0,0,1,0,1,0,0,1,0,0,1,0,1,0,0,0,0,0,1,0,0,0,1
0,0,1,0,52,0,0,1,0,1,0,0,0,0,35.45,1958.95,0,5509,36.96132075471698,0.006434924668723907,2,0,0,0,0,1,0,1,0,0,0,1,0,0,0,0,1,0,0,1,0,1,0,0
0,0,1,0,70,1,1,1,1,1,1,1,0,0,79.4,5528.9,0,5991,77.8718309859155,0.013253213153062928,7,0,0,0,0,0,0,1,0,0,0,1,0,1,0,0,0,0,0,1,0,1,0,0
0,0,0,0,43,0,0,1,0,1,0,0,0,1,35.2,1463.7,0,5268,33.26590909090909,0.006681852695520122,2,0,0,0,0,1,0,1,0,0,0,1,0,0,1,0,0,0,1,0,0,0,0,1
0,0,0,0,52,1,0,0,0,0,0,0,0,0,19.65,1025.05,0,5157,19.340566037735847,0.003810354857475276,1,0,0,0,0,1,1,0,0,1,0,0,1,0,0,0,1,0,0,1,0,0,0,1
0,0,0,0,12,0,0,1,0,1,1,0,1,0,49.85,552.1,0,3100,42.46923076923077,0.016080645161290322,4,0,0,0,0,0,0,1,0,0,0,0,1,0,0,0,1,0,0,0,1,0,1,0
0,0,1,1,56,1,1,1,1,0,0,0,1,0,68.75,3815.4,0,6494,66.93684210526315,0.010586695411148752,5,0,0,0,0,1,0,1,0,0,0,1,0,1,0,0,0,0,0,1,0,1,0,0
0,0,0,1,0,1,1,1,1,0,1,0,0,1,61.9,0.0,0,5188,0.0,0.011931380107941402,5,0,0,0,0,0,0,1,0,0,0,0,1,1,0,0,0,0,0,0,1,0,0,1
0,0,0,0,42,1,1,0,0,1,0,0,0,0,79.9,3313.4,0,2583,77.05581395348837,0.030933023615950447,3,1,1,1,0,1,1,0,1,0,1,0,0,0,0,1,0,0,1,0,0,0,1,0
0,1,1,0,22,1,0,0,0,0,0,1,1,1,89.75,1938.9,0,4180,84.3,0.021471291866028707,3,1,0,1,1,1,1,0,1,0,1,0,0,1,0,0,0,1,0,0,0,0,0,1
0,0,0,0,27,1,0,0,0,0,0,0,0,1,19.4,460.25,0,5975,16.4375,0.0032468619246861924,1,1,0,0,0,1,1,0,0,1,1,0,0,0,1,0,0,0,1,0,0,1,0,0
0,1,1,0,51,1,1,1,0,1,0,0,1,1,93.65,4839.15,0,4163,93.06057692307692,0.022495796300744657,5,0,0,1,1,1,0,0,1,0,0,1,0,1,0,0,0,0,0,1,0,0,0,1
0,0,0,0,1,1,0,0,0,0,0,0,0,1,19.9,19.9,0,4590,9.95,0.004335511982570806,1,1,0,0,0,1,1,0,0,1,1,0,0,0,0,0,1,0,0,0,1,0,0,1
0,1,1,1,71,1,1,0,1,1,1,0,1,1,72.9,5139.65,0,6404,71.38402777777777,0.011383510306058714,6,0,0,0,1,0,1,1,0,0,0,1,0,1,0,0,0,0,0,1,0,1,0,0
0,0,1,1,69,1,1,0,0,0,0,0,0,1,25.6,1673.4,0,6053,23.905714285714286,0.004229307781265489,2,0,0,0,0,1,1,0,0,1,0,0,1,1,0,0,0,0,0,1,0,1,0,0
0,0,1,1,14,1,0,0,0,0,0,0,0,0,19.75,309.35,0,3958,20.623333333333335,0.00498989388580091,1,0,0,0,0,1,1,0,0,1,0,1,0,0,0,0,1,1,0,0,0,0,0,1
0,0,1,0,57,1,0,1,0,0,1,0,0,0,55.7,3171.6,0,4607,54.682758620689654,0.012090297373561971,3,1,1,0,0,0,0,1,0,0,1,0,0,0,0,1,0,0,0,1,0,0,0,1
0,0,1,1,72,1,1,1,1,1,1,1,1,0,117.5,8670.1,0,6009,118.76849315068493,0.019554002329838574,8,0,0,1,0,0,0,0,1,0,0,0,1,0,1,0,0,0,0,1,0,1,0,0
0,0,0,0,48,1,0,0,0,0,0,0,0,0,19.85,916.0,0,3779,18.693877551020407,0.005252712357766605,1,0,0,0,0,1,1,0,0,1,0,0,1,0,1,0,0,0,1,0,0,0,0,1
0,0,1,1,4,1,0,0,0,0,0,1,0,1,78.9,299.75,0,5775,59.95,0.013662337662337664,2,1,0,1,0,1,1,0,1,0,1,0,0,0,0,0,1,0,0,0,1,1,0,0
0,0,1,1,31,1,0,0,0,0,0,0,0,1,20.65,702.05,0,2990,21.9390625,0.0069063545150501665,1,1,1,0,0,1,1,0,0,1,1,0,0,0,0,1,0,0,1,0,0,0,1,0
0,0,0,0,1,1,0,0,0,0,0,0,0,0,19.65,19.65,0,5454,9.825,0.0036028602860286025,1,1,0,0,0,1,1,0,0,1,1,0,0,0,0,0,1,0,0,0,1,1,0,0
0,1,0,0,57,1,1,0,1,1,0,1,1,1,79.75,4438.2,0,5371,76.5206896551724,0.014848259169614597,6,0,0,0,1,1,1,1,0,0,0,0,1,1,0,0,0,0,0,1,0,0,0,1
0,1,1,0,62,1,0,1,0,1,1,1,1,1,79.95,4819.75,0,6488,76.50396825396825,0.012322749691738594,6,0,0,0,1,0,0,1,0,0,0,0,1,0,1,0,0,0,0,1,0,1,0,0
0,0,1,0,3,0,0,0,0,0,1,0,0,1,29.9,92.25,0,4416,23.0625,0.006770833333333333,1,1,1,0,0,0,1,1,0,0,1,0,0,0,0,1,0,0,0,0,1,0,0,1
0,0,0,1,72,1,0,0,0,0,0,0,0,1,19.75,1567.0,0,5478,21.465753424657535,0.003605330412559328,1,0,0,0,0,1,1,0,0,1,0,0,1,0,0,0,1,0,0,1,0,1,0,0
0,0,0,1,29,0,0,1,1,1,1,0,0,1,45.0,1242.45,0,3290,41.415,0.013677811550151976,4,1,0,0,0,0,0,1,0,0,1,0,0,0,0,0,1,0,1,0,0,0,1,0
0,0,1,1,13,1,0,0,0,0,0,0,0,0,44.8,559.2,0,4680,39.94285714285714,0.009572649572649573,1,1,0,0,0,1,1,1,0,0,1,0,0,1,0,0,0,1,0,0,0,0,0,1
0,0,0,0,11,1,0,0,1,0,0,0,0,0,51.1,531.15,0,4467,44.262499999999996,0.01143944481755093,2,1,1,0,0,1,1,1,0,0,1,0,0,0,0,1,0,0,0,0,1,0,0,1
0,0,0,1,21,0,0,1,1,1,1,1,0,0,53.15,1183.2,0,3461,53.78181818181818,0.015356833285177694,5,0,0,0,0,0,0,1,0,0,0,0,1,0,0,0,1,1,0,0,0,0,1,0
0,0,0,0,19,1,1,0,0,0,0,0,0,0,24.7,465.85,0,3612,23.2925,0.006838316722037652,2,1,0,0,0,1,1,0,0,1,1,0,0,1,0,0,0,1,0,0,0,0,0,1
0,0,1,1,35,1,1,0,1,1,1,1,1,1,109.95,3782.4,0,5721,105.06666666666666,0.0192186680650236,7,1,1,1,0,0,1,0,1,0,1,0,0,0,0,1,0,0,1,0,0,1,0,0
0,0,0,1,25,1,0,0,0,0,0,0,0,0,20.8,460.2,0,3274,17.7,0.006353084911423335,1,1,0,0,0,1,1,0,0,1,1,0,0,0,0,0,1,0,1,0,0,0,1,0
0,0,0,0,67,1,1,0,0,0,0,0,0,1,25.6,1790.35,0,5183,26.328676470588235,0.004939224387420413,2,0,0,0,0,1,1,0,0,1,0,0,1,1,0,0,0,0,0,1,0,0,0,1
0,0,1,1,72,1,1,1,1,1,0,1,1,1,108.4,7767.25,0,4419,106.40068493150685,0.02453043675039602,7,0,0,1,0,1,0,0,1,0,0,0,1,0,1,0,0,0,0,1,0,0,0,1
0,0,0,0,43,1,0,0,0,0,0,0,0,0,19.55,876.15,0,4871,19.912499999999998,0.00401354957914186,1,0,0,0,0,1,1,0,0,1,0,0,1,0,0,0,1,0,1,0,0,0,0,1
0,0,1,1,55,1,1,1,1,0,0,0,0,1,85.1,4600.95,0,4026,82.15982142857142,0.02113760556383507,4,1,1,1,0,1,0,0,1,0,1,0,0,0,0,1,0,0,0,1,0,0,0,1
0,0,0,0,27,1,0,0,0,0,0,0,0,1,69.05,1793.25,0,3241,64.04464285714286,0.02130515273063869,1,1,0,1,0,1,1,0,1,0,1,0,0,0,0,0,1,0,1,0,0,0,1,0
0,0,0,0,13,1,0,0,0,0,0,0,0,1,70.15,886.7,0,2992,63.33571428571429,0.023445855614973265,1,1,0,1,0,1,1,0,1,0,1,0,0,0,0,0,1,1,0,0,0,0,1,0
0,0,0,0,70,1,1,1,1,1,0,1,1,1,111.15,7737.55,0,4240,108.97957746478873,0.026214622641509436,7,0,0,1,0,1,0,0,1,0,0,0,1,0,0,0,1,0,0,1,0,0,0,1
0,0,1,1,19,1,1,0,0,0,1,0,1,1,89.35,1686.85,0,4473,84.3425,0.019975408003577017,4,0,0,1,0,0,1,0,1,0,0,1,0,1,0,0,0,1,0,0,0,0,0,1
0,0,0,0,20,1,1,1,0,0,0,1,0,1,89.1,1879.25,0,3027,89.48809523809524,0.029435084241823586,4,1,0,1,0,1,0,0,1,0,1,0,0,1,0,0,0,1,0,0,0,0,1,0
0,0,1,1,43,1,1,1,0,1,1,0,0,1,91.25,4013.8,0,5884,91.22272727272728,0.015508157715839565,5,0,0,1,0,0,0,0,1,0,0,1,0,0,1,0,0,0,1,0,0,1,0,0
0,0,1,1,5,1,0,1,0,1,0,0,1,1,90.35,434.5,0,4014,72.41666666666667,0.02250871948181365,4,1,0,1,0,1,0,0,1,0,1,0,0,0,0,0,1,0,0,0,1,0,0,1
0,1,1,0,70,1,1,0,1,0,1,1,1,1,105.55,7195.35,0,4605,101.34295774647887,0.02292073832790445,6,0,0,1,1,0,1,0,1,0,0,1,0,1,0,0,0,0,0,1,0,0,0,1
0,0,1,0,40,1,0,0,0,0,0,0,0,0,19.1,780.1,0,2056,19.026829268292683,0.00928988326848249,1,0,0,0,0,1,1,0,0,1,0,0,1,0,0,0,1,0,1,0,0,0,1,0
0,0,1,1,6,1,0,0,0,0,0,0,0,1,20.4,107.6,0,4628,15.37142857142857,0.004407951598962834,1,0,0,0,0,1,1,0,0,1,0,0,1,0,1,0,0,0,0,0,1,0,0,1
0,0,0,0,39,1,0,1,0,1,0,1,1,1,100.45,3801.7,0,2698,95.04249999999999,0.03723128243143069,5,0,1,1,0,1,0,0,1,0,0,0,1,0,0,1,0,0,1,0,0,0,1,0
0,1,0,0,45,1,0,1,1,0,1,0,0,1,85.7,3778.1,0,5397,82.13260869565217,0.015879192143783583,4,1,0,1,1,0,0,0,1,0,1,0,0,1,0,0,0,0,1,0,0,1,0,0
0,1,1,0,57,1,1,0,1,1,0,0,1,0,94.0,5438.95,0,6015,93.77499999999999,0.015627597672485453,5,1,0,1,1,1,1,0,1,0,1,0,0,0,1,0,0,0,0,1,0,1,0,0
0,0,1,1,72,1,1,1,1,1,1,0,0,0,69.85,5102.35,0,6233,69.89520547945206,0.011206481630033691,6,0,0,0,0,0,0,1,0,0,0,0,1,1,0,0,0,0,0,1,0,1,0,0
0,0,1,0,72,1,1,0,0,0,0,0,0,0,25.85,1872.2,0,5514,25.646575342465756,0.004688066739209286,2,0,0,0,0,1,1,0,0,1,0,0,1,0,1,0,0,0,0,1,0,1,0,0
0,0,0,0,3,1,0,1,1,0,1,0,1,0,71.1,213.35,0,3501,53.3375,0.02030848329048843,5,0,0,0,0,0,0,1,0,0,0,0,1,0,0,0,1,0,0,0,1,0,0,1
0,0,1,0,59,1,1,0,0,1,1,1,0,0,93.35,5386.5,0,4814,89.775,0.019391358537598668,5,1,1,1,0,0,1,0,1,0,1,0,0,0,0,1,0,0,0,1,0,0,0,1
0,0,0,0,4,1,0,1,0,0,0,0,0,1,50.55,235.65,0,4164,47.13,0.012139769452449567,2,1,0,0,0,1,0,1,0,0,1,0,0,1,0,0,0,0,0,0,1,0,0,1
0,0,0,0,27,1,1,0,0,1,0,0,0,1,81.3,2272.8,0,5158,81.17142857142858,0.01576192322605661,3,1,1,1,0,1,1,0,1,0,1,0,0,0,0,1,0,0,1,0,0,0,0,1
0,0,0,0,4,1,0,0,0,0,0,0,0,1,20.7,83.75,0,3027,16.75,0.006838453914767096,1,1,0,0,0,1,1,0,0,1,1,0,0,0,1,0,0,0,0,0,1,0,1,0
0,0,1,1,60,1,0,1,1,0,1,1,1,1,79.05,4663.4,0,5275,76.44918032786885,0.014985781990521327,6,1,0,0,0,0,0,1,0,0,1,0,0,0,1,0,0,0,0,1,0,0,0,1
0,0,1,1,8,1,0,0,0,0,0,0,0,0,19.05,201.7,0,3153,22.41111111111111,0.0060418648905803994,1,0,0,0,0,1,1,0,0,1,0,0,1,0,0,0,1,0,0,0,1,0,1,0
0,0,1,1,8,1,0,0,0,0,0,0,0,0,19.6,125.0,0,3214,13.88888888888889,0.006098319850653392,1,0,0,0,0,1,1,0,0,1,0,0,1,0,1,0,0,0,0,0,1,0,1,0
0,0,0,0,35,1,0,0,0,0,0,0,0,1,20.2,684.4,0,3481,19.01111111111111,0.005802930192473427,1,0,0,0,0,1,1,0,0,1,0,0,1,0,0,0,1,0,1,0,0,0,0,1
0,0,1,1,53,1,0,0,0,0,0,0,0,0,20.9,1146.05,0,4254,21.223148148148148,0.004913023037141514,1,0,0,0,0,1,1,0,0,1,0,0,1,0,0,0,1,0,0,1,0,0,0,1
0,1,0,0,18,1,1,0,1,0,1,1,1,1,103.6,1806.35,0,2094,95.07105263157894,0.04947468958930277,6,1,0,1,1,0,1,0,1,0,1,0,0,0,1,0,0,1,0,0,0,0,1,0
0,0,0,0,15,0,0,0,1,0,0,0,1,1,38.8,603.0,0,2118,37.6875,0.018319169027384324,2,0,0,0,0,1,1,1,0,0,0,0,1,0,0,0,1,1,0,0,0,0,1,0
0,0,1,0,67,1,1,0,1,0,0,1,0,1,88.4,5798.3,0,6251,85.26911764705882,0.014141737322028477,4,0,0,1,0,1,1,0,1,0,0,1,0,1,0,0,0,0,0,1,0,1,0,0
0,1,0,0,6,1,0,0,0,0,0,1,0,1,79.7,497.6,0,2893,71.08571428571429,0.027549256826823368,2,1,1,1,1,1,1,0,1,0,1,0,0,0,0,1,0,0,0,0,1,0,1,0
0,0,0,1,1,1,0,0,0,0,0,0,0,1,19.3,19.3,0,4136,9.65,0.004666344294003868,1,1,0,0,0,1,1,0,0,1,1,0,0,0,0,0,1,0,0,0,1,0,0,1
0,0,0,0,5,1,0,1,0,0,1,0,0,1,55.75,266.95,0,4545,44.49166666666667,0.012266226622662265,3,1,0,0,0,0,0,1,0,0,1,0,0,0,0,0,1,0,0,0,1,0,0,1
0,0,0,0,13,1,0,0,0,0,0,0,0,1,19.95,257.0,0,5221,18.357142857142858,0.0038211070676115685,1,0,0,0,0,1,1,0,0,1,0,1,0,0,0,0,1,1,0,0,0,0,0,1
0,0,0,0,29,1,0,0,1,0,1,1,0,0,89.65,2623.65,0,2681,87.455,0.033439015292801196,4,1,0,1,0,0,1,0,1,0,1,0,0,0,0,0,1,0,1,0,0,0,1,0
0,1,0,0,1,1,0,0,0,0,0,0,0,1,45.85,45.85,0,5715,22.925,0.008022747156605425,1,1,0,0,1,1,1,1,0,0,1,0,0,0,0,0,1,0,0,0,1,1,0,0
0,0,1,1,18,1,0,0,0,0,0,1,0,0,55.95,1082.8,0,2035,56.98947368421052,0.027493857493857497,2,1,0,0,0,1,1,1,0,0,1,0,0,0,0,0,1,1,0,0,0,0,1,0
0,0,1,0,2,1,0,0,0,1,0,1,1,0,69.0,147.8,0,2798,49.26666666666667,0.02466047176554682,4,1,0,0,0,1,1,1,0,0,1,0,0,0,1,0,0,0,0,0,1,0,1,0
0,0,1,1,30,1,1,0,1,0,1,0,0,1,83.55,2570.2,0,3558,82.90967741935484,0.0234822934232715,4,1,0,1,0,0,1,0,1,0,1,0,0,1,0,0,0,0,1,0,0,0,0,1
0,0,0,1,66,1,1,1,1,0,1,0,0,0,65.7,4378.9,0,5058,65.35671641791045,0.01298932384341637,5,0,0,0,0,0,0,1,0,0,0,0,1,1,0,0,0,0,0,1,0,0,0,1
0,0,1,1,38,1,1,0,0,1,1,1,0,1,94.9,3616.25,0,2436,92.72435897435898,0.03895730706075534,5,0,0,1,0,0,1,0,1,0,0,0,1,1,0,0,0,0,1,0,0,0,1,0
0,0,1,1,44,1,0,0,1,1,1,0,0,1,61.9,2924.05,0,4388,64.97888888888889,0.014106654512306289,4,1,0,0,0,0,1,1,0,0,1,0,0,0,0,0,1,0,1,0,0,0,0,1
0,0,0,0,2,1,0,0,0,0,0,0,0,0,20.0,32.7,0,3922,10.9,0.005099439061703213,1,1,0,0,0,1,1,0,0,1,1,0,0,0,0,0,1,0,0,0,1,0,0,1
0,0,0,0,42,1,0,1,1,0,1,0,1,1,67.7,2882.25,0,5034,67.02906976744185,0.01344854986094557,5,0,0,0,0,0,0,1,0,0,0,1,0,0,0,0,1,0,1,0,0,0,0,1
0,0,1,1,58,1,1,0,0,0,0,0,0,0,25.15,1509.9,0,6444,25.591525423728815,0.003902855369335816,2,0,0,0,0,1,1,0,0,1,0,0,1,0,1,0,0,0,0,1,0,1,0,0
0,0,1,1,58,1,0,0,1,0,0,1,1,1,92.85,5305.05,0,4879,89.91610169491526,0.019030539044886247,4,1,1,1,0,1,1,0,1,0,1,0,0,0,0,1,0,0,0,1,0,0,0,1
0,0,0,0,71,1,1,1,1,1,1,1,1,0,111.3,7985.9,0,5957,110.91527777777777,0.018683901292596946,8,0,0,1,0,0,0,0,1,0,0,0,1,0,0,0,1,0,0,1,0,1,0,0
0,0,1,0,48,1,1,1,0,0,1,0,0,1,60.6,2985.25,0,4077,60.923469387755105,0.014863870493009567,4,0,0,0,0,0,0,1,0,0,0,1,0,1,0,0,0,0,1,0,0,0,0,1
0,0,1,0,8,1,0,1,0,0,1,0,1,0,65.5,564.35,0,2985,62.705555555555556,0.021943048576214406,4,0,0,0,0,0,0,1,0,0,0,0,1,0,0,0,1,0,0,0,1,0,1,0
0,0,0,0,67,1,0,0,0,0,0,0,0,0,19.95,1311.75,0,6212,19.290441176470587,0.00321152607855763,1,0,0,0,0,1,1,0,0,1,0,0,1,1,0,0,0,0,0,1,0,1,0,0
0,0,0,0,49,1,1,0,0,0,0,0,0,1,74.6,3720.35,0,4516,74.407,0.016519043401240035,2,1,0,1,0,1,1,0,1,0,1,0,0,1,0,0,0,0,0,1,0,0,0,1
0,0,1,0,52,1,1,0,1,1,0,1,0,0,94.6,5025.8,0,6212,94.82641509433962,0.015228589826142948,5,1,0,1,0,1,1,0,1,0,1,0,0,1,0,0,0,0,0,1,0,1,0,0
0,0,1,0,63,1,0,1,0,1,0,0,0,1,81.15,5224.5,0,5294,81.6328125,0.01532867397053268,3,0,0,1,0,1,0,0,1,0,0,1,0,0,1,0,0,0,0,1,0,0,0,1
0,0,1,1,68,1,1,1,1,1,1,1,1,1,89.05,6185.8,0,5001,89.64927536231885,0.01780643871225755,8,0,0,0,0,0,0,1,0,0,0,0,1,1,0,0,0,0,0,1,0,0,0,1
0,0,1,0,31,1,0,0,0,0,1,0,0,1,49.2,1498.55,0,2157,46.8296875,0.022809457579972187,2,1,0,0,0,0,1,1,0,0,1,0,0,0,0,0,1,0,1,0,0,0,1,0
0,0,1,0,64,1,0,0,0,0,0,0,0,0,19.45,1208.6,0,5628,18.59384615384615,0.0034559346126510305,1,0,0,0,0,1,1,0,0,1,0,0,1,0,1,0,0,0,0,1,0,1,0,0
0,0,1,0,62,1,0,1,0,1,1,1,1,1,104.3,6613.65,0,5905,104.97857142857143,0.017662997459779846,6,0,1,1,0,0,0,0,1,0,0,1,0,0,0,1,0,0,0,1,0,1,0,0
0,0,1,0,21,1,0,0,0,0,1,1,0,1,86.05,1818.9,0,2937,82.67727272727274,0.029298604017705142,3,1,1,1,0,0,1,0,1,0,1,0,0,0,0,1,0,1,0,0,0,0,1,0
0,0,1,1,72,1,1,0,0,0,0,0,0,0,25.2,1787.35,0,4382,24.484246575342464,0.005750798722044728,2,0,0,0,0,1,1,0,0,1,0,0,1,1,0,0,0,0,0,1,0,0,0,1
0,0,1,1,32,0,0,1,1,0,0,0,0,1,35.15,1051.05,0,3163,31.849999999999998,0.011112867530825165,2,1,1,0,0,1,0,1,0,0,1,0,0,0,0,1,0,0,1,0,0,0,1,0
0,1,0,0,71,1,1,1,1,0,1,1,0,1,99.65,7181.25,0,5448,99.73958333333333,0.018291116005873718,6,0,0,1,1,0,0,0,1,0,0,1,0,0,1,0,0,0,0,1,0,1,0,0
0,0,0,1,34,1,0,1,1,1,0,1,1,1,105.35,3688.6,0,5432,105.38857142857142,0.019394329896907217,6,1,0,1,0,1,0,0,1,0,1,0,0,1,0,0,0,0,1,0,0,1,0,0
0,0,1,1,35,1,1,0,0,0,0,0,0,0,24.3,821.6,0,5998,22.822222222222223,0.0040513504501500505,2,0,0,0,0,1,1,0,0,1,0,0,1,1,0,0,0,0,1,0,0,1,0,0
0,0,1,1,3,1,0,0,0,0,0,1,0,1,80.7,239.45,0,2081,59.8625,0.038779432964920715,2,1,1,1,0,1,1,0,1,0,1,0,0,0,0,1,0,0,0,0,1,0,1,0
0,0,0,0,3,1,0,0,0,1,1,1,0,1,89.85,244.45,0,4096,61.1125,0.02193603515625,4,1,0,1,0,0,1,0,1,0,1,0,0,0,0,0,1,0,0,0,1,0,0,1
0,0,0,0,53,1,0,0,0,1,0,0,1,1,61.1,3357.9,0,5940,62.18333333333334,0.010286195286195286,3,0,1,0,0,1,1,1,0,0,0,1,0,0,0,1,0,0,0,1,0,1,0,0
0,0,1,0,4,0,0,1,0,0,0,0,0,1,29.05,129.6,0,3306,25.919999999999998,0.008787053841500303,1,1,1,0,0,1,0,1,0,0,1,0,0,0,0,1,0,0,0,0,1,0,1,0
0,0,1,1,48,1,0,1,0,1,0,1,1,1,99.7,4977.2,0,5921,101.57551020408162,0.01683837189663908,5,0,0,1,0,1,0,0,1,0,0,1,0,1,0,0,0,0,1,0,0,1,0,0
0,0,1,1,54,0,0,0,0,1,1,0,1,0,46.0,2424.05,0,4451,44.07363636363637,0.010334756234554033,3,0,0,0,0,0,1,1,0,0,0,0,1,0,1,0,0,0,0,1,0,0,0,1
0,0,0,0,62,1,0,0,1,1,1,1,1,1,80.4,4981.15,0,5157,79.06587301587301,0.015590459569517162,6,1,0,0,0,0,1,1,0,0,1,0,0,1,0,0,0,0,0,1,0,0,0,1
0,0,1,1,22,1,0,0,1,1,0,1,1,1,100.05,2090.25,0,3274,90.8804347826087,0.03055894929749542,5,0,0,1,0,1,1,0,1,0,0,1,0,0,0,0,1,1,0,0,0,0,1,0
0,1,0,0,51,1,0,0,0,1,0,1,1,1,94.0,4905.75,0,6034,94.34134615384616,0.01557838912827312,4,0,0,1,1,1,1,0,1,0,0,1,0,1,0,0,0,0,0,1,0,1,0,0
0,0,0,0,30,1,1,0,1,1,0,1,0,1,68.95,2038.7,0,4403,65.76451612903226,0.015659777424483306,5,0,0,0,0,1,1,1,0,0,0,1,0,0,1,0,0,0,1,0,0,0,0,1
0,1,1,0,56,1,1,1,1,1,1,0,0,1,68.45,4014.0,0,4368,70.42105263157895,0.015670787545787546,6,0,0,0,1,0,0,1,0,0,0,1,0,0,1,0,0,0,0,1,0,0,0,1
0,0,1,0,35,1,1,0,1,0,1,1,0,1,69.0,2441.7,0,5283,67.82499999999999,0.01306076093128904,5,0,1,0,0,0,1,1,0,0,0,1,0,0,0,1,0,0,1,0,0,0,0,1
0,1,0,0,64,0,0,0,1,0,1,1,0,1,43.85,2751.0,0,6055,42.323076923076925,0.0072419488026424445,3,1,1,0,1,0,1,1,0,0,1,0,0,0,0,1,0,0,0,1,0,1,0,0
0,0,0,1,30,0,0,0,0,0,0,1,1,1,44.5,1307.8,0,5833,42.18709677419355,0.00762900737184982,2,1,1,0,0,1,1,1,0,0,1,0,0,0,0,1,0,0,1,0,0,1,0,0
0,0,1,1,25,1,0,0,0,0,0,0,0,1,18.7,383.65,0,2289,14.75576923076923,0.00816950633464395,1,0,0,0,0,1,1,0,0,1,0,0,1,0,0,0,1,0,1,0,0,0,1,0
0,0,1,0,1,1,0,1,1,0,0,0,0,1,53.55,53.55,0,4504,26.775,0.01188943161634103,3,1,0,0,0,1,0,1,0,0,1,0,0,0,0,0,1,0,0,0,1,0,0,1
0,0,0,1,70,1,1,1,1,1,1,1,1,1,114.6,7882.5,0,5414,111.02112676056338,0.02116734392316217,8,0,1,1,0,0,0,0,1,0,0,0,1,0,0,1,0,0,0,1,0,1,0,0
0,0,1,1,57,1,0,0,0,0,0,0,0,1,20.1,1087.7,0,5506,18.75344827586207,0.0036505630221576463,1,0,0,0,0,1,1,0,0,1,0,0,1,1,0,0,0,0,0,1,0,1,0,0
0,0,0,0,9,1,1,0,0,0,0,1,0,1,85.5,791.7,0,4867,79.17,0.017567289911649887,3,1,1,1,0,1,1,0,1,0,1,0,0,0,0,1,0,0,0,0,1,0,0,1
0,0,1,1,69,1,1,0,1,1,1,1,1,1,108.75,7493.05,0,5874,107.04357142857143,0.018513789581205312,7,0,0,1,0,0,1,0,1,0,0,1,0,1,0,0,0,0,0,1,0,1,0,0
0,0,1,0,72,1,1,0,0,1,0,1,1,1,97.85,6841.3,0,4508,93.71643835616439,0.021705856255545695,5,0,1,1,0,1,1,0,1,0,0,0,1,0,0,1,0,0,0,1,0,0,0,1
0,0,0,1,44,1,0,0,0,0,0,0,0,0,19.55,819.95,0,5860,18.221111111111114,0.0033361774744027307,1,0,0,0,0,1,1,0,0,1,0,0,1,1,0,0,0,0,1,0,0,1,0,0
0,0,1,0,72,1,1,1,1,0,0,0,0,1,84.05,6052.25,0,5515,82.90753424657534,0.015240253853127833,4,0,0,1,0,1,0,0,1,0,0,0,1,1,0,0,0,0,0,1,0,1,0,0
0,0,0,0,54,1,1,0,0,1,0,0,1,0,89.4,4869.5,0,5871,88.53636363636363,0.015227388860500768,4,1,0,1,0,1,1,0,1,0,1,0,0,0,1,0,0,0,0,1,0,1,0,0
0,0,0,1,27,1,0,0,0,0,0,0,0,0,19.7,509.3,0,4052,18.189285714285713,0.004861796643632774,1,0,0,0,0,1,1,0,0,1,0,0,1,0,1,0,0,0,1,0,0,0,0,1
0,0,0,0,54,1,1,0,1,0,0,0,0,1,79.85,4308.25,0,5166,78.33181818181818,0.015456833139759967,3,1,0,1,0,1,1,0,1,0,1,0,0,1,0,0,0,0,0,1,0,0,0,1
0,0,0,0,3,1,0,0,1,0,0,0,0,0,74.45,221.1,0,3956,55.275,0.018819514661274014,2,1,0,1,0,1,1,0,1,0,1,0,0,0,1,0,0,0,0,0,1,0,0,1
0,0,1,0,53,1,1,1,1,1,0,0,1,0,74.1,3833.95,0,5136,70.99907407407407,0.014427570093457943,6,0,0,0,0,1,0,1,0,0,0,1,0,1,0,0,0,0,0,1,0,0,0,1
0,0,1,0,15,1,0,0,0,0,0,0,0,0,18.8,294.95,0,3977,18.434375,0.004727181292431481,1,0,0,0,0,1,1,0,0,1,0,1,0,0,0,0,1,1,0,0,0,0,0,1
0,0,1,1,5,1,1,1,1,0,1,0,0,0,64.4,316.9,0,3260,52.81666666666666,0.019754601226993868,5,1,0,0,0,0,0,1,0,0,1,0,0,0,1,0,0,0,0,0,1,0,1,0
0,0,1,1,48,1,0,0,1,1,0,0,0,1,55.8,2651.2,0,3446,54.10612244897959,0.01619268717353453,3,0,0,0,0,1,1,1,0,0,0,1,0,0,1,0,0,0,1,0,0,0,1,0
0,0,0,1,25,1,0,0,0,0,0,0,0,0,20.05,471.7,0,2192,18.142307692307693,0.009146897810218978,1,1,0,0,0,1,1,0,0,1,1,0,0,0,1,0,0,0,1,0,0,0,1,0
0,0,0,0,58,1,0,1,1,0,0,1,1,0,99.15,5720.95,0,6409,96.96525423728814,0.015470432204712125,5,0,0,1,0,1,0,0,1,0,0,1,0,1,0,0,0,0,0,1,0,1,0,0
0,0,0,0,10,1,0,0,0,0,0,0,1,1,56.75,503.25,0,2037,45.75,0.027859597447226315,2,1,0,0,0,1,1,1,0,0,1,0,0,1,0,0,0,0,0,0,1,0,1,0
0,0,1,0,71,1,1,0,1,0,1,1,1,1,104.15,7365.3,0,5973,102.29583333333333,0.017436798928511636,6,0,0,1,0,0,1,0,1,0,0,0,1,0,1,0,0,0,0,1,0,1,0,0
0,0,1,1,65,1,1,0,1,1,1,1,1,1,110.8,7245.9,0,6332,109.78636363636363,0.01749842072015161,7,0,0,1,0,0,1,0,1,0,0,0,1,0,1,0,0,0,0,1,0,1,0,0
0,0,0,0,28,0,0,0,0,1,1,0,0,1,35.75,961.4,0,2431,33.15172413793103,0.014705882352941176,2,1,0,0,0,0,1,1,0,0,1,0,0,0,0,0,1,0,1,0,0,0,1,0
0,0,1,1,67,1,1,0,0,1,1,0,1,1,69.9,4615.9,0,6079,67.88088235294117,0.011498601743707848,5,0,0,0,0,0,1,1,0,0,0,0,1,1,0,0,0,0,0,1,0,1,0,0
0,0,0,0,35,1,0,1,0,0,1,0,1,1,89.2,3251.3,0,4446,90.3138888888889,0.0200629779577148,4,0,1,1,0,0,0,0,1,0,0,1,0,0,0,1,0,0,1,0,0,0,0,1
0,0,1,1,72,0,0,1,1,1,1,0,1,0,55.65,3880.05,0,5192,53.1513698630137,0.010718412942989215,5,0,0,0,0,0,0,1,0,0,0,0,1,0,1,0,0,0,0,1,0,0,0,1
0,0,1,1,61,0,0,1,1,0,1,0,1,1,50.7,3088.75,0,5024,49.818548387096776,0.010091560509554141,4,0,0,0,0,0,0,1,0,0,0,1,0,1,0,0,0,0,0,1,0,0,0,1
0,1,0,0,68,1,0,0,0,0,0,0,0,1,20.0,1396.0,0,6136,20.231884057971016,0.003259452411994785,1,0,0,0,1,1,1,0,0,1,0,0,1,0,1,0,0,0,0,1,0,1,0,0
0,0,0,0,3,1,0,0,0,0,0,0,0,1,19.1,53.05,0,4905,13.2625,0.0038939857288481147,1,1,0,0,0,1,1,0,0,1,1,0,0,0,0,0,1,0,0,0,1,0,0,1
0,0,0,1,48,0,0,0,1,1,0,0,1,0,45.55,2108.35,0,4106,43.02755102040816,0.011093521675596687,3,1,0,0,0,1,1,1,0,0,1,0,0,0,1,0,0,0,1,0,0,0,0,1
0,0,1,1,68,1,1,0,1,0,0,1,1,1,101.05,6770.5,0,5570,98.1231884057971,0.018141831238779174,5,0,0,1,0,1,1,0,1,0,0,1,0,0,1,0,0,0,0,1,0,1,0,0
0,0,0,0,47,1,0,1,0,1,1,1,1,1,103.7,4730.6,0,4543,98.55416666666667,0.022826326216156725,6,0,1,1,0,0,0,0,1,0,0,1,0,0,0,1,0,0,1,0,0,0,0,1
0,0,1,1,32,0,0,0,0,1,1,0,0,1,36.25,1151.05,0,2609,34.880303030303025,0.013894212341893445,2,0,0,0,0,0,1,1,0,0,0,1,0,0,0,0,1,0,1,0,0,0,1,0
0,0,1,1,5,1,0,1,0,0,0,0,0,1,49.4,232.55,0,5756,38.75833333333333,0.008582348853370395,2,1,0,0,0,1,0,1,0,0,1,0,0,0,0,0,1,0,0,0,1,1,0,0
0,0,0,0,49,1,0,0,0,0,0,0,0,1,19.9,1022.6,0,5240,20.452,0.003797709923664122,1,0,0,0,0,1,1,0,0,1,0,0,1,0,1,0,0,0,0,1,0,0,0,1
0,0,0,0,15,1,0,0,0,0,0,0,0,1,19.8,309.4,0,2681,19.3375,0.007385303991048117,1,1,0,0,0,1,1,0,0,1,1,0,0,0,0,0,1,1,0,0,0,0,1,0
0,0,0,0,12,1,0,0,0,0,0,0,0,1,45.05,523.1,0,5624,40.23846153846154,0.00801031294452347,1,1,1,0,0,1,1,1,0,0,1,0,0,0,0,1,0,0,0,0,1,1,0,0
0,1,0,0,67,1,1,1,1,0,1,0,0,1,64.55,4250.1,0,4494,62.5014705882353,0.01436359590565198,5,0,0,0,1,0,0,1,0,0,0,0,1,1,0,0,0,0,0,1,0,0,0,1
0,0,0,0,9,1,0,0,0,0,1,1,0,0,86.25,770.5,0,4754,77.05,0.0181426167437947,3,1,1,1,0,0,1,0,1,0,1,0,0,0,0,1,0,0,0,0,1,0,0,1
0,0,1,1,13,1,0,0,0,0,0,0,0,1,19.75,246.7,0,4314,17.62142857142857,0.004578117756142791,1,0,0,0,0,1,1,0,0,1,0,0,1,1,0,0,0,1,0,0,0,0,0,1
0,0,0,0,38,1,0,0,0,0,0,1,1,1,89.1,3342.0,0,2675,85.6923076923077,0.03330841121495327,3,0,0,1,0,1,1,0,1,0,0,1,0,0,0,0,1,0,1,0,0,0,1,0
0,1,1,0,42,1,1,0,1,1,0,1,0,1,95.55,3930.6,0,4121,91.4093023255814,0.023186119873817034,5,1,1,1,1,1,1,0,1,0,1,0,0,0,0,1,0,0,1,0,0,0,0,1
0,0,1,1,9,1,1,0,1,1,0,1,1,1,102.6,897.75,0,4062,89.775,0.025258493353028065,6,1,0,1,0,1,1,0,1,0,1,0,0,0,1,0,0,0,0,0,1,0,0,1
0,0,1,0,49,0,0,0,1,0,1,1,1,1,56.3,2780.6,0,5913,55.611999999999995,0.00952139353965838,4,0,0,0,0,0,1,1,0,0,0,1,0,0,1,0,0,0,0,1,0,1,0,0
0,1,1,0,61,1,1,1,1,1,1,0,0,1,94.2,5895.45,0,5274,95.08790322580644,0.017861205915813423,6,1,0,1,1,0,0,0,1,0,1,0,0,0,1,0,0,0,0,1,0,0,0,1
0,0,0,1,50,0,0,1,1,0,0,1,0,1,43.05,2208.05,0,5409,43.29509803921569,0.007958957293399889,3,0,0,0,0,1,0,1,0,0,0,1,0,1,0,0,0,0,0,1,0,1,0,0
0,1,1,0,53,1,0,0,1,1,1,1,0,1,94.0,4871.45,0,6355,90.21203703703704,0.014791502753737215,5,0,1,1,1,0,1,0,1,0,0,1,0,0,0,1,0,0,0,1,0,1,0,0
0,0,1,0,51,1,1,0,0,1,0,1,1,1,98.85,4947.55,0,6034,95.14519230769231,0.016382167716274446,5,0,1,1,0,1,1,0,1,0,0,1,0,0,0,1,0,0,0,1,0,1,0,0
0,0,1,1,24,1,1,1,1,1,0,0,0,0,64.35,1558.65,0,5461,62.346000000000004,0.011783556125251783,5,0,1,0,0,1,0,1,0,0,0,0,1,0,0,1,0,1,0,0,0,1,0,0
0,0,1,0,62,1,0,1,1,1,0,1,0,1,72.0,4284.2,0,6489,68.0031746031746,0.011095700416088766,5,0,0,0,0,1,0,1,0,0,0,0,1,0,1,0,0,0,0,1,0,1,0,0
0,0,0,0,24,1,0,0,1,0,0,0,0,1,49.7,1218.25,0,2911,48.73,0.01707317073170732,2,1,0,0,0,1,1,1,0,0,1,0,0,0,0,0,1,1,0,0,0,0,1,0
0,0,1,1,70,1,1,1,1,1,1,1,0,0,80.7,5617.95,0,4412,79.12605633802816,0.01829102447869447,7,0,1,0,0,0,0,1,0,0,0,0,1,0,0,1,0,0,0,1,0,0,0,1
0,0,0,1,1,0,0,0,0,0,0,0,0,0,24.2,24.2,0,4276,12.1,0.0056594948550046775,0,1,0,0,0,1,1,1,0,0,1,0,0,0,0,0,1,0,0,0,1,0,0,1
0,0,0,0,8,1,0,0,1,0,1,1,0,1,65.45,554.45,0,5227,61.60555555555556,0.01252152286206237,4,1,1,0,0,0,1,1,0,0,1,0,0,0,0,1,0,0,0,0,1,0,0,1
0,0,1,1,72,1,0,1,1,1,1,0,1,1,74.35,5237.4,0,4874,71.74520547945205,0.015254411161263848,6,0,1,0,0,0,0,1,0,0,0,0,1,0,0,1,0,0,0,1,0,0,0,1
0,0,0,0,23,1,0,0,1,1,1,0,0,0,83.2,2032.3,0,2061,84.67916666666666,0.04036875303250849,4,1,0,1,0,0,1,0,1,0,1,0,0,1,0,0,0,1,0,0,0,0,1,0
0,0,0,1,31,0,0,0,0,0,0,0,0,0,25.0,789.2,0,4242,24.6625,0.005893446487505893,0,1,0,0,0,1,1,1,0,0,1,0,0,0,1,0,0,0,1,0,0,0,0,1
0,0,1,1,37,0,0,1,0,1,1,0,0,1,40.2,1525.35,0,2308,40.14078947368421,0.01741767764298094,3,0,1,0,0,0,0,1,0,0,0,1,0,0,0,1,0,0,1,0,0,0,1,0
0,1,0,0,35,1,1,1,1,1,0,1,1,1,108.35,3726.15,0,5139,103.50416666666666,0.02108386845689823,7,0,1,1,1,1,0,0,1,0,0,1,0,0,0,1,0,0,1,0,0,0,0,1
0,0,1,1,23,1,1,0,1,0,1,1,0,1,69.5,1652.1,0,2159,68.83749999999999,0.03219082908754053,5,1,0,0,0,0,1,1,0,0,1,0,0,0,1,0,0,1,0,0,0,0,1,0
0,0,1,1,20,1,1,1,0,0,0,1,1,0,76.0,1588.75,0,4085,75.6547619047619,0.018604651162790697,5,0,0,0,0,1,0,1,0,0,0,1,0,1,0,0,0,1,0,0,0,0,0,1
0,0,1,0,36,1,0,1,0,0,0,1,1,1,93.6,3366.05,0,2701,90.97432432432433,0.034653831914105884,4,1,1,1,0,1,0,0,1,0,1,0,0,0,0,1,0,0,1,0,0,0,1,0
0,0,1,1,71,1,1,0,1,0,0,1,1,0,100.55,7113.75,0,5876,98.80208333333333,0.017111980939414566,5,0,0,1,0,1,1,0,1,0,0,1,0,1,0,0,0,0,0,1,0,1,0,0
0,0,1,1,43,1,1,0,0,0,0,0,0,1,24.45,993.15,0,5119,22.571590909090908,0.004776323500683727,2,0,0,0,0,1,1,0,0,1,0,1,0,1,0,0,0,0,1,0,0,0,0,1
0,0,0,1,57,1,1,1,1,1,1,1,1,0,89.55,5012.35,0,4260,86.4198275862069,0.02102112676056338,8,0,0,0,0,0,0,1,0,0,0,0,1,0,0,0,1,0,0,1,0,0,0,1
0,0,1,0,27,1,0,0,1,0,0,0,0,1,76.1,2093.4,0,3291,74.76428571428572,0.023123670616833788,2,1,1,1,0,1,1,0,1,0,1,0,0,0,0,1,0,0,1,0,0,0,1,0
0,0,0,0,13,1,0,0,0,0,0,0,1,1,80.5,1011.8,0,3895,72.27142857142857,0.020667522464698333,2,1,1,1,0,1,1,0,1,0,1,0,0,0,0,1,0,1,0,0,0,0,0,1
0,0,0,0,67,1,0,0,0,0,0,0,0,0,20.55,1343.4,0,5462,19.75588235294118,0.0037623581105822044,1,0,1,0,0,1,1,0,0,1,0,1,0,0,0,1,0,0,0,1,0,1,0,0
0,0,1,0,64,1,1,0,1,0,1,1,1,1,105.4,6794.75,0,4512,104.53461538461538,0.023359929078014187,6,0,0,1,0,0,1,0,1,0,0,0,1,1,0,0,0,0,0,1,0,0,0,1
0,0,0,0,26,0,0,0,0,1,1,0,0,0,35.75,1022.5,0,2734,37.870370370370374,0.013076079005120702,2,1,1,0,0,0,1,1,0,0,1,0,0,0,0,1,0,0,1,0,0,0,1,0
0,0,0,0,38,1,1,0,1,1,0,0,1,1,95.1,3691.2,0,5393,94.64615384615384,0.017633969961060633,5,1,0,1,0,1,1,0,1,0,1,0,0,0,1,0,0,0,1,0,0,1,0,0
0,0,1,0,23,1,0,0,0,0,0,0,0,0,19.3,486.2,0,2111,20.258333333333333,0.009142586451918523,1,0,0,0,0,1,1,0,0,1,0,1,0,0,1,0,0,1,0,0,0,0,1,0
0,1,1,0,72,0,0,1,1,1,1,1,1,1,63.1,4685.55,0,4933,64.18561643835616,0.012791404824650314,6,0,0,0,1,0,0,1,0,0,0,0,1,1,0,0,0,0,0,1,0,0,0,1
0,0,1,0,62,1,1,1,1,0,1,1,1,1,84.95,5150.55,0,6307,81.7547619047619,0.013469161249405424,7,0,1,0,0,0,0,1,0,0,0,0,1,0,0,1,0,0,0,1,0,1,0,0
0,0,0,0,40,1,1,0,1,1,0,1,0,1,93.4,3756.4,0,3819,91.61951219512196,0.024456664048180154,5,1,0,1,0,1,1,0,1,0,1,0,0,1,0,0,0,0,1,0,0,0,0,1
0,0,0,0,41,1,1,0,1,0,0,1,0,1,89.2,3645.75,0,3259,86.80357142857143,0.02737035900583001,4,1,1,1,0,1,1,0,1,0,1,0,0,0,0,1,0,0,1,0,0,0,1,0
0,1,1,0,34,1,0,0,0,1,0,1,0,1,85.2,2874.45,0,5393,82.12714285714286,0.015798256999814575,3,1,0,1,1,1,1,0,1,0,1,0,0,0,1,0,0,0,1,0,0,1,0,0
0,0,0,0,1,1,0,0,1,0,0,0,0,0,49.95,49.95,0,5230,24.975,0.009550669216061186,2,1,1,0,0,1,1,1,0,0,1,0,0,0,0,1,0,0,0,0,1,0,0,1
0,0,0,0,51,1,0,0,0,0,0,0,0,0,20.65,1020.75,0,4725,19.629807692307693,0.00437037037037037,1,0,0,0,0,1,1,0,0,1,0,0,1,1,0,0,0,0,0,1,0,0,0,1
0,0,0,0,39,1,0,0,0,0,0,0,0,0,20.15,826.0,0,2007,20.65,0.010039860488290982,1,0,0,0,0,1,1,0,0,1,0,0,1,0,0,0,1,0,1,0,0,0,1,0
0,0,1,1,12,1,0,0,0,0,0,0,0,1,19.2,239.0,0,3101,18.384615384615383,0.00619155111254434,1,1,1,0,0,1,1,0,0,1,1,0,0,0,0,1,0,0,0,0,1,0,1,0
0,0,0,0,72,1,1,0,1,1,0,1,1,1,104.95,7544.3,0,5760,103.34657534246575,0.01822048611111111,6,0,1,1,0,1,1,0,1,0,0,1,0,0,0,1,0,0,0,1,0,1,0,0
0,1,1,0,63,1,1,0,1,1,0,1,1,1,103.5,6479.4,0,5187,101.240625,0.01995373048004627,6,1,1,1,1,1,1,0,1,0,1,0,0,0,0,1,0,0,0,1,0,0,0,1
0,0,1,0,44,1,1,1,0,1,0,0,0,1,84.8,3626.35,0,2770,80.58555555555556,0.030613718411552346,4,1,0,1,0,1,0,0,1,0,1,0,0,0,1,0,0,0,1,0,0,0,1,0
0,0,0,0,18,1,1,0,0,1,1,0,1,1,95.05,1679.4,0,4524,88.38947368421053,0.021010167992926612,5,1,0,1,0,0,1,0,1,0,1,0,0,1,0,0,0,1,0,0,0,0,0,1
0,0,0,0,13,1,0,0,1,0,1,1,1,0,73.35,931.55,0,4645,66.53928571428571,0.015791173304628633,5,1,0,0,0,0,1,1,0,0,1,0,0,0,0,0,1,1,0,0,0,0,0,1
0,0,1,0,68,1,0,0,1,0,1,1,0,0,64.1,4326.25,0,5553,62.69927536231884,0.011543309922564379,4,0,0,0,0,0,1,1,0,0,0,0,1,1,0,0,0,0,0,1,0,1,0,0
0,1,0,0,6,0,0,0,0,0,0,1,1,1,44.4,263.05,0,4611,37.57857142857143,0.009629147690305791,2,1,1,0,1,1,1,1,0,0,1,0,0,0,0,1,0,0,0,0,1,0,0,1
0,0,0,0,2,1,0,0,0,0,0,0,0,1,20.05,39.25,0,5191,13.083333333333334,0.003862454247736467,1,1,0,0,0,1,1,0,0,1,1,0,0,0,0,0,1,0,0,0,1,0,0,1
0,1,1,0,55,1,1,1,1,0,0,0,0,0,60.0,3316.1,0,4212,59.216071428571425,0.014245014245014245,4,0,0,0,1,1,0,1,0,0,0,1,0,0,1,0,0,0,0,1,0,0,0,1
0,0,0,0,38,1,0,0,0,0,0,0,0,1,69.5,2625.25,0,4591,67.31410256410257,0.015138314092790242,1,1,0,1,0,1,1,0,1,0,1,0,0,0,1,0,0,0,1,0,0,0,0,1
0,0,0,0,19,1,0,0,0,0,0,1,0,1,78.7,1495.1,0,2464,74.755,0.03193993506493507,2,1,0,1,0,1,1,0,1,0,1,0,0,1,0,0,0,1,0,0,0,0,1,0
0,0,0,0,12,0,0,0,1,1,1,1,1,0,60.65,743.3,0,3740,57.176923076923075,0.01621657754010695,5,0,1,0,0,0,1,1,0,0,0,1,0,0,0,1,0,0,0,0,1,0,0,1
0,0,0,0,72,1,0,0,0,0,0,0,0,1,21.15,1419.4,0,5306,19.443835616438356,0.0039860535243121,1,0,0,0,0,1,1,0,0,1,0,0,1,1,0,0,0,0,0,1,0,0,0,1
0,0,1,1,24,1,1,1,0,1,1,1,1,1,84.8,1990.5,0,2140,79.62,0.03962616822429906,7,0,0,0,0,0,0,1,0,0,0,1,0,0,0,0,1,1,0,0,0,0,1,0
0,0,1,1,72,1,1,0,1,1,0,1,1,1,103.2,7362.9,0,5560,100.86164383561643,0.01856115107913669,6,0,0,1,0,1,1,0,1,0,0,1,0,0,1,0,0,0,0,1,0,1,0,0
0,0,1,1,11,0,0,1,0,0,0,0,0,1,29.6,346.45,0,2793,28.870833333333334,0.010597923379878268,1,1,1,0,0,1,0,1,0,0,1,0,0,0,0,1,0,0,0,0,1,0,1,0
0,0,0,0,66,1,0,1,0,1,1,1,1,1,105.65,6844.5,0,5097,102.15671641791045,0.02072787914459486,6,0,0,1,0,0,0,0,1,0,0,0,1,1,0,0,0,0,0,1,0,0,0,1
